<artikel>
	<id>EKO_EM_02_012</id>
	<judul>Pertumbuhan Ekonomi Indonesia Belum Berkualitas</judul>
	<tanggal>16/10/16</tanggal>
	<kata_kunci>Pertumbuhan Ekonomi</kata_kunci>
	<isi>Pengamat Ekonomi Universitas Gajah Mada (UGM) Revrisond Baswir mengatakan, tidak ada korelasi antara pertumbuhan ekonomi dengan kemiskinan di suatu wilayah.</isi><!-- Gak usah tag paragraf -->
	<link>http://www.republika.co.id/berita/ekonomi/makro/15/09/16/nurndj254-pertumbuhan-ekonomi-indonesia-belum-berkualitas</link>
</artikel>