<artikel>
	<id>EKO_EM_02_107</id>
	<judul>Ini Kekeliruan Presiden Jokowi dalam Sambutan Ekonomi Menurut Faisal Basri</judul>
	<tanggal>14/11/16</tanggal>
	<kata_kunci>kekeliruan jokowi</kata_kunci>
	<isi>
	REPUBLIKA.CO.ID, JAKARTA --  Presiden Joko Widodo memberikan sambutan saat silaturahim peserta Rapat Pimpinan Nasional Partai Amanat Nasional di Hotel Bidakara, Jakarta, Ahad (13/11). Dalam sambutannya, Presiden memberikan penjelasan tentang kondisi ekonomi Indonesia terkini.

Salah satunya mengenai pertumbuhan ekonomi dalam negeri. Namun, menurut pengamat ekonomi Faisal Basri, Jokowi telah membuat sejumlah kekeliruan.

"Berita malam ini Presiden Banyak salahnya, terdiri dari 11 alinea. Dua alinea pertama merupakan pengantar," tulis Faisal Basri di laman pribadinya, semalam. 
	</isi>
	<link>http://www.republika.co.id/berita/ekonomi/makro/16/11/14/ogm1yz377-ini-kekeliruan-presiden-jokowi-dalam-sambutan-ekonomi-menurut-faisal-basri</link>
</artikel>