<artikel>
	<id>EKO_EM_02_019</id>
	<judul>Pertumbuhan Investasi 2016 Diprediksi Menurun</judul>
	<tanggal>24/08/16</tanggal>
	<kata_kunci>Pertumbuhan Investasi 2016</kata_kunci>
	<isi>Pemerintah memprediksi pertumbuhan investasi pada 2016 akan menurun. Kepala Badan Koordinasi Penanaman Modal (BKPM) Thomas Lembong mengatakan, pada 2015 ada peningkatan realisasi investasi sebesar 17,8 persen dari tahun sebelumnya. Namun, pada 2016 diprediksi terjadi perlambatan sehingga laju pertumbuhan investasi akan berada di kisaran 12-14 persen. </isi><!-- Gak usah tag paragraf -->
	<link>http://www.republika.co.id/berita/ekonomi/makro/16/08/23/ocd7b4382-pertumbuhan-investasi-2016-diprediksi-menurun</link>
</artikel>