<artikel>
	<id>EKO_EM_02_010</id>
	<judul>Orang Miskin Bertambah, Pengalihan Subsidi BBM Terbukti tak Efektif</judul>
	<tanggal>16/10/16</tanggal>
	<kata_kunci>Pengalihan Subsidi BBM</kata_kunci>
	<isi>Badan Pusat Statistik (BPS) telah merilis data yang mengatakan, jumlah orang miskin di Indonesia sebesar 860 ribu orang dalam jangka setahun terakhir.  Menurut pengamat ekonomi Ichsanuddin Noorsy, hal itu menunjukkan Indonesia benar-benar sedang terpuruk. </isi><!-- Gak usah tag paragraf -->
	<link>http://www.republika.co.id/berita/ekonomi/makro/15/09/16/nurtk1349-orang-miskin-bertambah-pengalihan-subsidi-bbm-terbukti-tak-efektif</link>
</artikel>