<artikel>
	<id>EKO_EM_02_108</id>
	<judul>Terus Anjlok, IHSG Semakin Menjauhi 5.200 </judul>
	<tanggal>14/11/16</tanggal>
	<kata_kunci>pergerakan ihsg</kata_kunci>
	<isi>
	REPUBLIKA.CO.ID, JAKARTA -- Indeks harga saham gabungan (IHSG) melanjutkan pelemahannya pada perdagangan awal pekan ini. IHSG pada hari ini,  Senin (14/11), dibuka melemah 0,71 persen atau 37,04 poin di level 5.194,93.

Mengutip data perdagangan Bursa Efek Indonesia (BEI), IHSG jatuh semakin dalam 2,09 persen atau 109,53 poin ke 5.122,44 pada pukul 09.05 WIB. Sementara indeks LQ45 dibuka melorot 12,584 poin atau 1,43 persen ke 865.727.  

Pada perdagangan akhir pekan lalu (Jumat, 11/11/2016), IHSG ditutup anjlok 4,01 persen atau 218,34 poin ke posisi 5.231,97.
	</isi>
	<link>http://www.republika.co.id/berita/ekonomi/makro/16/11/14/ogm39c383-terus-anjlok-ihsg-semakin-menjauhi-5200</link>
</artikel>