<artikel>
	<id>EKO_EM_02_001</id>
	<judul>Bank Dunia: Tahun Depan Ekonomi RI Tumbuh 5,3 Persen</judul>
	<tanggal>25/10/16</tanggal>
	<kata_kunci>Pertumbuhan Ekonomi</kata_kunci>
	<isi>Bank Dunia mencatat pergerakan ekonomi Indonesia pada kuartal I 2016 menunjukkan optimisme untuk terus bertambah hingga tahun 2017. Bank Dunia memproyeksi pertumbuhan ekonomi Indonesia atau produk domestik bruto (PDB) bisa mencapai 5,3 persen pada 2017.</isi><!-- Gak usah tag paragraf -->
	<link>http://www.republika.co.id/berita/ekonomi/makro/16/10/25/oflav1383-bank-dunia-tahun-depan-ekonomi-ri-tumbuh-53-persen</link>
</artikel>