<artikel>
	<id>EKO_EM_02_116</id>
	<judul>Jokowi Terbang ke Jateng Bertemu PM Singapura</judul>
	<tanggal>14/11/16</tanggal>
	<kata_kunci>kawasan industri indonesia</kata_kunci>
	<isi>
REPUBLIKA.CO.ID, JAKARTA -- Presiden Joko Widodo (Jokowi) terbang ke Kota Semarang, Jawa Tengah, pagi ini, Senin (14/11), untuk melakukan sejumlah agenda dalam kunjungan kerja, di antaranya bertemu dengan Perdana Menteri Singapura Lee Hsien Loong. Sekitar pukul 08.00 WIB Presiden Jokowi didampingi Ibu Negara Iriana Joko Widodo berangkat dari Pangkalan TNI AU Halim Perdanakusuma Jakarta menuju Kota Semarang.

Presiden Jokowi dijadwalkan bertemu PM Singapura Lee Hsien Loong di Kota Semarang dengan agenda pertemuan tingkat kepala negara. Setibanya di Bandar Udara Ahmad Yani Kota Semarang, Presiden Joko Widodo langsung menuju Wisma Perdamaian guna menerima kunjungan kerja PM Singapura Lee Hsien Loong dan istri, Ho Ching, beserta rombongan.

Dalam kunjungan kerja tersebut, kedua kepala negara akan melakukan sejumlah kegiatan, di antaranya pertemuan bilateral serta penandatanganan nota kesepahaman kerja sama pemerintah Indonesia dan Singapura. 

Usai jamuan makan siang bersama, Presiden Joko Widodo dan PM Lee Hsien Loong beserta rombongan juga diagendakan melakukan peresmian pembukaan Kawasan Industri Kendal Park By The Bay di Kabupaten Kendal, Jateng. Di kawasan itu, Presiden Jokowi dan PM Lee Hsien Loong diagendakan melakukan peninjauan sebelum kembali ke Semarang.

Turut menyertai Presiden dan Ibu Iriana dalam penerbangan menuju Semarang, Menteri Koordinator Bidang Kemaritiman Luhut Binsar Panjaitan, Menteri Sekretaris Negar Pratikno, Menteri Pariwisata Arief Yahya, dan Kepala BKPM Thomas Lembong.
	</isi>
	<link>http://www.republika.co.id/berita/ekonomi/makro/16/11/14/oglycu383-jokowi-terbang-ke-jateng-bertemu-pm-singapura</link>
</artikel>