<artikel>
	<id>EKO_EM_02_179</id>
	<judul>Efek Trump, Pemerintah Waspadai Reaksi Pasar Global</judul>
	<tanggal>10/11/16</tanggal>
	<kata_kunci>efek trump</kata_kunci>
	<isi>
	REPUBLIKA.CO.ID, JAKARTA -- Pemerintah meyakini terpilihnya Donald Trump menjadi Presiden Amerika Serikat (AS) ke-45 tidak akan memberikan efek yang signifikan terhadap perekonomian domestik. Menteri Koordinator Bidang Perekonomian Darmin Nasution menilai, efek dari terpilihnya Trump tidak akan berlangsung dalam waktu lama.

Meski begitu ia megakui bagaimanapun pasar tetap akan merespons dinamika politik di AS. Darmin pun meminta Bank Indonesia dan OJK untuk tetap mewaspadai gejolak yang bisa terjadi.

"Tentu saja market bisa bereaksi, bisa sementara. Kita itu yang pentingnya, kita menjaga fundamental ekonomi kita agar tetap baik. Bank Indonesia harus ikuti dengan sangat cermat. Tentu pemerintah dan OJK juga. Sehingga kita bisa tetap waspada dan bereaksi kalau ada hal-hal yang di luar perkiraan," jelas Darmin di Kementerian Koordinator Bidang Perekonomian, Rabu (9/11).

Meski ada gejolak sebagai respons pasar global atas terpilihnya Trump sebagai Presiden AS, Darmin menegaskan bahwa tidak ada kekhawatiran yang berlebihan dari pemerintah. Dampak kepada iklim investasi nasional misalnya, ia menilai bahwa sedari awal reaksi pasar di AS pun menyambut negatif atas dinamika politik yang ada.

Artinya, imbas yang dirasakan Indonesia tentu juga dialami negara-negara lain. "Gini, reaksi pasar mungkin di sana juga nggak terlalu positif. Jadi kita berarti ga rugi-rugi amat," ujar Darmin. 
	</isi>
	<link>http://www.republika.co.id/berita/ekonomi/makro/16/11/09/ogdpko415-efek-trump-pemerintah-waspadai-reaksi-pasar-global</link>
</artikel>