<artikel>
	<id>EKO_EM_02_016</id>
	<judul>Amnesti Pajak Bisa Tingkatkan Rating Investasi Indonesia</judul>
	<tanggal>14/10/16</tanggal>
	<kata_kunci>Amnesti Pajak</kata_kunci>
	<isi>Keberhasilan kebijakan amnesti pajak serta struktur Anggaran Pendapatan dan Belanja Negara (APBN) yang lebih baik  dinilai dapat menjadi kesempatan pemerintah untuk mendapatkan predikat layak investasi dari lembaga pemeringkat internasional Standard dan Poor .</isi>
	<link>http://www.republika.co.id/berita/ekonomi/makro/16/10/14/of0p5x383-amnesti-pajak-bisa-tingkatkan-rating-investasi-indonesia</link>
</artikel>