<artikel>
	<id>EKO_EM_02_018</id>
	<judul>Investasi Diyakini Naik 14 Persen Tahun Ini</judul>
	<tanggal>19/10/16</tanggal>
	<kata_kunci>Investasi Indonesia</kata_kunci>
	<isi>Badan Koordinasi Penanaman Modal (BKPM) optimis pertumbuhan investasi di dalam negeri akan tumbuh 12-14 persen pada 2016. Hal ini terlihat dari optimistis pasar yang kembali melirik Indonesia untuk menanamkan modal.</isi><!-- Gak usah tag paragraf -->
	<link>http://www.republika.co.id/berita/ekonomi/makro/16/09/19/odqu06382-investasi-diyakini-naik-14-persen-tahun-ini</link>
</artikel>