<artikel>
	<id>EKO_EM_02_144</id>
	<judul>Jepang Biayai Pembangunan Pelabuhan Patimban</judul>
	<tanggal>11/11/16</tanggal>
	<kata_kunci>proyek infrastruktur indonesia</kata_kunci>
	<isi>
	REPUBLIKA.CO.ID, JAKARTA -- Kepala Badan Perencanaan Pembangunan Nasional (Bappenas) Bambang Bodjonegoro mengatakan pembangunan Pelabuhan Patimban akan memakai dana pinjaman dari pihak Jepang. Selagi urusan administrasi dilakukan, pemerintah sedang melakukan finalisasi perencanaan dan desain untuk pelabuhan patimban.

Bambang mengatakan untuk pengadaan tanah sendiri sedang dilakukan finalisasinya. Pihaknya mengaku juga sudah memberikan beberapa masukan untuk kelancaran proses pembangunan pelabuhan patimban ini.

"Kalau dari Bappenas, kita intinya sudah masukan ini dalam bluebook. Jadi akan menggunakan skema pinjaman dari JICA," ujar Bambang di Kantor Menko Maritim, Jumat (11/11).

Bambang mengatakan salah satu poin dari rapat mengenai penembangan pelabuhan patimban adalah Menko Maritim, Luhut Binsar Panjaitan meminta seluruh K/L untuk mempercapat tupoksinya masing masing. Hal ini mengingat proses pembangunan harus segera selesai pada 2019.
	</isi>
	<link>http://www.republika.co.id/berita/ekonomi/makro/16/11/11/oggz3p383-jepang-biayai-pembangunan-pelabuhan-patimban</link>
</artikel>