<artikel>
	<id>EKO_EM_02_185</id>
	<judul>Pemerintah Tambah Satu Pelabuhan di Papua</judul>
	<tanggal>09/11/16</tanggal>
	<kata_kunci>penambahan pelabuhan papua</kata_kunci>
	<isi>
	REPUBLIKA.CO.ID, JAKARTA -- Pemerintah akan menambah satu pelabuhan di sekitar Sorong Papua, yakni pelabuhan Seget. Pelabuhan ini dibangun untuk melengkapi dua pelabuhan sebelumnya yakni pelabuhan Arar dan Sorong.

Direktur Utama PT Pelindo II, Elvyn G Masassya mengatakan, pelabuhan Sorong dan Arar sejauh ini sudah berjalan. Meski jumlah arus barang belum terlalu tinggi tapi kedua pelabuhan ini dinilai telah mampu membantu kebutuhan logistik di sekitar Papua.

Dalam mendukung kawasan Papua memiliki kawasan ekonomi khusus, maka pembangunan pelabuhan Seget diharap bisa menjadi pelabuhan lain dalam pengembangan kawasan ini. "Pelabuhan ini masih ada di dekat Sorong," kata Elvyn, dalam diskusi 'Logistik Indonesia' di kantor HIPMI, Jakarta, Rabu (9/11).

Elvyn menuturkan, pembangunan Pelabuhan Seget sudah dimulai dengan pembebasan lahan dan studi kelayakan. Harapannya pada 2017, proyek ini bisa rampung agar segera dipergunakan untuk bongkar muat barang.

Menurut Elvyn, sejauh ini memang tidak semua pelabuhan memiliki alur logistik yang tinggi. Meski demikian, Pemerintah yakin setelah ada pelabuhan yang memadai maka bongkar muat barang akan meningkat secara bertahap, sebab manfaat untuk distribusi lebih mudah. "Kapasitas di pelabuhan mungkin kecil, karena banyak pelabuhan di kecamatan. Tapi kan mereka butuh, makanya kita dorong agar ada kegiatan ekonomi," ujarnya
	</isi>
	<link>http://www.republika.co.id/berita/ekonomi/makro/16/11/09/ogdch8382-pemerintah-tambah-satu-pelabuhan-di-papua</link>
</artikel>