<artikel>
	<id>EKO_EM_02_017</id>
	<judul>Cina akan Investasi Pertanian di Indonesia</judul>
	<tanggal>19/10/16</tanggal>
	<kata_kunci>Investasi Pertanian di Indonesia</kata_kunci>
	<isi>Kementerian Pertanian akan bekerja sama dengan Kementerian Cina terkait pembangunan pertanian di perbatasan seperti yang diupayakan Indonesia saat ini. Kalimantan diperkirakan menjadi lokasi investasi pertanian Cina.</isi><!-- Gak usah tag paragraf -->
	<link>http://www.republika.co.id/berita/ekonomi/makro/16/09/19/odr0dd382-cina-akan-investasi-pertanian-di-indonesia</link>
</artikel>