<artikel>
	<id>EKO_EM_02_153</id>
	<judul>Perancis Batalkan Pajak Progresif, Ekspor CPO Bakal Naik</judul>
	<tanggal>11/11/16</tanggal>
	<kata_kunci>ekspor cpo</kata_kunci>
	<isi>
	REPUBLIKA.CO.ID, JAKARTA -- Menteri Perindustrian Airlangga Hartarto menyebut bahwa parlemen Perancis membatalkan pemberlakuan pajak progresif untuk  minyak sawit mentah (crude palm oil/CPO)  Indonesia. Pembatalan ini pun diprediksi bakal meningkatkan kinerja ekspor industri  CPO dalam negeri.

Airlangga mengatakan, pada Rabu (9/11), pihaknya telah bertemu dengan Duta Besar Indonesia untuk Perancis Hotmangaradja Pandjaitan. Dalam pertemuan tersebut Kemenperin mendapatkan infromasi pembatalan pajak progresif ini.

Mendapat informasi baik ini, Kemeperin akan segera melakukan  sosialisasi dan diseminasi, khususnya tentang capaian positif produk sawit Indonesia. "Sosialisasi ini perlu dilakukan secara komprehensif dan koordinatif dengan seluruh stakeholders dengan strategi kampanye yang spesifik dan menyasar target yang tepat," ujar Airlangga, Kamis (10/11).

Perlu diketahui, parlemen Perancis (Assemble Nationale) akhirnya memperkuat keputusan Senat untuk menghapus pajak progresif yang rencananya dikenakan pada minyak sawit dalam draft RUU Biodiversity Perancis. Keputusan penghapusan ini ditetapkan pada 20 Juli 2016 setelah melalui beberapa kali pembahasan intensif dan pemungutan suara di Senat dan Parlemen.

Sebelumnya, pajak progresif dikenakan sebesar 300 euro per ton pada 2017, 500 euro per ton tahun 2018, 700 euro per ton tahun 2019 dan 900 euro per ton tahun 2020. Namun melalui negosiasi, pengenaan pajak progresif menjadi 30 euro per ton pada tahun 2017, 50 euro per ton tahun 2018, 70 euro per ton tahun 2019 dan 90 euro per ton tahun 2020. Namun, akhirnya pajak progresif ini dihapuskan.

Setelah enam bulan penerapan Undang-Undang Biodiversity pada 1 Januari 2017, pemerintah Perancis akan menyusun kebijakan fiskal yang lebih sederhana dan harmonis. Kebijakan ini dibuat bersifat nondiskriminatif dengan mencakup seluruh jenis minyak nabati yang beredar di Perancis dan mengedepankan prinsip-prinsip berkelanjutan.

Airlangga menyampaikan, Perancis merupakan negara yang sangat memperhatikan aspek ramah lingkungan pada produksi minyak sawit, termasuk untuk tidak memberikan kontribusi terhadap deforestasi dan perubahan iklim. “Untuk itu, kami melakukan sinkronisasi agar ekspor CPO kita dapat meningkat dan berjalan lancar ke Perancis,” tuturnya.

Saat ini Pemerintah Indonesia tengah giat mendorong perluasan pasar ekspor produk industri agro ke negara-negara Uni Eropa. Untuk CPO dan turunannya, volume ekspor Indonesia ke dunia sekitar 21-22 juta ton, ke Uni Eropa sekitar 3,4-4 juta ton, sedangkan ke Perancis sekitar 50-150 ribu ton per tahun. Sementara itu, produksi CPO dan turunannya di Indonesia mencapai 32,5 juta ton pada tahun 2015 atau naik tiga persen dibandingkan total produksi tahun 2014 sebesar 31,5 juta ton.

Di sisi lain, Indonesia dan Malaysia sebagai produsen CPO terbesar di dunia telah menginisiasi kerja sama di bidang ekonomi melalui pembentukan lembaga persatuan negara penghasil minyak kelapa sawit atau Council Palm Oil Producing Countries (CPOPC).
	</isi>
	<link>http://www.republika.co.id/berita/ekonomi/makro/16/11/10/ogfp63415-perancis-batalkan-pajak-progresif-ekspor-cpo-bakal-naik</link>
</artikel>