<artikel>
	<id>EKO_EM_02_011</id>
	<judul>Angka Kemiskinan Bertambah, Pemerintah Bantah Gagal</judul>
	<tanggal>16/10/16</tanggal>
	<kata_kunci>Angka Kemiskinan Bertambah</kata_kunci>
	<isi>Deputi Kemiskinan, Ketenagakerjaan, dan UKM Badan Perencanaan Pembangunan Nasional Rahma Irianti menyebut meningkatnya angka kemiskinan bukan karena kegagalan program-program pemerintah. Angka kemiskinan naik lantaran program pemerintah belum bisa dirasakan masyarakat saat survei dilakukan. </isi><!-- Gak usah tag paragraf -->
	<link>http://www.republika.co.id/berita/ekonomi/makro/15/09/16/nursk2377-angka-kemiskinan-bertambah-pemerintah-bantah-gagal</link>
</artikel>