<artikel>
	<id>EKO_EM_02_135</id>
	<judul>Johan Budi: Proyek Listrik Mangkrak Sebelum Pemerintahan Jokowi</judul>
	<tanggal>11/11/16</tanggal>
	<kata_kunci>pembangunan pembangkit listrik</kata_kunci>
	<isi>
	REPUBLIKA.CO.ID,JAKARTA -- Komisi Pemberantasan Korupsi (KPK) menyoroti adanya 34 proyek pembangkit listrik yang diduga mangkrak sejak delapan tahun lalu. Staf khusus Presiden Joko Widodo bidang komunikasi, Johan Budi Sapto Prabowo mengatakan, proyek listrik 35 ribu megawatt sudah ada sebelum pemerintahan sekarang.

"Artinya, dulu ada juga proyek membangun tenaga listrik. Ketika itu dievaluasi, ternyata ada beberapa proyek itu yang tidak berjalan," kata dia di kantor KPK, Jakarta, Jumat (11/11).

Temuan itu, ia mengatakan, membuat Presiden Jokowi meminta pihak terkait mengaudit ihwal apakah bisa diteruskan atau tidak. Presiden Jokowi dalam rapat terbatas (ratas) mempertanyakan, apa langkah yang bisa dilakukan menyikapi mangkraknya proyek listrik 35 ribu megawatt. "Mangkraknya itu kenapa. Tidak diteruskan itu kenapa," ujar Johan.

Dalam ratas, ia melanjutkan, Presiden Jokowi menyinggung, apakah mengkraknya program tersebut karena adanya faktor korupsi. Saat itu, kata Johan, apabila ditemukan unsur korupsi, presiden meminta hasil audit BPKP diserahkan pada KPK.

Kendati ada kecurigaan tersebut, Johan mengatakan belum ada rencana melapor ke KPK. "Belum. Kan sudah seperti yang saya sampaikan dalam rapat terbatas, presiden meminta untuk dievaluasi. Saya sih tidak tahu ada berapa proyek di pembangkit listrik," ujarnya.
	</isi>
	<link>http://www.republika.co.id/berita/ekonomi/makro/16/11/11/oghben382-johan-budi-proyek-listrik-mangkrak-sebelum-pemerintahan-jokowi</link>
</artikel>