<artikel>
	<id>EKO_EM_02_014</id>
	<judul>Jokowi: Ekonomi Indonesia Lebih Baik Dibanding 1998 dan 2008</judul>
	<tanggal>02/10/16</tanggal>
	<kata_kunci>Ekonomi Indonesia</kata_kunci>
	<isi>Presiden Joko Widodo (Jokowi) memastikan kondisi ekonomi Indonesia saat ini jauh lebih baik ketimbang pada 1998 maupun 2008.</isi><!-- Gak usah tag paragraf -->
	<link>http://www.republika.co.id/berita/ekonomi/makro/15/09/02/nu1a57335-jokowi-ekonomi-indonesia-lebih-baik-dibanding-1998-dan-2008</link>
</artikel>