<artikel>
	<id>EKO_EM_02_015</id>
	<judul>Nilai Tukar Rupiah Pagi Ini Melemah Jadi Rp 14.112</judul>
	<tanggal>02/10/16</tanggal>
	<kata_kunci>Nilai Tukar Rupiah</kata_kunci>
	<isi>Nilai tukar rupiah yang ditransaksikan antarbank di Jakarta pada Rabu (2/9) pagi bergerak melemah sebesar 16 poin menjadi Rp 14.112, dibandingkan posisi sebelumnya di posisi Rp 14.096 per dolar AS.</isi><!-- Gak usah tag paragraf -->
	<link>http://www.republika.co.id/berita/ekonomi/makro/15/09/02/nu17am334-nilai-tukar-rupiah-pagi-ini-melemah-jadi-rp-14112</link>
</artikel>