<artikel>
	<id>EKO_EM_02_136</id>
	<judul>Luhut: Kereta Semicepat Jakarta-Surabaya Selesai 2019</judul>
	<tanggal>11/11/16</tanggal>
	<kata_kunci>proyek kereta cepat</kata_kunci>
	<isi>
	REPUBLIKA.CO.ID, JAKARTA -- Menteri Koordinator Bidang Kemaritiman Luhut Binsar Pandjaitan mengatakan proyek kereta semicepat Jakarta-Surabaya yang dimulai 2017 ditargetkan sudah beroperasi 2019. Terget pengerjaan mulai tahun depan.

"Selesai akhir 2019 karena sudah ada, tinggal penguatan saja," kata Luhut yang ditemui di Kemenko Kemaritiman Jakarta, Jumat (11/11) petang.

Menurut mantan Menko Polhukam itu, proyek kereta berkecepatan 165 km/jam dengan jarak tempuh sekitar enam jam itu akan dimulai dengan studi kelayakan (feasibility study) oleh Badan Pengkajian dan Penerapan Teknologi (BPPT) dan Jepang. Studi kelayakan rencananya dimulai pada 2017 dengan pembiayaan dari pemerintah Indonesia. Diharapkan studi kelayakan selesai dalam enam bulan.

"(Nilai investasi studi kelayakan) saya belum tahu," ujarnya.

Menurut Luhut yang hari ini mengumpulkan Menteri Keuangan Sri Mulyani, Menteri Perhubungan Budi Karya Sumadi, dan Menteri Perencanaan Pembangunan Nasional/Kepala Bappenas Bambang Brodjonegoro, pemerintah masih mengkaji skema pembiayaan proyek yang ditawarkan kepada Jepang itu. "Pak Bambang memberikan alternatif, apakah 'B to B' (business to business) atau 'G to G' (government to government). Bambang sedang kaji, nanti 25 November akan kami putuskan. Minggu kedua Desember kami bertemu pihak Jepang untuk selesaikan masalah itu," katanya.

Luhut meyakini proyek kereta semicepat Jakarta-Surabaya akan berdampak luas terutama bagi roda perekonomian sekitar lokasi proyek. Dia menyebut proyek tersebut dipastikan akan dapat menyerap banyak tenaga kerja yang akan membantu pembangunan lintasan bawah rel agar tidak membahayakan laju kereta.
	</isi>
	<link>http://www.republika.co.id/berita/ekonomi/makro/16/11/11/oghe3b365-luhut-kereta-semicepat-jakartasurabaya-selesai-2019</link>
</artikel>