<artikel>
	<id>EKO_EM_02_127</id>
	<judul>Kemenpupera Sudah Lelang Paket Proyek Senilai Rp 8,16 Triliun</judul>
	<tanggal>11/11/16</tanggal>
	<kata_kunci>kemenpupera</kata_kunci>
	<isi>
	REPUBLIKA.CO.ID, JAKARTA -- Kementerian Pekerjaan Umum dan Perumahan Rakyat (Kemenpupera) hingga hari ini telah melelang sebanyak 1.556 paket pekerjaan dengan nilai Rp 8,16 triliun. Hal tersebut disampaikan Menteri Pupera Basoeki Hadimoeljono, Jumat (11/11) pagi usai melakukan pelantikan pejabat Kemenpupera.

Ia mengatakan, lelang dini dilakukan pihaknya untuk mempercepat pelaksanaan pekerjaan. "Tahun depan pekerjaan bisa lebih banyak dilakukan lelang dini sehingga pekerjaan bisa dimulai sejak awal tahun," kata Basoeki.

Sementara itu, terkait dengan progres penyerapan angaran Kemenpupera per hari ini, untuk progres fisik telah mencapai 68,17 persen dan progres keuangan sebesar 61,07 persen.

Pada kesempatan yang sama, Basoeki juga mengucapkan terima kasih kepada seluruh jajaran di Kemenpupera karena telah mencapai target penyerapan di akhir tahun ini dengan target 93 persen. Angka tersebut sama dengan penyerapan pada tahun lalu.
	</isi>
	<link>http://www.republika.co.id/berita/ekonomi/makro/16/11/11/oghf0j368-kemenpupera-sudah-lelang-paket-proyek-senilai-rp-816-triliun</link>
</artikel>