<artikel>
	<id>EKO_EM_02_101</id>
	<judul>Qatar Lihat Indonesia Masih Menarik untuk Investasi</judul>
	<tanggal>14/11/16</tanggal>
	<kata_kunci>investasi asing di indonesia</kata_kunci>
	<isi>
REPUBLIKA.CO.ID,JAKARTA -- Pemerintah Qatar melihat Indonesia masih sangat menarik bagi investor, apalagi situasi keamanan nasional secara umum masih sangat stabil ditopang dengan pertumbuhan ekonomi yang cukup menggembirakan.

"Kami melihat Indonesia aman. Selama ini nggak ada masalah (dengan keamanan). Hubungan kedua negara juga tidak ada masalah apa pun," kata peneliti ekonomi Kedutaan Besar Qatar di Jakarta, Imam Byhaqi, Senin (14/11).

Ditemui seusai mendampingi Dubes Qatar Ahmed Jassim Al Hammar diterima Wakil Presiden Jusuf Kalla, dia menyebutkan investasi Qatar di Indonesia makin lama makin meningkat. "Nilai pastinya belum tahu karena tidak melalui satu pintu, meskipun kami punya 'Qatar Investment Authority'," ujarnya seraya menyebutkan beberapa investasi Qatar di Indonesia, seperti Qatar National Bank (QNB) yang dulunya mengambil alih Bank Kesawan, Indosat, mengambil alih saham milik perusahaan di PLTU Paiton, dan pembangkit listrik di Sumatera Utara.

Qatar juga berupaya meningkatkan hubungan ekonomi melalui makapai penerbangan Qatar Airways. Selama ini makapai milik pemerintah Qatar itu terbang dari Bali dua kali per hari dan dari Jakarta tiga kali per hari.

"Kini sedang diupayakan dari Surabaya, Medan, Batam, dan dari wilayah timur, kemudian Makassar. Kami juga memiliki sebagian saham di Mataharimall," ujar Imam.

Pihaknya akan terus meningkatkan invetasinya di Indonesia, namun dengan beberapa catatan, di antaranya kondisi infrastruktur yang dibangun pemerintah Indonesia dan situasi keamanan yang selama ini dilihatnya masih sangat stabil.

Menurut dia, Qatar menerima banyak proposal pembangunan infrastruktur dari Aceh, Sumatra Barat, hingga wilayah Indonesia timur. Namun semuanya masih dipelajari.

Jassim menemui Wapres untuk memperkenalkan diri karena baru bertugas di Indonesia. Selain membicarakan penguatan kerja sama di bidang ekonomi, Jassim juga menyampaikan beberapa upaya Qatar dalam menciptakan perdamaian di negara-negara Arab yang sedang bergolak.

"Meskipun negara kecil, partisipasi Qatar sangat besar di dunia internasional," ujar Imam.
</isi>
	<link>http://www.republika.co.id/berita/ekonomi/makro/16/11/14/ogmby2383-qatar-lihat-indonesia-masih-menarik-untuk-investasi</link>
</artikel>