<?xml version="1.0" encoding="UTF-8" standalone="yes"?>
<artikel xmlns:xsi="http://www.w3.org/2001/XMLSchema-instance">
	<id>EKO_EM_09_01</id>
	<judul>Jelang Penerapan Reverse Repo Rate, BI Kaji Makro Ekonomi</judul>
	<tanggal>08/08/16</tanggal>
	<kata_kunci>Penerapan Reverse Repo Rate</kata_kunci>
	<isi>Bank Indonesia (BI) akan melakukan pelonggaran kebijakan moneter melalui perubahan penerapan suku bunga acuan BI terhadap suku bunga acuan transaksi Surat Utang Negara (SUN) di level 5,25 bertenor 7 hari atau 7 Days Reverse Repo Rate. Perry Warjiyo, Deputi Gubernur BI memastikan, pelonggaran ini akan diumumkan oleh BI usai melakukan Rapat Dewan Gubernur (RDG). Adapun, beberapa pertimbangan yang akan dibahas BI, di antaranya mengenai kondisi ekonomi di waktu tertentu. "Kami menunggu waktu yang tepat dengan melihat pasar di bulan Juni-Juli, Agustus-September, atau November-Desember," kata Perry di kantornya, Senin (8/8). Selanjutnya, BI juga akan mempertimbangkan perkembangan ekonomi makro, seperti pertumbuhan inflasi, neraca transaksi berjalan, dan pertumbuhan ekonomi kuartal mendatang. Tidak hanya itu, BI juga akan meninjau realisasi penyerapan anggaran negara di akhir tahun nanti dan hasil pemangkasan anggaran negara sebesar Rp133,8 triliun. Kemudian, BI juga akan mempertimbangkan potensi ekonomi global, termasuk dengan rencana peningkatan suku bunga Bank Sentral Amerika Serikat (Federal Reserve/The Fed) dan dampak referendum keluarnya Inggris dari Uni Eropa atau Britania Exit (Brexit). Menurut Perry, perkembangan ekonomi global ikut memengaruhi ekonomi domestik. "Kami juga akan melihat apakah ada peningkatan harga komoditas di pasar ekonomi global," terang dia. Terakhir, pelonggaran kebijakan moneter ini diharapkan BI dapat mendorong pertumbuhan kredit yang saat ini terganggu dengan pertumbuhan kredit macet dikisaran 3,1 persen.</isi>
	<link>http://www.cnnindonesia.com/ekonomi/160808172819-78-149976/jelang-penerapan-reverse-repo-rate-bi-kaji-makro-ekonomi/</link>
</artikel>