<?xml version="1.0" encoding="UTF-8" standalone="yes"?>
<artikel xmlns:xsi="http://www.w3.org/2001/XMLSchema-instance">
	<id>EKO_EM_09_102</id>
	<judul>Usaha Pertambangan dan Jasa Perusahaan Masih Jeblok</judul>
	<tanggal>10/11/16</tanggal>
	<kata_kunci>Usaha Pertambangan</kata_kunci>
	<isi>Pertumbuhan ekonomi Kalimantan Utara pada triwulan III secara year on year (y-on-y) menunjukkan catatan positif. Perekonomian mengalami peningkatan sebesar 1,86 persen bila dibandingkan dengan triwulan sebelumnya (q-on-q). Namun, apabila dibandingkan dengan triwulan yang sama 2015, kinerja perekomian provinsi termuda di Kalimantan ini naik 3,32 persen (y-on-y). Kenaikan harga komoditas di pasar global, khususnya energi, seperti batu bara dan gas alam memberikan peluang yang baik bagi pergerakan ekonomi Kaltara. "Jadi secara komulatif, pertumbuhan ekonomi Kaltara pada triwulan III tahun 2016 dibandingkan dengan periode yang sama tahun 2015 mengalami kenaikan sebesar 2,49 persen (c-to-c)," kata Kepala Badan Pusat Statistik (BPS) Kaltim M Habibullah. Pertumbuhan dari sisi produksi dipengaruhi oleh naiknya kinerja sebagian lapangan usaha yang menunjukkan tren positif. Meski demikian, ada dua sektor yang mengalami penurunan. "Yakni sektor lapangan usaha pertambangan dan penggalian yang terkoreksi 5,62 persen dan lapangan usaha jasa perusahaan yang negatif 4,51 persen," beber Habibullah. BPS mencatat, pengeluaran sangat dipengaruhi peningkatan kinerja pada komponen ekspor luar negeri dan pembentukan modal tetap bruto (PMTB). Masing-masing mengalami pertumbuhan sebesar 183,10 dan 6,68 persen.</isi>
	<link>http://www.jpnn.com/read/16/11/10/479900/Usaha-Pertambangan-dan-Jasa-Perusahaan-Masih-Jeblok-</link>
</artikel>