<?xml version="1.0" encoding="UTF-8" standalone="yes"?>
<artikel xmlns:xsi="http://www.w3.org/2001/XMLSchema-instance">
	<id>EKO_EM_09_110</id>
	<judul>20 K/L Dapat Tambahan Anggaran Rp18 Triliun</judul>
	<tanggal>23/06/16</tanggal>
	<kata_kunci>Tambahan Anggaran</kata_kunci>
	<isi>Pemerintah dan Badan Anggaran Dewan Perwakilan Rakyat (DPR) menyepakati tambahan anggaran untuk 20 kementerian/lembaga (K/L) sebesar Rp18,02 triliun. Kementerian Pertahanan dan Kepolisian Republik Indonesia (Polri) mendapatkan anggaran paling besar, masing-masing sebesar Rp6,59 triliun dan Rp5,65 triliun. Sebelumnya, dalam pembahasan Rancangan Anggaran Pendapatan dan Belanja Negara Perubahan (RAPBNP) 2016, pemerintah pusat mendapatkan tambahan pendapatan bersih senilai Rp49,9 triliun pasca penyesuaian asumsi makro dan anggaran. Sebesar Rp18,04 triliun diantaranya dialokasikan untuk tambahan belanja pemerintah pusat. Askolani, Direktur Jenderal Anggaran (DJA) Kementerian Keuangan (Kemenkeu) mengungkapkan, anggaran senilai Rp18,02 triliun itu dialokasikan untuk 20 K/L. Sementara, sisanya sebesar Rp15,4 miliar belum teralokasikan. "Ada penghematan sebesar Rp15,4 miliar dari Rapat Kerja sebelumnya," kata Askolani saat menghadiri Raker dengan Banggar DPR di Gedung DPR, Kamis(23/6). Menurutnya, ada sejumlah kriteria pemanfaatan tambahan anggaran belanja K/L, antara lain program kerja harus sejalan dengan prioritas dalam Rencana Kerja Pemerintah (RKP) tahun ini. Selain itu, anggaran tersebut dialokasikan secara efisien dan efektif dengan output yang terukur.Kemudian, pemanfaatan tambahan anggaran harus memenuhi akuntabilitas dan governance yang berlaku. "Kemenhan mendapatkan tambahan anggaran (paling besar) untuk pengadaan alutsista," ujar Askolani. Berikut rincian tambahan anggaran bagi 20 K/L: 1. Kementerian Pertahanan Rp6,59 triliun 2. Polri Rp5,65 triliun 3. Badan Nasional Narkotika Rp400 miliar 4. Lembaga Sandi Negara Rp950 miliar 5. Badan Nasional Penanggulangan Bencana Rp600 miliar 6. Badan SAR NAsional Rp100 miliar 7. Kementerian Pertanian Rp50 miliar 8. Kementerian Hukum dan HAM Rp700 miliar 9. Dewan Ketahanan Nasional Rp112 miliar 10. Kementerian Perindustrian Rp100 miliar 11. Badan Keamanan Laut Rp1,55 triliun 12. Kejaksaan Agung Rp300 miliar 13. Kementerian Perdagangan Rp200 miliar 14. Kementerian Desa Rp500 miliar 15. Kementerian Lingkungan Hidup Rp50 miliar 16. Sekretariat Kabinet Rp13 miliar 17. Badan Kepegawaian Negara Rp17 miliar 18. Ombudsman RI Rp59 miliar 19. Komisi Pengawas Persaingan Usaha Rp25 miliar 20. Kementerian Dalam Negeri Rp50 miliar.</isi>
	<link>http://www.cnnindonesia.com/ekonomi/160623192637-78-140505/20-k-l-dapat-tambahan-anggaran-rp18-triliun/</link>
</artikel>