<?xml version="1.0" encoding="UTF-8" standalone="yes"?>
<artikel xmlns:xsi="http://www.w3.org/2001/XMLSchema-instance">
	<id>EKO_EM_09_127</id>
	<judul>Pemerintah Siapkan Dana Siaga Bencana Rp500 Miliar</judul>
	<tanggal>04/03/16</tanggal>
	<kata_kunci>Dana Siaga Bencana</kata_kunci>
	<isi>Pemerintah telah menyarikan dana siaga bencana sebesar Rp500 miliar yang bisa langsung digunakan sewaktu-waktu oleh Badan Nasional Penanggulangan Bencana (BNPB) jika terjadi bencana alam. "Dana antisipasi bencana, termasuk untuk oncall mencukupi, dan kebutuhannya tergantung permintaan BNPB. Dalam satu minggu ini Menkeu sudah setujui alokasi awal dan on call Rp500 miliar sesuai permintaan BNPB," ujar Askolani, Direktur Jenderal Anggaran Kementerian Keuangan di Jakarta, Kamis (3/3). Menurut Askolani, total alokasi anggaran penanggulangan bencana dalam Anggaran Pendapatan dan Belanja Negara (APBN) 2016 sebesar Rp3 triliun. Dari total dana tersebut, yang bisa dicairkan sewaktu-waktu (on call) jika terjadi situasi darurat sebesar Rp 1,5 triliun. Dia menjelaskan, pencairan dana tersebut bisa dilakukan dalam waktu singkat karena tidak memerlukan lagi persetujuan DPR, walaupun letaknya tidak berada pada pos belanja Kemenkeu maupun BNPB. Pasalnya, lanjut Askolani, DPR sudah menyetujui penggunaan dana tersebut dalam perumusan APBN beberapa waktu lalu. "Setiap waktu kalau itu dibutuhkan bisa (dicairkan) jika ada permintaan. Kalau tidak salah (baru) Rp 200 miliar dia (BNPB) minta," jelas Askolani. Sebagai informasi, BNPB mendapatkan jatah anggaran sebesar Rp986 miliar dalam APBN 2016, dengan rincian Rp653 miliar untuk membiayai program penanggulangan bencana dan sisanya untuk membiayai program dukungan manajemen BNPB.</isi>
	<link>http://www.cnnindonesia.com/ekonomi/160303133429-78-115106/pemerintah-siapkan-dana-siaga-bencana-rp500-miliar/</link>
</artikel>