<?xml version="1.0" encoding="UTF-8" standalone="yes"?>
<artikel xmlns:xsi="http://www.w3.org/2001/XMLSchema-instance">
	<id>EKO_EM_09_130</id>
	<judul>Pertumbuhan Ekonomi Berpotensi 5,1 Persen</judul>
	<tanggal>01/11/16</tanggal>
	<kata_kunci>Pertumbuhan Ekonomi</kata_kunci>
	<isi>Pemerintah optimistis pertumbuhan ekonomi pada triwulan ketiga mencapai 5,1 persen. Artinya, lebih tinggi jika dibandingkan dengan triwulan pertama yang mencapai 4,92 persen dan semester pertama 5,18 persen. Menko Perekonomian Darmin Nasution meyakini prospek pertumbuhan ekonomi berkaitan dengan mulai terealisasinya rencana investasi. Saat ini nilai investasi yang masuk masih kecil. Namun, nilai investasi diprediksi membesar pada akhir tahun. "Pertumbuhan penanaman modal memang masih baik, tapi lebih kecil daripada tahun lalu," terangnya. Mantan gubernur Bank Indonesia tersebut mencontohkan investasi di bidang kelistrikan. Sejumlah proyek listrik mendapatkan persetujuan investasi sejak tahun lalu sehingga bisa mulai menanamkan modal pada tahun ini. Selain itu, realisasi investasi diyakini berkaitan dengan penerbitan 13 paket kebijakan ekonomi dan pembatalan ribuan peraturan daerah yang menghambat investasi. Karena deregulasi tersebut, Darmin meyakini perekonomian nasional bisa tumbuh lebih baik jika dibandingkan dengan proyeksi BI, yakni 4,9–5 persen. Darmin mengakui, pertumbuhan ekonomi nasional benar-benar melemah pada 2014 dan belum pulih pada 2015. Baru pada kuartal kedua 2016, pertumbuhan ekonomi mampu melebihi lima persen, yakni 5,18 persen. Pertumbuhan terjadi karena belanja infrastruktur pemerintah mampu mengejar ketertinggalan dari konsumsi rumah tangga dan investasi.</isi>
	<link>http://www.jpnn.com/read/16/11/01/477922/Pertumbuhan-Ekonomi-Berpotensi-51-Persen-</link>
</artikel>