<?xml version="1.0" encoding="UTF-8" standalone="yes"?>
<artikel xmlns:xsi="http://www.w3.org/2001/XMLSchema-instance">
	<id>EKO_EM_09_131</id>
	<judul>Bagaimana Ekonomi Indonesia di 2016? Ini Kata Menko Darmin</judul>
	<tanggal>05/02/16</tanggal>
	<kata_kunci>Ekonomi Indonesia 2016</kata_kunci>
	<isi>Menteri Koordinator Menko Bidang Perekonomian Darmin Nasution memperkirakan pertumbuhan ekonomi tahun ini bisa menyentuh angka 4,8 persen. Angka tersebut meleset dari target awal pemerintahan yang sebesar 5,3 persen. "Artinya kami memang memperkirakan pertumbuhan ekonomi kira-kira mendekatilah 4,8 persen, ya ini melesetnya sedikit sekali. Itu semua menunjukkan bahwa upaya mendorong investasi selama ini itu sudah mulai kelihatan hasilnya," ujar Darmin di Komplek Istana, Jakarta, Jumat (5/2). Begitu juga dengan belanja barang dan belanja modal pemerintah, yang diklaim Darmin sejauh ini sudah berjalan baik. Meski tak dipungkiri, bila dilihat dari segi pengeluaran, sektor pertanian tidak berjalan terlalu baik. Namun, sejauh ini pria 67 tahun ini masih optimistis pertumbuhan ekonomi kuartal I bisa sesuai target. "Karena musim panennya bergeser ke arah bulan April-Mei karena kemarau. Mudah-mudahan di kuartal I ini mulai membaik, sektor industri juga lumayan membaik. Jadi secara keseluruhan terminologi tidak pas untuk kami, ya not bad lah," tutur Darmin.</isi>
	<link>http://www.jpnn.com/read/16/02/05/355064/Bagaimana-Ekonomi-Indonesia-di-2016-Ini-Kata-Menko-Darmin-</link>
</artikel>