<?xml version="1.0" encoding="UTF-8" standalone="yes"?>
<artikel xmlns:xsi="http://www.w3.org/2001/XMLSchema-instance">
	<id>EKO_EM_09_132</id>
	<judul>2018, Pertumbuhan Ekonomi Bisa 6,5 Persen</judul>
	<tanggal>24/03/16</tanggal>
	<kata_kunci>Pertumbuhan Ekonomi</kata_kunci>
	<isi>Reformasi struktural yang sedang gencar dilakukan pemerintah mendapat pujian dari Bank Indonesia. Kebijakan pemerintah itu diyakini bisa meningkatkan pertumbuhan ekonomi jangka panjang. Apabila reformasi struktural secara konsisten dijalankan pemerintah, ekonomi Indonesia akan mampu mengatasi perlambatan ekonomi dunia. Terutama apabila ada perbaikan pengelolaan fiskal, penghilangan subsidi energi, pemberian bantuan yang tepat sasaran, pembenahan infrastruktur, serta kualitas sumber daya manusia. Gubernur BI Agus Martowardojo meyakini pertumbuhan ekonomi tahun ini berkisar 5,2-5,6 persen. Optimisme tersebut didorong investasi pemerintah, konsumsi, serta investasi swasta. "Pada 2018, kita bisa mencapai pertumbuhan ekonomi 6,5 persen," kata Agus, Rabu (23/3) kemarin. Agus menilai, peningkatan kekuatan ekonomi domestik sangat penting saat terjadi ketidakpastian ekonomi global. Karena itu, kebijakan fiskal dan moneter harus ditujukan untuk menyokong permintaan domestik. "Namun, permintaan tidak dapat dioptimalkan apabila permasalahan struktural tidak diselesaikan dengan baik," kata mantan Menteri Keuangan itu.</isi>
	<link>http://www.jpnn.com/read/16/03/24/365580/2018-Pertumbuhan-Ekonomi-Bisa-65-Persen-</link>
</artikel>