<?xml version="1.0" encoding="UTF-8" standalone="yes"?>
<artikel xmlns:xsi="http://www.w3.org/2001/XMLSchema-instance">
	<id>EKO_EM_09_134</id>
	<judul>Hebat! Pertumbuhan Ekonomi Jatim Lampaui Nasional</judul>
	<tanggal>05/05/16</tanggal>
	<kata_kunci>Pertumbuhan Ekonomi Jatim</kata_kunci>
	<isi>Pertumbuhan ekonomi Jawa Timur secara year on year pada kuartal pertama 2016 menunjukkan angka yang menggembirakan. Pertumbuhan mencapai 5,34 persen. Angka itu melampaui pertumbuhan nasional. Meski tumbuh positif, pertumbuhan ekonomi secara quarter-to-quarter (qtq) agak melambat. Pada kuartal IV 2015, ekonomi Jatim masih mencatat pertumbuhan lebih tinggi, yakni 5,94 persen. "Fenomenanya memang seperti itu. Akhir tahun pasti lebih tinggi," kata Kepala BPS Jatim Teguh Pramono pada Jawa Pos, Rabu (4/5) kemarin. Produk domestik regional bruto (PDRB) atas dasar harga berlaku mencapai Rp 444,31 triliun. Sedangkan PDRB atas dasar harga konstan Rp 337,56 triliun. Sama seperti nasional, secara qtq, sektor pertanian, kehutanan, dan perikanan tumbuh paling cepat, yakni 20,94 persen. Diikuti sektor jasa informasi dan komunikasi yang tumbuh 4,46 persen. "Itu didukung penyediaan jasa internet yang tumbuh tinggi serta stasiun televisi swasta yang semakin banyak dan cepat pertumbuhannya," sambung Teguh. Secara yoy, sektor penyediaan akomodasi, makanan, dan minuman tumbuh paling cepat mencapai 10,16 persen. Sementara itu, pertumbuhan terkecil terjadi di sektor pengadaan listrik, gas, dan produksi yang tumbuh 0,4 persen. Menurut Teguh, pertumbuhan lambat itu disebabkan keadaan Jatim yang surplus listrik. "Listrik di Jatim lebih dari cukup. Jadi, harus dipikirkan bagaimana Jatim mendistribusikan listriknya ke provinsi lain," ucapnya.</isi>
	<link>http://www.jpnn.com/read/16/05/05/400917/Hebat!-Pertumbuhan-Ekonomi-Jatim-Lampaui-Nasional-</link>
</artikel>