<?xml version="1.0" encoding="UTF-8" standalone="yes"?>
<artikel xmlns:xsi="http://www.w3.org/2001/XMLSchema-instance">
	<id>EKO_EM_09_135</id>
	<judul>Pertumbuhan Ekonomi Kuartal Kedua Akan Makin Mantap</judul>
	<tanggal>06/05/16</tanggal>
	<kata_kunci>Pertumbuhan Ekonomi</kata_kunci>
	<isi>Pertumbuhan ekonomi pada kuartal kedua 2016 diyakini bakal lebih baik dibandingkan kuartal pertama lalu. Tren membaiknya ekonomi didorong peningkatan stimulus fiskal, khususnya terkait dengan percepatan pembangunan proyek infrastruktur. "Konsumsi rumah tangga terus membaik seiring terjaganya inflasi dan meningkatnya ekspektasi pendapatan akan berkontribusi pada peningkatan perekonomian," ujar Direktur Eksekutif Departemen Komunikasi BI Tirta Segara sebagaimana dikutip situs BI, Jum’at (6/5). Selain itu, percepatan implementasi paket kebijakan pemerintah, khususnya upaya untuk meningkatkan daya saing dan iklim investasi, diharapkan akan meningkatkan investasi dan ekspor. Bukan itu saja, pelonggaran kebijakan moneter yang telah ditempuh secara konsisten juga diharapkan memperkuat momentum pertumbuhan ekonomi. Dengan stabilitas makro yang terjaga, perekonomian Indonesia akan bisa tumbuh pada tingkat yang lebih tinggi secara berkesinambungan ke depannya. Sebelumnya, BI mencatat pertumbuhan ekonomi sepanjang kuartal I 2016 mencapai 4,92 persen (yoy). Angka itu lebih rendah dari kuartal sebelumnya sebesar 5,04 persen (yoy). Namun, pertumbuhan ekonomi sepanjang tiga bulan pertama 2016 ini lebih tinggi dibanding dengan periode yang sama tahun sebelumnya.</isi>
	<link>http://www.jpnn.com/read/16/05/06/401637/Pertumbuhan-Ekonomi-Kuartal-Kedua-Akan-Makin-Mantap</link>
</artikel>