<?xml version="1.0" encoding="UTF-8" standalone="yes"?>
<artikel xmlns:xsi="http://www.w3.org/2001/XMLSchema-instance">
	<id>EKO_EM_09_14</id>
	<judul>Indonesia Perpanjang Kerja Sama Swap dengan Jepang</judul>
	<tanggal>10/10/16</tanggal>
	<kata_kunci>Kerja Sama Swap Indonesia</kata_kunci>
	<isi>Gubernur Bank Indonesia Agus Martowardojo, Menteri Keuangan Sri Mulyani, dan Menteri Keuangan Jepang Taro Aso, menyepakati perpanjangan kerja sama bilateral swap arrangement (BSA) kedua negara. Kesepakatan itu dilakukan dalam pelaksanaan sidang tahunan Dana Moneter Internasional/Bank Dunia. Kerja sama BSA bernilai US$22,76 miliar ini sekaligus untuk mendukung upaya menjaga stabilitas makro ekonomi dan keuangan di kawasan, serta melengkapi jaring pengaman keuangan yang ada, baik di tingkat regional maupun global. "Kesepakatan untuk memperpanjang kerja sama BSA menunjukkan semakin kuatnya kerja sama keuangan antara kedua negara. Selain itu, kerja sama ini juga merupakan komitmen kedua otoritas untuk menjaga stabilitas keuangan regional di tengah terus berlangsungnya ketidakpastian pasar keuangan global," ujar Agus, akhir pekan lalu. Dalam keterangan resmi BI, Arbonas Hutabarat, Direktur Departemen Komunikasi BI mengungkapkan, kerja sama BSA merupakan kerja sama pertukaran mata uang (swap) rupiah dengan dolar AS antara Jepang dan Indonesia. Kerja sama ini dilakukan untuk mengatasi kesulitan likuiditas akibat permasalahan neraca pembayaran dan likuiditas jangka pendek. Adapun, perjanjian bilateral BSA Indonesia dengan negeri Sakura tersebut pertama kalinya diteken pada 17 Februari 2003 dan telah beberapa kali diamandemen dan diperpanjang. Perjanjian BSA yang berlaku saat ini disepakati pada 12 Desember 2013 dan akan berakhir 12 Desember 2016.</isi>
	<link>http://www.cnnindonesia.com/ekonomi/161009181715-78-164329/indonesia-perpanjang-kerja-sama-swap-dengan-jepang/</link>
</artikel>