<?xml version="1.0" encoding="UTF-8" standalone="yes"?>
<artikel xmlns:xsi="http://www.w3.org/2001/XMLSchema-instance">
	<id>EKO_EM_09_140</id>
	<judul>Pertumbuhan Ekonomi Melambat, Hanya 5,47 Persen</judul>
	<tanggal>09/11/16</tanggal>
	<kata_kunci>Pertumbuhan Ekonomi</kata_kunci>
	<isi>Perekonomian Maluku Utara (Malut) bertumbuh 5 ,47 persen hingga triwulan ketiga 2016. Pertumbuhan didukung oleh hampir semua lapangan usaha. Kecuali lapangan usaha pertambangan dan penggalian yang mengalami kontraksi sebesar 4,47 persen. "Pertumbuhan tertinggi dicapai oleh pengadaan listrik dan gas sebesar 26,67 persen, diikuti industri pengolahan sebesar 14,48 persen, dan penyediaan akomodasi dan makan minum sebesar 13,99 persen," kata Kepala BPS Malut Misfaruddin. Namun, ekonomi Malut triwulan ketiga melambat dibandingkan periode yang sama tahun lalu. Tahun lalu, perekonomian Malut tumbuh 5,56 persen pada periode yang sama. Menurutnya, pertumbuhan didukung oleh hampir semua lapangan usaha. Kecuali lapangan usaha administrasi pemerintahan, pertahanan dan jaminan sosial wajib yang mengalami kontraksi sebesar 2,02 persen. Pertumbuhan tertinggi dicapai oleh pengadaan listrik dan gas sebesar 24,12 persen. Setelah itu ialah industri pengolahan sebesar 23,04 persen.</isi>
	<link>http://www.jpnn.com/read/16/11/09/479630/Pertumbuhan-Ekonomi-Melambat-Hanya-547-Persen-</link>
</artikel>