<?xml version="1.0" encoding="UTF-8" standalone="yes"?>
<artikel xmlns:xsi="http://www.w3.org/2001/XMLSchema-instance">
	<id>EKO_EM_09_143</id>
	<judul>Genjot Ekonomi Syariah dengan Satu Akses</judul>
	<tanggal>26/10/16</tanggal>
	<kata_kunci>Ekonomi Syariah</kata_kunci>
	<isi>Kontribusi ekonomi syariah yang masih minim membuat Pemerintah Provinsi (Pemprov) Jawa Timur bakal menggenjot pertumbuhan di sektor tersebut. Salah satunya adalah dengan dibentuknya Satuan Tugas Akselerasi Ekonomi Syariah (Satu Akses). Wakil Gubernur Jatim Saifullah Yusuf mengaku, satgas dibentuk untuk menjadikan Jatim sebagai basis ekonomi syariah nasional. Dia menyebut, satgas baru ini memiliki banyak tugas. Yang paling penting adalah mengatasi masalah kesenjangan di masyarakat. "Seperti, akses perbankan syariah juga masih belum sebagus konvensional. Karena itu, akses harus dipermudah agar pertumbuhan ekonomi syariah makin bagus," kata Gus Ipul, sapaan Saifullah Yusuf, di sela Indonesia Syari’a Economic Festival (ISEF) di Grand City, Selasa (25/10). Satgas ini beranggotakan banyak stakeholder. Mulai dari Bank Indonesia (BI), Otoritas Jasa Keuangan (OJK), akademisi, dan kalangan ulama. Kepala (BI) Perwakilan Jawa Timur, Benny Siswanto mengaku, pihaknya bakal bersinergi dengan berbagai stakeholder tersebut. Sebab, selama ini mereka sering berjalan sendiri-sendiri. "Dengan adanya satgas, kegiatan bisa disinergikan sehingga ekonomi syariah bisa lebih mudah dikembangkan. Baik, melalui edukasi, maupun berbagai pengenalan agar masyarakat makin paham tentang keuangan syariah," ujar pria yang juga Tim Pengarah Satu Akses ini. Benny juga mengaku jika perbankan syariah masih belum bisa dilepas sendiri. Alasannya, perbankan syariah masih belum bisa bersaing dengan perbankan konvensional. Karena itu, BI dan OJK selaku regulator bakal terus melakukan pengawalan. Hal itu terbukti dengan pertumbuhan yang melambat. Hingga triwulan III 2016, pertumbuhan kredit perbankan syariah di Jatim hanya berkisar 7 persen. Hal itu jauh dibanding tahun 2014 yang pertumbuhannya mencapai dua digit. Untuk menggenjot pertumbuhan, Benny juga menyarankan agar anggaran pemerintah bisa dialihkan ke perbankan syariah. "Dengan begitu, aset perbankan syariah bisa melesat. Karena itu, harus ada regulasinya. Hal itu pasti mampu membuat Jatim sebagai basis ekonomi syariah nasional," tutupnya.</isi>
	<link>http://www.jpnn.com/read/16/10/26/476848/Genjot-Ekonomi-Syariah-dengan-Satu-Akses-</link>
</artikel>