<?xml version="1.0" encoding="UTF-8" standalone="yes"?>
<artikel xmlns:xsi="http://www.w3.org/2001/XMLSchema-instance">
	<id>EKO_EM_09_144</id>
	<judul>Akhir 2016, ATM 4 Bank Pelat Merah Disatukan</judul>
	<tanggal>15/11/16</tanggal>
	<kata_kunci>Bank Pelat Merah</kata_kunci>
	<isi>Penyatuan anjungan tunai mandiri (ATM) empat bank pelat merah ditargetkan dapat terealisasi akhir 2016. Nantinya, transaksi tarik tunai dengan biaya Rp 0 alias gratis bisa diterapkan pada kuartal pertama 2017. Empat bank BUMN itu, terdiri dari PT Bank Mandiri Tbk, PT Bank Tabungan Negara Tbk (BTN), PT Bank Rakyat Indonesia Tbk (BRI), dan PT Bank Negara Indonesia Tbk (BNI). "Itu kan ATM (tarik tunai free), yang diharapkan mulai jalan akhir tahun ini. Tapi beroperasi penuhnya tahun depan, mudah-mudahan di kuartal I-2017," jelas Menteri Badan Usaha Milik Negara (BUMN) Rini Soemarno, Minggu (13/11). Fasilitas transaksi tarik tunai gratis dapat dinikmati nasabah melalui jaringan ATM yang dikelola empat bank BUMN. "Itu kan harus pakai ATM yang sama. Kalau kita dapat izin switching dari Bank Indonesia sebelum akhir tahun ini, awal tahun depan bisa jalan," terang Rini. Sebelumnya, akhir tahun lalu, Ketua Dewan Komisioner Otoritas Jasa Keuangan (OJK), Mulimanan D Hadad berharap, bank-bank yang berada di bawah naungan BUMN bisa menjalin kerja sama untuk memberikan nilai tambah kepada nasabah. Dengan adanya sinergi, bisa meningkatkan daya saing perbankan di Indonesia, khususnya bank BUMN. "Di beberapa tempat mungkin bisa dijadikan acuan, kira-kira bidang lain menjadi pemikiran kita bersama, misalnya pengembangan SDM, ini menurut saya bisa kita share agar value budaya bank-bank BUMN sejalan dengan keinginan kita?," kata Muliaman.</isi>
	<link>http://www.jpnn.com/read/16/11/15/480944/Akhir-2016-ATM-4-Bank-Pelat-Merah-Disatukan-</link>
</artikel>