<?xml version="1.0" encoding="UTF-8" standalone="yes"?>
<artikel xmlns:xsi="http://www.w3.org/2001/XMLSchema-instance">
	<id>EKO_EM_09_146</id>
	<judul>Oktober 2016, Kontrak PT PP Capai Rp 27,38 triliun</judul>
	<tanggal>10/11/16</tanggal>
	<kata_kunci>Kontrak PT PP</kata_kunci>
	<isi>PT PP mencatat kontrak baru mencapai Rp 27,38 triliun hingga akhir Oktober 2016. Di mana kontrak baru tersebut sudah mencapai 88,32 persen dari target akhir tahun ini. Di mana total order book yang berhasil diraih sebesar Rp 66,38 triliun sudah termasuk carry over 2015 sebesar Rp 39 triliun. "Sampai dengan akhir tahun ini, perseroan masih optimistis bisa melampaui target kontrak baru yang sudah ditetapkan oleh manajemen di awal tahun sebesar Rp 31 triliun," ujar Direktur Utama PT PP Tumiyana. Adapun pencapaian kontrak baru Oktober 2016 terdiri dari kontrak baru induk sebesar Rp 23,08 triliun dan anak perusahaan sebesar Rp 4,30 triliun.</isi>
	<link>http://www.jpnn.com/read/16/11/10/479912/Oktober-2016-Kontrak-PTPP-Capai-Rp-2738-triliun-</link>
</artikel>