<?xml version="1.0" encoding="UTF-8" standalone="yes"?>
<artikel xmlns:xsi="http://www.w3.org/2001/XMLSchema-instance">
	<id>EKO_EM_09_147</id>
	<judul>Kuartal III 2016, Citilink Cetak Laba Bersih Rp 129 miliar</judul>
	<tanggal>04/11/16</tanggal>
	<kata_kunci>Laba Bersih Citilink</kata_kunci>
	<isi>Citilink Indonesia berhasil mencetak laba bersih sebesar USD 9,96 Juta atau setara dengan 129,48 miliar pada kuartal III 2016. Perolehan tersebut naik 125 persen, jika dibandingkan periode yang sama 2015. Pada periode ini Citilink juga berhasil memperoleh laba operasional sebesar 16,03 juta atau setara dengan Rp 208,39 miliar (kurs Rp 13 ribu per dolar AS). "Citilink mencatatkan kinerja yang sangat baik pada periode kuartal ke-III tahun ini, Citilink mampu meningkatkan performanya jauh lebih baik hingga kenaikannya mencapai 125 persen dibandingkan periode yang sama tahun lalu," ujar Dirut Citilink Indonesia Albert Burhan di Jakarta, Kamis (3/11). Menurut Albert, pencapaian yang diraih oleh Citilink ini tidak terlepas dari berbagai strategi yang telah diterapkan. Pada kuartal-III 2016 Citilink juga membukukan total pendapatan sebesar USD 155,7 juta atau naik 20,1 persen dari USD 129,7 juta pada kuartal-III 2015. Pertumbuhan positif juga ditunjukkan dari jumlah penumpang, yang berhasil diterbangkan Citilink sepanjang kuartal-III 2016 sebanyak 3,06 juta penumpang. Jumlah ini meningkat 21,4 persen jika dibandingkan periode yang sama pada 2015 sebanyak 2,52 juta penumpang. "Pertumbuhan penumpang Citilink sebesar 21,4 persen ini lebih tinggi dari pertumbuhan penumpang domestik yaitu 17,8 persen. Frekuensi penerbangan Citilink Indonesia juga menunjukkan peningkatan sebesar 21,5 persen dari 17.113 penerbangan pada kuartal-III 2015 menjadi 20.791 penerbangan pada periode yang sama tahun ini," papar Albert.</isi>
	<link>http://www.jpnn.com/read/16/11/04/478589/Kuartal-III-2016-Citilink-Cetak-Laba-Bersih-Rp-129-miliar-</link>
</artikel>