<?xml version="1.0" encoding="UTF-8" standalone="yes"?>
<artikel xmlns:xsi="http://www.w3.org/2001/XMLSchema-instance">
	<id>EKO_EM_09_148</id>
	<judul>Pengamat: Lupakan Bisnis Batu Bara</judul>
	<tanggal>19/11/16</tanggal>
	<kata_kunci>Bisnis Batu Bara</kata_kunci>
	<isi>Pengamat ekonomi Aji Sofyan Effendi mengatakan, banyak perusahaan batu bara di Kaltim yang sempat tengkurap karena harga batu bara yang rendah. Jika ada perusahaan batu bara yang ingin mengeksploitasi kembali, itu merupakan hak setiap perusahaan. Syaratnya, selama masa hukumnya masih belum mati dan lahannya masih mendukung. "Tetapi dalam perspektif makro lupakanlah bisnis batu bara berapa pun kenaikannya," ungkap dosen ekonomi Universitas Mulawarman ini kepada Kaltim Post, Kamis (17/11). Menurutnya, perspektif makro sebaiknya bisnis batu bara dilupakan. Harganya naik atau turun, dalam perspektif apa pun, batu bara pada akhirnya lebih banyak mendatangkan aspek negatif daripada positif. "Positif karena menyerap banyak tenaga kerja. Tapi di sisi lain, penyerapan tenaga kerja tidak sesuai dengan social cross yang dihadapi dengan environmental cross yang masyarakat alami. Itu ternyata tidak berbanding lurus," imbuhnya. "Sehingga, mau batu bara tunggu atau pun rendah. Sebaiknya kita lupakan saja," sebut dosen pengajar di program magister Fakultas Ekonomi dan Bisnis Unmul. Aji mengatakan, ada bidang usaha lain yang masih memungkinkan bagi masyarakat Kaltim untuk digeluti. "Idealnya kita kembali pada sektor perkebunan. Kita sudah komitmen ingin kembali ke sektor perkebunan," ujarnya. Kecuali, ada komitmen baru bahwa batu bara tidak dalam bentuk low material lagi. Batu bara harus diolah dalam sektor hilir. Itu yang seharusnya menjadi prioritas untuk digeluti. Hal itu akan menjadi value added atau nilai tambah. "Persoalannya kenapa para pengusaha kita tidak ke industri hilir," ungkap ketua Pusat Studi ASEAN Unmul.</isi>
	<link>http://www.jpnn.com/read/16/11/19/481865/Pengamat:-Lupakan-Bisnis-Batu-Bara-</link>
</artikel>