<?xml version="1.0" encoding="UTF-8" standalone="yes"?>
<artikel xmlns:xsi="http://www.w3.org/2001/XMLSchema-instance">
	<id>EKO_EM_09_149</id>
	<judul>Ekonomi Masyarakat Pesisir Harus Ditingkatkan</judul>
	<tanggal>06/11/16</tanggal>
	<kata_kunci>Ekonomi Masyarakat Pesisir</kata_kunci>
	<isi>Wali Kota Bitung MJ Lomban membuka rapat Proyek Pembangunan Masyarakat Pesisir atau program Coastal Community Development Project (CCDP) International Fund for Agricultural Develpment (IFAD). Rapat yang digelar di Bitung itu diikuti Heni Dien selaku Konsultan Usaha Mikro Kecil dan Menengah (UMKM) unggulan, Jumat (4/11). Dalam kesempatan tersebut, Lomban menjelaskan CCDP-IFAD bertujuan meningkatkan pendapatan masyarakat pesisir. "Di sisi lain, program ini menitikberatkan pada bidang marketing dan value chain, sebagai suatu bentuk peningkatan usaha kelompok, penyediaan fasilitas usaha dan kerja sama dengan mitra pelaku usaha yang ada di Bitung, Manado, maupun daerah-daerah lain,” ujarnya seperti dilansir Manado Post (Jawa Pos Group). Ia juga mengapresiasi pelaksana kegiatan CCDP-IFAD. Apalagi Bitung disebut salah satu pelaksana terbaik proyek CCDP-IFAD. "Saya berharap, dengan adanya program seperti ini, masyarakat khususnya pelaku usaha perikanan mikro dapat terbantu," kata Lomban. Sekadar diketahui, dalam pertemuan ini, Lomban memberikan bantuan Saprodi Pengelolaan Ikan Cakalang dari Program Sosial Bank Indonesia (BI) kepada kelompok pengelola ikan cakalang. Dia berharap proyek pembangunan masyarakat pesisir dengan program CCDP-IFAD dan seluruh kelompok pengolah dan pemasar (poklahsar) menjadi lembaga usaha mandiri, profesional, dan memiliki jaringan kerja luas.</isi>
	<link>http://www.jpnn.com/read/16/11/06/478996/Ekonomi-Masyarakat-Pesisir-Harus-Ditingkatkan-</link>
</artikel>