<?xml version="1.0" encoding="UTF-8" standalone="yes"?>
<artikel xmlns:xsi="http://www.w3.org/2001/XMLSchema-instance">
	<id>EKO_EM_09_150</id>
	<judul>Wuihhh! Pemerintah Targetkan USD 130 Juta dari Ekonomi Digital</judul>
	<tanggal>11/11/16</tanggal>
	<kata_kunci>Ekonomi Digital</kata_kunci>
	<isi>Pemerintah kini menargetkan nilai transaksi untuk ekonomi digital mencapai USD 130 juta. Untuk mencapai target tersebut, pemerintah mengeluarkan Paket Kebijakan Ekonomi Jilid 14 yang fokus berisi kebijakan di bidang e-commerce. Menteri Koordinator bidang Perekonomian Darmin Nasution menyebut, paket tersebut terdiri dari delapan poin utama, yakni pendanaan, peraturan perpajakan, perlindungan konsumen, pendidikan dan SDM, logistik, infrastruktur komunikasi, keamanan cyber dan pembentukan manajemen pelaksana. Menteri Komunikasi dan Informatika Rudiantara memaparkan, khusus di poin pendanaan, pemerintah akan membantu pembiayaan bagi perusahaan start up baru. Pasalnya, selama ini, menurut dia, perusahaan start up sulit tumbuh dan berkembang karena sulitnya pendanaan. "Baru berdiri, dia tidak punya pemasukan. Mau dikasih pinjaman, bulan depan harus sudah bayar cicilan, ya tidak bisa. Nah makanya kita sekarang sedang siapkan kebijakannya," kata Rudi, dalam jumpa pers di Kantor Presiden, Kamis malam. Adapun bentuk pendanaan dapat berupa grant, pinjaman atau gabungan dari keduanya. Kemudian pemerintah akan mengeluarkan regulasi terkait pendanaan bagi perusahaan start up pada Januari 2017. Rudiantara menyebut, sebelumnya pemerintah juga telah meluncurkan gerakan nasional Seribu Start Up sampai 2020. Ia yakin gerakan nasional tersebut akan mempercepat tercapainya target USD 130 juta tersebut.</isi>
	<link>http://www.jpnn.com/read/16/11/11/480178/Wuihhh!-Pemerintah-Targetkan-USD-130-Juta-dari-Ekonomi-Digital-</link>
</artikel>