<?xml version="1.0" encoding="UTF-8" standalone="yes"?>
<artikel xmlns:xsi="http://www.w3.org/2001/XMLSchema-instance">
	<id>EKO_EM_09_155</id>
	<judul>Anggaran Belanja Dipangkas dan Subsidi Dikurangi di APBNP</judul>
	<tanggal>28/06/16</tanggal>
	<kata_kunci>Anggaran Belanja</kata_kunci>
	<isi>Porsi belanja negara dalam Anggaran Pendapatan dan Belanja Negara Perubahan (APBNP) 2016 ditetapkan sebesar 2.082 triliun, turun dibandingkan alokasi sebelumnya yang sebesar Rp2.095,7 triliun. Ketua Badan Anggaran DPR Kahar Muzakir dalam Sidang paripurna DPR, Selasa (28/6) menjelaskan, pemangkasan belanja dilakukan setelah mempertimbangkan kondisi makro ekonomi dan tingkat penerimana pajak yang melandai. Dia merinci, belanja pemerintah pusat disepakati turun dari Rp1.325,6 triliun menjadi 1.306,69 triliun. Belanja Kementerian dan Lembaga (K/L) menyumbang signifikan pemangkasan anggaran belanja pemerintah pusat, yakni minus sebesar Rp16,3 triliun menjadi Rp767,8 triliun. Sementara untuk belanja non K/L, Kahar mengungkapkan, pemangkasan anggaran menjadi Rp538,88 triliun dari target sebelumnya Rp541,4 triliun. Subsidi Dikurangi Masih dari komponen belanja pemerintah pusat, alokasi anggaran untuk subsidi energi di APBNP 2016 ditetapkan sebesar Rp94,35 triliun, turun signifikan dari target sebelumnya Rp102,1 triliun. Subsidi BBM menyumbang signifikan pemangkasan subsidi energi, yakni dari Rp63,7 triliun menjadi Rp43,68 triliun. Sebaliknya subsidi listrik justru ditambah menjadi Rp50,66 triliun dari sebelumnya Rp38,4 triliun di APBN 2016. Sementara untuk subsidi non energi ditingkatkan, dari alokasi awal Rp80,5 triliun menjadi Rp83,39 triliun. Sumber efisiensi subsidi non energi bersumber dari alokasi subsidi pangan yang dijatah 22,5 triliun dan subsidi pupuk 30,06 triliun.</isi>
	<link>http://www.cnnindonesia.com/ekonomi/160628140008-78-141530/anggaran-belanja-dipangkas-dan-subsidi-dikurangi-di-apbnp/</link>
</artikel>