<?xml version="1.0" encoding="UTF-8" standalone="yes"?>
<artikel xmlns:xsi="http://www.w3.org/2001/XMLSchema-instance">
	<id>EKO_EM_09_156</id>
	<judul>Kuartal I 2016, Laba Radana Finance Hanya Tumbuh 3,8 Persen</judul>
	<tanggal>20/04/16</tanggal>
	<kata_kunci>Laba Radana Finance</kata_kunci>
	<isi>PT Radana Bhaskara Finance Tbk, perusahaan pembiayaan (multifinance), membukukan laba sebesar Rp 10,72 miliar pada kuartal pertama tahun ini. Perolehan ini tumbuh 3,8 persen jika dibandingkan dengan laba periode yang sama tahun lalu Rp9,7 miliar. Evy Indahwaty, Direktur Utama Radana Finance mengatakan kondisi perekonomian nasional yang penuh tantangan di sepanjang tahun lalu melanda hampir semua sektor tak terkecuali kinerja industri pembiayaan di Indonesia. Perlambatan pertumbuhan laba kuartal pertama ini merupakan lanjutan dari perolehan laba tahun lalu sebesar Rp39,85 miliar yang tercatat tumbuh 3,45 persen. Kendati labanya tumbuh tipis, Evy mengatakan, perseroan tetap akan membagikan dividen kepada para pemegang saham. Dividen yang dibagikan sebesar Rp8,1 miliar atau Rp3,5 per saham. Evy memperkirakan, kinerja pembiayaan pada kuartal kedua akan membaik. Ia memproyeksi, pertumbuhan pembiayaan tahun ini akan naik sebesar 18,79 persen untuk unit ketimbang tahun lalu. Adapun, dari sisi pembiayaan bermasalah alias nonperforming financing (NPF), Radana Finance mampu mengendalikan pembiayaan macet di level dibawah 2 persen pada akhir tahun lalu. Perseroan akan menjaga NPF pada level yang sama di tahun ini. "NPF masih bisa dijaga dengan baik dan tidak mengalami kenaikan. Kami mengedepankan prinsip kehati-hatian dan manajemen yang kuat untuk menekan pembiayaan bermasalah," tutur Evy. Lebih jauh Evy menjelaskan, tantangan prospek bisnis pembiayaan ke depan adalah kondisi makro ekonomi dengan pertumbuhan ekonomi yang belum stabil. Selain itu, risiko nilai tukar rupiah yang ikut mempengaruhi daya beli masyarakat.</isi>
	<link>http://www.cnnindonesia.com/ekonomi/160420173654-78-125329/kuartal-i-2016-laba-radana-finance-hanya-tumbuh-38-persen/</link>
</artikel>