<?xml version="1.0" encoding="UTF-8" standalone="yes"?>
<artikel xmlns:xsi="http://www.w3.org/2001/XMLSchema-instance">
	<id>EKO_EM_09_167</id>
	<judul>CSIS: Industri Asuransi Terganjal Setumpuk Aturan</judul>
	<tanggal>27/10/16</tanggal>
	<kata_kunci>Industri Asuransi</kata_kunci>
	<isi>Center for Strategic and International Studies (CSIS) menilai regulasi di industri asuransi terlalu banyak. Hal itu dinilai menghambat industri asuransi untuk berkembang. Berdasarkan catatan CSIS yang dikutip dari Bappenas, sekitar 12.471 regulasi yang diterbitkan pemerintah dalam kurun waktu 2001-2015. Sebanyak 504 di antaranya dalam bentuk undang-undang, 27 Perpu, 1.386 PP, 1,129 Perpres, 977 Keppres, 137 Inpres, dan 8.331 Permen. "Pertumbuhan ekonomi Indonesia terkendala faktor sosial politik, dan faktor ekonomi. Nah, resiko terbesarnya adalah iklim investasi dan regulasi pemerintah yang terlalu banyak," ujar Yose Rizal Damuri, Pengamat CSIS, Nusa Dua, Bali, Kamis (27/10). Bahkan, lahirnya 12 paket kebijakan ekonomi di era pemerintahan Joko Widodo (Jokowi) dinilai semakin menambah panjang regulasi. Tengok saja, 213 peraturan baru turunan dari paket ini langsung meluncur. Selain banyaknya aturan main tersebut, saat ini, Indonesia terkendala juga dengan perlambatan ekonomi global dan nasional. Tidak hanya itu, belanja pemerintah juga cuma berkontribusi 10-11 persen dari Produk Domestik Bruto (PDB) dan hambatan perdagangan dunia. Penilaian CSIS tersebut menegaskan kembali temuan Pricewaterhouse Coopers (PwC) yang menyebut, regulasi yang dikeluarkan pemerintah menjadi resiko terbesar yang harus dihadapi industri asuransi dalam negeri. Disusul oleh makro ekonomi, dan tingkat bunga. "Regulasi jadi risiko terbesar. Tidak hanya terjadi di Indonesia, itu juga menjadi hal utama yang perlu diperhatikan di seluruh dunia. Namun, tak perlu diinterpretasikan sebagai sesuatu hal yang negatif," kata Jusuf Wibisana, Financial Services Partner PwC Indonesia. Adapun, aturan yang menjadi fokus industri asuransi dalam negeri adalah peraturan terkait perpajakan, batasan kepemilikan asing dalam perusahaan asuransi, hingga batasan modal minimum perusahaan asuransi. Dua peraturan di antaranya sedang digodok oleh Otoritas Jasa Keuangan (OJK). Menanggapi hal itu, Edy Setiadi, Deputi Pengawas Komisioner Industri Keuangan Non Bank OJK menuturkan, regulator tidak akan bergeming untuk mengurangi aturan main industri asuransi yang dinilai bejibun. "Seharusnya, regulasi-regulasi ini diterjemahkan positif. Justru, aturan ini yang akan mendukung pertumbuhan industri. Coba lihat dua sisi, jangan hanya ingin bertumbuh, tetapi mengorbankan stabilitas," ucapnya. Malahan, Edy mengklaim, indeks kemudahan berusaha Indonesia jadi meningkat. Dunia internasional memuji pencapaian ini. Meskipun, lembaga internasional, seperti International Coach Federation menyebutkan pemerintah Indonesia masih perlu melakukan perbaikan.</isi>
	<link>http://www.cnnindonesia.com/ekonomi/161027160603-78-168464/csis-industri-asuransi-terganjal-setumpuk-aturan/</link>
</artikel>