<?xml version="1.0" encoding="UTF-8" standalone="yes"?>
<artikel xmlns:xsi="http://www.w3.org/2001/XMLSchema-instance">
	<id>EKO_EM_09_182</id>
	<judul>Cepat atau Lambat, Bisnis Batu Bara Akan Habis</judul>
	<tanggal>11/11/16</tanggal>
	<kata_kunci>Bisnis Batu Bara</kata_kunci>
	<isi>Koordinator Jatamnas Merah Johansyah Ismail mengatakan, sudah saatnya Pemprov Kaltim meninggalkan batu bara yang merupakan ekonomi berumur pendek. Begitu bahan tambang habis, maka perekonomiannya juga tamat. Begitu pula bila harga jatuh yang bakal berdampak besar bagi perekonomian Kaltim. "Pemprov Kaltim harus beralih ke perekonomian berkelanjutan seperti pertanian, perikanan, peternakan, dan pariwisata. Industri di Kaltim harus diarahkan untuk melayani sektor-sektor tersebut," sebut Merah. Mantan Dinamisator Jatam Kaltim itu menegaskan, ekonomi batu bara mesti disudahi. Pemprov juga mesti bersiap pada kondisi banyaknya pekerja tambang yang dirumahkan. "Pekerja tambang mesti digiring ke sektor produktif ke green job atau pekerjaan yang ramah lingkungan, misalnya pertanian, peternakan, perikanan, dan pariwisata. Beri pekerja keterampilan yang cukup dan lindungi dengan kebijakan," beber dia. Menurut Merah, cepat atau lambat, bisnis batu bara akan habis. Terlebih harganya yang bergantung pada kebijakan pemerintah Tiongkok. Menurut dia, hal tersebut membuat perekonomian rapuh. "Kalau Tiongkok buka keran impor, baru harga batu bara kita naik. Tapi ketika impor ditutup, ekonomi Kaltim bergejolak. Ini bahaya karena kita bergantung pada negara lain. Lebih baik memastikan perekonomian yang berkelanjutan dan mandiri," tegas dia. Selain itu, Merah mengatakan, pemprov bisa membuat kebijakan dengan mendorong pembangkit listrik alternatif. Misalnya dengan pembangkit listrik tenaga sampah, tenaga surya, dan tenaga air yang cenderung ramah lingkungan. "Pemprov harus memberi teladan dengan cara sebanyak 30 persen listrik di Kantor Gubernur menggunakan tenaga surya. Pemimpin mesti memberi contoh agar mendorong lain yang biar bisa berubah," beber Merah.</isi>
	<link>http://www.jpnn.com/read/16/11/11/480124/Cepat-atau-Lambat-Bisnis-Batu-Bara-Akan-Habis-</link>
</artikel>