<?xml version="1.0" encoding="UTF-8" standalone="yes"?>
<artikel xmlns:xsi="http://www.w3.org/2001/XMLSchema-instance">
	<id>EKO_EM_09_185</id>
	<judul>Realisasi Penerimaan Dari Pajak Baru Rp 870 Triliun</judul>
	<tanggal>08/11/16</tanggal>
	<kata_kunci>Penerimaan Pajak Baru</kata_kunci>
	<isi>Realisasi penerimaan pendapatan negara dari pajak baru mencapai 64,27 persen dari target. Hingga akhir Oktober, penerimaan pajak hanya menyentuh Rp 78,5 triliun. Sejak Januari hingga Oktober baru mencapai Rp 870,95 triliun. Menteri Keuangan Sri Mulyani Indrawati mengakui, ekonomi masih melemah sehingga pemerintah harus memangkas target pendapatan negara (shortfall) Rp 218 triliun. "Coba kalau menterinya nggak ganti. Anda masih harus ngumpulin Rp 218 triliun," kata Ani dalam rapat pimpinan Ditjen Pajak kemarin (7/11). Untuk mengejar target, Menkeu mengandalkan penerimaan pajak rutin dan upaya tambahan dari amnesti pajak. Untuk memastikan penerimaan pajak rutin, Ani menginstruksi petugas seluruh kantor wilayah memeriksa kembali penerimaan rutin berdasar kondisi ekonomi faktual masing-masing wajib pajak. Mantan direktur pelaksana Bank Dunia tersebut yakin, angka inflasi yang rendah dan konsumsi rumah tangga yang masih baik menunjukkan masih terjaganya daya beli masyarakat. Dengan demikian, kemampuan membayar pajak pun masih bisa digali. Sementara itu, untuk extra effort, Kemenkeu mengandalkan penerimaan dari tebusan amnesti pajak dan penggalian potensi perpajakan baru. "Kami akan menaikkan rasio pajak karena penerimaan negara kita masih rendah," ucap Ani. Direktur Potensi, Kepatuhan, dan Penerimaan Pajak Ditjen Pajak Yon Arsal menambahkan, pihaknya optimistis bisa mengejar target penerimaan pajak hingga Rp 1.139 triliun hingga akhir tahun ini. Sebab, penerimaan rutin, termasuk PPN, diproyeksikan naik pada akhir tahun seiring dengan adanya konsumsi masyarakat menjelang Natal dan tahun baru. "Normalnya, penerimaan rutin November dan Desember ini cenderung meningkat. Pencairan anggaran pemerintah, PPN, dan amnesti pajak kan belum selesai," ujarnya. "Memang lebih baik, tapi tidak bisa dipungkiri ini merupakan kontribusi tax amnesty yang uang tebusan per September mencapai Rp 94 triliun," tutur Yon.</isi>
	<link>http://www.jpnn.com/read/16/11/08/479451/Realisasi-Penerimaan-Dari-Pajak-Baru-Rp-870-Triliun-</link>
</artikel>