<?xml version="1.0" encoding="UTF-8" standalone="yes"?>
<artikel xmlns:xsi="http://www.w3.org/2001/XMLSchema-instance">
	<id>EKO_EM_09_190</id>
	<judul>Realisasi Investasi Tembus Rp 118 Triliun</judul>
	<tanggal>17/11/16</tanggal>
	<kata_kunci>Realisasi Investasi</kata_kunci>
	<isi>Investasi di Jawa Timur menunjukkan catatan oke hingga triwulan ketiga 2016. Realisasi investasi di Jatim menembus angka Rp 118,641 triliun. Jumlah tersebut melampaui target yang dicanangkan pemerintah, yakni Rp 100 triliun. Kepala Badan Penanaman Modal (BPM) Jatim Lili Soleh menyatakan, upaya pendekatan kepada perusahaan yang sudah mengantongi izin prinsip dinilai berhasil. Kontribusi terbesar realisasi investasi berasal dari penanaman modal dalam negeri (PMDN) senilai Rp 38,81 triliun. "Realisasi investasi PMDN itu lebih cepat kalau dibandingkan dengan penanaman modal asing (PMA). Asing kadang masih bingung untuk pengurusan lahan maupun izin dan harus mencari mitra lokal," kata Lili, Rabu (16/11). Realisasi investasi sampai triwulan ketiga 2016 tumbuh sekitar sepuluh persen. Itu bila dibandingkan dengan realisasi sampai akhir 2015 sebesar Rp 107,30 triliun. Pemprov juga gencar mengajak investor mengunjungi kawasan-kawasan industri di Jatim. "Padat modal memang lebih berminat masuk kawasan industri, sedangkan padat karya biasanya lebih memilih di luar kawasan karena lebih murah," ujarnya. Realisasi PMA hingga triwulan ketiga mencapai Rp 21,59 triliun. Investasi tersebut berasal dari 423 proyek dengan penyerapan 35.786 tenaga kerja. Lili mengungkapkan, investor gemar masuk ke kawasan industri terintegrasi lantaran bisa langsung terhubung dengan pelabuhan. Tingginya minat investasi di kawasan industri membuat Pemprov Jatim mulai mengembangkan kawasan industri baru. "Untuk PIER, akan ada perluasan lahan sekitar 60 hektare. Di daerah perbatasan Pasuruan dan Probolinggo, lahannya juga sedang disiapkan karena di sana sudah ada pelabuhan milik pemprov yang beroperasi. Akses untuk logistiknya pun terjangkau," terangnya. Jepang menjadi investor utama Jatim dengan nilai Rp 6,37 triliun. Setelah Jepang, menyusul Singapura senilai Rp 5,04 triliun dan British Virgin Islands (Rp 1,92 triliun).</isi>
	<link>http://www.jpnn.com/read/16/11/17/481512/Realisasi-Investasi-Tembus-Rp-118-Triliun-</link>
</artikel>