<?xml version="1.0" encoding="UTF-8" standalone="yes"?>
<artikel xmlns:xsi="http://www.w3.org/2001/XMLSchema-instance">
	<id>EKO_EM_09_191</id>
	<judul>Target 4 Triliun, Realisasi Investasi Baru Rp 72 Miliar</judul>
	<tanggal>17/11/16</tanggal>
	<kata_kunci>Realisasi Investasi</kata_kunci>
	<isi>Iklim investasi di Kabupaten Gorontalo Utara (Gorut) mulai menunjukkan geliat positif tahun ini. Hal itu terlihat dari jumlah investor yang terus meningkat. Buka hanya perusahaan permodalan nasional, investor asing juga berinvestasi di Gorut. Sesuai data resmi yang diperolah Gorontalo Post dari Badan Pelayanan Terpadu Satu Pintu dan Penanaman Modal (BPTSP-PM) Gorut, data investasi di Gorut pada 2015 totalnya berjumlah 31 perusahaan. Perinciannya terdiri dari empat perusahaan permodalan asing dan sisanya nasional. Sektor investasi juga bervariatif. Mulai jasa keuangan, perbankan, kehutanan, pertanian, perkebunan, SPBU, penambangan bebatuan, pertambangan emas, kelapa sawit, perikanan dan kelautan, pariwisata hingga kelistrikan. Pada 2016, terjadi peningkatan jumlah menjadi 34 investor. Perusahaan nasional bertambah satu. Sedangkan perusahaan permodalan asing bertambah dua. "Ini belum terhitungan investasi lokal berupa rumah makan dan lain sebagainya. Terjadi peningkatan investor sehingga ini sangat baik bagi daerah. Terlebih proses perizinan lebih cepat, selama syarat-syarat izin sudah dipenuhi," terang Kasubdit Penanaman Modal Asing BPTSP-PM Gorut Erwin Adayi. Sesuai data BPTS-PM, rencana nilai investasi mencapai Rp 4 triliun. Saat ini, realisasi masih berjumlah Rp 72 miliar.</isi>
	<link>http://www.jpnn.com/read/16/11/17/481415/Target-4-Triliun-Realisasi-Investasi-Baru-Rp-72-Miliar-</link>
</artikel>