<?xml version="1.0" encoding="UTF-8" standalone="yes"?>
<artikel xmlns:xsi="http://www.w3.org/2001/XMLSchema-instance">
	<id>EKO_EM_09_197</id>
	<judul>Perih Mata Ini Lihat Harga Cabai Naik 100 Persen...</judul>
	<tanggal>14/11/16</tanggal>
	<kata_kunci>Harga Cabai Naik</kata_kunci>
	<isi>Harga komoditas bahan pokok seperti cabai dan tomat di pasar Bojonegoro mulai mengalami kenaikan. Kenaikan paling besar terjadi pada harga cabai rawit yang mencapai seratus persen. Ini akibat terpengaruh musim hujan akhir tahun. Harga cabai rawit merah kini mencapai Rp. 60.000 rupiah per kilogramnya, dari sebelumnya Rp. 30 ribu. Tak hanya cabai, harga bawang merah juga ikut mengalami kenaikan, dari sebelumnya sebesar Rp. 20 ribu perkilogram, kini menjadi Rp. 30 ribu. Siti, salah satu pedagang sayuran di pasar kota Bojonegoro mengatakan, kenaikan harga cabai ini sejak sepekan terakhir, "Ini akibat banyaknya para petani cabai gagal panen, sehingga pasokan di pasar menurun," ujar Siti. Kenaikan harga cabai ini, diprediksi akan terus naik hingga awal 2017 mendatang. Pasalnya musim penghujan di tahun ini diperkirakan akan berakhir hingga tahun depan. Hal tersebut membuat dagangan para pedagang lesu, karna minimnya pembeli. Mereka berharap pemerintah segera memberikan solusi atas kenaikan harga cabai ini, sehingga tidak memberatkan para pedagang maupun para pembeli.</isi>
	<link>http://www.jpnn.com/read/16/11/14/480723/Perih-Mata-Ini-Lihat-Harga-Cabai-Naik-100-Persen...-</link>
</artikel>