<?xml version="1.0" encoding="UTF-8" standalone="yes"?>
<artikel xmlns:xsi="http://www.w3.org/2001/XMLSchema-instance">
	<id>EKO_EM_09_198</id>
	<judul>Investasi Bodong Hadirkan Kerugian Rp 126 Triliun</judul>
	<tanggal>05/11/16</tanggal>
	<kata_kunci>Investasi Bodong</kata_kunci>
	<isi>Korban investasi bodong berasal dari banyak kalangan. Bukan hanya masyarakat berpendidikan rendah, kalangan terdidik juga banyak yang menjadi korban. Misalnya, PNS dan guru. Hal yang mendasari mudahnya masyarakat terjerat investasi bodong adalah sifat tamak dan ingin cepat kaya tanpa mau berusaha lebih keras. "Ini karakter yang harus diubah," ujar Ketua Satuan Tugas Penanganan Dugaan Tindakan Melawan Hukum di Bidang Pengelolaan Investasi (Satgas Waspada Investasi) Tongam Lumban Tobing Sejauh ini Otoritas Jasa Keuangan telah membuat situs khusus mengenai nama-nama perusahaan yang menawarkan kegiatan investasi. Namun, situs-situs tersebut tidak diawasi OJK. Situs tersebut memuat nama 47 perusahaan. Nama-nama perusahaan itu didapatkan berdasar laporan dan permintaan informasi masyarakat ke OJK tentang tawaran investasi dari perusahaan-perusahaan tersebut. Sementara itu, pengaduan dan permintaan informasi dari masyarakat tentang kegiatan investasi mencapai 430. Menurut Kepala Bagian Industri Keuangan Non-Bank, Edukasi, dan Perlindungan Konsumen OJK Probo Sukesi, kerugian masyarakat akibat penipuan dengan modus arisan berantai, multi-level marketing, dan koperasi abal-abal telah mencapai Rp 126,5 triliun. Kerugian tersebut tercatat pada periode 1975–2016. Salah satu modus penipuan berkedok investasi yang kini patut diwaspadai masyarakat, tawaran simpanan dengan keuntungan di atas bunga penjaminan Lembaga Penjamin Simpanan (LPS), yakni sekitar delapan persen per tahun.</isi>
	<link>http://www.jpnn.com/read/16/11/05/478842/Investasi-Bodong-Hadirkan-Kerugian-Rp-126-Triliun-</link>
</artikel>