<?xml version="1.0" encoding="UTF-8" standalone="yes"?>
<artikel xmlns:xsi="http://www.w3.org/2001/XMLSchema-instance">
	<id>EKO_EM_09_200</id>
	<judul>Radana Finance Catat Pendapatan Rp 485 Miliar</judul>
	<tanggal>22/10/16</tanggal>
	<kata_kunci>Radana Finance</kata_kunci>
	<isi>Puluhan perusahaan terbuka (Tbk) terpilih menjadi yang terbaik dalam Anugerah Perusahaan Tbk. Mereka terpilih karena bisa eksis dan tumbuh dalam situasi ekonomi yang tidak stabil. "Kami berikan apresiasi kepada perusahaan terbuka untuk semua kategori yang sukses dan meraih penghargaan tahun ini," kata Roy Sembel, ketua ti‎m juri dalam Anugerah Perusahaan Tbk. Indonesia III 2016 di Jakarta, Jumat (21/10) malam. Dia menyebutkan, salah satu sektor yang berkembang pesat adalah pembiayaan, di mana sasarannya adalah kelompok masyarakat menengah dan kecil. Dalam Anugerah Perusahaan Tbk, PT Radana Bhaskara Finance Tbk (Radana Finance) meraih penghargaan sebagai perusahaan terbaik satu sektor industri multifinance. ‎Sementara di urutan kedua dan ketiga adalah PT Batavia Tbk dan PT BFI Tbk. Sedangkan Direktur Utama Radana Finance, Evy Indahwaty ditetapkan sebagai CEO of The Year. Evy mengatakan, aset Radana tumbuh 11,2 persen dıbandıng posısı 31 Desember 2015 dengan laba bersih perusahaan pada periode sama tahun lalu meningkat 24,4 persen year on year. Pendapatan perusahaan tercatat Rp 485,6 miliar atau tumbuh 27 persen yoy. Sedangkan pendapatan dari pembiayaan konsumen mencapai Rp 411,4 miliar atau meningkat 24,4 persen yoy. Hingga kuartal ketiga 2016, perusahaan berhasil menyalurkan pembiayaan baru sebesar Rp 1,7 triliun atau tumbuh sebesar 20 persen yoy. Nominal itu disumbang dari pembiayaan motor baru maupun pembiayaan multiguna. Dengan demikian total pembiayaan yang sudah disalurkan saat ini sebesar Rp 1,72 triliun. "Kondisi makro ekonomi saat ini memicu direksi dan management Radana Finance semakin kreatif dan berinovasi dalam memberikan produk dan layanan kepada konsumen khususnya roda dua. Dengan demikian multiguna ini semakin survive dan bisa terus melayani konsumen dengan baik," pungkasnya.</isi>
	<link>http://www.jpnn.com/read/16/10/22/475905/Radana-Finance-Catat-Pendapatan-Rp-485-Miliar-</link>
</artikel>