<?xml version="1.0" encoding="UTF-8" standalone="yes"?>
<artikel xmlns:xsi="http://www.w3.org/2001/XMLSchema-instance">
	<id>EKO_EM_09_204</id>
	<judul>Menkeu Akan Tunjuk 5 Manajer Investasi Tampung Tax Amnesty</judul>
	<tanggal>24/05/16</tanggal>
	<kata_kunci>Tax Amnesty</kata_kunci>
	<isi>Pemerintah akan menunjuk lima perusahaan manajer investasi dalam skema penampungan dana hasil repatriasi kebijakan pengampunan pajak (tax amnesty). Rencananya, dana repatriasi itu akan ditampung dalam satu kelompok. "Sedang dipersiapkan terlebih dahulu," ujar Menteri Keuangan Bambang P.S. Brodjonegoro, Selasa (24/5). Namun demikian, ia enggan menyebutkan nama-nama manajer investasi yang akan ditunjuk. Yang pasti, perusahaan-perusahaan manajer investasi milik Badan Usaha Milik Negara (BUMN) bakal dilibatkan. Sementara itu, Bank Indonesia (BI) berharap aliran dana repatriasi yang masuk mampu disalurkan ke sektor-sektor produktif, seperti infrastruktur. Dana ini diusulkan ditampung dalam bentuk account deposit ataupun trustee yang nantinya dikelola oleh manajer investasi.  "Kemarin, Gubernur BI juga sudah sampaikan, intinya dana masuk itu harus bisa dimonitor atau dikunci dengan holding period sampai tiga tahun. Kalau ada dana masuk, tetapi gerainya tidak bisa memanfaatkan, itu yang mengakibatkan dana bisa menganggur," imbuh Juda Agung, Kepala Departemen Ekonomi dan Kebijakan Moneter BI. Ia mencontohkan, Malaysia memiliki lembaga keuangan yang berfungsi untuk menampung dana-dana investor dalam jumlah besar, dan digunakan untuk membeli sejumlah instrumen keuangan sebagai bentuk investasi. "Misalnya, kalau di Malaysia ada lah istilah lembaga seperti Cagamas. Cagamas itu dia membeli mortgage dari bank-bank kemudian disekuritisasi, dan itu bisa sebagai salah satu outlet dalam penempatan dana," kata Juda. Sebelumnya, pemerintah telah menyiapkan sejumlah instrumen, seperti surat berharga negara atau SBN. Selain itu, ada juga saham dengan skema yang berbeda dari saham biasanya. Karena setiap dana yang masuk akan dikunci, tidak bisa digunakan dalam jangka waktu tertentu. Instrumen lainnya, yakni venture capital fund, surat berharga yang diterbitkan oleh perusahaan-perusahaan pelat merah. Kemudian, disiapkan juga Reksa Dana Penyertaan Terbatas (RDPT), dan Real Estate Investment Trust atau biasa disebut REITs.</isi>
	<link>http://www.cnnindonesia.com/ekonomi/160524125156-78-133067/menkeu-akan-tunjuk-5-manajer-investasi-tampung-tax-amnesty/</link>
</artikel>