<?xml version="1.0" encoding="UTF-8" standalone="yes"?>
<artikel xmlns:xsi="http://www.w3.org/2001/XMLSchema-instance">
	<id>EKO_EM_09_220</id>
	<judul>Jokowi Minta Ratu Belanda Bantu Permudah Akses Kredit UMKM</judul>
	<tanggal>02/09/16</tanggal>
	<kata_kunci>Akses Kredit UMKM</kata_kunci>
	<isi>Presiden Joko Widodo meminta bantuan teknis Ratu Maxima Zorreguite Cerruti dari Belanda dalam meningkatkan akses pelaku usaha mikro ke perbankan. Permintaan itu disampaikannya dalam menerima kunjungan kehormatan Ratu Belanda di Istana Merdeka pagi tadi. Pemerintah akan menyiapkan regulasi supaya usaha mikro seperti petani dan nelayan mendapat akses perbankan. "Meminta agar dorongan pembelajaran bagi kami untuk mempercepat itu. Kami minta technical assistance dari United Nation lewat Ratu Maxima," ujar Jokowi, Kamis (1/9). Dalam pertemuan yang berlangsung sekitar sejam, Jokowi hanya berkoordinasi mengenai inklusi keuangan. Dia juga meminta Ratu Maxima mengkoordinasikan inklusi keuangan Indonesia ke dunia supaya berkembang lebih cepat. Ratu Maxima ialah utusan khusus Sekretaris Jenderal Perserikatan Bangsa-Bangsa (PBB) untuk inklusi keuangan (UNSGA). "Saya minta karena beliau bisa mengkoordinasikan dengan baik di UN, World Bank, dan lembaga donor besar agar kita didorong mengembangkan inklusi keuangan," kata Mantan Wali Kota Solo ini. Selama berada di Indonesia, Ratu Maxima juga melihat langsung ke lapangan edukasi dan pendekatan pemerintah mengenai program keuangan kepada masyarakat, seperti tabungan pelajar, e-kios, dan e-warung. Sehingga, Jokowi meminta Otoritas Jasa Keuangan (OJK) dan Bank Indonesia memberikan dorongan kepada pengusaha mikro mengenai regulasi-regulasi yang berkaitan dengan finansial makro, Fintech, dan polateral usaha mikro. "Kalau kita injeksi, itu memberikan kecepatan yang akan kelihatan dalam pertumbuhan ekonomi Indonesia," tutur Mantan Gubernur DKI Jakarta ini.</isi>
	<link>http://www.cnnindonesia.com/ekonomi/160901120039-78-155343/jokowi-minta-ratu-belanda-bantu-permudah-akses-kredit-umkm/</link>
</artikel>