<?xml version="1.0" encoding="UTF-8" standalone="yes"?>
<artikel xmlns:xsi="http://www.w3.org/2001/XMLSchema-instance">
	<id>EKO_EM_09_226</id>
	<judul>Pemerintah: Ekonomi 2019 Tumbuh 7% dan Tax Ratio Tembus 14%</judul>
	<tanggal>03/06/16</tanggal>
	<kata_kunci>Ekonomi 2019</kata_kunci>
	<isi>Pemerintah optimistis ekonomi nasional akan tumbuh di kisaran 6,1-7,4 persen dalam jangka menengah. Sejalan dengan itu, pendapatan negara diyakini tumbuh rata-rata sebesar 12,3-14,3 persen sepanjang 2017-2019. Optimisme pemerintah itu tertuang dalam Nota Keuangan dan Rancangan Anggaran Pendapatan dan Belanja Negara Perubahan (RAPBNP) 2016, yang belum lama ini disampaikan ke DPR. Secara umum, penerimaan perpajakan masih akan menjadi penyumbang terbesar pendapatan negara dalam tiga tahun ke depan, yakni sekitar 89,1 persen. "Dengan mempertimbangkan proyeksi asumsi dasar ekonomi makro dalam jangka menengah dan kebijakan penerimaan perpajakan yang akan ditempuh, diharapkan penerimaan perpajakan dalam jangka menengah akan tumbuh rata-rata sebesar 10,9 persen per tahun," tulis pemerintah dalam dokumen tersebut. Menurut pemerintah, sumber utama penerimaan perpajakan masih akan didorong oleh pertumbuhan pajak penghasilan (PPh) rata-rata 12,3 persen per tahun, serta PPN dan PPnBM dengan tingkat pertumbuhan rata-rata 13,3 persen per tahun. Tax Ratio Naik Sejalan dengan pertumbuhan penerimaan, pemerintah menjanjikan kenaikkan rasio penerimaan perpajakan terhadap PDB (tax ratio) dalam tiga tahun ke depan. Untuk tahun ini pemerintah memasang target tax ratio sebesar 13,11 persen di APBN 2016. Namun untuk periode 2017-2019 diharapkan naik menjadi sekitar 13,8-14,8 persen terhadap PDB. "Upaya untuk meningkatkan tax ratio ditempuh dengan intensifikasi, ekstensifikasi, dan penegakan hukum antara lain melalui penagihan aktif, pemeriksaan, dan penyidikan serta melakukan terobosan kebijakan," jelas pemerintah.</isi>
	<link>http://www.cnnindonesia.com/ekonomi/160603150055-78-135644/pemerintah-ekonomi-2019-tumbuh-7-dan-tax-ratio-tembus-14/</link>
</artikel>