<?xml version="1.0" encoding="UTF-8" standalone="yes"?>
<artikel xmlns:xsi="http://www.w3.org/2001/XMLSchema-instance">
	<id>EKO_EM_09_23</id>
	<judul>Jokowi: Risiko Ketidakpastian Global Bayangi Ekonomi 2017</judul>
	<tanggal>16/08/16</tanggal>
	<kata_kunci>Ekonomi 2017</kata_kunci>
	<isi>Presiden Joko Widodo mewaspadai sejumlah tantangan yang berpotensi menganggu kinerja perekonomian nasional. Belum pulihnya perekonomian global dan beberapa negara mitra dagang utama, serta rendahnya harga komoditas menjadi risiko yang diprediksi masih akan menghantui perekonomian tahun depan. "Di samping itu, negara-negara maju juga sedang bergulat menghadapi tantangan pemulihan ekonomi. Sehingga masih terdapat ketidakpastian kebijakan keuangan, termasuk sebagian negara menerapkan kebijakan penggelontoran likuiditas," jelasnya saat berpidato dalam Rapat Paripurna DPR, Selasa (16/8). Meskipun prospek perekonomian global akan membaik, namun Jokowi menekankan Indonesia masih harus bekerja keras menghadapi ketidakpastian yang bersumber dari perlambatan ekonomi di berbagai negara berkembang, serta prospek pemulihan ekonomi negara-negara maju yang belum sesuai harapan. Berbekal serangkaian paket kebijakan ekonomi, Mantan Walikota Solo itu optimistis momentum pertumbuhan ekonomi terjaga, bahkan menjadi lebih adil dan merata. Hal ini juga sejalan dengan keberlanjutan pembangunan infrastruktur di seluruh Indonesia. Selain itu, penguatan konektivitas nasional diyakini Jokowi mampu menciptakan efisiensi sistem logistik nasional sehingga dapat mendukung stabilitas harga komoditas. Dari sisi non fiskal, Presiden berharap komitmen Bank Indonesia (BI) dan Otoritas Jasa Keuangan (OJK) memperdalam pasar keuangan dapat mempengaruhi arus modal masuk ke dalam negeri dan mengurangi tekanan terhadap nilai tukar rupiah. Semua dinamika tersebut, kata Jokowi, diperhitungkan oleh pemerintah dalam menetapkan target-target perekonomian tahun depan. Adapun target-target makro ekonomi yang diusulkan pemerintah dalam Rancangan Anggaran Pendapatan dan Belanja Negara (RAPBN) 2017 adalah sebagai berikut: Pertumbuhan ekonomi 5,3 persen. Laju inflasi sekitar 4 persen. Kurs rupiah Rp13.300 per dolar Amerika Serikat. Suku bunga SPN 3 bulan 5,3 persen. Harga minyak mentah Indonesia (ICP) US$45 per barel. Produksi minyak 780 ribu barel per hari. Produksi gas 1,15 juta barel setara minyak per hari "Asumsi dasar ekonomi makro yang ditetapkan tersebut mencerminkan kondisi perekonomian terkini serta memperhatikan proyeksi perekonomian mendatang sehingga diharapkan akan lebih realistis dan kredibel," jelasnya.</isi>
	<link>http://www.cnnindonesia.com/ekonomi/160816105307-78-151673/jokowi-risiko-ketidakpastian-global-bayangi-ekonomi-2017/</link>
</artikel>