<?xml version="1.0" encoding="UTF-8" standalone="yes"?>
<artikel xmlns:xsi="http://www.w3.org/2001/XMLSchema-instance">
	<id>EKO_EM_09_240</id>
	<judul>PwC: Bankir Indonesia Paling Gelisah di Dunia</judul>
	<tanggal>16/12/15</tanggal>
	<kata_kunci>Bankir Indonesia</kata_kunci>
	<isi>Mayoritas bankir di Indonesia, Malaysia, Hong Kong dan Singapura memiliki tingkat kegelisahan yang lebih tinggi dibandingkan rata-rata pelaku perbankan dunia. Berdasarkan hasil survei "Banking Banana Skins 2015" yang dilakukan oleh Centre for the Study of Financial Innovation (CSFI) dan Pricewaterhouse Coopers (PwC), tingkat kecemasan responden Indonesia terhadap kemungkinan gagalnya pemulihan terkait dengan rapuhnya sistem perbankan cukup tinggi. Dari 24 indikator penilaian, iklim makro ekonomi menjadi perhatian terbesar para bankir di Indonesia. Perhatian terbesar berikutnya adalah nilai tukar mata uang, tingkat suku bunga, risiko kredit dan pelaksanaan praktik perbankan. "Jika situasi Forex (nilai tukar) semakin memburuk, pemulihan makro ekonomi yang tertunda dapat mengakibatkan krisis likuiditas," ujar seorang bankir yang disurvei oleh CSFI dan PwC, seperti dikutip dari siaran pers, Rabu (16/12). David Wake, PwC Indonesia Financial Services, mengatakan bank-bank di Indonesia telah menikmati tingkat margin yang tinggi selama beberapa waktu, yang berdampak positif terhadap profitabilitas. Namun, tingkat margin turun di saat kekhawatiran meningkat terhadap makro ekonomi dan risiko kredit. "Turunnya margin, meningkatnya NPL (kredit macet) dan biaya, kekhawatiran terhadap kondisi makro ekonomi, dan risiko mata uang, merupakan kombinasi yang berbahaya. Bank-bank yang belum mengambil langkah untuk menyederhanakan operasional dan meningkatkan efisiensi akan menemukan hasil yang tak diinginkan pada akhirnya," ujar Wake. Indikator lain yang juga menjadi perhatian serius bankir Indonesia adalah tingkat kriminalitas dan risiko teknologi perbankan. Semua indikator tersebut mencerminkan intensitas relatif kekhawatiran ekonomi di Indonesia, terutama menyangkut kejahatan siber. Responden di Indonesia mengkritik sistem yang terlalu besar dan kuno dan mengingatkan tentang isu keamanan terkait perbankan digital dan karyawan atau penyedia jasa nakal yang didorong oleh keinginan untuk mendapatkan keuntungan pribadi atau sistem insentif yang berisiko," jelas Wake. David Wake menambahkan, perbankan Indonesia selama beberapa tahun terakhir menikmati ekonomi nasional yang kuat, menyusul perolehan margin yang cukup baik. Selain itu, pertumbuhan usaha yang solid serta tingkat kredit bermasalah (non per forming loan/NPL) yang relatif rendah menjadi cermin kinerja perbankan nasional selam aini. "Dengan melambatnya pertumbuhan, NPL dan kekhawatiran tentang iklim makro ekonomi meningkat, kita akan melihat tingkat kesiapan di Indonesia melalui ujian yang berat dalam beberapa tahun mendatang," kata Wake.</isi>
	<link>http://www.cnnindonesia.com/ekonomi/151216154028-78-98647/pwc-bankir-indonesia-paling-gelisah-di-dunia/</link>
</artikel>