<?xml version="1.0" encoding="UTF-8" standalone="yes"?>
<artikel xmlns:xsi="http://www.w3.org/2001/XMLSchema-instance">
	<id>EKO_EM_09_247</id>
	<judul>BI Roadshow Sosialisasikan 7 Day Reverse Repo Rate</judul>
	<tanggal>14/08/16</tanggal>
	<kata_kunci>BI Roadshow</kata_kunci>
	<isi>Bank Indonesia (BI) menggelar roadshow keliling dunia mensosialisasikan penerapan 7 Day Reverse Repo Rate kepada pelaku pasar, dan industri keuangan global. Per 19 Agustus 2016 nanti, 7 Day Repo Rate ini resmi digunakan sebagai instrumen bunga acuan baru menggantikan BI Rate. "Anggota Dewan Gubernur roadshow ke berbagai sentra finansial di Indonesia. Bahkan kami juga roadshow ke Singapura, Hong Kong, Amerika Serikat, dan Eropa," terang Gubernur BI Agus Martowardojo dalam rangkaian rapat koordinasi ekonomi dan keuangan daerah di Batam, Sabtu (14/8). Sejauh ini, menurut Agus, respon pelaku pasar keuangan terhadap pergantian instrumen bunga acuan di Indonesia baik. Kondisi di pasar keuangan domestik pun menunjukkan transaksi repurchase agreement atau transaksi surat utang dengan perjanjian tertentu semakin diminati pelaku pasar, dengan rata-rata transaksi Rp3 triliun-Rp4 triliun per hari. "Kami ingin nilai itu terus meningkat. Jumlah transaksi sekarang itu sudah meningkat dibanding beberapa bulan lalu," ujarnya. Agus meyakini, penggunaan 7 Day Repo Rate akan mempercepat transmisi manfaat dari kebijakan moneter BI ke pasar keuangan, termasuk suku bunga perbankan. Pasalnya, 7 Day Repo Rate merupakan transaksi instrumen untuk jangka waktu tujuh hari, jauh lebih relevan dengan BI Rate yang menggambarkan tingkat bunga untuk transaksi jangka waktu 12 bulan. Dengan jangka waktu yang lebih pendek, 7 Day Repo Rate akan menggambarkan suku bunga acuan yang lebih riil dengan kondisi pasar keuangan. "Kami akan jaga 7 Day Reverse Repo Rate dekat dengan tingkat bunga jangka pendek. Tentu hal ini akan lebih efektif untuk kami melihat transmisi kebijakan kepada tingkat bunga di pasar," tutur Agus. Setelah pemberlakuan 7 Day Repo Rate, nama BI Rate pun akan bersulih menjadi bunga operasi moneter 12 bulan. Saat ini, 7 Day Repo Rate sebesar 5,25 persen dan BI Rate sebesar 6,5 persen. Bank sentral mengaku akan menjaga koridor suku bunga, yakni batas bawah untuk tingkat bunga penyimpanan dana di BI (deposit facility rate) dan batas atas penyediaan likuiditas oleh BI (lending facility rate) berada masing-masing 75 basis poin di bawah dan di atas 7 Day Repo Rate.</isi>
	<link>http://www.cnnindonesia.com/ekonomi/160814145559-78-151236/bi-roadshow-sosialisasikan-7-day-reverse-repo-rate/</link>
</artikel>