<?xml version="1.0" encoding="UTF-8" standalone="yes"?>
<artikel xmlns:xsi="http://www.w3.org/2001/XMLSchema-instance">
	<id>EKO_EM_09_25</id>
	<judul>Menko Darmin Optimistis Target Ekonomi 2017 Bisa Ditembus</judul>
	<tanggal>16/08/16</tanggal>
	<kata_kunci>Target Ekonomi 2017</kata_kunci>
	<isi>Menteri Koordinator Bidang Perekonomian Darmin Nasution menyatakan, dirinya optimistis asumsi makro ekonomi yang ditetapkan Presiden Joko Widodo dalam Rancangan Anggaran Pendapatan dan Belanja Negara (RAPBN) 2017 bisa dicapai. "Terkait target RAPBN 2017 ya pasti optimis. Ini bukan situasi normal. Jadi, naik sedikit, itu sudah bagus," kata Darmin, Selasa (16/8). Pemerintah dan Komisi XI Dewan Perwakilan Rakyat (DPR) telah menetapkan asumsi makro ekonomi dalam RAPBN 2017, yakni pertumbuhan ekonomi mencapai 5,2 persen sampai 5,6 persen, inflasi berada di angka 3 persen sampai 5 persen. Kemudian, suku bunga SPN tiga bulan sebesar 5 persen sampai 6 persen, dan nilai tukar rupiah berada di level Rp13.300 sampai Rp13.600 per dolar Amerika Serikat. Di sisi lain, meski optimis dengan RAPBN 2017, Darmin justru enggan bicara soal realisasi penerimaan dan belanja negara dalam APBNP 2016 yang mengalami penurunan dari target yang telah ditetapkan pemerintah. "Jangan bicara itu. Hari ini kita bicara (RAPBN) 2017 saja. Kalau 2016 kan sudah mau habis," tangkis Darmin. Sebagai informasi, tahun depan Kementerian Keuangan memasang target penerimaan sebesar Rp1.737,6 triliun atau turun sekitar Rp48,6 triliun dibanding periode yang sama tahun sebelumnya. Kemudian, belanja negara juga mengalami penurunan sebesar Rp12,9 triliun menjadi Rp2.070,5 triliun. Akibatnya defisit pembiayaan naik dari Rp296,7 triliun menjadi Rp332,8 triliun terhadap Produk Domestik Bruto (PDB) atau naik jadi 2,41 persen dari angka semula sebesar 2,35 persen.</isi>
	<link>http://www.cnnindonesia.com/ekonomi/160816135225-78-151739/menko-darmin-optimistis-target-ekonomi-2017-bisa-ditembus/</link>
</artikel>