<?xml version="1.0" encoding="UTF-8" standalone="yes"?>
<artikel xmlns:xsi="http://www.w3.org/2001/XMLSchema-instance">
	<id>EKO_EM_09_251</id>
	<judul>BBM Turun karena Rupiah Makin Kuat?</judul>
	<tanggal>23/12/15</tanggal>
	<kata_kunci>BBM Turun</kata_kunci>
	<isi>Harga BBM yang turun kian besar disebut-sebut karena terjadi tren penguatan nilai tukar rupiah terhadap dolar Amerika Serikat (USD). Ekonom senior Bank Negara Indonesia (BNI) Ryan Kiryanto mengatakan, kondisi internal maupun eksternal saat ini memang sangat kondusif bagi penguatan rupiah. "Banyak sentimen positif yang mendukung," ujarnya saat dihubungi kemarin (22/12). Menurut Ryan, faktor internal dan eksternal itu memberi dampak jangka pendek hingga jangka panjang. Untuk penguatan menjelang akhir tahun ini, Ryan menyebut karena faktor hilangnya ketidakpastian setelah Bank Sentral Amerika Serikat (AS) atau The Fed menaikkan suku bunga. Langkah yang sudah diantisipasi itu membuat pelaku pasar lega. Untuk jangka menengah, kata Ryan, rupiah akan mendapat angin dari perbaikan ekonomi pada awal 2016 seiring mulai terasanya dampak delapan paket kebijakan ekonomi yang sudah dirilis pemerintah maupun paket kebijakan Bank Indonesia (BI) dan Otoritas Jasa Keuangan (OJK). "Hampir semua sepakat jika akselerasi pertumbuhan ekonomi 2016 akan lebih oke dibanding 2015," katanya. Sementara itu, pada jangka panjang, penguatan rupiah terhadap dolar AS akan terbantu oleh berlakunya mata uang Tiongkok yuan atau renminbi sebagai mata uang internasional pada Oktober 2016 setelah masuk dalam special drawing rights (SDR) Dana Moneter Internasional (IMF). Dalam beberapa hari terakhir, mayoritas mata uang global memang menunjukkan penguatan terhadap dolar AS. Namun, jika dibandingkan dengan mata uang lain, rupiah menunjukkan penguatan yang lebih signifikan. Di pasar spot, data Bloomberg menunjukkan, rupiah kemarin mencapai level terkuat di 13.565 per USD sebelum akhirnya ditutup di level 13.671 per USD atau menguat 137 poin atau 0,99 persen. Penguatan tersebut merupakan yang terbesar di antara 13 mata uang utama di kawasan Asia Pasifik.</isi>
	<link>http://www.jpnn.com/read/15/12/23/346322/BBM-Turun-karena-Rupiah-Makin-Kuat-</link>
</artikel>