<?xml version="1.0" encoding="UTF-8" standalone="yes"?>
<artikel xmlns:xsi="http://www.w3.org/2001/XMLSchema-instance">
	<id>EKO_EM_09_253</id>
	<judul>Jumlah Rekening Bersaldo Lebih Rp 2 Miliar Meningkat, Wow Banget!</judul>
	<tanggal>06/10/16</tanggal>
	<kata_kunci>Rekening Bersaldo Rp 2M</kata_kunci>
	<isi>Jumlah rekening simpanan di bank yang dijamin Lembaga Penjamin Simpanan (LPS) meningkat 1,17 persen menjadi 187, 2 juta rekening. Pertumbuhan jumlah rekening diikuti pertumbuhan jumlah simpanan di bank. Sekretaris LPS Samsu Adi Nugroho menyatakan, jumlah simpanan dengan saldo kurang dari Rp 2 miliar mencapai 187 juta. Total simpanan pada Agustus lalu tumbuh 9,27 persen menjadi Rp 2.073 triliun. Sementara itu, simpanan dengan nilai saldo lebih dari Rp 2 miliar meningkat 1,52 persen menjadi 230.816 rekening. Total simpanan pada segmen miliuner itu tumbuh 0,43 persen menjadi Rp 2.604 triliun. Berdasar jenis simpanannya, tabungan mengalami kenaikan tertinggi menjadi Rp 1.426 triliun. Sisanya berupa giro, deposit on call, sertifikat deposito, dan deposito. Jumlah simpanan dalam bentuk rupiah meningkat tipis, sedangkan jumlah rekening dalam valuta asing justru menurun. "Kalau nominalnya, dua-duanya tumbuh," terang Samsu. Secara keseluruhan, total simpanan di bank umum hingga Agustus lalu bertambah Rp 16,5 triliun menjadi Rp 4.678 triliun. Simpanan tersebut berada di 18 bank, terdiri atas 106 bank konvensional dan sisanya bank umum syariah.</isi>
	<link>www.jpnn.com/read/16/10/06/472296/Jumlah-Rekening-Bersaldo-Lebih-Rp-2-Miliar-Meningkat-Wow-Banget!-</link>
</artikel>