<?xml version="1.0" encoding="UTF-8" standalone="yes"?>
<artikel xmlns:xsi="http://www.w3.org/2001/XMLSchema-instance">
	<id>EKO_EM_09_257</id>
	<judul>OJK Mentahkan Batasan Saham Gocap</judul>
	<tanggal>24/11/16</tanggal>
	<kata_kunci>Saham Gocap</kata_kunci>
	<isi>Keinginan Bursa Efek Indonesia membuka batas bawah harga saham sebesar Rp 50 per lembar tertunda. Pasalnya, Otoritas Jasa Keuangan belum memberikan izin terkait rencana yang akan diterapkan tahun depan itu. "Menilik kondisi saat ini belum memungkinkan," tutur Kepala Departemen Pengawas Pasar Modal 2A OJK Fakhri Hilmi di Jakarta, Selasa (22/11). Rencana itu, kata Fakhri, akan kembali didiskusikan OJK untuk menentukan kapan waktu tepat guna membuka batas bawah harga saham di lantai bursa. OJK tidak yakin semester pertama tahun depan menjadi waktu tepat untuk merealisasikan keinginan tersebut. "Kami mungkin akan diskusi. Jadi, masih akan diskusi lagi," imbuhnya. Sebelumnya, Direktur Pengawasan Transaksi dan Kepatuhan BEI Hamdi Hassyarbaini mengatakan, pihaknya akan menghapus batasan nilai saham terendah pada semester pertama tahun depan. Melalui penghapusan itu, emiten diharapkan bisa meningkatkan kinerja. "Salah satu tujuannya untuk meningkatkan likuiditas," harapnya. Direktur Utama BEI Tito Sulistio menjelaskan, aturan pembatasan harga saham Rp 50 dibuat ketika kondisi pasar modal tengah merosot (bearish). Namun, kondisi pasar modal sudah membaik tahun ini menjadi faktor BEI ingin membuka kembali pembatasan tersebut. "Dulu pembatasan Rp 50 dibuat saat bursa bearish. Nah, sekarang pasar sudah mulai naik, mulai normal lagi," ucap Tito.</isi>
	<link>http://www.jpnn.com/read/16/11/24/482832/OJK-Mentahkan-Batasan-Saham-Gocap-</link>
</artikel>