<?xml version="1.0" encoding="UTF-8" standalone="yes"?>
<artikel xmlns:xsi="http://www.w3.org/2001/XMLSchema-instance">
	<id>EKO_EM_09_26</id>
	<judul>Pertumbuhan Ekonomi Bisa Sentuh 6,38 Persen</judul>
	<tanggal>27/09/16</tanggal>
	<kata_kunci>Pertumbuhan Ekonomi</kata_kunci>
	<isi>Perekonomian Maluku Utara (Malut) pada triwulan keempat 2016 diperkirakan tumbuh lebih tinggi dari triwulan berjalan. Pertumbuhan ekonomi diprediksi berada pada kisaran 5,98 - 6,38 persen (yoy) dengan kecenderungan bias ke atas. Data Kajian Ekenomi Regional (KER) Malut triwulan kedua 2016 yang dikeluarkan Bank Indonesia Malut menunjukkan, dari sisi permintaan, konsumsi rumah tangga akan menjadi penggerak utama ekonomi Malut. Dari sisi penawaran, pertumbuhan akan didorong oleh terjaganya kinerja sektor pertanian, industri pengolahan, perdagangan dan konstruksi. Di tengah optimisme tersebut, ketidakpastian perbaikan ekonomi Tiongkok yang sangat memengaruhi harga nikel serta penurunan kapasitas produksi PT NHM. Itu akibat kerusakan terowongan diperkirakan berpotensi tinggi menyebabkan estimasi pertumbuhan menjadi bias ke bawah. Dengan mempertimbangkan kondisi-kondisi tersebut, pertumbuhan ekonomi Malut tahun 2016, diperkirakan lebih rendah dari 2015 dan berada pada kisaran 5,57-5,97 persen (yoy). Sementara tekanan inflasi Kota Ternate pada triwulan keempat 2016 diprediksi lebih rendah dari tekanan inflasi pada triwulan berjalan. Meningkatnya produksi pangan strategis dan lancarnya pasokan dari luar Malut, mampu mengimbangi peningkatan konsumsi masyarakat selama triwulan tersebut. Risiko peningkatan tekanan inflasi diperkirakan muncul dari rencana kenaikan cukai rokok. Dengan memerhatikan risiko-risiko tersebut, inflasi pada akhir triwulan keempat 2016 atau inflasi tahun 2016 diperkirakan berada pada kisaran 3,58-3,98 persen (yoy).</isi>
	<link>http://www.jpnn.com/read/16/09/27/470085/Pertumbuhan-Ekonomi-Bisa-Sentuh-638-Persen-</link>
</artikel>