<?xml version="1.0" encoding="UTF-8" standalone="yes"?>
<artikel xmlns:xsi="http://www.w3.org/2001/XMLSchema-instance">
	<id>EKO_EM_09_261</id>
	<judul>Program Listrik 35 Ribu Mw Meleset Dari Target</judul>
	<tanggal>15/11/16</tanggal>
	<kata_kunci>Program Listrik 35 Ribu MW</kata_kunci>
	<isi>Proyek listrik 35 ribu mw meleset dari target. Hingga 2019, hanya 19,7 ribu mw yang bisa diselesaikan. Padahal, targetnya adalah 35 ribu mw. Sebelumnya, penyelesaian proyek fast track program (FTP) I dan II meleset dari target. Anggota Dewan Energi Nasional (DEN) Dwi Hary Soeryadi menyatakan, target proyek direvisi karena pertumbuhan ekonomi diprediksi hanya enam persen. Karena itu, kapasitas pembangkitan listrik sudah cukup untuk menerangi Indonesia. "Catatannya, hanya pasokan Jawa-Bali yang aman. Sumatera dan Kalimantan belum," terangnya. Berdasar laporan Dirjen Ketenagalistrikan Jarman dan Ketua Percepatan Pembangunan Listrik 35 Ribu Mw Nur Pamudji, angka 19,7 ribu mw diperoleh dari proyek financial close. Selain itu juga menghitung waktu pembangunan pembangkit selama 36 bulan atau tiga tahun. "Kalau financial close akhir 2016, pembangunan dikerjakan mulai 2017 dan selesai 2019," katanya. Progres pembangkit bisa lebih cepat bila penyediaan lahan bisa disegerakan. Meski demikian, Dwi mengaku pesimistis karena ada sekitar 30 lokasi pembangkit yang belum ditetapkan. "Sudah bisa dipastikan, 99 persen dari 35 ribu mw nggak mungkin terealisasi," jelas Dwi. Direktur Pengadaan PLN Supangkat Iwan Santoso membenarkan adanya revisi target pembangkitan 35 ribu mw. Iwan menilai, target yang baru paling realistis saat ini. Apalagi, perjanjian pembelian listrik (power purchase agreement) yang diteken PLN sampai akhir 2016 berkisar 23 ribu mw. "Kalau semua masuk (35 ribu mw, Red), justru terjadi oversupply," terangnya. Bila pasokan listrik berlebih, PLN tetap harus mengeluarkan uang untuk membeli listrik dari produsen listrik swasta (independent power producer/IPP). Ujung-ujungnya, tarif dasar listrik justru terancam naik. Karena itu, perlu keseimbangan pasokan dan permintaan berdasar angka pertumbuhan ekonomi. "Bisa dikejar lebih, tetapi tidak terlalu diperlukan. Kecuali pertumbuhan ekonomi bisa meningkat drastis," jelas Iwan.</isi>
	<link>http://www.jpnn.com/read/16/11/15/480998/Program-Listrik-35-Ribu-Mw-Meleset-Dari-Target-</link>
</artikel>