<?xml version="1.0" encoding="UTF-8" standalone="yes"?>
<artikel xmlns:xsi="http://www.w3.org/2001/XMLSchema-instance">
	<id>EKO_EM_09_267</id>
	<judul>Seluruh Indikator Ekonomi RI Masih Terjaga</judul>
	<tanggal>21/01/16</tanggal>
	<kata_kunci>Indikator Ekonomi RI</kata_kunci>
	<isi>Perbaikan ekonomi yang banyak diprediksi terjadi tahun ini tampaknya akan benar terjadi. Chief Economist PT Bank Mandiri (Persero) Tbk Andri Asmoro berujar bahwa seluruh indikator ekonomi dalam negeri masih dalam keadaan yang terjaga. Praktis, hal itu dipercaya akan memicu perbaikan ekonomi RI tahun ini. "Key-nya memang pada faktor tekanan eksternal. Karena kalau dari sisi indikator domestik semuanya masih dalam keadaan much better," ujarnya di Plaza Mandiri, Jakarta, Kamis (21/1). Beberapa indikator disebut Andri masih dalam keadan terjaga. Diantaranya yakni dipicu capaian inflasi yang tergolong rendah dan suku bunga yang cukup rendah yang dapat mengakselerasi pertumbuhan ekonomi yang merata. Seperti diketahui, dengan rendahnya suku bunga, maka otomatis masyarakat akan lebih mudah mengajukan pinjaman kepada bank. Terakselerasinya pertumbuhan kredit merupakan salah satu indikator bahwa ekonomi mulai bergairah. "Inflasi kemarin ada di kisaran 3,4 persen, lalu harga-harga sudah dalam kisaran yang rendah, suku bunga rendah dan pertumbuhan kredit bisa lebih tinggi dari sebelumnya," tuturnya.</isi>
	<link>http://www.jpnn.com/read/16/01/21/351957/Seluruh-Indikator-Ekonomi-RI-Masih-Terjaga-</link>
</artikel>