<?xml version="1.0" encoding="UTF-8" standalone="yes"?>
<artikel xmlns:xsi="http://www.w3.org/2001/XMLSchema-instance">
	<id>EKO_EM_09_269</id>
	<judul>Indeks Syariah dan IHSG Kompak Melemah</judul>
	<tanggal>06/10/16</tanggal>
	<kata_kunci>Indeks Syariah dan IHSG</kata_kunci>
	<isi>Jakarta Islamic Idex alias indeks harga saham syariah tergelincir ke zona merah pada sesi perdagangan Kamis (6/10). JII ditutup melemah 3,37 poin atau 0,45 persen ke level 743,63. Padahal, indeks syariah sempat menguat 0,04 poin atau 0,01 persen ke posisi 747,05. Namun, penguatan tersebut ternyata gagal berlangsung hingga sesi penutupan. Dalam sesi perdagangan hari ini, indeks syariah sempat berada di titik terendah di level 741,465. Sedangkan level tertinggi indeks syariah berada di posisi 743,631. Melemahnya JII segendang sepenarian dengan indeks harga saham gabungan (IHSG). IHSG melemah 11,30 poin atau 0,21 persen ke level 5.409,34 pada perdagangan hari ini. IHSG sempat berada di titik terendah di level 5390,265. Sedangkan titik tertinggi di level 5447,258. Sementara itu, asing kembali melakukan aksi jual. Di pasar reguler, net sell asing mencapai Rp 119,737 miliar. Sedangkan di keseluruhan pasar menembus Rp 75,067 miliar.</isi>
	<link>http://www.jpnn.com/read/16/10/06/472406/Indeks-Syariah-dan-IHSG-Kompak-Melemah-</link>
</artikel>