<?xml version="1.0" encoding="UTF-8" standalone="yes"?>
<artikel xmlns:xsi="http://www.w3.org/2001/XMLSchema-instance">
	<id>EKO_EM_09_271</id>
	<judul>Kualitas Infrastruktur Indonesia di Bawah Thailand dan Malaysia</judul>
	<tanggal>11/11/16</tanggal>
	<kata_kunci>Infrastruktur Indonesia</kata_kunci>
	<isi>Mennteri Keuangan Sri Mulyani Indrawati menyebutkan, hingga September lalu, total belanja pemerintah mencapai Rp 1.305,4 triliun. Padahal, total anggaran mencapai Rp 2.082,9 triliun. Artinya, total belanja pemerintah mencapai 62,7 persen. Anggaran sekitar Rp 315,3 triliun dialokasikan untuk proyek-proyek infrastruktur. Berdasar laporan Global Competitiveness Report, kualitas infrastruktur Indonesia berada pada peringkat ke-60 dari 138 negara. Posisi tersebut terpuruk jika dibandingkan dengan Thailand di peringkat ke-49 dan Malaysia (24). "Infrastruktur adalah tantangan Indonesia untuk memperbaiki perekonomian domestik," jelas Sri. Untuk mendorong pengembangan infrastruktur di daerah, Kemenkeu sudah punya strategi. Yakni menetapkan seperempat dana transfer ke daerah digunakan untuk infrastruktur. Pada APBN 2017, anggaran infrastruktur ditetapkan Rp 387,3 triliun. Kamis (10/11) kemarin, pemerintah mencanangkan perang terhadap penyelundupan tekstil dan produk tekstil (TPT). Hal itu untuk menggenjot nilai ekspor dan menambah pendapatan negara. Perang dilakukan karena kontribusi ekspor TPT mencapai 9,61 persen dari total ekspor nonmigas. Saat komoditas ekspor lainnya turun hingga 3,17 persen, TPT hanya merosot 1,30 persen. Sri mengungkapkan, penyelundupan TPT dalam bentuk impor gelondongan atau borongan (ball press) merugikan negara Rp 30 triliun. Kerugian itu hanya menghitung hilangnya potensi pungutan, belum termasuk potensi ekonomi domestik yang hilang karena TPT ilegal.</isi>
	<link>http://www.jpnn.com/read/16/11/11/480220/Kualitas-Infrastruktur-Indonesia-di-Bawah-Thailand-dan-Malaysia-</link>
</artikel>