<?xml version="1.0" encoding="UTF-8" standalone="yes"?>
<artikel xmlns:xsi="http://www.w3.org/2001/XMLSchema-instance">
	<id>EKO_EM_09_272</id>
	<judul>Makin Perkasa, IHSG Melesat 84 Poin</judul>
	<tanggal>08/11/16</tanggal>
	<kata_kunci>IHSG Melesat</kata_kunci>
	<isi>Indeks harga saham gabungan (IHSG) menunjukkan performa menawan pekan ini. Setelah menguat pada Senin (7/11) kemarin, indeks melesat lebih tinggi pada penutupan Selasa (8/11). IHSG melesat 84,473 poin atau 1,56 persen ke posisi 5.470,681. Indeks sempat menukik ke titik terendah di posisi 5407,389. Namun, IHSG juga sempat melambung ke level tertinggi di posisi 5476,072. Sebanyak 112 saham terkoreksi. Sedangkan 184 saham mengalami kenaikan. Di sisi lain, sebanyak 109 saham diam di tempat alias stagnan. Frekuensi perdagangan hari ini sebanyak 332.990 saham. Sedangkan volume perdagangan menembus 11,9 miliar. Sementara itu, nilai transaksi harian mencapai Rp 7,4 triliun. Dari indeks sektoral, sepuluh sektor menunjukkan penguatan. Saham-saham infrastruktur melesat paling tinggi, yakni sebesar 2,16 persen. Penguatan terbesar kedua ditunjukkan industri dasar yang naik 1,93 persen. Di sisi lain, sektor pertambangan menjadi satu-satunya yang jeblok setelah menukik 0,46 persen.</isi>
	<link>http://www.jpnn.com/read/16/11/08/479550/Makin-Perkasa-IHSG-Melesat-84-Poin-</link>
</artikel>