<?xml version="1.0" encoding="UTF-8" standalone="yes"?>
<artikel xmlns:xsi="http://www.w3.org/2001/XMLSchema-instance">
	<id>EKO_EM_09_276</id>
	<judul>IHSG Terjungkal ke Zona Merah</judul>
	<tanggal>05/10/16</tanggal>
	<kata_kunci>Zona Merah</kata_kunci>
	<isi>Performa menawan indeks harga saham gabungan (IHSG) pada awal pekan ini hanya berlangsung dua hari. Setelah berada di zona hijau pada Senin (3/10) dan Selasa (4/10), IHSG tergelincir pada sesi perdagangan Rabu (5/10). Indeks ditutup melemah 51,669 poin atau 0,944 persen ke level 5.420,648. IHSG sempat berada di posisi tertinggi di level 5.460,16. Namun, indeks juga sempat meluncur ke titik terendah di level 5.399,22. Frekuensi perdagangan saham hari ini menyentuh 274.731 kali. Volume perdagangan menembus angka 8,73 miliar saham Sedangkan nilai transaksi harian menyentuh angka Rp 6,29 triliun. Investor asing mencatatkan aksi jual sekitar Rp 33 miliar di seluruh pasar. Di sisi lain, saham LQ45 terjungkal 1,150 persen. Dari indeks sektoral, sepuluh saham kompak melemah. Penurunan terbesar dialami saham aneka industri sebesar 1,75 persen. Saham sektor tambang berada di posisi kedua penurunan terbesar setelah tergelincir 1,63 persen. Sementara itu, beberapa saham mengalami bullish istimewa. Salah satunya ialah BUMI yang melesat hingga 13,24 persen ke level Rp 77 per saham. Sedangkan saham PJAA naik 8,25 persen ke level Rp 2.230 per saham.</isi>
	<link>http://www.jpnn.com/read/16/10/05/472172/IHSG-Terjungkal-ke-Zona-Merah-</link>
</artikel>