<?xml version="1.0" encoding="UTF-8" standalone="yes"?>
<artikel xmlns:xsi="http://www.w3.org/2001/XMLSchema-instance">
	<id>EKO_EM_09_284</id>
	<judul>Awasi Pengelolaan Dana Transfer Daerah</judul>
	<tanggal>29/09/16</tanggal>
	<kata_kunci>Dana Transfer Daerah</kata_kunci>
	<isi>Penundaan penyaluraan dana transfer ke daerah oleh pemerintah pusat saat ini tengah menjadi perbincangan. Untuk itu, Komite IV DPD minta penjelasan pemerintah terkait hal tersebut. Wakil Ketua DPD Farouk Muhammad menjelaskan DPD bisa memahami kebijakan pemerintah terkait penundaan itu. Namun ada beberapa catatan DPD untuk pemerintah. Salah satunya menyiapkan rencana cadangan apabila anggaran tidak tercapai. "DPD RI juga siap mengawasi pengelolaan dana transfer daerah agar penggunaannya efisien dan transparan," kata Farouk saat Uji Sahih Budget Office DPD RI terkait Pengkajian dan Informasi Anggaran Pusat dan Daerah di Gedung DPD, Jakarata, Rabu (28/9). "Hal ini seolah-olah seperti 'kejutan'. Seharusnya setiap rencana, ada rencana cadangan. Maka harus ada aturan main apabila anggaran tidak tercapai ada langkah lain atau plain B," ucap Farouk lagi. Menurutnya, semua itu harus jelas cara mainnya agar pemerintah daerah dan masyarakat tidak terkejut. Dari masukan ini, ternyata ada pengeluaran yang tidak efisien. Maka siapa yang akan mengawasinya karena DPRD tidak bisa mengawasi. "Seharusnya DPD yang melakukan pengawasan, tapi sampai saat ini pemerintah belum memanfaatkan kami. Padahal kita siap untuk melakukan pengawasan," ujarnya. Lebih lanjut, ia meminta agar pemerintah melakukan hal tersebut secara bersama-sama. Seperti sekarang pemerintah khususnya Kementerian Kuangan bersama-sama dalam memproses penyusunan DAK. "Kedepan kita berharap DPD dalam pengawasan juga. Artinya DPD diikutsertakan agar kita tahu rencana pemerintah," papar senator asal NTB ini. Sementara itu, Wakil Ketua Komite IV Ghazali Abbas mengatakan selama ini pemotongan anggaran telah berdampak kepada daerah terutama pada proyek-proyek yang menyentuh kehidupan masyarakat. Padahal saat ini sudah ada pemda yang mempunyai program yang langsung menyentuh kehidupan masyarakat. "Ini juga menjadi terkurangi kecuali daerah-daerah yang mempunyai PAD tinggi tidak menjadi masalah," ujarmya. Ia mempertanyakan bagaimana dengan daerah yang PAD-nya rendah seperti di daerah-daerah kepulauan yang PAD-nya terbatas. Tentu ini akan menjadi persoalan. "Walaupun pemerintah mengatakan hanya sampai bulan Desember. Namun hal itu dirasakan akan cukup lama. Meski sisa beberapa bulan lagi, dengan anggaran yang terbatas apa yang bisa mereka lakukan," kata senator asal Aceh itu. Dirjen Bina Keuangan Daerah Kementerian Dalam Negeri, Reydonnyzar Moenek mendukung usulan DPD terkait pengawasan dana transfer daerah. "Dengan demikian, daerah bisa menjadi manager fiskal yang lebih baik lagi," papar dia. Dirinya menjelaskan pola hubungan keuangan pusat dan daerah sesuai dengan UU No. 23 Tahun 2014 dan UU No.33 Tahun 2004. Hal itu berlandaskan pada asas dekosentrasi, desentralisasi dan tugas pembantuan. "Sementara untuk pembiayaan untuk penyelenggaraan pemerintahan negara dan daerah berasal dari APBN," terang Donny panggilan akrab Reydonnyzar. Donny menambahkan dimana dari sumber pembiayaan APBN dimaksud dibelanjakan untuk mendanai kegiatan dekonsentrasi dan instansi vertikal yang terdiri dari dua bagian. "Pertama belanja pusat di pusat (kementerian/lembaga). Dan belanja pusat di daerah," beber dia dilansir dalam siaran pers Humas DPD RI. Selain itu, dari belanja APBN dimaksud juga dibelanjakan untuk daerah guna mendanai kegiatan desentralisasi berupa transfer ke daerah dalam bentuk dana perimbangan seperti DBH, DAU, dan DAK. "Ada pun dana otsus untuk dana keistimewaan DIY dan dana transfer lainnya," ujar Donny.</isi>
	<link>http://www.jpnn.com/read/16/09/29/470595/Awasi-Pengelolaan-Dana-Transfer-Daerah-</link>
</artikel>