<?xml version="1.0" encoding="UTF-8" standalone="yes"?>
<artikel xmlns:xsi="http://www.w3.org/2001/XMLSchema-instance">
	<id>EKO_EM_09_285</id>
	<judul>Soal Lembaga Survei Ekspor Impor, Ini Pesan DPR pada Pemerintah</judul>
	<tanggal>15/03/16</tanggal>
	<kata_kunci>Lembaga Survei Ekspor Impor</kata_kunci>
	<isi>Pemerintah diminta meningkatkan peran lembaga survei dalam mengontrol aktivitas ekspor dan impor. Sebab, ekspor dan impor makin terbuka dan meningkat sejak pemberlakuan masyarakat ekonomi Asean. "Jadi fungsi kontrol lembaga survei harus ditingkatkan baik intensitas maupun kualitasnya," kata anggota Komisi VI DPR RI dari Fraksi PKS Refrizal Sikumbang, Senin (14/3). Menurut Refrizal, hal itu perlu dilakukan agar kualitas barang-barang yang beredar terjaga. Sebab, hal itu menyangkut kepentingan masyarakat sebagai konsumen maupun produsen. Dia menambahkan, barang-barang produk nasional yang diimpor harus sesuai Standar Nasional Indonesia (SNI) dengan quality control yang ketat. Di sisi lain, barang-barang yang berasal dari impor pun kualitasnya harus baik. "Jangan sampai barang-barang yang masuk ke dalam negeri itu seperti sampah, itu sangat merugikan konsumen," kata Refrizal. Lalu, lembaga mana yang harus diberi otoritas? Menurut Refrizal, lembaga survei pemerintah harus menjadi prioritas karena sudah mendapatkan pengakuan internasional. "Harus ketat pengaturan tentang setifikasi lembaga yang bisa melakukan pendataan ekspor dan impor. Karena menyangkut kepentingan rakyat banyak,” imbuhnya. Di sisi lain, ketua jurusan Hubungan Internasional Fisip Universitas Hasanuddin DR Darwis mengingatkan pemerintah agar sangat ketat memberikan persyaratan kepada lembaga survei. "Setiap lembaga survei atau verifikasi harus mengantongi sertifikasi internasional manajemen mutu 17020 yg memperkuat kompetensi lembaga survei," tegas Darwis.</isi>
	<link>http://www.jpnn.com/read/16/03/15/363431/Soal-Lembaga-Survei-Ekspor-Impor-Ini-Pesan-DPR-pada-Pemerintah-</link>
</artikel>