<?xml version="1.0" encoding="UTF-8" standalone="yes"?>
<artikel xmlns:xsi="http://www.w3.org/2001/XMLSchema-instance">
	<id>EKO_EM_09_29</id>
	<judul>Bank Indonesia Prediksi Pertumbuhan Ekonomi Melambat</judul>
	<tanggal>17/10/16</tanggal>
	<kata_kunci>Pertumbuhan Ekonomi</kata_kunci>
	<isi>Bank Indonesia memprediksi pertumbuhan ekonomi nasional melambat pada triwulan ketiga 2016. Pertumbuhan ekonomi diprediksi hanya di kisaran 4,9–5,1 persen. Itu karena belanja pemerintah pada triwulan ketiga dan triwulan keempat berkurang. "Memang, semester kedua melambat karena dorongan fiskal tidak sekuat semester pertama," kata Direktur Eksekutif Kepala Departemen Kebijakan Ekonomi dan Moneter BI Juda Agung kepada Jawa Pos di Jakarta, Jumat (14/10). Sejumlah faktor menjadi pendorong pertumbuhan ekonomi. Salah satunya konsumsi rumah tangga. "Tidak ada pemburukan. Retail sales sedikit membaik. Penjualan motor membaik," imbuhnya. Juda mengakui, penjualan mobil sedikit menurun karena faktor musiman. Konsumen menunda pembelian untuk mendapat diskon lebih banyak pada akhir tahun. Alasan lainnya, konsumen menunggu mobil keluaran awal tahun. Sementara itu, faktor investasi dinilai cenderung melemah. Karena itu, daya dorong pertumbuhan ekonomi pada kuartal ketiga lebih kuat dari sisi konsumsi rumah tangga. Deputi Gubernur Senior Bank Indonesia Mirza Adityaswara menambahkan, perekonomian Indonesia saat ini stabil dan berprospek cukup baik. Pemerintah juga dinilai memiliki komitmen yang kuat terhadap reformasi struktural di Indonesia. Hal tersebut tecermin dari 13 paket deregulasi kebijakan di bidang ekonomi yang telah dikeluarkan pemerintah. "Untuk memastikan implementasi paket deregulasi tersebut, presiden telah membentuk task force yang memonitor implementasinya," jelas Mirza di hadapan peserta diskusi di ASEAN-Japan Centre di Tokyo, Jumat (14/10).</isi>
	<link>http://www.jpnn.com/read/16/10/17/474672/Bank-Indonesia-Prediksi-Pertumbuhan-Ekonomi-Melambat-</link>
</artikel>