<?xml version="1.0" encoding="UTF-8" standalone="yes"?>
<artikel xmlns:xsi="http://www.w3.org/2001/XMLSchema-instance">
	<id>EKO_EM_09_292</id>
	<judul>BI Dorong Pemerintah Segera Naikkan Tarif Listrik dan Elpiji</judul>
	<tanggal>04/10/16</tanggal>
	<kata_kunci>Tarif Listrik dan Elpiji</kata_kunci>
	<isi>Inflasi yang berasal dari harga komoditas rawan gejolak (volatile foods) menjadi perhatian serius Bank Indonesia. Pasalnya, sebagian pendapatan masyarakat habis untuk komoditas volatile. Deputi Gubernur Senior BI Mirza Adityaswara memprediksi, peran volatile foods dalam indeks harga konsumen tiga bulan ke depan dominan. Sebab, konsumsi masyarakat pada akhir tahun biasanya meningkat. Karena itu, BI mengingatkan pemerintah untuk meningkatkan produksi dalam negeri. Hal itu berguna untuk mengurangi tekanan inflasi dan menekan impor yang mengurangi cadangan devisa. "Untuk tahun ini, dengan perlahan-lahan dikeprasnya impor, cadangan devisa kembali naik seratus persen menjadi USD 113 miliar," katanya di Jakarta kemarin (3/10). Untuk memantau harga pangan, BI berencana membuat sistem informasi harga pasar di seluruh Indonesia. Sistem tersebut segera diintegrasikan ke daerah. Sebab, komponen volatile foods di daerah menjadi penyumbang inflasi yang paling dominan. "Karena itu, angka inflasi nasional jadi tinggi," ucapnya. Deputi Direktur Departemen Kebijakan Ekonomi Moneter BI Noor Yudanto menyarankan pemerintah menyegerakan kenaikan sejumlah komponen administered price (harga yang dikendalikan pemerintah). Misalnya, tenaga listrik dan elpiji tiga kilogram. Menurut dia, harga kedua komoditas sebaiknya dinaikkan setelah puncak konsumsi. Yakni, Lebaran pada Juli lalu. Penyebabnya, inflasi tercatat menurun setelah Lebaran sehingga saat ini adalah waktu yang tepat untuk menaikkan harga. "Kami sudah mengusulkan (kenaikan tarif dasar listrik dan elpiji tiga kilogram, Red) kepada pemerintah. Tapi, keputusan kenaikan kan berada di tangan DPR, bukan hanya pemerintah," ungkapnya. Kenaikan tarif dasar listrik diperkirakan menyumbang kenaikan inflasi 0,8 persen. Sementara itu, kenaikan harga elpiji tiga kilogram berkontribusi 0,3 persen. Jika keduanya dinaikkan sekaligus, kontribusi terhadap inflasi tahunan diperkirakan 1,1 persen. Pemerintah memang berencana menaikkan tarif dasar listrik untuk lebih dari 18 juta pelanggan PLN kategori 900 VA dan 450 VA. Harga dinaikkan karena DPR memangkas subsidi listrik dalam APBN tahun depan. Namun, kenaikan harga diperkirakan terlaksana akhir tahun ini. Pemerintah juga berencana membatasi subsidi elpiji tiga kilogram hanya bagi masyarakat miskin. Namun, rencana kenaikan harga memasuki tahap simulasi.</isi>
	<link>http://www.jpnn.com/read/16/10/04/471764/BI-Dorong-Pemerintah-Segera-Naikkan-Tarif-Listrik-dan-Elpiji-</link>
</artikel>