<?xml version="1.0" encoding="UTF-8" standalone="yes"?>
<artikel xmlns:xsi="http://www.w3.org/2001/XMLSchema-instance">
	<id>EKO_EM_09_296</id>
	<judul>179 Saham Bearish, IHSG Tersungkur</judul>
	<tanggal>01/11/16</tanggal>
	<kata_kunci>Saham IHSG</kata_kunci>
	<isi>Indeks harga saham gabungan (IHSG) tersungkur pada penutupan sesi perdagangan Selasa (1/11). Indeks melemah 6,53 poin atau 0,12 persen ke posisi 5.416. IHSG sempat melesat ke titik tertinggi di posisi 5439,028. Namun, indeks juga sempat meluncur ke posisi terendah di level 5415,030. Mayoritas saham menyeret indeks ke zona merah. Sebanyak 179 saham bearish. Sedangkan 129 saham bullish. Sementara itu, sebanyak 94 saham stagnan alias diam di tempat. Frekuensi perdagangan pada hari ini sekitar 303.686 kali. Sedangkan volume perdagangan menembus angka 11,2 miliar saham. Di sisi lain, nilai transaksi harian saham menyentuh nominal Rp 6,6 triliun. Investor asing melakukan aksi jual sebesar Rp 91,6 miliar di pasar reguler. Sementara itu, asing melakukan aksi beli di pasar keseluruhan mencapai Rp 492,9 miliar.</isi>
	<link>http://www.jpnn.com/read/16/11/01/478020/179-Saham-Bearish-IHSG-Tersungkur-</link>
</artikel>