<?xml version="1.0" encoding="UTF-8" standalone="yes"?>
<artikel xmlns:xsi="http://www.w3.org/2001/XMLSchema-instance">
	<id>EKO_EM_09_297</id>
	<judul>Asing Marak Aksi Jual, IHSG tak Berdaya</judul>
	<tanggal>07/10/16</tanggal>
	<kata_kunci>Aksi Jual IHSG</kata_kunci>
	<isi>Indeks harga saham gabungan (IHSG) ditutup melemah pada sesi perdagangan Jumat (7/10). IHSG anjlok 32,19 poin atau 0,60 persen ke level 5.377,14. Indeks sempat berada di level tertinggi di posisi 5.409,19. Sedangkan level terendah di posisi 5.363,47. Total frekuensi perdagangan saham hari ini mencapai 263.954 kali. Volume perdagangan menembus 7,8 miliar saham. Sedangkan nilai transaksi harian mencapai Rp 5,7 triliun. Sebanyak 141 saham berada di zona merah sehingga membuat IHSG tertekan. Sedangkan 145 saham menguat meski tak mampu mengatrol indeks. Di sisi lain, sebanyak 97 saham stagnan. Sementara itu, saham LQ45 merosot 0,96 persen ke level 924,82. Dari indeks sektoral, tujuh saham mengalami bearish. Penurunan terbesar dialami saham sektor aneka industri yang mencapai 1,5 persen. Tertekannya IHSG juga tak lepas dari aksi jual bersih asing. Di pasar reguler, asing catatkan aksi jual bersih sebesar Rp 421,9 miliar. Sedangkan di pasar keseluruhan mencapai Rp 739 miliar.</isi>
	<link>http://www.jpnn.com/read/16/10/07/472729/Asing-Marak-Aksi-Jual-IHSG-tak-Berdaya-</link>
</artikel>