<?xml version="1.0" encoding="UTF-8" standalone="yes"?>
<artikel xmlns:xsi="http://www.w3.org/2001/XMLSchema-instance">
	<id>EKO_EM_09_300</id>
	<judul>Inilah Manfaat Transaksi Nontunai</judul>
	<tanggal>16/11/16</tanggal>
	<kata_kunci>Transaksi Nontunai</kata_kunci>
	<isi>Bank Indonesia Provinsi Gorontalo berupaya mengubah kebiasaan masyarakat di sana yang melakukan transaksi secara tunai. Sebab, manfaat transaksi secara tunai memang sudah mulai ketinggalan. Kepala Kpw Bank Indonesia Provinsi Gorontalo Suryono mengatakan, transaksi nontunai memiliki banyak manfaatnya. "Di antaranya nontunai itu, lebih cepat, efisien, aman dan dapat menghindari korupsi dan kecurangan," jelasnya, Senin (14/11). Suryono menjelaskan, jenis transaksi nontunai saat ini cukup banyak. Mulai transfer, lewat kartu elektronik dan melalui agen LKD. "Kalau melalui agen LKD saat ini belum begitu banyak, jumlah agen yang ada hanya sekitar 535 agen. Kalau misalnya satu agen diminati oleh sepuluh orang, maka hanya ada sekitar lima ribuan yang menggunakan, sehingga masih sedikit," jelasnya. Namun, lanjut Suryono, ini menjadi tantangan pihaknya agar ke depan penerapan transaksi nontunai bisa terealisasi secara menyeluruh. "Kami target secepat mungkin harus sudah terwujud. Namun, untuk penerapannya nanti tentu masih membutuhan pembelajaran, karena banyak juga orang yang lebih suka transaksi tunai," ujarnya.</isi>
	<link>http://www.jpnn.com/read/16/11/16/481161/Inilah-Manfaat-Transaksi-Nontunai-</link>
</artikel>