<?xml version="1.0" encoding="UTF-8" standalone="yes"?>
<artikel xmlns:xsi="http://www.w3.org/2001/XMLSchema-instance">
	<id>EKO_EM_09_302</id>
	<judul>Kerangka Asumsi Makro 2017 Disepakati, Pertumbuhan Ekonomi Maksimal 5,6%</judul>
	<tanggal>18/07/16</tanggal>
	<kata_kunci>Asumsi Makro 2017</kata_kunci>
	<isi>Pemerintah dan Komisi XI Dewan Perwakilan Rakyat (DPR) menyepakati asumsi makro ekonomi untuk Rancangan Anggaran Pendapatan dan Belanja Negara (RAPBN) 2017. Pertumbuhan ekonomi diasumsikan pada rentang 5,2-5,6%. "Dengan demikian Komisi XI menyepakati pertumbuhan ekonomi 5,2-5,6% dengan catatan dari masing-masing fraksi," ungkap Ketua Komisi XI Ahmadi Noor Supid saat rapat kerja di Gedung DPR, Jakarta, Komisi XI meminta kepada pemerintah memulai belanja pemerintah dalam RAPBN tahun 2017 untuk lebih fokus dan terukur dampak pembangunannya dalam membuat program-program belanja prioritas berdasarkan prinsip money follow program. Kemudian dalam penyusunan RAPBN yang akan datang agar lebih realistis dan berdasarkan kondisi perkembangan perekonomian dan pengalaman di tahun-tahun sebelumnya. Berikut hasil kesepakatan rapat: Pertumbuhan ekonomi 5,2 - 5,6% Inflasi 3 - 5% Suku bunga SPN 3 bulan 5-6 Nilai tukar rupiah 13.300 - 13.600/US$ Kesepakatan ini berbeda dengan yang diajukan oleh pemerintah. Menteri Keuangan Bambang Brodjonegoro menyatakan rentang yang disepakati masih sejalan dengan proyeksi dari pemerintah. "Kami melihat dinamika pembahasan, kalaupun intinya diturunkan ke 5,2% (batas bawah) juga kami tidak keberatan. Batas atas 5,6% kita proyeksikan seiring dengan optimisme dari tax amnesty," jelas Bambang pada kesempatan yang sama. "Ini akan menjadi bahan pemerintah untuk menyusun RAPBN 2017, diharapkan bisa menjadi sesuatu yang berbeda dibandingkan masa-masa sebelumnya," papar Bambang.</isi>
	<link>https://finance.detik.com/ekonomi-bisnis/3255995/kerangka-asumsi-makro-2017-disepakati-pertumbuhan-ekonomi-maksimal-56</link>
</artikel>