<?xml version="1.0" encoding="UTF-8" standalone="yes"?>
<artikel xmlns:xsi="http://www.w3.org/2001/XMLSchema-instance">
	<id>EKO_EM_09_303</id>
	<judul>Asumsi Makro 2017: Ekonomi Tumbuh 5,3%, Nilai Tukar Rp 13.300</judul>
	<tanggal>16/08/16</tanggal>
	<kata_kunci>Asumsi Makro 2017</kata_kunci>
	<isi>Dengan memperhitungkan seluruh dinamika yang ada dan tantangan yang dihadapi, Pemerintah mengajukan asumsi ekonomi makro tahun 2017. Presiden Joko Widodo (Jokowi) menyebutkan, pertama, pertumbuhan ekonomi tahun 2017 diperkirakan mencapai 5,3%. Prospek perekonomian global diperkirakan akan membaik. "Meskipun, kita harus bekerja keras menghadapi ketidakpastian yang bersumber dari perlambatan ekonomi di berbagai negara berkembang, serta prospek pemulihan ekonomi negara-negara maju yang belum sesuai harapan," ujar Jokowi dalam Pidato Nota Keuangan di Gedung DPR/MPR, Senayan, Jakarta, Selasa (16/8/16). Namun demikian, dampak positif dari implementasi kebijakan pemerintah yang tertuang dalam paket kebijakan ekonomi I sampai dengan XII diharapkan mampu menjadi stimulus pertumbuhan ekonomi yang lebih adil dan merata di seluruh Indonesia, khususnya melalui keberlanjutan pembangunan infrastruktur. Kedua, laju inflasi tahun 2017 diperkirakan berada pada kisaran 4,0%. Penguatan konektivitas nasional diproyeksikan mampu menciptakan efisiensi sistem logistik nasional sehingga hal ini dapat mendukung terciptanya stabilitas harga komoditas. Sebagai komitmen pengendalian inflasi, pemerintah juga menyediakan dana cadangan untuk menjaga ketahanan pangan serta stabilisasi harga. Alokasi dana tersebut antara lain akan digunakan untuk kebijakan subsidi pangan, program ketahanan pangan seperti penyelenggaraan operasi pasar, serta penyediaan beras untuk rakyat miskin. Ketiga, nilai tukar rupiah diperkirakan sebesar Rp 13.300 per dolar Amerika Serikat. Upaya penguatan di sektor keuangan dibangun oleh Pemerintah bersama dengan Bank Indonesia dan Otoritas Jasa Keuangan. Kerangka pendalaman pasar keuangan diharapkan dapat mempengaruhi arus modal masuk ke pasar keuangan Indonesia serta dapat mengurangi tekanan terhadap nilai tukar rupiah. Keempat, rata-rata suku bunga Surat Perbendaharaan Negara (SPN) 3 bulan, pada tahun 2017 diasumsikan berada pada tingkat 5,3%. Reaksi pasar dalam menghadapi kebijakan Bank Sentral Amerika Serikat, serta kondisi inflasi domestik yang terkendali berkontribusi dalam upaya penurunan tingkat suku bunga SPN 3 bulan. Kelima, asumsi rata-rata harga minyak mentah Indonesia diperkirakan sebesar US$ 45 per barel. Peningkatan kebutuhan energi dalam rangka pemulihan ekonomi global menjadi faktor yang mempengaruhi harga minyak pada tahun 2017. Keenam, volume minyak dan gas bumi yang siap dijual selama tahun 2017 diperkirakan mencapai 1,93 juta barel setara minyak per hari, yang terdiri dari produksi minyak bumi sebesar 780 ribu barel per hari dan gas bumi sekitar 1,15 juta barel setara minyak per hari. Asumsi dasar ekonomi makro yang ditetapkan tersebut mencerminkan kondisi perekonomian terkini serta memperhatikan proyeksi perekonomian mendatang sehingga diharapkan akan lebih realistis dan kredibel.</isi>
	<link>http://finance.detik.com/berita-ekonomi-bisnis/d-3276760/asumsi-makro-2017-ekonomi-tumbuh-53-nilai-tukar-rp-13300</link>
</artikel>