<?xml version="1.0" encoding="UTF-8" standalone="yes"?>
<artikel xmlns:xsi="http://www.w3.org/2001/XMLSchema-instance">
	<id>EKO_EM_09_304</id>
	<judul>Target Pertumbuhan Ekonomi 5,2%, Ini Asumsi Makro APBN-P 2016</judul>
	<tanggal>28/06/16</tanggal>
	<kata_kunci>Pertumbuhan Ekonomi</kata_kunci>
	<isi>Hari ini, DPR akan mengesahkan APBN Perubahan (APBN-P) 2016 pada Sidang Paripurna. Ada sejumlah perubahan asumsi makro dalam APBN-P tersebut. Dalam data yang didapat detikFinance, Selasa (28/6/16), berikut sejumlah asumsi makro APBN-P 2016: Pertumbuhan ekonomi turun dari 5,3% menjadi 5,2% Inflasi turun dari 4,7% menjadi 4% Nilai tukar menguat dari Rp 13.900/US$ menjadi Rp 13.500/US$ Suku bunga Surat Perbendaharaan Negara (SPN) 3 bulan tetap 5,5% Harga minyak turun dari US$ 50/barel menjadi US$ 40/barel Lifting minyak turun dari 830.000 barel per hari menjadi 820.000 barel per hari Lifting gas turun dari 1,155 juta barel setara minyak per hari menjadi 1,150 juta barel setara minyak per hari Lifting minyak dan gas masih dipengaruhi oleh optimalisasi produksi Lapangan Banyu Urip Cepu, penurunan harga minyak mentah dunia yang menjadi kendala investasi eksplorasi migas, risiko penurunan akibat terdapat beberapa KKKS (Kontraktor Kontrak Kerja Sama) yang telah mengajukan penundaan produksi, serta rendahnya penyerapan gas domestik.</isi>
	<link>https://finance.detik.com/berita-ekonomi-bisnis/d-3243768/target-pertumbuhan-ekonomi-52-ini-asumsi-makro-apbn-p-2016</link>
</artikel>