<?xml version="1.0" encoding="UTF-8" standalone="yes"?>
<artikel xmlns:xsi="http://www.w3.org/2001/XMLSchema-instance">
	<id>EKO_EM_09_307</id>
	<judul>Ini Masalah Klasik yang Bikin Ekonomi RI Labil</judul>
	<tanggal>28/04/16</tanggal>
	<kata_kunci>Ekonomi RI</kata_kunci>
	<isi>Ketua Dewan Komisioner Otoritas Jasa Keuangan (OJK), Muliaman D. Hadad menyebut, penyebab dari masalah gejolak perekonomian makro Indonesia selalu sama dan terus berulang. "Pengalaman kita dalam beberapa tahun terakhir, kita dihadapkan persoalan yang relatif sama. Yakni ketika sentimen berubah di global, terjadi outflow, dan tekanan nilai rupiah," kata Muliaman di Gedung Bank Indonesia, Jalan MH Thamrin, Jakarta, Kamis (28/4/16). "Kita beruntung kemarin fund rate tidak berubah. Kalau berubah akan memengaruhi sentimen. Portfolio akan berubah perilakunya dan menekan rupiah. Sehingga tentu saja karena kejadian serupa berulang beberapa kali dalam beberapa tahun," tambahnya. Menurut Muliaman, stabilitas ekonomi secara makro bisa lebih stabil jika reformasi yang sudah dijalankan sudah mulai terlihat manfaatnya. "Karena itu keperluan reformasi struktural perlu terus diupayakan. Pasar keuangan kita masih sangat dangkal dengan size masih sangat kecil. Kalau ada sentimen kurang menguntungkan dampaknya akan sangat terasa. Karena itu kita harus mulai membangun iklim yang tidak hanya bisa mengundang masuk portofolio, tapi juga penanaman modal langsung agar sentimen terjadi kita tidak terlalu terdampak," tutupnya.</isi>
	<link>http://finance.detik.com/moneter/d-3198787/ini-masalah-klasik-yang-bikin-ekonomi-ri-labil</link>
</artikel>