<?xml version="1.0" encoding="UTF-8" standalone="yes"?>
<artikel xmlns:xsi="http://www.w3.org/2001/XMLSchema-instance">
	<id>EKO_EM_09_309</id>
	<judul>Jokowi Ingin Percepatan Kerja, Ini Target Ekonomi yang Harus Dicapai di 2016</judul>
	<tanggal>06/01/16</tanggal>
	<kata_kunci>Target Ekonomi 2016</kata_kunci>
	<isi>Pemerintahan Presiden Joko Widodo (Jokowi) menerima hasil yang kurang memuaskan ketika menghadapi realisasi pelaksanaan Anggaran Pendapatan dan Belanja Negara (APBN) Perubahan 2015. Beberapa indikator makro ekonomi yang ditetapkan di awal, meleset di akhir tahun. Lalu bagaimana dengan target? Salah satunya adalah pertumbuhan ekonomi. Proyeksi sementara, ekonomi di 2015 cuma akan tumbuh di kisaran 4,7% atau lebih rendah dari asumsi awal 5,7%. Sementara targetnya di 2016 adalah 5,3%. Demikianlah dokumen Kementerian Keuangan (Kemenkeu) yang dikutip detikFinance, Rabu (5/1/16) Sedangkan inflasi dipatok sebesar 4,7% atau lebih tinggi dibandingkan realisasi 2015, yakni 3,3%. Surat perbendaharaan negara tiga bulan naik menjadi 5,5% dari realisasi sebelumnya yang sebesar 5,97%. Nilai tukar rupiah dipatok pada posisi yang cukup moderat, seiring dengan situasi perekonomian global dan besar kemungkinan mengirimkan dampaknya ke Indonesia. Dolar Amerika Serikat diperkirakan mencapai Rp 13.900 atau lebih tinggi dari realisasi 2015 sebesar Rp 13.392. Harga minyak diperkirakan pada kisaran US$ 50 per barel. Pemerintah juga menetapkan target pembangunan di 2016, yang meliputi pengangguran di kisaran 5,2-5,5%, angka kemiskinan 9-10%, gini rasio 0,39 dan indeks pembangunan manusia 70,1. Modal pemerintah untuk mencapai target tersebut bisa dilihat dari postur APBN 2016. Nilai belanja mencapai Rp 2.095,7 triliun yang terdiri dari belanja pemerintah pusat Rp 1.325,6 triliun dan transfer ke daerah dan dana desa Rp 770,2 triliun. Adapun arah kebijakannya adalah percepatan kinerja aparatur pemerintah, emngarahkan subsidi menjadi tetap sasaran, pemenuhan anggaran kesehatan, peningkatan kesejahteraan masyarakat, penyediaan kebutuhan pokok perumahan dan mencipatakan pembangunan yang lebih merata.</isi>
	<link>http://finance.detik.com/berita-ekonomi-bisnis/d-3111527/jokowi-ingin-percepatan-kerja-ini-target-ekonomi-yang-harus-dicapai-di-2016</link>
</artikel>