<?xml version="1.0" encoding="UTF-8" standalone="yes"?>
<artikel xmlns:xsi="http://www.w3.org/2001/XMLSchema-instance">
	<id>EKO_EM_09_316</id>
	<judul>Rupiah Menguat, Seskab: Paket Kebijakan Jokowi Dipercaya Internasional</judul>
	<tanggal>11/03/16</tanggal>
	<kata_kunci>Paket Kebijakan Jokowi</kata_kunci>
	<isi>Nilai tukar rupiah menguat cukup tinggi terhadap dolar Amerika Serikat (AS) tahun ini. Penguatan rupiah ini terjadi di tengah pelemahan mata uang negara kawasan. Seskab Pramono Anung menilai, penguatan mata uang Garuda ini berkat dikeluarkannya paket-paket kebijakan oleh pemerintahan yang dipimpin Presiden Joko Widodo (Jokowi). "Kalau kita lihat rupiah menyeluruh setelah melihat kebijakan satu sampai dengan sepuluh dikeluarkan itu kan menimbulkan trust internasional terhadap fundamen atau dasar dari ekonomi, hal itu terlihat dari secara konsisten rupiah mengalami penguatan," ujarnya, di Gedung III Kementerian Sekretaris Negara, Jl Veteran, Jakarta Pusat, Jumat (11/3/16). Indikator lain yang menyatakan kepercayaan dunia internasional kepada Indonesia mulai membaik adalah tumbuhnya Indeks Harga Saham Gabungan (IHSG) dan meningkatnya investasi langsung. "Ini menunjukkan bahwa setelah Presiden Jokowi membuat kebijakan satu sampai 10 ini berbondong-bondong lah investor masuk ke Indonesia dan itu tentunya harus disikapi secara jernih hati-hati dan apa yang menjadi dasar atau tujuan utama dari ekonomi kita itu bisa tercapai," katanya. "Jadi sekali lagi, menguatnya rupiah, IHSG, dan ekonomi secara makro harus tetap dijaga oleh pemerintah agar pertumbuhan ekonomi di kuartal pertama bisa dilakukan di atas 5%," ujarnya.</isi>
	<link>http://finance.detik.com/bursa-dan-valas/d-3162812/rupiah-menguat-seskab-paket-kebijakan-jokowi-dipercaya-internasional</link>
</artikel>