<?xml version="1.0" encoding="UTF-8" standalone="yes"?>
<artikel xmlns:xsi="http://www.w3.org/2001/XMLSchema-instance">
	<id>EKO_EM_09_318</id>
	<judul>Ketika Sri Mulyani Melempar Canda Soal Target Pajak di Rapimnas</judul>
	<tanggal>07/11/16</tanggal>
	<kata_kunci>Target Pajak Rapimnas</kata_kunci>
	<isi>Rapat Pimpinan Nasional (Rapimnas) Pajak ke-10 digelar hari ini. Menteri Keuangan Sri Mulyani pun hadir dalam rapat yang membahas evaluasi penerimaan pajak tersebut. Dalam Rapimnas tersebut, Sri Mulyani berbicara di hadapan ratusan pegawai Direktorat Jendral Pajak (DJP), di kantor Pusat DJP, Jakarta, Senin (7/11/16). Pada pembukaannya, Sri Mulyani sempat melemparkan canda, seputar target penerimaan pajak 2016 pada Anggaran Pendapatan dan Belanja Negara Perubahan (APBN-P) 2016. Sri Mulyani mengaku telah menurunkan target yang harus dikumpulkan DJP tahun ini. Target penerimaan pajak dipangkas sebesar Rp 218 triliun dari Rp 1.355 triliun dalam APBN-P 2016 menjadi Rp 1.137,2 triliun. "Coba kalau Menterinya tidak ganti, Anda (pegawai DJP) harus mengumpulkan Rp 218 triliun lagi. Terimakasih untuk saya, targetnya diturunkan. Saya sudah diskon shortfall Rp 218 triliun," canda Sri Mulyani. Mendengar hal tersebut, para peserta yang hadir dalam Rapimnas itu langsung bersorak dan tertawa akibat candaan dari mantan Direktur Bank Dunia tersebut. Kendati telah diberikan diskon, Sri Mulyani mengimbau, supaya para pegawai di DJP tetap harus bekerja keras dalam mengamankan penerimaan pajak. Dirinya meminta, supaya Dirjen Pajak dan Kepala BKF untuk memberikan seluruh data dari setiap jajarannya, supaya dapat memberikan gambaran konkret terkait dengan penerimaan yang bisa diperoleh dari data ekonomi makro, regional, sektoral, maupun data amnesti pajak. "Saya tidak ingin kepala kantor tiba-tiba pendapatannya naik dapat angkanya dari langit. Hari ini ngelamun, minum kopi enak, makan pisang goreng terus dapat angka dari langit. Itu bukan ekstra effort, itu namanya nujum. Jadi saya maunya data faktual dari sisi ekonomi makro nasional, regional bahkan provinsi kalau ada," katanya sambil tertawa.</isi>
	<link>http://finance.detik.com/ekonomi-bisnis/3339570/ketika-sri-mulyani-melempar-canda-soal-target-pajak-di-rapimnas</link>
</artikel>