<?xml version="1.0" encoding="UTF-8" standalone="yes"?>
<artikel xmlns:xsi="http://www.w3.org/2001/XMLSchema-instance">
	<id>EKO_EM_09_325</id>
	<judul>Agus Marto: Kebanyakan UMKM Sulit Dapat Akses Keuangan</judul>
	<tanggal>01/06/16</tanggal>
	<kata_kunci>Akses Keuangan UMKM</kata_kunci>
	<isi>Di tengah perlambatan ekonomi global akibat melemahnya berbagai harga komoditas, Usaha Mikro Kecil dan Menengah (UMKM) bisa menjadi solusi meningkatkan pertumbuhan ekonomi Indonesia. UMKM di Indonesia juga dapat menstabilkan gejolak ekonomi makro. "Memperkuat UMKM merupakan salah satu solusi karena UMKM berkontribusi terhadap Penerimaan Domestik Bruto (PDB) seperti menstabilkan keuangan makro," ungkap Gubernur Bank Indonesia (BI) Agus Martowardojo pada acara OJK-OECD High-Level Regional Seminar on Empowering MSMEs Through Financial Literacy and Inclusion di Grand Ballroom Hotel Indonesia Kempinski, Jakarta Pusat, Rabu (1/6/16). UMKM saat ini sulit mendapatkan akses keuangan perbankan seperti kredit. Hal ini lah yang harus dicari jalan keluarnya agar dapat nenyumbang pertumbuhan ekonomi lebih banyak lagi. "Kebanyakan UMKM sulit mendapatkan akses keuangan," kata Agus. Saat ini Bank Indonesia juga tengah mengembangkan akses keuangan digital untuk pelaku bisnis UMKM. Hal ini dikakukan untuk memudahkan para pelaku usaha mikro untuk mendapatkan akses keuangan di perbankan. "Bank Indonesia juga mempromosikan bisnis model UMKM keuangan digital. Bisnis model ini mempromosikan kenyamanan dan keuntungan UMKM mengakses perbankan," pungkas Agus.</isi>
	<link>https://finance.detik.com/moneter/d-3223005/agus-marto-kebanyakan-umkm-sulit-dapat-akses-keuangan</link>
</artikel>