<?xml version="1.0" encoding="UTF-8" standalone="yes"?>
<artikel xmlns:xsi="http://www.w3.org/2001/XMLSchema-instance">
	<id>EKO_EM_09_33</id>
	<judul>Pertumbuhan Ekonomi 5,1 Persen Sudah Di Tangan, DPR Pengin Genjot Lagi</judul>
	<tanggal>20/06/16</tanggal>
	<kata_kunci>Pertumbuhan Ekonomi</kata_kunci>
	<isi>Wakil Ketua DPR Taufik Kurniawan menyatakan Badan Anggaran (Banggar) DPR bergerak cepat membahas RAPBN 2017 dan secara simultan juga membahas revisi UU APBN 2016 dalam bentuk APBN-Perubahan 2016. Hal tersebut dilakukan DPR untuk mengakselerasi optimisme banyak pihak terhadap akan terjadinya pertumbuhan ekonomi di tahun 2017. "Sebagian kalangan DPR menilai, laju pertumbuhan ekonomi minimal 5,1 persen sudah ada di tangan. Kita tinggal menggenjotnya menjadi 5,3 persen agar target laju pertumbuhan ekonomi bisa tercapai," kata Taufik, usai memimpin rapat paripurna DPR tentang Kerangka Ekonomi Makro dan Pokok-pokok Kebijakan Fiskal (KEM-PPKF) Tahun Anggaran 2017 yang disampaikan Menteri Keuangan Bambang Brodjonegoro, di Gedung DPR, Senayan, Jakarta, Kamis (20/6). Menurut Taufik, agar optimisme pertumbuhan 5,3 persen tercapai, fraksi-fraksi di DPR menginginkan adanya efektivitas dan efisiensi anggaran yang tepat sasaran. Sebab, penggunaan anggaran tepat sasaran dan bisa mendukung Program Nawacita yang digagas oleh pemerintah. "Bila penggunaan anggaran efektif, tentu akan sinkron dengan program pemerintah. Sentralisasi penggunaan anggaran juga harus bisa menyentuh pada kebutuhan masyarakat," tegasnya. Program pro-rakyat lanjut politikus Partai Amanat Nasional (PAN) itu, harus menjadi prioritas. Tantangan globalisasi hanya bisa diatasi dengan meningkatkan kesejahteraan masyarakat. “Sebab, kemiskinan hanya membuat ketidakseimbangan, ketidakadilan dan ketidakstabilan politik," pungkasnya.</isi>
	<link>http://www.jpnn.com/read/16/06/20/442313/Pertumbuhan-Ekonomi-51-Persen-Sudah-Di-Tangan-DPR-Pengin-Genjot-Lagi-</link>
</artikel>