<?xml version="1.0" encoding="UTF-8" standalone="yes"?>
<artikel xmlns:xsi="http://www.w3.org/2001/XMLSchema-instance">
	<id>EKO_EM_09_331</id>
	<judul>Dirjen Pajak Mundur Tak Capai Target Bisa Jadi Contoh Buat Pejabat Lain</judul>
	<tanggal>02/12/15</tanggal>
	<kata_kunci>Dirjen Pajak</kata_kunci>
	<isi>Pengunduran diri Sigit Priadi Pramudito sebagai Direktur Jenderal Pajak (Dirjen Pajak) Kementerian Keuangan (Kemenkeu) menjadi perhatian banyak kalangan. Keputusan Sigit mendapat apresiasi karena berani mengundurkan diri karena realisasi penerimaan pajak 2015 tidak mencapai target. "Beliau sudah menjelaskan beliau kan diangkat dengan janji pencapaian target sekarang nampaknya sampai bulan November lalu sulit mencapai target yang beliau janjikan. Jadi itu saya kira itu satu sportivitas," kata Deputi Bidang Koordinasi Ekonomi Makro dan Keuangan Kementerian Koordinator Bidang Perekonomian Bobby Hamzar Rafinus di kantornya, Jakarta, Rabu (2/12/15). Menurut Bobby tidak tercapainya realisasi pajak bukan karena upaya mengejar penerimaan tidak optimal. Namun karena faktor kondisi perekonomian yang melemah. Awal tahun proyeksi pertumbuhan ekonomi tahun ini 5,7%, sedangkan realisasinya diperkirakan hanya 4,8%. "Kita memang dalam situasi yang tidak sederhana, kita merencanakan target yang optimis tapi di sisi yang lain realitas kondisi ekonomi dunia dan juga ekonomi kita memang nampaknya relatif kurang menuju kepada apa yang kita rencanakan," katanya. Menurut Bobby, banyak pejabat negara yang terpilih dengan target-target yang jelas. Ketika target tidak tercapai, seharusnya lebih baik mengundurkan diri, seperti yang dilakukan oleh Sigit. "Jadi saya kira kita melihat keputusan Pak Sigit contoh yang baik, pejabat publik yang dipilih dengan target-target yang jelas," ujarnya. Sampai dengan akhir November 2015, realisasi penerimaan pajak baru mencapai Rp 865 triliun atau sekitar 66% dari target pajak dalam Anggaran Pendapatan dan Belanja Negara (APBN) Perubahan 2015, yang dipatok sebesar Rp 1.294 triliun. ‎Sisa kekurangan atau shortfall sebesar Rp 430 triliun, bukan perkara mudah untuk dicapai. Proyeksi terburuk pemerintah, realisasi sampai akhir tahun hanya berkisar 80-82% atau sekitar Rp 1.061,9 triliun. Shortfall sebesar Rp 233,1 triliun.</isi>
	<link>http://finance.detik.com/berita-ekonomi-bisnis/d-3085949/dirjen-pajak-mundur-tak-capai-target-bisa-jadi-contoh-buat-pejabat-lain</link>
</artikel>