<?xml version="1.0" encoding="UTF-8" standalone="yes"?>
<artikel xmlns:xsi="http://www.w3.org/2001/XMLSchema-instance">
	<id>EKO_EM_09_332</id>
	<judul>IMF Puji Jokowi Cabut Subsidi BBM, Ekonomi RI Segera Stabil</judul>
	<tanggal>22/12/15</tanggal>
	<kata_kunci>Subsidi BBM</kata_kunci>
	<isi>Dana Moneter Internasional alias International Monetary Fund (IMF) memprediksi ekonomi Indonesia segera stabil dan tumbuh tinggi dalam jangka panjang. Sebab, Indonesia sudah tak lagi terbebani oleh subsidi bahan bakar minyak (BBM) yang nilai hingga ratusan triliun rupiah tiap tahun. Subsidi BBM ini sudah dicabut oleh Presiden Joko Widodo (Jokowi) pada awal tahun ini. Langkah ini yang diapresiasi oleh IMF. "Prediksi pertumbuhan ekonomi Indonesia tetap solid. Pemerintah setempat sudah mengambil langkah signifikan untuk memperkuat kerangka kebijakan dalam beberapa tahun terakhir," kata Kepala Tim IMF di Indonesia, Luis E. Breuer, dalam keterangan tertulis, Selasa (22/12/15). "Pemerintah sudah memperlihatkan manajemen moneter dan fiskal yang baik, salah satu penyokongnya adalah dicabutnya subsidi BBM pada awal 2015," tambahnya. Menurutnya, lepasnya Indonesia dari ketergantungan subsidi BBM akan memberi kontribusi yang baik ke stabilitas ekonomi makro dalam jangka panjang. Hasilnya, ekonomi Indonesia bisa bertahan dengan baik di tengah melambatnya ekonomi global sepanjang 2015. Ekonomi Indonesia masih bisa tumbuh nyaris 5%, jauh lebih tinggi dibandingkan negara-negara maju yang tumbuh di bawah 1% atau bahkan minus. "Pertumbuhan ekonomi RI jangka diprediksi menengah masih baik, apalagi didukung dengan agenda peluncuran paket-paket kebijakan yang bisa memberikan stabilitas," ujarnya.</isi>
	<link>http://finance.detik.com/berita-ekonomi-bisnis/d-3102084/imf-puji-jokowi-cabut-subsidi-bbm-ekonomi-ri-segera-stabil</link>
</artikel>