<?xml version="1.0" encoding="UTF-8" standalone="yes"?>
<artikel xmlns:xsi="http://www.w3.org/2001/XMLSchema-instance">
	<id>EKO_EM_09_333</id>
	<judul>Pemerintah Siapkan KUR Infrastruktur untuk Perusahaan Konstruksi Kecil</judul>
	<tanggal>11/10/16</tanggal>
	<kata_kunci>Perusahaan Konstruksi Kecil</kata_kunci>
	<isi>Pemerintah terus berupaya melakukan pemerataan pembangunan. Salah satu upayanya adalah dengan menyediakan Kredit Usaha Rakyat (KUR) untuk kegiatan konstruksi skala kecil. Tujuannya, agar pelaku usaha di tingkat daerah bisa berpartisipasi dalam kegiatan pembangunan infrastruktur yang lebih merata di kawasan pelosok. Saat ini, rencana tersebut masih terus dibahas. "Masih terus dibahas, jadi belum selesai di tingkat Menko (Menko Perekonomian)," ujar Deputi Bidang Koordinasi Ekonomi Makro dan Keuangan, Bobby Hamzar, saat dihubungi detikFinance, Selasa (11/10/16). Pemerintah menganggap aturan ini sangat penting. Bila pelaku usaha skala kecil bisa terlibat, maka pembangunan di kawasan pelosok yang selama ini tak terjangkau oleh pelaku usaha besar bisa ikut tertangani. Harapannya pemerataan pembangunan bisa lebih dicapai. Untuk itu, ditargetkan, pembahasan aturan ini bisa rampung dalam waktu dekat. "Mudah-mudahan bisa bulan ini atau paling lambat bulan depan," sambung dia. Dia menyebut, dalam pelaksanaannya nanti, KUR akan disalurkan lewat perbankan yang beragam tidak hanya bank BUMN umum melainkan juga Bank Pembangunan Daerah (BPD). "Sama nanti ada lembaga keuangan bukan bank dan koperasi," ambung dia lagi. Sayang, saat ditanya perihal detil plafon KUR yang akan diberikan, Bobby enggan berkomentar lebih jauh. Ia berdalih saat ini pembahasan masih dalam proses pematangan sehingga detil pelaksanaannya belum bisa disampaikan ke masyarakat. "Saya belum bisa mengatakan dengan lengkap, mungkin baru bulan depan," kata dia.</isi>
	<link>http://finance.detik.com/moneter/d-3318337/pemerintah-siapkan-kur-infrastruktur-untuk-perusahaan-konstruksi-kecil</link>
</artikel>