<?xml version="1.0" encoding="UTF-8" standalone="yes"?>
<artikel xmlns:xsi="http://www.w3.org/2001/XMLSchema-instance">
	<id>EKO_EM_09_340</id>
	<judul>First Asia Capital: Revisi Asumsi Makro Jadi Sentimen Negatif</judul>
	<tanggal>04/08/16</tanggal>
	<kata_kunci>First Asia Capital</kata_kunci>
	<isi>Indeks Harga Saham Gabungan (IHSG) mengakhiri perdagangan kemarin ditutup di zona merah. IHSG akhirnya tutup di 5.351,878, terkoreksi 21,445 poin (0,4%). Koreksi lebih disebabkan adanya aksi jual pada sejumlah saham big caps seperti TLKM dan saham saham perbankan. Koreksi ini juga diikuti dengan pelemahan nilai tukar rupiah yang berada pada level Rp 13.114. Koreksi ini sejalan dengan pergerakan bursa di Asia. Selain itu adanya revisi asumsi makro ekonomi untuk tahun 2016, di mana pemerintah menurunkan target pertumbuhan ekonomi, memangkas anggaran belanja dan menaikkan target defisit APBN menjadi sentimen negatif. Sementara pasar saham global tadi malam berhasil rebound menyusul rebound harga minyak mentah. Indeks Eurostoxx di kawasan Uni Eropa menguat 0,14% di 2911,06. Di Wall Street setelah dua sesi perdagangan koreksi, indeks DJIA dan S&amp;P berhasil menguat masing-masing 0,2% dan 0,3% di 18.355,00 dan 2.163,79. Harga minyak mentah tadi malam di AS berhasil rebound 3,3% di USD40,83/barel. Pada perdagangan hari ini, mengikuti dengan rebound-nya bursa global dan harga komoditas IHSG juga berpotensi rebound. Namun dengan adanya sentimen negatif dari revisi asumsi makro dan defisit anggaran akan membuat potensi rebound menjadi terbatas dan bahkan masih berpotensi ditutup pada zona merah. Pasar juga masih menantikan pertumbuhan ekonomi di Q2 2016 yang diharapkan bisa berada di atas 5%. IHSG akan bergerak pada rentang 5.300 hingga 5.390.</isi>
	<link>http://finance.detik.com/market-research/d-3268104/first-asia-capital-revisi-asumsi-makro-jadi-sentimen-negatif</link>
</artikel>