<?xml version="1.0" encoding="UTF-8" standalone="yes"?>
<artikel xmlns:xsi="http://www.w3.org/2001/XMLSchema-instance">
	<id>EKO_EM_09_341</id>
	<judul>Ekonomi RI Tumbuh 5,3% di 2016, Beri Sentimen Positif untuk Investor</judul>
	<tanggal>14/03/16</tanggal>
	<kata_kunci>Ekonomi RI</kata_kunci>
	<isi>Pertumbuhan ekonomi Indonesia diproyeksi bisa mencapai 5,3% pada 2016, sesuai dengan asumsi makro pada Anggaran Pendapatan Belanja Negara (APBN). Realisasi tersebut lebih tinggi dibandingkan realisasi pada 2015 yang sebesar 4,8%. "Pertumbuhan ekonomi, kami expect masih bisa tumbuh 5,3%," ungkap Anggota Dewan Komisioner Lembaga Penjamin Simpanan (LPS) Destry Damayanti dalam Seminar 2015 in Review &amp; Market Outlook 2016, di Hotel Shangri-La, Jakarta, Senin (14/3/16). Faktor pendorong yang utama masih bersumber dari konsumsi rumah tangga. Destry optimistis, konsumsi masyarakat masih akan belum turun selama inflasi bisa dijaga oleh pemerintah. Pada 2015, inflasi berhasil dicapai pada level 3,35%. "Orang Indonesia masih akan belanja, karena itu juga kelebihannya, semakin tinggi pendapatan, orang Indonesia lebih memilih belanja ketimbang menabung. Jadi itu kan memutar perekonomian," jelasnya. Kemudian adalah belanja pemerintah. Ada langkah perbaikan yang diambil pemerintah sejak awal tahun lalu. Di mana mengurangi belanja konsumsi seperti subsidi energi menjadi belanja produktif seperti infrastruktur, serta belanja untuk peningkatan pendidikan dan kesehatan. Ini terlihat pada kuartal IV-2015, saat belanja pemerintah terserap cukup signifikan dan mampu mendorong ekonomi tumbuh tinggi. "Saat ekonomi secara umum melemah, pemerintah sebagai agent development masuk dengan menaikkan spending," kata Destry. Pada awal 2016, belanja pemerintah juga diserap lebih besar dibandingkan dengan tahun-tahun sebelumnya. Dimulai dengan percepatan lelang proyek pemerintah dan penarikan utang sejak Desember 2015. "Ini juga yang membuat budget deficit pemerintah pada posisi akhir Februari mencapai 0,7%. Padahal biasanya belum defisit," terangnya. Presiden Direktur Eastpring Investments Indonesia, Riki Frindos menambahkan, kemampuan ekonomi untuk tumbuh tinggi akan memberikan dampak positif terhadap investor. Dikarenakan banyak negara masih berada dalam tren pelemahan. "Ekonomi Indonesia masih tumbuh cukup bagus dan memberikan efek positif untuk investor," ungkap Riki pada kesempatan yang sama. Diperkirakan pada 2016, ekonomi Indonesia bisa mencapai kisaran 5,1-5,3%. Sedangkan negara berkembang lain seperti Rusia masih -0,6%, Turki 2,9%, Brazil -1% dan Afrika Selatan 1,3% serta China sebesar 6,3%. Riki menyatakan, perlambatan ekonomi Indonesia sudah terjadi sejak 2011. Harusnya, pemulihan ekonomi bisa terjadi pada tahun lalu, seiring dengan ekspektasi masyarakat saat terpilihnya Joko Widodo (Jokowi) sebagai Presiden. Akan tetapi kapasitas pembangunan di Indonesia tidak mencukupi. "Ini karena kapasitas kita menurun, sehingga saat ekonomi tumbuh tinggi, itu banyak justru masalah yang ditimbulkan dan kemudian melambat," pungkasnya.</isi>
	<link>http://finance.detik.com/berita-ekonomi-bisnis/d-3164309/ekonomi-ri-tumbuh-53-di-2016-beri-sentimen-positif-untuk-investor</link>
</artikel>