<?xml version="1.0" encoding="UTF-8" standalone="yes"?>
<artikel xmlns:xsi="http://www.w3.org/2001/XMLSchema-instance">
	<id>EKO_EM_09_343</id>
	<judul>Sudah Turun 2 Kali, Bisakah BI Rate Turun Lagi?</judul>
	<tanggal>18/02/16</tanggal>
	<kata_kunci>BI Rate Turun</kata_kunci>
	<isi>Suku bunga acuan Bank Indonesia (BI) yang biasa disebut BI Rate, telah turun dua kali sepanjang tahun ini. Di Januari dan Februari 2016 ini, secara total BI Rate sudah turun 50 basis poin menjadi 7%. Bisakah turun lagi? Gubernur BI, Agus Martowardojo mengatakan, BI akan terus mengamati perkembangan ekonomi makro dalam negeri. "Terkait pelonggaran moneter lebih jauh, kami akan mengamati perkembangan. Januari neraca perdagangan surplus. Tapi harga komoditas yang turun dan berdampak kepada ekspor ini perlu kita waspadai. Dampak harga minyak yang rendah akan mempengaruhi penerimaan negara dan lain-lain. Kami akan bisa menyampaikan lebih jauh," kata Agus. Hal ini disampaikan Agus dalam jumpa pers di kantornya, Jakarta, Kamis (18/2/16). Langkah BI menurunkan BI Rate dalam Rapat Dewan Gubernur (RDG) hari ini adalah karena prediksi inflasi yang akan rendah di tahun ini. BI memprediksi tingkat inflasi tahun ini berada di kisaran 4% plus-minus 1%. Februari ini bahkan diprediksi ada deflasi. "Penurunan BI Rate tidak ada risiko ke inflasi. Inflasi ini trennya terus menurun. Dengan melihat dua pekan (Februari) ini ada kemungkinan deflasi," kata Deputi Gubernur BI, Perry Warjiyo, di tempat yang sama. Perry mengatakan, stabilitas ekonomi Indonesia akan terus terjaga sepanjang 2016 ini, dengan prediksi pertumbuhan ekonomi 5,2-5,6%. BI akan menjaga inflasi tetap berada di kisaran 4% plus-minus 1%. Selain itu, laju nilai tukar rupiah terhadap dolar AS juga dalam tren menguat sepanjang awal tahun ini, karena banyaknya arus dana asing yang masuk ke dalam negeri.</isi>
	<link>http://finance.detik.com/moneter/d-3145514/sudah-turun-2-kali-bisakah-bi-rate-turun-lagi</link>
</artikel>