<?xml version="1.0" encoding="UTF-8" standalone="yes"?>
<artikel xmlns:xsi="http://www.w3.org/2001/XMLSchema-instance">
	<id>EKO_EM_09_345</id>
	<judul>LPS Tahan Suku Bunga Penjaminan</judul>
	<tanggal>30/08/16</tanggal>
	<kata_kunci>Bunga Penjaminan</kata_kunci>
	<isi>Lembaga Penjamin Simpanan (LPS) telah melakukan evaluasi tingkat bunga penjaminan untuk simpanan dalam rupiah dan valuta asing (valas) di Bank Umum serta untuk simpanan dalam rupiah di Bank Perkreditan Rakyat, di mana Tingkat Bunga Penjaminan untuk periode 24 Juni 2016 sampai dengan 14 September 2016 tidak mengalami perubahan. Dikutip detikFinance dari keterangan resmi LPS, Selasa (30/8/16), berikut rinciannya: Bank Umum Rupiah 6,75% Valas 0,75% Bank Perkreditan Rakyat Rupiah 9,25% Tingkat Bunga Penjaminan ini masih sejalan dengan perkembangan terkini suku bunga simpanan perbankan dalam rupiah dan valas. Kondisi ekonomi makro dipandang stabil dan kondisi likuiditas perbankan berada dalam posisi yang memadai. Dengan likuiditas rupiah yang tetap terjaga, perbankan terlihat dapat melanjutkan tren penurunan suku bunga simpanan dan suku bunga pinjaman antarbank. Sesuai ketentuan LPS, apabila suku bunga simpanan yang diperjanjikan antara bank dengan nasabah penyimpan melebihi Tingkat Bunga Penjaminan simpanan, maka simpanan nasabah dimaksud menjadi tidak dijamin. Berkenaan dengan hal tersebut, bank diharuskan untuk memberitahukan kepada nasabah penyimpan mengenai Tingkat Bunga Penjaminan simpanan yang berlaku dengan menempatkan informasi dimaksud pada tempat yang mudah diketahui oleh nasabah penyimpan. Sejalan dengan tujuan untuk melindungi nasabah dan memperluas cakupan tingkat bunga penjaminan, LPS mengimbau agar perbankan lebih memperhatikan ketentuan tingkat bunga penjaminan simpanan dalam rangka penghimpunan dana. Dalam menjalankan usahanya, bank hendaknya memperhatikan kondisi likuiditas ke depan. Dengan demikian, bank diharapkan dapat mematuhi ketentuan pengelolaan likuiditas perekonomian oleh Bank Indonesia (BI), serta pengaturan dan pengawasan perbankan oleh Otoritas Jasa Keuangan (OJK).</isi>
	<link>https://finance.detik.com/moneter/d-3287051/lps-tahan-suku-bunga-penjaminan</link>
</artikel>