<?xml version="1.0" encoding="UTF-8" standalone="yes"?>
<artikel xmlns:xsi="http://www.w3.org/2001/XMLSchema-instance">
	<id>EKO_EM_09_353</id>
	<judul>Pengamat Ini Ragu Orang RI Bawa Uangnya Pulang Pasca Tax Amnesty</judul>
	<tanggal>28/05/16</tanggal>
	<kata_kunci>Pasca Tax Amnesty</kata_kunci>
	<isi>Pemerintah dan Dewan Perwakilan Rakyat (DPR) optimistis Rancangan Undang-undang (RUU) pengampunan pajak atau tax amnesty selesai pada pertengahan Juni 2016. Ditargetkan pada 1 Juli 2016 kebijakan dapat berlaku hingga enam bulan ke depan. Salah satu tujuan kebijakan pengampunan pajak adalah adanya reaptriasi. Di mana dana orang Indonesia yang selama ini parkir di luar negeri dapat dibawa kembali pulang untuk dimanfaatkan di dalam negeri. Ekonom Bank Permata Josua Pardede pesimistis target repatriasi dapat terealisasi. Apalagi dengan optimisme pemerintah yang memperkirakan dana yang pulang mencapai Rp 1.000 triliun. "Potensi repatriasi saya agak pesimis," ujarnya dalam acara diskusi di Hotel Aryaduta, Lippo Karawaci, Tangerang, Sabtu (28/5/16). Menurut Josua, para pemilik dana hanya akan lebih memilih fasilitas deklarasi. Meskipun tarif tebusan yang dikenakan bisa lebih besar dibandingkan dengan repatriasi. Deklarasi berarti pemilik dana hanya melaporkan jumlah kekayannya di dalam dan luar negeri. "Terlebih lagi konglomerat-konglomerat yang punya dana-dana di bank offshore akan melakukan declare saja," jelas Josua Leo Putra Rinaldy, ekonom Mandiri Sekuritas juga berpandangan sama. Leo menilai pemilik dana pasti akan memperhatikan kondisi Indonesia secara makro ekonomi. Kemudian instrumen yang digunakan untuk menampung dana yang sangat besar. "Repatriasi itu tergantung kesiapan instrumen," ujar Leo. Sementara itu deklarasi menjadi daya tarik, mengingat adanya pemberlakuan Automatic Exchange of Information (AEoI) pada 2018. Orang sulit lagi kabur dari pajak, karena masing-masing negara akan membuka rekening nasabah perbankan yang selama ini dirahasiakan. "Tekanan untuk declare asset tax amnesty sangat besar," imbuhnya.</isi>
	<link>http://finance.detik.com/berita-ekonomi-bisnis/d-3220033/pengamat-ini-ragu-orang-ri-bawa-uangnya-pulang-pasca-tax-amnesty</link>
</artikel>