<?xml version="1.0" encoding="UTF-8" standalone="yes"?>
<artikel xmlns:xsi="http://www.w3.org/2001/XMLSchema-instance">
	<id>EKO_EM_09_356</id>
	<judul>Anggota DPR ke Sri Mulyani: Mohon Pertimbangkan Usul Pertumbuhan 5,05% di 2017</judul>
	<tanggal>07/09/16</tanggal>
	<kata_kunci>DPR Sri Mulyani</kata_kunci>
	<isi>Komisi XI Dewan Perwakilan Rakyat (DPR), Pemerintah dan Bank Indonesia (BI) melangsungkan rapat pembahasan Rancangan Anggaran Pendapatan dan Belanja Negara (RAPBN) 2017 terkait dengan asumsi makro ekonomi. Pemerintah diwakili oleh Menteri Keuangan Sri Mulyani Indrawati dan BI diwakili oleh Gubernur Agus Martowardojo. Anggota Komisi XI dari Fraksi Gerindra, Wilgo Zainar meminta agar pemerintah lebih realistis dalam menetapkan asumsi makro ekonomi 2017. Terutama pertumbuhan ekonomi, yang menurutnya adalah 5,05%. "Saya mohon agar Ibu memperhitungkan usulan komisi yang sebesar 5,05%," ujar Wilgo dalam rapat di Gedung DPR, Jakarta, Rabu (7/9/16). Menurut Wilgo, pemerintah harus dapat mengembalikan kepercayaan masyarakat. Sebab dalam dua tahun terakhir, angka-angka makro ekonomi yang diasumsikan selalu jauh dari realisasinya. "Selama ini asumsi itu selalu jauh dari realisasinya, Ayo kita kembalikan lagi kepercayaan masyarakat," paparnya. Anggota lainnya dari fraksi Golkar, Misbakhun menilai kondisi perekonomian global memang masih dalam perlambatan. Sehingga berpengaruh kuat terhadap kondisi dalam negeri. Sehingga diperlukan upaya khusus dari pemerintah. "Peran pemerintah sangat diperlukan untuk memicu pertumbuhan ekonomi," ujar Misbakhun pada kesempatan yang sama. Kekuatan perekonomian dalam negeri, kata Misbakhun adalah dari sisi konsumsi rumah tangga. Maka pengendalian inflasi menjadi sangat penting untuk dilakukan. "Daya beli masyarakat harus terus dijaga," imbuhnya.</isi>
	<link>http://finance.detik.com/berita-ekonomi-bisnis/d-3293529/anggota-dpr-ke-sri-mulyani-mohon-pertimbangkan-usul-pertumbuhan-505-di-2017</link>
</artikel>