<?xml version="1.0" encoding="UTF-8" standalone="yes"?>
<artikel xmlns:xsi="http://www.w3.org/2001/XMLSchema-instance">
	<id>EKO_EM_09_359</id>
	<judul>DPR Minta Pemerintah Realistis Soal Asumsi Pertumbuhan Ekonomi 2017</judul>
	<tanggal>18/07/16</tanggal>
	<kata_kunci>Pertumbuhan Ekonomi 2017</kata_kunci>
	<isi>Pemerintah mengajukan asumsi makro ekonomi yang baru untuk tahun depan, di kisaran 5,3-5,6%. Komisi XI Dewan Perwakilan Rakyat (DPR) menganggap asumsi tersebut masih sangat tinggi, padahal seharusnya pemerintah lebih realistis. "Pertumbuhan diasumsikan selalu tinggi, akhirnya kan mendesain belanja dan penerimaan sesuai dengan arah pertumbuhan itu," ujar Ketua Komisi XI Ahmadi Noor Supit dalam rapat kerja dengan pemerintah dan Bank Indonesia (BI) di Gedung DPR, Jakarta, Senin (18/7/16). Pendorong perekonomian, menurut Ahmadi masih juga diarahkan dari sisi konsumsi rumah tangga. Ahmadi menilai tidak banyak usaha pemerintah untuk meningkatkan investasi dan ekspor yang dinilai lebih sumber perekonomian yang berkualitas. "Konsumsi rumah tangga itu tidak akan menyiapkan lapangan pekerjaan. Harusnya kan investasi dan ekspor. Ini kecenderungan kan menggenjot konsumsi masyarakat saja terus," terangnya. Ahmadi bahkan lebih memilih ekonomi diasumsikan tumbuh 4%. "Kenapa tidak hanya 4% tapi berkualitas. Tidak banyak orang berteriak pembangunan tidak adil, sulitnya mencari pekerjaan dan lain-lain. Jangan cma hanya mengikuti agenda rutin mengejar perekonomian tinggi," papar Ahmadi. Hafisz Tohir, Wakil Ketua Komisi XI menilai pertumbuhan ekonomi harus memiliki korelasi penting terhadap pengurangan angka pengangguran dan kemiskinan. Menurutnya percuma ekonomi tumbuh tinggi namun dampaknya tidka terasa ke berbagai lini. "Bagaimana dampak pertumbuhan ekonomi terhadap penambahan tenaga kerja dan pengurangan kemiskinan. Jangan sampai ini malah tidak ada dampaknya," terang Hafisz. Melchias Marcus Mekeng, Anggota komisi XI menambahkan, pemerintah harus mempersiapkan antisipasi bila kebijakan pengampunan pajak atau tax amnesty gagal. Ada tambahan Rp 165 triliun terhadap penerimaan bila berhasil, namun harusnya sudah ada perhitungan ketika tidak tercapai. "Kalau Rp 165 triliun tidak tercapai, tentu akan berdampak ke ekonomi 2017. Jangan sampai sekarang kita patok 5,6%, kemudian di drop lagi ke bawah karena hal tersebut," jelas Mekeng.</isi>
	<link>http://finance.detik.com/berita-ekonomi-bisnis/d-3255922/dpr-minta-pemerintah-realistis-soal-asumsi-pertumbuhan-ekonomi-2017</link>
</artikel>