<?xml version="1.0" encoding="UTF-8" standalone="yes"?>
<artikel xmlns:xsi="http://www.w3.org/2001/XMLSchema-instance">
	<id>EKO_EM_09_360</id>
	<judul>Penjualan REITs Properti RI di Singapura Capai Rp 30 T</judul>
	<tanggal>30/05/16</tanggal>
	<kata_kunci>REITs Properti RI</kata_kunci>
	<isi>Biaya penerbitan Dana Investasi Real Estate (DIRE) atau yang juga dikenal Real Estate Investment Trusts (REITs) di Singapura yang terbilang rendah sebesar 3% membuat para pemilik properti asal Indonesia menerbitkan DIRE di Singapura. Jika dibandingkan dengan biaya penerbitan DIRE di Indonesia yang terdiri dari Bea Perolehan Hak atas Tanah dan Bangunan (BPHTB) 5% dan Pajak Penghasilan (Pph) 1% membuat para pemilik properti enggan menjual aset real estate-nya kepada investor melalui DIRE di Indonesia. "Sudah banyak properti di Indonesia yang sudah diterbitkan DIRE-nya di Singapura. Ini ironis di tengah upaya kita mengembangkan keuangan dan pasar modal, tapi produk properti kita diterbitkan di negara lain," kata Deputi Bidang Koordinasi Ekonomi Makro dan Keuangan Kemenko Perekonomian, Bobby Hamzar Rafinus saat Lokakarya DIRE di Main Hall BEI, Jakarta, Senin (30/5/16). Sampai saat ini, aset real estate Indonesia yang dijual di Singapura mencapai Rp 30 triliun yang terdiri dari rumah sakit dan pusat perbelanjaan. Berikut ini adalah daftar properti Indonesia yang sudah diterbitkan DIRE-nya di Singapura: First REIT's (Nilai Aset Rp 10,4 triliun) Siloam Sriwijaya Siloam Hospital Purwakarta Siloam Hospital Bali Siloam Hospital Tb. Simatupang Siloam Hospital Manado dan Hotel Arya Duta Manado Siloam Hospital Makassar Mochtar Riadi Comprehensive Cancer Centre Siloam Hospital Lippo Cikarang Siloam Hospital Lippo Village Siloam Hospital Lippo Mall Indonesian Retail (LMIR) Trust (Nilai Aset Rp 19,15 triliun) Sun Plaza Bandung Indah Plaza Cibubur Junction Ekalokasari Plaza Gadjah Mada Plaza Mall Lippo Cikarang Plaza Semanggi Plaza Medan Fair Pluit Village Taman Mini Square Kramat Jati Indah Plaza Palembang Square Palembang Square Extention Pejaten Village Binjai Supermall Lippo Mall Kemang Palembang Icon Lippo Plaza Batu Mal WTC Matahari Metropolis Town Square Depok Town Square Java Supermall Malang Town Square Plaza Madiun Grand Paladium Palembang Square Pemerintah diminta untuk menurunkan besaran BPHTB dari 5% ke 1% dan Pph dari 1% menjadi 0,5%, sehingga pajak REITs hanya sebesar 1,5%. Dengan Dengan penurunan tersebut diharapkan dapat menarik minat pemilik properti untuk menerbitkan DIRE di Indonesia. "Lippo sudah men-DIRE-kan banyak propertinya di Singapura. Kita harapkan dengan kebijakan ini mereka akan menerbitkan di Indonesia," tutup Bobby.</isi>
	<link>http://finance.detik.com/bursa-dan-valas/d-3220838/penjualan-reits-properti-ri-di-singapura-capai-rp-30-t</link>
</artikel>