<?xml version="1.0" encoding="UTF-8" standalone="yes"?>
<artikel xmlns:xsi="http://www.w3.org/2001/XMLSchema-instance">
	<id>EKO_EM_09_361</id>
	<judul>Malam Hari, Sri Mulyani dan Agus Marto Rapat dengan DPR Bahas RAPBN 2017</judul>
	<tanggal>07/09/16</tanggal>
	<kata_kunci>RAPBN 2017</kata_kunci>
	<isi>Komisi XI Dewan Perwakilan Rakyat (DPR) kembali rapat membahas Rancangan Anggaran Pendapatan dan Belanja Negara (RAPBN) 2017. Khususnya terkait dengan asumsi makro ekonomi. Rapat dimulai pada pukul 20.30 WIB, dibuka oleh Ketua Komisi XI, Melchias Marcus Mekeng. Anggota yang hadir adalah 24 oramng, yang berasal dari seluruh fraksi. "Agenda rapat hari ini adalah pengambilan keputusan mengenai asumsi makro 2017," kata Mekeng, membuka rapat di Gedung DPR, Jakarta, Rabu (7/9/16). Dari pemerintah diwakili oleh Menteri Keuangan, Sri Mulyani Indrawati, dan dari Bank Indonesia (BI) dihadiri Gubernur Agus Martowardojo beserta jajaran. Berikut pengajuan asumsi makro ekonomi yang diajukan pemerintah: Pertumbuhan ekonomi 5,3% Inflasi 4% Nilai tukar rupiah Rp 13.300/US$ Suku bunga Surat Perbendaharaan Negara (SPN) 3 bulan adalah 5,3%.</isi>
	<link>http://finance.detik.com/berita-ekonomi-bisnis/d-3293491/malam-hari-sri-mulyani-dan-agus-marto-rapat-dengan-dpr-bahas-rapbn-2017</link>
</artikel>