<?xml version="1.0" encoding="UTF-8" standalone="yes"?>
<artikel xmlns:xsi="http://www.w3.org/2001/XMLSchema-instance">
	<id>EKO_EM_09_362</id>
	<judul>Bank Dunia: Ekonomi Asia Timur dan Pasifik Bakal Melambat Hingga 2018</judul>
	<tanggal>11/04/16</tanggal>
	<kata_kunci>Ekonomi Asia Timur</kata_kunci>
	<isi>Pertumbuhan ekonomi negara-negara di kawasan Asia Timur dan Pasifik diprediksikan oleh Bank Dunia akan mengalami sedikit perlambatan dalam kurun waktu 2016-2018. Prediksi yang dikeluarkan Bank Dunia ini didasarkan atas studi yang dilakukan atas berbagai risiko ekonomi yang berkembang saat ini. "Laju pertumbuhan di Kawasan Asia Timur dan Pasifik diperkirakan akan melambat dari 6,5% di tahun 2015 menjadi 6,3% di tahun 2016 dan 6,2% untuk kurun waktu 2016-2018," kata Kepala Ekonom Bank Dunia untuk kawasan Asia Timur dan Pasifik Sudhir Shetty dalam video conference Washington-Jakarta, Senin (11/4/16). Dengan adanya prediksi tersebut, pemerintahan di kawasan ini diharapkan untuk tetap mengutamakan restrukturisasi kebijakan keuangan dan fiskal yang dapat meredam peluang terjadinya perlambatan ekonomi yang lebih dalam. Ia melanjutkan, sebenarnya kawasan ini telah cukup terbantu oleh kebijakan makro ekonomi yang cermat termasuk usaha meningkatkan pendapatan domestik di beberapa negara eksportir komoditas seperti salah satunya Indonesia. "Namun, guna mempertahankan pertumbuhan di tengah situasi dunia yang menantang, perlu kemajuan berkala dalam reformasi struktural," kata dia. Restrukturisasi atau pembenahan kebijakan ekonomi di kawasan ini, kata dia, punya arti penting bagi perbaikan ekonomi dunia. Karena kawasan ini mencakup hampir dua perlima dari pertumbuhan ekonomi dunia di tahun 2015. Lebih dari dua kali lipat dari seluruh kawasan pembangunan yang lainnya. "Pertumbuhan kawasan Asia Timur dan Pasifik bertahan, mereka terus memberikan kontribusi besar kepada pertumbuhan global," pungkas dia.</isi>
	<link>http://finance.detik.com/moneter/d-3184683/bank-dunia-ekonomi-asia-timur-dan-pasifik-bakal-melambat-hingga-2018</link>
</artikel>