<?xml version="1.0" encoding="UTF-8" standalone="yes"?>
<artikel xmlns:xsi="http://www.w3.org/2001/XMLSchema-instance">
	<id>EKO_EM_09_364</id>
	<judul>Pemerintah dan DPR Rapat 3 Jam Bahas RAPBN-P 2016, Ini Hasilnya</judul>
	<tanggal>07/06/16</tanggal>
	<kata_kunci>RAPBN-P 2016</kata_kunci>
	<isi>Komisi XI DPR RI malam ini menggelar rapat kerja dengan Menteri Keuangan Bambang Brodjonegoro, Kepala Bappenas Sofyan Djalil, Gubernur BI Agus Martowadjojo, dan Kepala BPS Suryamin. Rapat ini merupakan kelanjutan rapat membahas Rancangan Anggaran Pendapatan dan Belanja Negara Perubahan 2016 (RAPBN-P 2016). Rapat ini memutuskan salah satunya memangkas pertumbuhan ekonomi dari 5,3% menjadi 5,1%. Pemangkasan pertumbuhan ini diputuskan setelah terdapat sejumlah pertimbangan mengenai asumsi makro ekonomi Indonesia. "Setelah mendengar pendapat dari beberapa fraksi maka diputuskan pertumbuhan ekonomi menjadi 5,1 persen," kata Ketua Komisi XI DPR RI Ahmad Noor Supit saat menutup rapat. Menteri Keuangan, Bambang Brodjonegoro menambahkan, angka pertumbuhan itu adalah yang paling realistis mengingat beberapa faktor seperti kondisi ekonomi, belanja pemerintah, dan investasi. "Saya pikir itu yang paling realistis. Melihat ekonomi saat ini, itu jelas sekali kuartal-IV belanja pemerintah itu puncaknya. Kedua, di pemerintah daerah juga ada peningkatan di Desember. Investasi juga stabil, tak ada perbedaan," kata Bambang usai rapat. Berikut adalah hasil lengkap rapat kerja malam ini: 1. Pertumbuhan Ekonomi APBN 2016: 5,3 % RAPBNP 2016: 5,1% 2. Inflasi APBN 2016: 4,7% RAPBNP 2016: 4% 3. Suku Bunga SPN Tiga Bulan APBN 2016: 5,5% RAPBNP 2016: 5,5% 4. Nilai Tukar APBN 2016: Rp13.900/ dolar AS USD RAPBNP 2016: Rp13.500/ dolar AS Rapat ini berlangsung dari pukul 18.50 WIB dan baru selesai pukul 22.00 WIB.</isi>
	<link>http://finance.detik.com/berita-ekonomi-bisnis/d-3227788/pemerintah-dan-dpr-rapat-3-jam-bahas-rapbn-p-2016-ini-hasilnya</link>
</artikel>