<?xml version="1.0" encoding="UTF-8" standalone="yes"?>
<artikel xmlns:xsi="http://www.w3.org/2001/XMLSchema-instance">
	<id>EKO_EM_09_366</id>
	<judul>Bunga Penjaminan LPS Turun 0,25%</judul>
	<tanggal>13/05/16</tanggal>
	<kata_kunci>Bunga Penjaminan LPS</kata_kunci>
	<isi>Lembaga Penjamin Simpanan (LPS) telah melakukan penetapan tingkat bunga penjaminan untuk simpanan dalam rupiah dan valuta asing (valas) di Bank Umum serta untuk simpanan dalam rupiah di Bank Perkreditan Rakyat. Tingkat Bunga Penjaminan ditetapkan turun 25 bps atau 0,25% dan berlaku efektif mulai tanggal 15 Mei 2016 sampai dengan 14 September 2016 dengan rincian sebagai berikut: Bank Umum Rupiah: 7,0% Valas: 0,75% Perkreditan Rakyat Rupiah: 9,50% Menurut Sekretaris LPS, Samsu Adi Nugroho, penurunan Tingkat Bunga Penjaminan sebesar 25 bps dipandang sejalan dengan perkembangan indikator ekonomi makro dan likuiditas perbankan yang secara umum mengalami peningkatan. "Nilai tukar rupiah cenderung menguat, didorong oleh turunnya ketidakpastian di pasar keuangan global dan masuknya dana asing ke pasar keuangan domestik," katanya dalam keterangan tertulis, Jumat (13/5/16). Sementara inflasi pada April 2016 kembali menurun dan diperkirakan akan berada pada rentang sasaran kebijakan moneter pada tahun ini. Pelonggaran kebijakan yang dilakukan oleh otoritas moneter serta percepatan realisasi belanja pemerintah telah mendorong perbaikan likuiditas perbankan yang terlihat dari penurunan suku bunga simpanan dan suku bunga pinjaman antarbank. Sesuai ketentuan LPS, apabila suku bunga simpanan yang diperjanjikan antara bank dengan nasabah penyimpan melebihi Tingkat Bunga Penjaminan simpanan, maka simpanan nasabah dimaksud menjadi tidak dijamin. Berkenaan dengan hal tersebut, bank diharuskan untuk memberitahukan kepada nasabah penyimpan mengenai Tingkat Bunga Penjaminan simpanan yang berlaku dengan menempatkan informasi dimaksud pada tempat yang mudah diketahui oleh nasabah penyimpan. Sejalan dengan tujuan untuk melindungi nasabah dan memperluas cakupan tingkat bunga penjaminan, LPS menghimbau agar perbankan lebih memperhatikan ketentuan tingkat bunga penjaminan simpanan dalam rangka penghimpunan dana. "Dalam menjalankan usahanya, bank hendaknya memperhatikan kondisi likuiditas ke depan. Dengan demikian, bank diharapkan dapat mematuhi ketentuan pengelolaan likuiditas perekonomian oleh Bank Indonesia, serta pengaturan dan pengawasan perbankan oleh Otoritas Jasa Keuangan," ujarnya.</isi>
	<link>http://finance.detik.com/moneter/d-3209449/bunga-penjaminan-lps-turun-025</link>
</artikel>