<?xml version="1.0" encoding="UTF-8" standalone="yes"?>
<artikel xmlns:xsi="http://www.w3.org/2001/XMLSchema-instance">
	<id>EKO_EM_09_37</id>
	<judul>Proyeksi Pertumbuhan Ekonomi Indonesia Hanya 5,1 Persen</judul>
	<tanggal>29/09/16</tanggal>
	<kata_kunci>Pertumbuhan Ekonomi Indonesia</kata_kunci>
	<isi>Bank Pembangunan Asia (ADB) memangkas proyeksi pertumbuhan ekonomi Indonesia tahun ini dari semula 5,2 persen menjadi 5,1 persen. Menurut Wakil Kepala Perwakilan ADB di Indonesia Sona Shrestha, penyesuaian proyeksi itu merefleksikan belanja investasi yang lebih rendah daripada proyeksi sebelumnya. "Belanja pemerintah untuk infrastruktur mengalami percepatan pada paro kedua tahun ini sejalan dengan pola tahunan kenaikan pengeluaran menjelang akhir tahun. Namun, secara keseluruhan, investasi dan konsumsi pemerintah akan lebih rendah daripada perkiraan sebelumnya karena rendahnya realisasi pendapatan," paparnya di Jakarta kemarin (27/9). Menurut Sona, pemerintah perlu mempertimbangkan berbagai langkah untuk menghadapi risiko terhadap prospek pertumbuhan jika anggaran dipotong. Dampak lain, keterlambatan realisasi berbagai proyek infrastruktur. Meski begitu, Sona mengungkapkan bahwa investasi swasta bakal memperoleh manfaat dengan diterapkannya serangkaian paket reformasi kebijakan yang telah diumumkan pemerintah. Salah satu perbaikan penting adalah dibukanya peluang penanaman modal asing bagi 35 industri tambahan. Juga, proses izin usaha yang telah disederhanakan secara signifikan. Selain itu, lanjut Sona, pihaknya mencatat adanya kelemahan di pasar tenaga kerja yang dapat melemahkan kepercayaan konsumen. Berdasar laporan ADB terbaru, telah terjadi penurunan jumlah pekerjaan hingga Februari 2016 bila dibandingkan dengan tahun sebelumnya. Namun, jumlah pekerjaan di pedesaan meningkat. "Meski sektor pertanian di pedesaan mampu menyerap lebih banyak tenaga kerja karena keterlambatan musim panen, pasar tenaga kerja bagi pekerja berpendidikan mengalami stagnasi upah dengan makin banyaknya lulusan pendidikan tinggi yang mengambil pekerjaan yang tidak memerlukan kualifikasi setinggi mereka," ungkapnya. Namun, Sona menyatakan bahwa kondisi ekonomi secara keseluruhan masih tumbuh tahun ini. Hal itu terkait dengan reformasi kebijakan serta membaiknya pertumbuhan perekonomian negara-negara industri utama. "Di tengah situasi yang sulit, ekonomi Indonesia tetap tumbuh sehat tahun ini," tandasnya.</isi>
	<link>http://www.jpnn.com/read/16/09/29/470586/Proyeksi-Pertumbuhan-Ekonomi-Indonesia-Hanya-51-Persen-</link>
</artikel>