<?xml version="1.0" encoding="UTF-8" standalone="yes"?>
<artikel xmlns:xsi="http://www.w3.org/2001/XMLSchema-instance">
	<id>EKO_EM_09_371</id>
	<judul>Pasar Industri Keuangan Syariah di RI Masih Rendah</judul>
	<tanggal>24/02/16</tanggal>
	<kata_kunci>Industri Keuangan Syariah</kata_kunci>
	<isi>Industri keuangan syariah masih sulit berkembang di Indonesia, walaupun potensi yang ditargetkan masih sangat besar. Tercatat, pangsa pasar yang berhasil diraup belum mencapai target yang ditetapkan, yakni 5%. "Pangsa pasar masih di bawah target, yaitu 5%," kata Ketua Dewan Syariah Nasional (DSN) Majelis Ulama Indonesia (MUI) Makruf Amin, dalam acara sosialisasi empat fatwa baru DSN, di kantor pusat Bank Syariah Mandiri (BSM), Jakarta, Rabu (24/2/16). Hal ini menjadi tantangan tersendiri bagi industri keuangan untuk tumbuh lebih cepat. Meskipun diketahui periode 2015, ekonomi Indonesia tengah mengalami perlambatan. Sehingga penetrasi yang dilakukan cukup terbatas. "Kita masih optimis untuk mencapai target 5%, meskipun di tengah ekonomi yang genting pada tahun lalu, termasuk memberikan dampak terhadap sektor keuangan syariah," jelasnya. Pada kesempatan yang sama, Ketua Asosiasi Perbankan Syariah Indonesia (Asbisindo) Agus Sudiarto menyatakan, tantangan makro ekonomi memang tidak bisa terelakkan. Pada 2015, pertumbuhan ekonomi hanya mencapai 4,79% atau lebih rendah dibandingkan tahun-tahun sebelumnya yang di atas 5%, bahkan mencapai 6%. "Tantangan sedang besar, di satu sisi makro ekonomi tidak begitu cepat seperti tahun-tahun sebelumnya. Dan di dalam industri juga ada beberapa pekerjaan rumah yang belum terselesaikan," kata Agus. Pasar industri keuangan syariah di Indonesia menjadi perhatian bagi negara-negara tetangga sejak diberlakukannya Masyarakat Ekonomi ASEAN (MEA). Menurut Agus, bank konvensional dalam negeri sepertinya mampu head to head dengan negara tetangga. Sedangkan bank syariah masih belum. "Perbankan syariah kita memang belum besar, tapi perbankan di negara Malaysia dan lainnya sudah mulai membidik pasar dalam negeri kita. Seharusnya kita harus siap," ujarnya.</isi>
	<link>https://finance.detik.com/moneter/d-3150121/pasar-industri-keuangan-syariah-di-ri-masih-rendah</link>
</artikel>