<?xml version="1.0" encoding="UTF-8" standalone="yes"?>
<artikel xmlns:xsi="http://www.w3.org/2001/XMLSchema-instance">
	<id>EKO_EM_09_372</id>
	<judul>BI Pangkas Proyeksi Ekonomi di Kisaran 5-5,4%, Ini Tanggapan Darmin</judul>
	<tanggal>23/05/16</tanggal>
	<kata_kunci>Proyeksi Ekonomi</kata_kunci>
	<isi>Bank Indonesia (BI) memangkas proyeksi pertumbuhan ekonomi tahun ini, dari 5,2%-5,6% menjadi 5%-5,4%. Revisi ke bawah pertumbuhan ekonomi ini dinilai wajar dalam kondisi makro ekonomi saat ini. "Memang kalau dilihat dari keuangannya sebetulnya, misalnya berapa sih pertumbuhan kreditnya, memang kelihatan agak lambat, saya tidak surprise kalau dilihat dari pendekatan keuangan sekarang ini, kemudian arahnya (pertumbuhan ekonomi) dikoreksinya sedikit ke bawah," ujar Menteri Koordinator Perekonomian Darmin Nasution, di Balai Kartini, Jakarta, Senin (23/5/16). Meski demikian, kata Darmin, di sektor riil, pembangunan infrastruktur terus berjalan. Ini menunjukkan jika ekonomi Indonesia terus bergerak. "Tetapi kalau dilihat dari pendekatan sektor riilnya bahwa pembangunan infrastruktur itu jalan. Pemerintah punya program untuk mendorong sektor riilnya, industrinya, perikanannya, pariwisatanya," ucap dia. Dengan pembangunan tersebut, Darmin berharap, pertumbuhan ekonomi di tahun depan akan meningkat sehingga tidak perlu ada revisi ke bawah pertumbuhan ekonomi di tahun 2017. "Kalau dilihat dari arah situ, 2017 tidak mesti di-adjust ke bawah," imbuhnya.</isi>
	<link>http://finance.detik.com/ekonomi-bisnis/3215552/bi-pangkas-proyeksi-ekonomi-di-kisaran-5-54-ini-tanggapan-darmin</link>
</artikel>