<?xml version="1.0" encoding="UTF-8" standalone="yes"?>
<artikel xmlns:xsi="http://www.w3.org/2001/XMLSchema-instance">
	<id>EKO_EM_09_373</id>
	<judul>Rupiah Menguat, Menkeu: Persepsi ke Indonesia Lagi Bagus-bagusnya</judul>
	<tanggal>11/02/16</tanggal>
	<kata_kunci>Rupiah Menguat</kata_kunci>
	<isi>Nilai tukar dolar Amerika Serikat (AS) sempat melemah terhadap banyak mata uang Asia. Rupiah termasuk salah satu yang naik tinggi terhadap mata uang Paman Sam. Menteri Keuangan Bambang Brodjonegoro mengatakan, penguatan rupiah itu terjadi karena faktor internal dan eksternal. Faktor eksternal adalah ketidakpastian bank sentral Amerika Serikat (AS), The Federal Reserve (The Fed), soal kenaikan suku bunga. "Ya dua-duanya (internal dan eksternal), intinya kalau saya lihat persepsi terhadap Indonesia saat ini sedang bagus-bagusnya karena di antara banyak emerging ekonomi, Indonesia dianggap salah satu yang paling tidak manajemen makro ekonominya relatif prudent stabil," kata Bambang di kantornya, Jakarta Pusat, Kamis (11/2/16). "Kita juga tidak terlalu terekspos dengan turunnya harga minyak. Jadi itu berpengaruh terhadap semua tidak hanya rupiah tapi variabel makro ekonomi kita," ujarnya. Pada perdagangan hari ini, rupiah kembali menguat terhadap dolar AS. Posisi The Greenback bisa ditekan hingga ke kisaran Rp 13.300 dari posisi kemarin di atas Rp 13.400.</isi>
	<link>http://finance.detik.com/bursa-dan-valas/d-3139492/rupiah-menguat-menkeu-persepsi-ke-indonesia-lagi-bagus-bagusnya</link>
</artikel>