<?xml version="1.0" encoding="UTF-8" standalone="yes"?>
<artikel xmlns:xsi="http://www.w3.org/2001/XMLSchema-instance">
	<id>EKO_EM_09_375</id>
	<judul>Gubernur BI: Negara Lain Tertekan Karena Brexit, RI Tidak</judul>
	<tanggal>11/07/16</tanggal>
	<kata_kunci>Brexit RI</kata_kunci>
	<isi>Fenomena keluarnya Inggris dari European Union (EU) atau Uni Eropa atau yang lebih dikenal dengan istilah Brexit, berdampak pada ketidakpastian ekonomi global yang mengganggu pertumbuhan ekonomi beberapa negara. Kendati demikian, menurut Gubernur Bank Indonesia (BI), Agus Martowardojo, sentimen negatif dari Brexit hampir tak berdampak signifikan pada makro ekonomi Indonesia. "Ketika kondisi global melemah termasuk rencana Inggris keluar dari EU sebenarnya tekanan buat banyak negara. Tapi buat Indonesia kita bisa terjaga," katanya ditemui usai halalbihalal di kantor BI, Jalan MH Thamrin, Jakarta, Senin (11/7/16). Agus menilai, selain fundamental ekonomi Indonesia yang kuat, disetujuinya UU Tax Amnesty serta APBN-P 2016 oleh DPR, membuat gonjang-ganjing ekonomi dalam negeri bisa terkendali. "Kita lihat hal ini akibat fundamental ekonomi kita yang baik, dan juga ada tax amnesty yang UU-nya baru saja disetujui, ada APBN-P yang juga sudah disetujui," ucap Menteri Keuangan era Presiden SBY tersebut. Bahkan, lanjut dia, sentimen positif pada ekonomi Indonesia di tengah isu Brexit, ditunjukkan dengan derasnya dana asing yang masuk ke pasar keuangan domestik. Kondisi ini membuat rupiah semakin stabil. "Kita tahu minggu lalu ada info terkait lapangan kerja di AS yang menunjukkan perbaikan, yang biasanya membuat tekanan pada nilai tukar negara berkembang. Tapi, tadi pagi kita lihat rupiah menunjukkan penguatan, artinya cukup banyak dana masuk ke Indonesia, dan banyak korporasi melepas valuta asingnya," terang Agus.</isi>
	<link>http://finance.detik.com/moneter/d-3250747/gubernur-bi-negara-lain-tertekan-karena-brexit-ri-tidak</link>
</artikel>