<?xml version="1.0" encoding="UTF-8" standalone="yes"?>
<artikel xmlns:xsi="http://www.w3.org/2001/XMLSchema-instance">
	<id>EKO_EM_09_376</id>
	<judul>Proyeksi Ekonomi RI Dipangkas Jadi 4,9%, Menkeu: IMF Dari Dulu Konservatif</judul>
	<tanggal>17/03/16</tanggal>
	<kata_kunci>Proyeksi Ekonomi RI</kata_kunci>
	<isi>International Monetary Fund (IMF) memangkas proyeksi pertumbuhan ekonomi pada 2016, menjadi 4,9%. Ini jauh lebih rendah dari proyeksi pemerintah dalam Anggaran Pendapatan dan Belanja Negara (APBN), yakni 5,3%. Bahkan bila melihat proyeksi dari Bank Indonesia (BI) yang sebesar 5,4%, tentu rentangnya lebih tinggi lagi. Menteri Keuangan Bambang Brodjonegoro menilai, poyeksi dari IMF sangat konservatif. Pada tahun-tahun sebelumnya, IMF juga cenderung memproyeksi perekonomian Indonesia juga lebih rendah dari target yang ditetapkan. "IMF dari dulu konservatif, ya biasalah itu," ungkapnya, di Gedung DPR, Jakarta, Kamis (17/3/16). Meski demikian, IMF sepakat dengan kebijakan yang sudah diambil oleh pemerintahan Presiden Joko Widodo (Jokowi). Di mana mengurangi belanja energi untuk yang lebih produktif, seperti belanja infrastruktur. "Yang penting dia memuji manajemen sistem makro ekonomi kita. Itu lebih penting dari sekadar pertumbuhan ekonomi," paparnya. Faktor pendorong ekonomi terbesar tahun ini, tetap adalah konsumsi rumah tangga. Di samping itu, investasi juga akan mengalir deras, seiring dengan perbaikan yang dilakukan pemerintah terhadap iklim berusaha. "Faktornya sekarang kita lebih dorong investasi swasta masuk," imbuhnya. Pada kuartal I-2016, Bambang memproyeksikan perekonomian Indonesia masih relatif rendah. Tidak berbeda jauh dari tren di tahun-tahun sebelumnya. "Kuartal I belum terlalu terasa. Kemungkinan kuartal II sampai IV ada perbaikan di pertumbuhan ekonomi," tegas Bambang.</isi>
	<link>http://finance.detik.com/berita-ekonomi-bisnis/d-3167236/proyeksi-ekonomi-ri-dipangkas-jadi-49-menkeu-imf-dari-dulu-konservatif</link>
</artikel>