<?xml version="1.0" encoding="UTF-8" standalone="yes"?>
<artikel xmlns:xsi="http://www.w3.org/2001/XMLSchema-instance">
	<id>EKO_EM_09_382</id>
	<judul>Realisasi APBN Kuartal I-2016: Rupiah Menguat, Harga Minyak Dunia Anjlok</judul>
	<tanggal>11/04/16</tanggal>
	<kata_kunci>APBN Kuartal I-2016</kata_kunci>
	<isi>Pemerintah melalui Kementerian Keuangan (Kemenkeu) menyampaikan realisasi Anggaran Pendapatan dan Belanja Negara (APBN) pada kuartal I-2016, yakni periode Januari-Maret. Untuk komponen asumsi makro ekonomi, nilai tukar rupiah mengalami penguatan dibandingkan asumsi dalam APBN. Kondisi ini berbeda jauh dengan harga minyak dunia yang lebih rendah dari ketetapan asumsi makro. Inflasi mampu terkendali pada batas yang wajar. "Kalau melihat kondisi kuartal I, sebenarnya ada beberapa komponen yang realisasinya mengalami perubahan," kata Bambang di depan anggota dewan di Gedung DPR, Jakarta, Senin (11/4/16). Berikut realisasi asumsi makro ekonomi pada kuartal I-2016 Inflasi 4,45% (yoy) - APBN 2016 adalah 4,7% Kurs Rp 13.527/US$ - APBN 2016 adalah Rp 13.900/US$ SPN 3 bulan 5,9% - APBN 2016 adalah 5,5% ICP US$ 30,2 per barel - APBN 2016 adalah US$ 50 per barel Minyak 785,2 ribu barel per hari - APBN 2016 adalah 830 ribu barel per hari Gas 1,2 juta barel setara minyak - APBN 2016 adalah 1,1 juta barel setara minyak "Minyak mengalami produksi yang tidak baik seiring dengan penurunan harga tapi gas cukup bagus dengan realisasi yang lebih tinggi," ujar Bambang. Sementara untuk pertumbuhan ekonomi, Bambang masih menunggu hasil resmi dari Badan Pusat Statistik (BPS). Target selama 2016 adalah 5,3%. "Kita menunggu rilis resmi dari BPS," tegasnya.</isi>
	<link>http://finance.detik.com/berita-ekonomi-bisnis/d-3184744/realisasi-apbn-kuartal-i-2016-rupiah-menguat-harga-minyak-dunia-anjlok</link>
</artikel>