<?xml version="1.0" encoding="UTF-8" standalone="yes"?>
<artikel xmlns:xsi="http://www.w3.org/2001/XMLSchema-instance">
	<id>EKO_EM_09_384</id>
	<judul>Ini Alasan Dolar AS Anjlok ke Rp 13.300</judul>
	<tanggal>10/02/16</tanggal>
	<kata_kunci>Dolar AS</kata_kunci>
	<isi>Dolar Amerika Serikat (AS) terus bergerak melemah hari ini hingga menembus level terendahnya di Rp 13.361. Pelemahan dolar AS terjadi sejak tadi pagi. Berdasarkan data perdagangan Reuters, dolar AS pagi tadi dibuka melemah ke Rp 13.581, dibandingkan posisi kemarin di Rp 13.602. Ekonom Destry Damayanti menilai, pelemahan dolar AS terjadi karena investor melihat data-data makro ekonomi AS yang tidak memuaskan. Melihat hal tersebut, investor memandang jika negeri adidaya tersebut belum akan memasuki masa recovery atau perbaikan ekonomi. Hal ini membuat dolar AS tertekan terhadap rupiah. Tak hanya itu, dolar AS juga melemah terhadap mata uang di negara-negara Asia lainnya. "Karena sebenarnya gini, faktornya sama lah global sama domestik. Kan tadinya ekspektasinya Amerika ekonominya cepat pulih, ternyata kan data-data menunjukkannya beda. Kayak kemarin pertumbuhan (Amerika) di kuartal IV tak sebagus yang diperkirakan, kemudian jumlah penciptaan lapangan kerja, manufacturing-nya tidak sebagus yang diperkirakan orang. Akibatnya mereka semua mikir, oh ini recovery masih lama nih, terus juga bunga mungkin nggak akan naik cepat," jelas dia saat ditemui di Kampus UI Salemba, Jakarta, Rabu (10/2/16). Di sisi lain, Destry mengatakan, perekonomian Indonesia mulai meunjukkan tanda-tanda pemulihan. Hal tersebut bisa dilihat dari pertumbuhan ekonomi yang telah dirilis Badan Pusat Statistik (BPS) beberapa waktu lalu. Meskipun secara full year 2015, ekonomi Indonesia tumbuh melambat ke 4,79% dibandingkan tahun 2014 yang mencapai 5,02%, namun di kuartal IV-2015, pertumbuhan ekonomi Indonesia naik tinggi ke 5,04%. Hal ini menjadi sentimen positif bagi Indonesia, khususnya terhadap nilai tukar. "Nah di satu sisi dia melihat Indonesia punya growth story, pertumbuhan kita tahun 2015 kan better than expected, terus juga kalau kita lihat beberapa data leading indicator kan menunjukkkan suatu tren mulai naik," terang dia. Di samping itu, banyak kebijakan pemerintah yang juga memberikan sentimen positif di pasar keuangan Indonesia. Ini menjadi dorongan tersendiri bagi perekonomian Indonesia, khususnya rupiah. "Termasuk juga policy kita sudah konsisten dengan perkembangan yang ada, jadi menunjukkan betapa prudent nya regulator Indonesia," pungkasnya. Hingga siang ini, dolar AS bergerak di Rp 13.405. Dari pembukaan pagi tadi hingga siang ini, mata uang Paman Sam tersebut sudah merosot 1,3%.</isi>
	<link>http://finance.detik.com/bursa-dan-valas/d-3138530/ini-alasan-dolar-as-anjlok-ke-rp-13300</link>
</artikel>