<?xml version="1.0" encoding="UTF-8" standalone="yes"?>
<artikel xmlns:xsi="http://www.w3.org/2001/XMLSchema-instance">
	<id>EKO_EM_09_388</id>
	<judul>Ekonomi Dibidik Tumbuh 5,3-5,9% di 2017, Sudah Dibantu Efek Tax Amnesty</judul>
	<tanggal>26/05/16</tanggal>
	<kata_kunci>Tax Amnesty</kata_kunci>
	<isi>Pemerintah telah mengajukan asumsi makro ekonomi untuk Rancangan Anggaran Pendapatan dan Belanja Negara (APBN) 2017. Asumsi tersebut sudah sekaligus menyertakan dampak dari pemberlakuan pengampunan pajak atau tax amnesty pada tahun ini. "Sudah (masuk)," kata Menteri Keuangan Bambang Brodjonegoro usai mengikuti sidang paripurna. Di Gedung Dewan Perwakilan Rakyat (DPR), Jakarta, Kamis (26/5/16). Bambang tidak menjelaskan lebih lanjut rincian pengaruh tax amnesty terhadap komponen asumsi makro. Akan tetapi ini sudah tergambar pada rentang asumsi yang ditetapkan. "Range saja," tegasnya. Diketahui, tiga komponen yang terkena dampak tax amnesty adalah pertumbuhan ekonomi yang diasumsikan 5,3-5,9%, Inflasi 4±1% dan nilai tukar rupiah Rp 13.650-13.900/dolar AS. Sebelumnya, dalam perhitungan Bank Indonesia (BI), kebijakan tax amnesty akan membawa dana asing kembali ke tanah air. Ini yang memberikan pengaruh terhadap ketiga komponen tersebut. Dengan perkiraan repatriasi dana Rp 560 triliun, pertumbuhan ekonomi akan bertambah 0,3%, inflasi naik 0,3% dan nilai tukar rupiah akan menguat Rp 120/dolar AS.</isi>
	<link>https://finance.detik.com/ekonomi-bisnis/3218527/ekonomi-dibidik-tumbuh-53-59-di-2017-sudah-dibantu-efek-tax-amnesty</link>
</artikel>