<?xml version="1.0" encoding="UTF-8" standalone="yes"?>
<artikel xmlns:xsi="http://www.w3.org/2001/XMLSchema-instance">
	<id>EKO_EM_09_389</id>
	<judul>Target Pertumbuhan Ekonomi Tahun Depan Masih di Bawah 6%</judul>
	<tanggal>20/05/16</tanggal>
	<kata_kunci>Pertumbuhan Ekonomi</kata_kunci>
	<isi>Tahun depan pemerintah memasang target pertumbuhan ekonomi pada kisaran 5,3-5,9%. Pertumbuhan ekonomi masih ditargetkan di bawah 6%, karena masih adanya sejumlah tantangan. "Dalam beberapa tahun terakhir, pertumbuhan ekonomi global masih emnunjukkan kinerja yang melambat, sebagai akibat dari proses pemulihan di negara-negara maju yang belum optimal, serta perlambatan ekonomi di beberapa negara berkembang," kata Menteri Keuangan, Bambang Brodjonegoro. Hal ini disampaikan Bambang, saat pidato di Sidang Paripurna DPR, membahas pokok-pokok pembicaraan pendahuluan RAPBN tahun anggaran 2017, Jumat (20/5/16). Berikut asumsi makro yang disampaikan pemerintah untuk pembahasan RAPBN 2017: Pertumbuhan ekonomi 5,3-5,9% Inflasi 4% plus minus 1% Nilai tukar rupiah Rp 13.650-Rp 13.900/US$ Harga minyak US$ 35-45 per barel Lifting minyak 740-760 ribu barel per hari Lifting gas 1,05 juta-1,15 juta barel setara minyak per hari Sidang paripurna dimulai pada pukul 10.20 WIB dan dipimpin oleh Wakil Ketua DPR RI Taufik Kurniawan serta dihadiri oleh 301 angggota dewan. Sidang Paripurna ini juga dihadiri oleh Wakil Menteri Keuangan Mardiasmo, Kepala Badan Kebijakan Fiskal Suahasil Nazara, Dirjen Bea Cukai Heru Pambudi, Staf Ahli Makro Ekonomi Kementerian Keuangan Andin Hadiyanto.</isi>
	<link>https://finance.detik.com/ekonomi-bisnis/3214298/target-pertumbuhan-ekonomi-tahun-depan-masih-di-bawah-6</link>
</artikel>