<?xml version="1.0" encoding="UTF-8" standalone="yes"?>
<artikel xmlns:xsi="http://www.w3.org/2001/XMLSchema-instance">
	<id>EKO_EM_09_390</id>
	<judul>Sri Mulyani Tak Mau APBN Direvisi di Tengah Jalan Karena Target Ketinggian</judul>
	<tanggal>08/09/16</tanggal>
	<kata_kunci>Sri Mulyani APBN</kata_kunci>
	<isi>Situasi berulang terjadi dalam beberapa tahun terakhir. Saat pertumbuhan ekonomi yang diasumsikan dalam perencanaan Anggaran Pendapatan dan Belanja Negara (APBN) harus dikoreksi ke bawah di pertengahan tahun. Menteri Keuangan, Sri Mulyani Indrawati, tidak ingin hal itu kembali terulang pada tahun depan. Asumsi pertumbuhan ekonomi 5,1% di 2017, diharapkan dapat terealisasi atau bahkan di atas target pada akhir tahun nanti. "Saya sangat setuju, yang kita nggak ingin ulangi ada revisi pemotongan ke bawah," ujarnya, dalam rapat dengan Komisi XI di Gedung DPR, Jakarta, Rabu malam (7/9/16). Walaupun sebenarnya tidak tertutup kemungkinan ada kondisi yang luar biasa dari perekonomian global, dan memaksa ekonomi Indonesia tumbuh di bawah harapan. Sri Mulyani tetap optimistis kondisi perekonomian akan selalu kondusif, terutama yang berada dalam kontrol pemerintah. "Kalau pun revisi, saya harapkan ada revisi ke atas," jelasnya. Revisi asumsi pertumbuhan ekonomi saat pertengahan tahun akan berpengaruh signifikan terhadap komponen lain, khususnya penerimaan negara. Ini berarti pemerintah juga harus menyesuaikan dengan belanja negara dan pembiayaan. Selisih yang cukup jauh seringkali menjadi sorotan masyarakat, khususnya investor. Tidak jarang muncul keraguan dari investor akan kredibilitas pemerintah dalam pengelolaan APBN ketika ada revisi. "Kalau ada revisi ke atas, adalah revisi kalau kondisi lebih baik karena itu akan berikan kepastian kepada daerah dna dunia usaha serta masyarakat," ungkap Sri Mulyani. Komposisi asumsi makro ekonomi yang tepat, menurut Sri Mulyani, akan mengantarkan kepada postur penerimaan dan belanja yang realistis. Walaupun upaya untuk mengejar penerimaan tetap akan dijalankan. "Saya akan tetap usahakan penerimaan perpajakan akan tetap maksimal. Saya setiap Minggu berhubungan langsung dengan seluruh Kakanwil dan Pak Ken (Dirjen Pajak). Kami lihat satu persatu berapa target dan pertambahannya. Ini tunjukkan bahwa kami sangat serius untuk kejar target. Dan termasuk Bea Cukai dan PNBP (penerimaan negara bukan pajak) tetap faktor-faktor yang terus kami perhatikan dan kelola dengan baik," terangnya.</isi>
	<link>http://finance.detik.com/berita-ekonomi-bisnis/d-3293606/sri-mulyani-tak-mau-apbn-direvisi-di-tengah-jalan-karena-target-ketinggian</link>
</artikel>