<?xml version="1.0" encoding="UTF-8" standalone="yes"?>
<artikel xmlns:xsi="http://www.w3.org/2001/XMLSchema-instance">
	<id>EKO_EM_09_391</id>
	<judul>Darmin Sebut Proyeksi Pertumbuhan Ekonomi 2017 5,1% Bagus</judul>
	<tanggal>09/09/16</tanggal>
	<kata_kunci>Pertumbuhan Ekonomi 2017</kata_kunci>
	<isi>Pemerintah, Bank Indonesia (BI), dan DPR menyepakati asumsi pertumbuhan ekonomi dalam Rancangan Anggaran Pendapatan dan Belanja Negara (RAPBN) 2017 sebesar 5,1%. Pertumbuhan sebesar itu lebih rendah dari Anggaran Pendapatan dan Belanja Negara Perubahan (APBN-P) 2016 yang sebesar 5,2%. Selain itu, juga lebih rendah dari usulan pemerintah yaitu 5,3%. Namun, Menteri Koordinator Bidang Perekonomian, Darmin Nasution, menyebut asumsi pertumbuhan tersebut sudah tepat dan masih lebih bagus dari perkiraan pertumbuhan ekonomi di 2016. "Paling tidak, tidak turun dari perkiraan tahun ini. Walau sebetulnya, paling bergantung pada tax amnesty ini berjalan. Kalau tidak, kalau dia bagus, bisa dinaikkan di atas 5,1% sebetulnya. Kalau tidak cukup bagus, 5,1% pun sudah bagus," kata Darmin di kantornya, Jalan Lapangan Banteng, Jakarta, Jumat (9/9/16). Pada kesempatan tersebut, lanjutnya, revisi atas target penerimaan repatriasi masih belum perlu dilakukan, lantaran masih banyak wajib-wajib pajak besar yang belum mendaftar amnesti pajak. "Mau direvisi atau tidak, realisasinya berapa kan tidak bisa diprediksi juga. Terus oleh Menteri Keuangan dan Direktorat Jenderal Pajak itu terus mengembangkan, merumuskan upaya-upaya, mengundang dan menghubungi wajib pajak besar. Ini masih berjalan, jangan buru-buru (revisi)," papar Darmin. Sebelumnya, rapat antara pemerintah, BI, dan DPR menyepakati asumsi makro dalam RAPBN 2017, sebagai berikut: Pertumbuhan ekonomi 5,1% (sebelumnya diusulkan 5,3%) Inflasi 4% Nilai tukar rupiah Rp 13.300/US$ Suku bunga Surat Perbendaharaan Negara (SPN) 3 bulan adalah 5,3% Selain itu disepakati pula tingkat pengangguran 5,6%, kemiskinan 10,5%. Kemudian, Gini Ratio 0,39, dan Indeks Pembangunan Manusia (IPM) 70,1.</isi>
	<link>http://finance.detik.com/berita-ekonomi-bisnis/d-3294944/darmin-sebut-proyeksi-pertumbuhan-ekonomi-2017-51-bagus</link>
</artikel>