<?xml version="1.0" encoding="UTF-8" standalone="yes"?>
<artikel xmlns:xsi="http://www.w3.org/2001/XMLSchema-instance">
	<id>EKO_EM_09_393</id>
	<judul>APBN 2017 Disusun Realistis, Tak Ada Lagi Pelebaran Defisit Mendadak</judul>
	<tanggal>22/09/16</tanggal>
	<kata_kunci>APBN 2017</kata_kunci>
	<isi>Pemerintah merancang Anggaran Pendapatan dan Belanja Negara (APBN) 2017 lebih realistis. Baik dari sisi asumsi makro ekonomi hingga postur anggaran, sehingga diyakini tidak ada lagi hal yang mendebarkan di akhir tahun depan. Demikianlah diungkap Kepala Badan Kebijakan Fiskal (BKF) Kementerian Keuangan Suahasil Nazara di Gedung DPR, Jakarta, Kamis (22/9/16). Pada tahun ini, kondisi APBN memang agak mengkhawatirkan. Target penerimaan yang terlalu tinggi diproyeksi tidak tercapai, sehingga pemerintah mengambil langkah pemangkasan serta pelebaran defisit dari yang tadinya 1,9% terhadap PDB, bergeser ke 2,35 dan diproyeksi akan mencapai 2,7%. "Jadi karena itu sangat reasonable untuk dijalankan. Target defisit 2,41%, jadi enggak akan ada pelebaran (defisit) yang kaget-kagetan," ujar Suahasil. Tahun depan, khusus untuk penerimaan pajak non minyak dan gas bumi (non migas) adalah Rp 1.271,7 triliun. Angka tersebut lebih rendah dari target tahun ini yang sebesar Rp 1.318,9 triliun. Kemudian untuk bea cukai ditargetkan tahun depan sebesar Rp 191,2 triliun atau sedikit lebih tinggi dari target 2016 sebesar Rp 184 triliun. Berbagai langkah telah disiapkan oleh Direktorat Jenderal Pajak (Ditjen Pajak) dan Direktorat Jenderal Bea Cukai (DJBC) agar target bisa tercapai dan tidak menjadi risiko seperti tahun ini. "Kita harus memastikan penerimaan tercapai. Kemarin yang sudah disampaikan Dirjen Pajak, Dirjen Bea Cukai strategi yang mau dilakukan, itu harus dilakukan dengan benar, dengan sungguh-sungguh," tegas Suahasil.</isi>
	<link>http://finance.detik.com/berita-ekonomi-bisnis/d-3304513/apbn-2017-disusun-realistis-tak-ada-lagi-pelebaran-defisit-mendadak</link>
</artikel>