<?xml version="1.0" encoding="UTF-8" standalone="yes"?>
<artikel xmlns:xsi="http://www.w3.org/2001/XMLSchema-instance">
	<id>EKO_EM_09_394</id>
	<judul>Uang Rp 9.400 Triliun 'Terbang' dari China Tahun Lalu</judul>
	<tanggal>22/01/16</tanggal>
	<kata_kunci>Uang China</kata_kunci>
	<isi>Sepanjang tahun lalu, dana senilai US$ 676 miliar, atau sekitar Rp 9.400 triliun lebih keluar dari negeri China. Dana ini jauh lebih besar dibandingkan yang keluar dari seluruh negara emerging market -termasuk China- pada 2014 lalu, yang nilainya US$ 111 miliar. Demikian laporan dari Institute of International Finance, yang dilansir dari CNN, Jumat (22/1/16). Jumlah dana yang keluar dari China naik tinggi pada kuartal terakhir di 2015. Ini karena investor asing mengkhawatirkan soal pelemahan ekonomi dan penurunan pasar saham di negari tirai bambu ini. Apalagi perusahaan-perusahaan di China juga mulai kesulitan untuk membayar utang luar negerinya karena pelemahan nilai tukar yuan. China diperkirakan masih akan mengalami capital outlflow atau arus dana keluar, karena kondisi makro ekonomi yang belum sehat, dan juga guncangan nilai tukar yuan. Dalam laporan tersebut, ada dana US$ 200 miliar yang keluar dari China sepanjang Agustus 2015. Akibat langkah bank sentral China, yaitu People's Bank of China, yang secara mengejutkan melakukan devaluasi atau pelemahan nilai tukar yuan. Seperti diketahui, China membatasi jumlah uang yang bisa dibawa individu ke luar negeri, yaitu US$ 50.000 per tahun. Kebijakan ini justru memicu banyaknya dana yang dibawa ke luar. Tak hanya itu, pemerintah China juga membatasi jumlah uang yang bisa ditarik warganya dari ATM di luar negeri. Arus dana yang keluar selama tahun lalu ikut menekan nilai yuan, dan membuat bank sentral China harus terus menyuntikkan dana guna menstabilkan nilai yuan. Ratusan miliar dolar sudah disuntikan oleh China untuk mengintervensi pasar uang, agar nilai yuan stabil.</isi>
	<link>http://finance.detik.com/bursa-dan-valas/d-3124355/uang-rp-9400-triliun-terbang-dari-china-tahun-lalu</link>
</artikel>