<?xml version="1.0" encoding="UTF-8" standalone="yes"?>
<artikel xmlns:xsi="http://www.w3.org/2001/XMLSchema-instance">
	<id>EKO_EM_09_396</id>
	<judul>Penyebab Rupiah Menguat, Dana Asing Masuk Rp 33 T di Awal Tahun</judul>
	<tanggal>08/02/16</tanggal>
	<kata_kunci>Rupiah Menguat</kata_kunci>
	<isi>Bank Indonesia (BI) mencatat aliran modal asing yang masuk ke sektor keuangan Indonesia mencapai Rp 33 triliun sejak awal tahun hingga sekarang. Ini membuat nilai tukar rupiah terhadap dolar Amerika Serikat (AS) menguat. Demikian diungkapkan Gubernur Bank Indonesia (BI), Agus Martowardojo, dalam jumpa pers di Kantor Pusat BI, Jakarta, Kamis (16/2/16) "Dari 1 Januari sampai dengan sekarang, itu dana masuk ke Surat Berharga Negara (SBN) maupun saham itu tercatat Rp 33 triliun ke Indonesia," jelasnya. Agus mengatakan, masuknya dana asing dikarenakan risiko pasar keuangan global yang semakin mereda, dan persepsi positif terhadap ekonomi domestik, yang tercermin pada inflasi yang terkendali dan defisit transaksi berjalan yang terus membaik. "Kami melihat persepsi yang positif terhadap ekonomi domestik," kata mantan Menteri Keuangan tersebut. Rupiah bergerak stabil dengan tren menguat. Selama kuartal IV-2015, rupiah menguat sebesar 6,27% ke level Rp 13.785/US$. Pada Januari rupiah menguat 0,1% dan ditutup di level Rp 13.775/US$. Bahkan di Februari, dolar bisa mencapai kisaran Rp 13.300 dan hari ini Rp 13.400. "Ini menunjukan bahwa para pemilik dana di luar melihat prospek ekonomi Indonesia tidak membuat khawatir, sehingga mereka siap untuk masuk ke negara dengan makro ekonomi yang punya daya tahan yang baik," pungkasnya.</isi>
	<link>http://finance.detik.com/bursa-valas/3145560/penyebab-rupiah-menguat-dana-asing-masuk-rp-33-t-di-awal-tahun</link>
</artikel>