<?xml version="1.0" encoding="UTF-8" standalone="yes"?>
<artikel xmlns:xsi="http://www.w3.org/2001/XMLSchema-instance">
	<id>EKO_EM_09_398</id>
	<judul>Peringatan Gubernur BI: Perusahaan dengan Utang Dolar Besar Harap Waspada</judul>
	<tanggal>27/01/16</tanggal>
	<kata_kunci>Gubernur BI</kata_kunci>
	<isi>Gubernur Bank Indonesia (BI), Agus Martowardojo, mengingatkan perusahaan nasional dengan jumlah utang luar negeri besar agar berhati-hati. Karena masih ada pelemahan nilai tukar rupiah akibat arus modal keluar. "Utang luar negeri korporasi masih mengkhawatirkan dan rentan terhadap risiko global," ungkap Agus, pada acara Mandiri Investment Forum (MIF) 2016 dengan tema Optimizing Private Sector and Local Goverment Contribution, di Hotel Fairmont, Jakarta, Rabu (27/1/16). Bila berkaca pada krisis 1997-1998, peningkatan utang luar negeri perusahaan menjadi salah satu risiko yang mengancam kondisi stabilitas keuangan dan perekonomian secara keseluruhan. Nilai tukar rupiah yang melemah tentu akan menambah berat pembayaran utang luar negeri dalam dolar. Agus menjelaskan, isu global yang masih menjadi perhatian investor adalah terkait rencana kenaikan suku bunga acuan Bank Sentral Amerika Serikat (AS), yaitu Federal Reserve (The Fed), serta sentimen negatif akibat pelemahan ekonomi China. "Isu naiknya Fed Fund Rate atau nada negatif China memicu outflow dana, dan membebani mata uang termasuk rupiah," ujarnya. BI akan selalu berada di pasar untuk menjaga kestabilan nilai tukar. Berbagai langkah akan ditempuh agar bisa menyeimbangkan antara dukungan terhadap pertumbuhan ekonomi dan kestabilan nilai tukar ke depannya. "BI harus terus melihat stabilitas makro ekonomi dan akomodasi permintaan domestik. Dalam konteks tersebut ini tidak bida ditentukan dari awal, tapi berdasarkan data terakhir. Kita juga terus jauhkan dari padangan keberpihakan untuk kredibilitas BI," terang Agus.</isi>
	<link>http://finance.detik.com/moneter/d-3128539/peringatan-gubernur-bi-perusahaan-dengan-utang-dolar-besar-harap-waspada</link>
</artikel>