<?xml version="1.0" encoding="UTF-8" standalone="yes"?>
<artikel xmlns:xsi="http://www.w3.org/2001/XMLSchema-instance">
	<id>EKO_EM_09_41</id>
	<judul>Ekonomi Indonesia Ungguli India dan Filipina</judul>
	<tanggal>04/11/16</tanggal>
	<kata_kunci>Ekonomi Indonesia</kata_kunci>
	<isi>Kondisi perekonomian Indonesia diyakini mulai mengungguli India dan Filipina. Selama ini, India dan Filipina menjadi negara paling menarik di Asia. Ekspor nonkomoditas Indonesia diyakini mampu mengompensasi perlambatan harga dan ekspor komoditas, serta defisit infrastruktur. Chief Economist Asia Deutsche Bank Taimur Baig menyatakan, momentum pertumbuhan Indonesia sedang membaik bila dibandingkan dengan tahun lalu. "Pada Agustus, impor tahunan nonmigas berubah positif untuk kali pertama dalam dua tahun terakhir. Produksi juga meningkat," ujarnya kemarin (3/11). Makroekonomi pun terjaga dengan tingkat inflasi sesuai target sasaran 3–5 persen. Kebijakan Bank Indonesia melonggarkan sisi moneter diyakini berlanjut dengan pemotongan suku bunga perbankan. Yield obligasi Indonesia cukup menarik sehingga arus modal masuk mengalir deras. Dampaknya, nilai tukar rupiah menguat. "Kementerian Keuangan juga menunjukkan kehati-hatian pada fiskal dan ada optimisme tentang penerimaan tax amnesty yang melebihi ekspektasi," jelas Taimur Baig. Bank Indonesia menilai aksi demo hari ini tidak berpengaruh terhadap perekonomian Indonesia. Terbukti, nilai tukar rupiah masih stabil, bahkan cenderung menguat. Kurs Jakarta Interbank Spot Dollar Rate (Jisdor) kemarin ditutup menguat ke level Rp 13.050 per USD setelah sehari sebelumnya melemah di level Rp 13.058 per USD. Deputi Gubernur Bank Indonesia (BI) Perry Warjiyo menilai, penguatan disebabkan konfidensi investor asing melihat perbaikan ekonomi Indonesia. "Rupiah stabil, bahkan menguat. Ekonomi kita juga sedang masuk dalam fase recovery sejak pertengahan tahun lalu," katanya. Penetapan suku bunga acuan Bank Sentral AS yang masih di level 0,5 persen tidak terlalu berpengaruh pada ekonomi Indonesia. Aliran dana masuk (capital inflow) ke Indonesia hingga minggu lalu tercatat Rp 157 triliun. "Bahkan, sampai akhir tahun ini, kami perkirakan dana itu terus bertambah dan tidak ada potensi dana itu keluar lagi," terangnya.</isi>
	<link>http://www.jpnn.com/read/16/11/04/478656/Ekonomi-Indonesia-Ungguli-India-dan-Filipina-</link>
</artikel>