<?xml version="1.0" encoding="UTF-8" standalone="yes"?>
<artikel xmlns:xsi="http://www.w3.org/2001/XMLSchema-instance">
	<id>EKO_EM_09_43</id>
	<judul>Kondisi Ekonomi 2017 Belum Pasti, Perusahaan Terbuka Harus Bersiap Diri</judul>
	<tanggal>21/10/16</tanggal>
	<kata_kunci>Ekonomi 2017</kata_kunci>
	<isi>Ekonomi Indonesia pada 2017 diprediksi masih dalam kondisi tidak pasti. Itu pula sebabnya seluruh perusahaan terbuka (Tbk) yang melantai di bursa diminta menyiapkan berbagai langkah antisipasi menghadapi kondisi tersebut. "Perusahaan-perusahaan yang sudah ‎go public harus menyiapkan diri. Situasi ekonomi kita tahun depan belum pasti, apakah membaik atau lebih buruk," kata Wakil Ketum Asosiasi Emiten Indonesia (AEI) Theo Lekatompessy dalam Anugerah Perusahaan Tbk. Indonesia III 2016 di Balai Kartini, Jumat (21/10). Ia menambahkan, ketidakpastian ekonomi tahun depan bisa dilihat dari sisi makro, regulasi dan politik. Termasuk faktor penting yang menentukan perekonomian tahun depan adalah subsidi bahan bakar minyak (BBM) untuk industri dan kebijakan pengetatan anggaran. "Ini dua hal yang sangat riskan bagi dunia usaha. Ditambah lagi 2017 situasi politik karena pilkada akan berpengaruh pada perkembangan saham perusahaan Tbk di Bursa Efek Indonesia," paparnya. Dia mengungkapkan, tahun lalu ekonomi Indonesia menurun. Sedangkan kondisi tahun ini sedikit membaik meski tidak mencakup semua sektor. Namun, Theo berharap sektor tertentu yang membaik bisa menjadi pendorong bidang usaha lainnya untuk naik. Dia mengapresiasi perusahaan-perusahaan Tbk yang tetap eksis bahkan bertumbuh meski ekonomi saat ini belum stabil.</isi>
	<link>http://www.jpnn.com/read/16/10/21/475817/Kondisi-Ekonomi-2017-Belum-Pasti-Perusahaan-Terbuka-Harus-Bersiap-Diri-</link>
</artikel>