<?xml version="1.0" encoding="UTF-8" standalone="yes"?>
<artikel xmlns:xsi="http://www.w3.org/2001/XMLSchema-instance">
	<id>EKO_EM_09_46</id>
	<judul>Anggaran Defisit, Fokus Bayar Utang</judul>
	<tanggal>02/11/16</tanggal>
	<kata_kunci>Bayar Utang</kata_kunci>
	<isi>Pemkot Samarinda optimistis dapat bangkit meski sempat mengalami kesulitan anggaran. Tahun depan, sejumlah proyek infrastruktur baru tetap masuk dalam rencana. Kepala Dinas Cipta Karya dan Tata Kota (Disciptakot) Samarinda, Dadang Airlangga mengatakan, APBD Samarinda saat ini diutamakan untuk membayar utang. Jadi, untuk proyek baru mengandalkan APBN jika tersedia. "Misalnya untuk proyek penataan SKM (Sungai Karang Mumus), mengandalkan dari Kementerian PUPR. APBD provinsi juga diupayakan," ucapnya saat diwawancarai Kaltim Post, belum lama ini. Untuk proyek Disciptakot, lanjut dia, tahun depan tetap direncanakan pembangunan sejumlah fasilitas publik. Seperti sarana kesehatan, pendidikan, serta penyemenan. Walau begitu, dia menyatakan, tetap ada perlambatan proses. Itu pun bergantung pada ketersediaan anggaran. "Besaran dana belum tahu. Masih diupayakan," ujar Dadang. Sementara itu, Wakil Wali Kota Samarinda Nusyirwan Ismail menyebut, proyek fisik memang tetap dianggarkan. Namun, arahnya masih fokus pada pengendalian banjir. Seperti di Jalan Antasari, Wahid Hasyim, dan tepi SKM. "Disesuaikan dengan anggaran. Masih ada proyek baru tahun depan. Tapi berapa banyak, kembali pada skala prioritas dan kemampuan keuangan," kata dia.</isi>
	<link>http://www.jpnn.com/read/16/11/02/478098/Anggaran-Defisit-Fokus-Bayar-Utang-</link>
</artikel>