<?xml version="1.0" encoding="UTF-8" standalone="yes"?>
<artikel xmlns:xsi="http://www.w3.org/2001/XMLSchema-instance">
	<id>EKO_EM_09_49</id>
	<judul>IHSG Naik 23 Poin, Asing Catat Net Sell Rp 1,1 Triliun</judul>
	<tanggal>07/11/16</tanggal>
	<kata_kunci>IHSG Naik</kata_kunci>
	<isi>Indeks harga saham gabungan (IHSG) membuka awal pekan ini dengan catatan bagus. Indeks naik 23,54 poin atau 0,43 persen ke level 5386.208 pada sesi penutupan Senin (7/11). IHSG sempat berada di level tertinggi di posisi 5.395,32. Sedangkan posisi terendah berada di level 5.341,86. Total frekuensi perdagangan saham hari ini mencapai 310.884 kali. Volumen perdagangan hari ini menembus 10,9 miliar saham. Sedangkan nilai transaksi harian mencapai Rp 6,9 triliun. Sebanyak 164 saham bullish. Sementara itu, sebanyak 129 salam bearish. Sedangkan 96 saham tak bergerak alias diam di tempat. Investor asing melakukan aksi jual sekitar Rp 878,9 miliar di pasar reguler. Di pasar keseluruhan, investor asing melakukan aksi jual sebesar Rp 1,1 triliun. Secara sektoral, sebagian besar sektor saham menghijau. Sektor saham tambang mengalami kenaikan terbesar, yakni 2,75 persen. Posisi kedua dihuni sektor saham aneka industri yang mendaki 1,1 persen. Sedangkan sektor saham konstruksi menguat 0,71 persen.</isi>
	<link>http://www.jpnn.com/read/16/11/07/479331/IHSG-Naik-23-Poin-Asing-Catat-Net-Sell-Rp-11-Triliun-</link>
</artikel>