<?xml version="1.0" encoding="UTF-8" standalone="yes"?>
<artikel xmlns:xsi="http://www.w3.org/2001/XMLSchema-instance">
	<id>EKO_EM_09_05</id>
	<judul>Pengampunan Pajak Tak Berpengaruh Pada Asumsi Makro 2017</judul>
	<tanggal>20/05/16</tanggal>
	<kata_kunci>Pengampunan Pajak</kata_kunci>
	<isi>Pemerintah memastikan kebijakan pengampunan pajak (tax amnesty) yang rencananya diterapkan tahun ini, tidak akan memberikan pengaruh apapun terhadap target asumsi makro tahun depan. "Kami tidak bisa mendasarkan pada sesuatu yang belum terjadi. Nanti kalau ada tax amnesty itu disebut membantu kami lah," ujar Menteri Keuangan Bambang P.S. Brodjonegoro di Gedung Dewan Perwakilan Rakyat (DPR), Jumat (20/5). Sebelumnya, pemerintah menilai berlakunya tax amnesty bisa membantu pemerintah dalam memperbaiki data pajak yang pada akhirnya bisa meningkatkan basis penerimaan pajak. Pasalnya, pengampunan pajak diberikan pada pemohon yang melaporkan aset yang sebelumnya belum pernah dilaporkan dan Surat Pemberitahuan Pajak (SPT). Sementara, draf Rancangan Undang-undang (RUU) masih dibahas oleh DPR. Sesuai draft tersebut, tax amnesty akan berlaku tahun ini jika disetujui oleh anggota dewan. Sebagai informasi, pemerintah telah menyusun Kerangka Ekonomi Makro dan Pokok-Pokok Kebijakan Fiskal 2017 diantaranya: pertumbuhan ekonomi 5,3-5,9 persen, inflasi 4 plus/minus 1 persen, dan kurs Rp13.650-Rp13.900 per dolar.</isi>
	<link>http://www.cnnindonesia.com/ekonomi/160520140330-78-132228/pengampunan-pajak-tak-berpengaruh-pada-asumsi-makro-2017/</link>
</artikel>