<?xml version="1.0" encoding="UTF-8" standalone="yes"?>
<artikel xmlns:xsi="http://www.w3.org/2001/XMLSchema-instance">
	<id>EKO_EM_09_51</id>
	<judul>Indeks Syariah Terjungkal, Sektoral Hancur Lebur</judul>
	<tanggal>03/11/16</tanggal>
	<kata_kunci>Indeks Syariah</kata_kunci>
	<isi>Jakarta Islamic Index (JII) alias indeks syariah juga terjungkal pada perdagangan Kamis (3/11). JII tergelincir 13,720 poin atau 1,870 persen ke posisi 720,668. Indeks syariah sempat melambung ke level tertinggi di posisi 734,522. Namun, JII juga sempat tergelincir ke posisi terendah di level 720,668. Hal yang sama juga terjadi di saham sektoral. Semua saham sektoral juga mengalami penurunan. Penurunan terbesar dialami sektor pertambangan yang mencapai 2,46 persen. Saham aneka industri menguntit di posisi kedua setelah anjlok 2,04 persen. Sedangkan penurunan terbesar ketiga dialami sektor barang konsumsi yang merosot 1,93 persen. Sementara itu, PT Tambang Batubara Bukit Asam Tbk (PTBA) menjadi penghuni LQ45 yang merosot paling tajam. Saham emiten berkode PTBA tersebut terkoreksi 6,9 persen ke posisi Rp 11.800 per lembar. Sedangkan saham LQ45 yang melesat paling tajam ialah PT Sri Rejeki Isman Tbk. Emiten berkode SRIL itu naik sebesar 2,31 persen menjadi Rp 266 per lembar.</isi>
	<link>http://www.jpnn.com/read/16/11/03/478509/Indeks-Syariah-Terjungkal-Sektoral-Hancur-Lebur-</link>
</artikel>