<?xml version="1.0" encoding="UTF-8" standalone="yes"?>
<artikel xmlns:xsi="http://www.w3.org/2001/XMLSchema-instance">
	<id>EKO_EM_09_76</id>
	<judul>World Economic Forum Pangkas 4 Level Daya Saing Indonesia</judul>
	<tanggal>29/09/16</tanggal>
	<kata_kunci>World Economic Forum</kata_kunci>
	<isi>World Economic Forum (WEF) memangkas peringkat daya saing Indonesia tahun ini, dari posisi ke-37 pada tahun lalu menjadi ke-41. Dalam Laporan Indeks Daya Saing WEF 2016-2017, posisi Indonesia tidak lebih baik dibandingkan dengan negara tetangganya di Asia Tenggara, seperti Thailand (34), Malaysia (25), dan Singapura (2). Namun, Indonesia masih unggul dibandingkan dengan Filipina (57), Vietnam (60), dan Laos (93). Meski skornya tetap (4,52), posisi Indonesia melorot empat level setelah disalip sejumlah negara. Ada 12 indikator yang menjadi penilaian WEF, yakni kualitas institusi, infrastruktur, kondisi makroekonomi, pelayanan kesehatan dan pendidikan dasar, pelatihan dan pendidikan tinggi, efisiensi pasar barang, efisiensi pasar tenaga kerja, pengembangan pasar keuangan, penerapan teknologi, ukuran pasar, dan kecanggihan bisnis. Menurut WEF, banyak upaya reformasi yang sebenarnya telah dilakukan Indonesia untuk memperbaiki iklim berusaha. Namun berbagai upaya tersebut belum cukup menaikkan peringkat daya saing Indonesia di dunia. WEF menempatkan Indonesia di peringkat ke 10 negara dengan ukuran pasar terbesar di dunia. Terkait lingkungan ekonomi makro, Indonesia bertengger di posisi ke-30. Sedangkan untuk kategori inovasi, Indonesia masih berkutat di posisi ke-31 dari 138 negara yang disurvei. Perbaikan signifikan terjadi dalam hal pengembangan sektor keuangan, di mana posisi Indonesia naik tujuh level menjadi ke-42. Namun, kualitas pelayanan kesehatan dan pendidikan dasar di Indonesia masih tergolong rendah, yakni di posisi ke-100 atau anjlok 20 level dibandingkan tahun lalu. Untuk efisiensi pasar tenaga kerja, Indonesia berada di peringkat ke-108. Sementara untuk pemanfaatan teknologi, peringkat Indonesia turun enam peringkat menjadi ke-91. Sebab, penetrasi investasi di sektor informasi dan komunikasi masih rendah, di mana hanya seperlima dari populasi menggunakan internet dan hanya ada satu koneksi broadband untuk setiap 100 orang. Setidaknya, ada 16 permasalahan mendasar di Indonesia yang paling mendapatkan sorotan dari WEF. Korupsi menempati rutuan pertama dengan skor mencapai 11,8. Disusul kemudian inefisiensi birokrasi pemerintah (9,3) dan keterbatasan infrastruktur (9,0). Selanjutnya adalah akses terhadap pembiayaan (8,6); inflasi (7,6); ketidakstabilan politik (6,5); etos kerja yang buruk (6,3); tarif pajak (6,1); keterbatasan sumber daya manusia terdidik (6,3); regulasi perpajakan (4,8), regulasi mata uang (4,6); ketidakstabilan pemerintah (4,1); kesehatan masyarakat miskin (4,0); dan pencurian (4,0); kurangnya inovasi (3,7), serta kebijakan perburuhan yang menghambat (3,7).</isi>
	<link>http://www.cnnindonesia.com/ekonomi/160929135016-92-162096/world-economic-forum-pangkas-4-level-daya-saing-indonesia/</link>
</artikel>