<?xml version="1.0" encoding="UTF-8" standalone="yes"?>
<artikel xmlns:xsi="http://www.w3.org/2001/XMLSchema-instance">
	<id>EKO_EM_09_77</id>
	<judul>Gubernur BI: Pertumbuhan Ekonomi Indonesia Lebih Kuat</judul>
	<tanggal>08/08/16</tanggal>
	<kata_kunci>Pertumbuhan Ekonomi Indonesia</kata_kunci>
	<isi>Bank Indonesia optimistis penyaluran kredit perbankan tumbuh 10-11 persen pada kuartal ketiga 2016. Likuiditas yang tecermin dari dana pihak ketiga juga meningkat 8–9 persen. Gubernur BI Agus Martowardojo menyatakan, saat ini simpanan masyarakat di perbankan berkisar enam persen. Sementara itu, penyaluran kredit berkisar sembilan persen. Dengan pertumbuhan ekonomi 5,18 persen pada kuartal kedua, Agus yakin perbaikan ekonomi bukan isapan jempol. "Pertumbuhan ekonomi Indonesia lebih kuat. Inflasi lebih baik daripada perkiraan serta ada Undang-Undang Tax Amnesty yang membawa persepsi positif terhadap Indonesia," kata Agus. Faktor lainnya adalah proyeksi inflasi pada pekan pertama Agustus yang tercatat deflasi 0,06 persen berkat penurunan harga tiket pesawat dan harga daging ayam. "Ini kondisi yang baik karena menunjukkan inflasi terkendali," jelasnya. Tahun ini BI menargetkan inflasi pada kisaran empat persen plus minus satu persen. Jika indikator makro ekonomi terus positif, imbuh Agus, bank sentral mungkin melonggarkan kebijakan moneter. Bentuknya berupa penurunan suku bunga acuan (BI rate atau BI 7-days repo rate). BI kini tinggal mewaspadai faktor eksternal. Terutama penurunan suku bunga acuan oleh bank sentral Inggris. Stimulus itu berpotensi membuat dana pada sistem perbankan Inggris mengalir ke negara yang dianggap memiliki fundamental ekonomi kuat, termasuk Indonesia.</isi>
	<link>http://www.jpnn.com/read/16/08/08/459450/Gubernur-BI:-Pertumbuhan-Ekonomi-Indonesia-Lebih-Kuat-</link>
</artikel>