<?xml version="1.0" encoding="UTF-8" standalone="yes"?>
<artikel xmlns:xsi="http://www.w3.org/2001/XMLSchema-instance">
	<id>EKO_EM_09_78</id>
	<judul>Triwulan Kedua, Ekonomi Tumbuh 5,64 Persen</judul>
	<tanggal>09/08/16</tanggal>
	<kata_kunci>Pertumbuhan Ekonomi</kata_kunci>
	<isi>Ekonomi Maluku Utara mengalami pertumbuhan cukup pesat pada triwulan kedua 2016 secara year on year. Malut berhasil membukukan pertumbuhan ekonomi sebesar 5,64 persen. Angka ini lebih tinggi dibandingkan pertumbuhan ekonomi Indonesia periode yang sama sebesar 5,18 persen. Kepala BPS Malut Misfaruddin mengatakan, pertumbuhan didukung oleh hampir semua lapangan usaha. Kecuali lapangan usaha pertambangan dan penggalian yang mengalami kontraksi minus 9,85 persen. "Pertumbuhan tertinggi dicapai oleh pengadaan listrik dan gas sebesar 27,88 persen, diikuti jasa keuangan dan asuransi sebesar 19,79 persen, serta penyediaan akomodasi dan makan minum sebesar 11,34 persen," kata Misfaruddin. Dia mengatakan, struktur Pendapatan Domestik Regional Bruto (PDRB) Malut menurut lapangan usaha atas dasar harga berlaku pada triwulan kedua 2016 tidak menunjukkan perubahan yang berarti. Pertanian, kehutanan, perikanan perdagangan besar-eceran, reparasi mobil-sepeda motor, dan administrasi pemerintahan, pertahanan dan jaminan sosial wajib masih mendominasi PDRB Malut. Dilihat dari penciptaan sumber pertumbuhan ekonomi Malut triwulan kedua 2016 (y-on-y), administrasi pemerintahan, pertahanan dan jaminan sosial wajib memiliki sumber pertumbuhan tertinggi sebesar 1,64 persen. Diikuti perdagangan besar-eceran, reparasi mobil-sepeda motor sebesar 1,25 persen, pertanian, kehutanan dan perikanan (0,70 persen). Dari sisi pengeluaran, pertumbuhan ekonomi triwulan kedua 2016 terhadap triwulan kedua 2015 terjadi pada hampir seluruh komponen pengeluaran, kecuali komponen ekspor luar negeri dan net ekspor antar daerah. "Pertumbuhan tertinggi dicapai komponen pengeluaran konsumsi pemerintah (PKP) sebesar 11,60 persen, diikuti komponen pembentukan modal tetap bruto (PMTB) 10,93 persen dan komponen pengeluaran konsumsi LNPRT 9,32 persen," jelasnya.</isi>
	<link>http://www.jpnn.com/read/16/08/09/459606/Triwulan-second-Economy-Grows-564-percent-</link>
</artikel>