<?xml version="1.0" encoding="UTF-8" standalone="yes"?>
<artikel xmlns:xsi="http://www.w3.org/2001/XMLSchema-instance">
	<id>EKO_EM_09_79</id>
	<judul>2017, Pertumbuhan Ekonomi Diprediksi Capai 5,3 Persen</judul>
	<tanggal>16/08/16</tanggal>
	<kata_kunci>Pertumbuhan Ekonomi</kata_kunci>
	<isi>Presiden Joko Widodo memprediksi pertumbuhan ekonomi mencapai 5,3 persen di tahun mendatang. Hal itu diprediksi, setelah memperhitungkan seluruh dinamika yang ada dan tantangan dihadapi. "Pertumbuhan ekonomi 2017 diperkirakan mencapai 5,3 persen. Prospek perekonomian global diperkirakan akan membaik," ujar Jokowi di Gedung MPR/DPR, Jakarta, Selasa (16/8). Untuk mencapai target pertumbuhan ekonomi pada 2017, mantan gubernur DKI Jakarta ini mengingatkan agar para pemantunya harus bekerja keras, menghadapi ketidakpastian yang bersumber dari perlambatan ekonomi di berbagai negara berkembang. "Paket kebijakan ekonomi I-XII diharapkan mampu menjadi stimulus pertumbuhan ekonomi yang lebih adil dan merata di seluruh Indonesia, khususnya melalui keberlanjutan pembangunan infrastruktur," tutur Jokowi. Sementara, laju inflasi 2017 diperkirakan berada pada kisaran 4,0 persen. Penguatan konektivitas nasional diproyeksikan mampu menciptakan efisiensi sistem logistik nasional, sehingga hal ini kata Jokowi, bisa mendukung terciptanya stabilitas harga komoditas. Selain itu, sebagai komitmen pengendalian inflasi, pemerintah juga menyediakan dana cadangan untuk menjaga ketahanan pangan serta stabilisasi harga. "Alokasi dana tersebut akan digunakan untuk kebijakan subsidi pangan, program ketahanan pangan seperti penyelenggaraan operasi pasar, serta penyediaan beras untuk rakyat miskin," tandas Jokowi.</isi>
	<link>http://www.jpnn.com/read/16/08/16/461246/2017-Pertumbuhan-Ekonomi-Diprediksi-Capai-53-Persen-</link>
</artikel>