<?xml version="1.0" encoding="UTF-8" standalone="yes"?>
<artikel xmlns:xsi="http://www.w3.org/2001/XMLSchema-instance">
	<id>EKO_EM_09_81</id>
	<judul>Jokowi Pastikan Ekonomi Masih Aman Setelah Demo 4 November</judul>
	<tanggal>10/11/16</tanggal>
	<kata_kunci>Ekonomi Demo 4 November</kata_kunci>
	<isi>Banyak yang sempat khawatir, aksi unjuk rasa 4 November lalu akan memengaruhi pertumbuhan ekonomi tanah air. Apalagi sempat terjadi kerusuhan kecil di akhir unjuk rasa itu. Namun, Presiden Joko Widodo memastikan, perekonomian masih berjalan lancar. "Saya kira stabilitas ekonomi bisa kita liat, pasar stabil, indeks juga stabil. Sehari-hari dilihat saja di pasar, di pertokoan, keramaian juga," ujar Jokowi, sapaanya di Istana Negara, Jakarta. Meski begitu diakuinya, soal harga memang ada perubahan. Terutama harga pangan. Namun, itu bukan dampak signifikan dari demo Bela Islam tersebut. Ada harga yang naik yaitu jagung. Namun, harga beberapa komoditas lain terpantau aman. Karena itu Jokowi berharap aksi serupa tidak terjadi lagi sehingga keadaan ekonomi lebih stabil. "Kita harapkan sudah tidak ada (demo selanjutnya," pungkasnya.</isi>
	<link>http://www.jpnn.com/read/16/11/10/479927/Jokowi-Pastikan-Ekonomi-Masih-Aman-Setelah-Demo-4-November-</link>
</artikel>