<?xml version="1.0" encoding="UTF-8" standalone="yes"?>
<artikel xmlns:xsi="http://www.w3.org/2001/XMLSchema-instance">
	<id>EKO_EM_09_82</id>
	<judul>Inilah Prediksi Nilai Tukar Rupiah Terhadap USD</judul>
	<tanggal>16/07/16</tanggal>
	<kata_kunci>Nilai Tukar Rupiah</kata_kunci>
	<isi>Bank Indonesia memproyeksi nilai tukar rupiah terhadap USD di kisaran Rp 13.300-Rp 13.600 tahun depan. Prediksi itu lebih baik dari proyeksi sebelumnya Rp 13.600-13.900 per USD. Itu juga lebih kuat dibanding asumsi makro APBNP 2016 sebesar Rp 13.500 per USD. Berdasar kurs referensi Jakarta Interbank Spot Dollar Rate (JISDOR), Kamis (14/7) kemarin nilai tukar rupiah berada di level Rp 13.088 per USD. Menanjak 5,8 persen dari kurs awal tahun tercatat di kisaran Rp 13.898 per USD. Mandiri sekuritas (Mansek) mencatat nilai tukar rupiah menguat 13 poin (0,10 persen) menjadi Rp 13.073 per USD setelah bergerak di kisaran Rp 13.062-13.099 per USD. Sepanjang tahun ini kurs rupiah bergerak lebih stabil dibanding tahun lalu. Tren apresiasi rupiah terjadi menyusul aplikasi program pengampunan pajak. Program itu memberi insentif pemohon melakukan repatriasi modal berupa tarif tebusan lebih rendah. "Tax amnesty membuat kepercayaan terhadap makroekonomi meningkat. Jadi, rupiah juga akan ikut terdongkrak," tutur Gubernur BI Agus Martowardojo, Kamis (14/7) kemarin. Itu didukung sentimen positif pasar melihat perkembangan ekonomi, tingkat inflasi terjaga, dan defisit transaksi berjalan membaik. Diperkuat risiko pasar keuangan global mulai pulih. Aliran dana repatriasi akan mendongkrak suplai valuta asing dan berdampak positif pada gerak rupiah. Prospek ekonomi domestik sejalan akselerasi reformasi struktural dan capital inflow untuk investasi. Meski begitu, tahun depan sejumlah risiko perlu diwaspadai. Risiko itu berasal dari rencana kenaikan suku bunga Bank Sentral AS dan perkembangan perekonomian Tiongkok. Menteri Keuangan Bambang Brodjonegoro menyebut asumsi nilai tukar rupiah di kisaran Rp 13.650-13.900 per USD. Asumsi itu sama dengan usulan awal Mei lalu. Alasannya, ada kemungkinan lonjakan tingkat suku bunga The Fed (Fed Fund Rat/FFR) bisa memengaruhi apresiasi dolar. "Begitu pun sebaliknya depresiasi pada mata uang lain, termasuk rupiah," tambah Bambang.</isi>
	<link>http://www.jpnn.com/read/16/07/16/454137/Inilah-Prediksi-Nilai-Tukar-Rupiah-Terhadap-USD-</link>
</artikel>