<?xml version="1.0" encoding="UTF-8" standalone="yes"?>
<artikel xmlns:xsi="http://www.w3.org/2001/XMLSchema-instance">
	<id>EKO_EM_09_85</id>
	<judul>Lifting Minyak Dongkrak Pertumbuhan Ekonomi Jatim</judul>
	<tanggal>09/11/16</tanggal>
	<kata_kunci>Pertumbuhan Ekonomi Jatim</kata_kunci>
	<isi>Pertumbuhan ekonomi Jawa Timur pada triwulan ketiga tahun ini lebih tinggi dibandingkan nasional. Yakni mencapai 5,61 persen bila dibandingkan dengan periode yang sama tahun lalu. Pertumbuhan ekonomi Jatim ditopang sektor pertambangan dan penggalian, terutama peningkatan produksi minyak di Bojonegoro. Pertumbuhan lifting migas pada triwulan ketiga kemarin mencapai 23 persen. "Minyak yang kontribusinya paling tinggi. Sedangkan gas hanya sedikit," kata Kepala Badan Pusat Statistik (BPS) Jatim Teguh Pramono kemarin (7/11). Selain migas, sektor akomodasi dan makanan-minuman serta informasi dan komunikasi bertumbuh cukup besar. Sedangkan sektor yang mengalami penurunan adalah pengadaan listrik, gas, dan produksi es. "Kegiatan eksplorasi gas alam tidak sebanyak biasanya," terang Teguh. Sementara itu, kenaikan tarif mengakibatkan pemakaian listrik di rumah tangga dan industri menurun. Kontraksinya mencapai 1,55 persen. Pertumbuhan ekonomi juga dipengaruhi belanja pemerintah yang menurun 3,63 persen. Faktor lainnya adalah net ekspor antardaerah yang tumbuh 20,81 persen. Sementara itu, ekspor dan impor masing-masing bertumbuh 3,99 persen dan 0,43 persen. Minimnya pertumbuhan ekspor dipengaruhi melemahnya kondisi perekonomian negara-negara yang menjadi mitra dagang Jatim, terutama Singapura, Tiongkok, dan Eropa. "Apa yang dialami secara nasional juga dialami Jatim. Karena 15–20 persen ekonomi Indonesia itu dari Jatim," tutur Teguh. Impor luar negeri yang bertumbuh tipis adalah barang bahan baku/penolong dan barang modal. Artinya, impor permesinan menurun sehingga kurang mampu mendorong kinerja sektor industri. Peningkatan impor justru terjadi pada barang konsumsi. "Berdasar tren, ekspor luar negeri dan impor luar negeri hingga akhir tahun akan terus menurun," jelasnya.</isi>
	<link>http://www.jpnn.com/read/16/11/09/479621/Lifting-Minyak-Dongkrak-Pertumbuhan-Ekonomi-Jatim-</link>
</artikel>