<?xml version="1.0" encoding="UTF-8" standalone="yes"?>
<artikel xmlns:xsi="http://www.w3.org/2001/XMLSchema-instance">
	<id>EKO_EM_09_86</id>
	<judul>Pertumbuhan Ekonomi Kalteng Tertinggi di Kalimantan</judul>
	<tanggal>12/11/16</tanggal>
	<kata_kunci>Pertumbuhan Ekonomi Kalteng</kata_kunci>
	<isi>Pertumbuhan ekonomi Kalimantan Tengah terus menunjukkan catatan positif. Bahkan, pada triwulan III 2016, tingkat pertumbuhan ekonomi Kalteng tertinggi di Kalimantan. Kepala Badan Pusat Statistik (BPS) Kaltim M Habibullah mengungkapkan, pada triwulan III tahun 2016, pertumbuhan ekonomi di lima provinsi Kalimantan mencapai 2,06 persen dibandingkan triwulan III tahun 2015 (year on year). "Ini sama halnya jika dibandingkan dengan triwulan sebelumnya (q-to-q) yang juga mengalami peningkatan sebesar 2,35 persen," kata Habibullah. Secara keseluruhan, pertumbuhan ekonomi Kalteng sebesar 6,02 persen. Kalteng diikuti Kalimantan Barat (Kalbar) dengan 5,71 persen. Posisi ketiga dihuni Kalimantan Selatan yang mencapai 3,46. Disusul Kalimantan Utara dengan raihan 3,32 persen. Sementara Kalimantan Timur yang justru menunjukan angka negatif, yakni sebesar 0,12 persen. Meski berkontraksi minus, namun jika dilihat dari struktur perekonomian Pulau Kalimantan secara umum, pada triwulan III tahun 2016, Kaltim malah mendominasi dengan 49,96 persen. Kemudian disusul Kalimantan Barat sebesar 16,48 persen. Disusul Kalimantan Barat sebesar 16,48 persen, Kalimantan Selatan (15,31 persen), Kalimantan Tengah (11,51 persen) dan Kalimantan Utara (6,74 persen).</isi>
	<link>http://www.jpnn.com/read/16/11/12/480377/Pertumbuhan-Ekonomi-Kalteng-Tertinggi-di-Kalimantan-</link>
</artikel>