<?xml version="1.0" encoding="UTF-8" standalone="yes"?>
<artikel xmlns:xsi="http://www.w3.org/2001/XMLSchema-instance">
	<id>EKO_EM_09_87</id>
	<judul>2 Bulan Lagi, Ekonomi Diyakini Membaik</judul>
	<tanggal>01/08/16</tanggal>
	<kata_kunci>Ekonomi Membaik</kata_kunci>
	<isi>Perekonomian di Kalimantan Timur memang sedang buruk. Tapi, Pemprov Kaltim meyakini angin segar segera datang. Ekonomi di provinsi ini pun akan terus membaik. Sekprov Kaltim Rusmadi mengatakan, pertumbuhan ekonomi Tanah Etam belum ada perubahan dari beberapa waktu lalu. Yakni memang masih minus, sesuai dengan perhitungan hasil survei Badan Pusat Statistik (BPS) Kaltim. Hal tersebut diakibatkan besarnya peran sektor pertambangan batu bara. Sialnya, sektor itu mengalami kelesuan. "Sehingga, begitu batu bara menurun, pertumbuhan ekonomi Kaltim juga ikut melambat. Ditambah lagi, perekonomian secara global saat ini sedang tidak stabil. Tentu hal-hal seperti itu yang akhirnya membuat perekonomian Kaltim minus," papar mantan kepala Badan Perencanaan Pembangunan Daerah (Bappeda) Kaltim itu, kemarin (31/7). Namun, Rusmadi menegaskan, sebenarnya perekonomian Kaltim masih memiliki optimisme. Ya, optimistis itu tentu saja karena pemerintah masih terus berupaya mengejar perbaikan-perbaikan berbagai sektor ekonomi di Kaltim. Baik itu sektor perkebunan, pariwisata hingga jasa perdagangan. "Sekitar sebulan atau dua bulan lagi (Oktober), perbaikan itu akan terlihat," ungkapnya. Merujuk data BPS Kaltim, pertumbuhan kinerja pertambangan dan penggalian sebenarnya sudah mulai turun sejak 2011. Dari tahun itu menuju tahun berikutnya, pertumbuhan pertambangan dan penggalian turun jadi delapan persen. Hingga akhirnya, pada 2015 sinyal ekonomi lesu semakin tampak denyutnya. Pertumbuhan ekonomi Kaltim pada 2015 terkontraksi minus 0,85 persen (dengan minyak dan gas/migas). Ketika dihitung tanpa migas, ekonomi itu menjadi minus 0,92 persen. Namun, kala dihitung dengan tanpa migas dan tanpa batu bara, ekonomi Kaltim justru tumbuh jadi 3,83 persen. Artinya, dapat diartikan, yang banyak memberi kontribusi pada perekonomian Kaltim adalah pertambangan batu bara. </isi>
	<link>http://www.jpnn.com/read/16/08/01/457821/2-Bulan-Lagi-Ekonomi-Diyakini-Membaik-</link>
</artikel>