<?xml version="1.0" encoding="UTF-8" standalone="yes"?>
<artikel xmlns:xsi="http://www.w3.org/2001/XMLSchema-instance">
	<id>EKO_EM_09_95</id>
	<judul>BI Beri Sinyal Luncurkan Kebijakan Moneter Baru</judul>
	<tanggal>10/09/16</tanggal>
	<kata_kunci>Kebijakan Moneter Baru</kata_kunci>
	<isi>Bank Indonesia tampaknya akan melakukan pelonggaran moneter September ini. Pelonggaran moneter juga bisa saja dilakukan hingga penghujung 2016 nanti. Hal itu terbuka lebar dengan mempertimbangkan perbaikan kondisi ekonomi domestik dan dinamika ekonomi global. Gubernur Bank Indonesia (BI) Agus Martowardojo mengatakan rencana pelonggaran kebijakan moneter bisa dilakukan September. Syaratnya, kondisi ekonomi domestik mendukung dan rencana penyesuaian suku bunga acuan bank sentral Amerika Serikat (The Fed) tidak meleset. "Itu dengan catatan data-data mendukung," beber Agus di Jakarta, Jumat (9/9) kemarin. Namun, Agus belum memerinci jenis instrumen sebagai platform transmisi pelonggaran moneter bank sentral. Peluang relaksasi kebijakan moneter bisa menggunakan suku bunga acuan 7-Day Reverse Repo, Giro Wajib Minimum, ataupun makroprudensial. Ruang pelonggaran moneter akan dimanfaatkan segera guna mendorong pertumbuhan ekonomi. Agus melanjutkan, BI memproyeksi ekonomi domestik akan tumbuh di kisaran 4,9-5,3 persen (year on year) tahun ini. Kala masih memakai bunga acuan BI Rate, bank sentral sudah menurunkan suku bunga acuan hingga 100 basis poin sejak Desember 2015. Untuk instrumen Giro Wajib Minimum-Primer (GWM-P), BI telah menurunkan 150 basis poin selama periode sama. Begitu juga dengan instrumen makroprudensial, terakhir BI merelaksasi ketentuan rasio nilai pinjaman dari aset (Loan To Value/LTV) kredit perumahan. Itu kemudian membuat besaran uang muka turun menjadi 15 persen dari 20 persen untuk rumah pertama.</isi>
	<link>http://www.jpnn.com/read/16/09/10/466469/BI-Beri-Sinyal-Luncurkan-Kebijakan-Moneter-Baru-</link>
</artikel>