<?xml version="1.0" encoding="UTF-8" standalone="yes"?>
<artikel xmlns:xsi="http://www.w3.org/2001/XMLSchema-instance">
	<id>EKO_EM_09_97</id>
	<judul>Ingat! Dana Desa 2016 Hanya untuk Infrastruktur</judul>
	<tanggal>14/01/16</tanggal>
	<kata_kunci>Dana Desa 2016</kata_kunci>
	<isi>Menteri Desa, Pembangunan Daerah Tertinggal dan Transmigrasi (DPDTT) Marwan Jafar mengatakan, fokus penggunaan dana desa 2016 sepenuhnya diarahkan untuk pembangunan infrastruktur. Hal tersebut berdasarkan keputusan Presiden Joko Widodo dan harus dipatuhi oleh semua pihak. Baik itu pembangunan irigasi, jalan, fasilitas air bersih dan sejumlah pembangunan infrastruktu lain yang bertujuan menunjang perkembangan desa. "Hal ini sudah dipatok dan ini adalah padat karya, tidak lebih dari itu. Maka kami hanya perlu melakukan sama persis," ujar Marwan, Rabu (13/1). Mantan anggota DPR ini mengakui, keputusan dana desa hanya dialokasikan bagi pembangunan di bidang infrastruktur, menimbulkan sedikit keresahan di berbagai desa. Pasalnya, kebutuhan yang diajukan oleh masing-masing desa tidak semerta-merta hanya infrastruktur saja. "Contohnya seperti di Sumbar (Sumatera Barat), ada yang mengajukan untuk menjadi pusat kebudayaan desa. Di Jawa Barat ada yang mengajukan untuk perkebunan. Tapi itu tidak boleh, karena harus dialokasikan untuk infrastruktur," ujarnya. Menurut Marwan, kebijakan dana desa 2016 untuk pembangunan infrastruktur karena diyakini akan berpengaruh pada kesejahteraan masyarakat desa. Sebab pembangunan infrastruktur tentunya akan memberdayakan Sumber Daya Manusia (SDM) dan Sumber Daya Alam (SDA) masing-masing desa. "SDM yang diberdayakan dalam pembangunan infrastruktur ini nantinya SDM dari desa setempat. Kemudian perlengkapan yang dibutuhkan seperti semen dan lain-lain, juga akan menggunakan bahan-bahan yang terdapat di desa. Kecuali kalau di desa setempat tidak ada, baru memanfaatkan sumber daya daerah lain," ungkapnya. Selain memberikan peluang kerja bagi masyarakat desa, pembangunan infrastruktur menurut Marwan juga akan menjadi penunjang perekonomian masyarakat desa. "Dengan memanfaatkan sumber daya daerah dalam pembangunan infrastruktur, dana desa akan berputar di desa. Selanjutnya jika infrastruktur lengkap, keberadaan lalu lintas dan jasa akan menjadi lebih hidup," ujar Marwan.</isi>
	<link>http://www.jpnn.com/read/16/01/14/350471/Ingat!-Dana-Desa-2016-Hanya-untuk-Infrastruktur-</link>
</artikel>