<artikel>
	<id>OLA_SB_10_1182</id>
	<judul>LIVE MATCH: Menit 11 Eriksen Bawa Tottenham Unggul</judul>
	<tanggal>27/11/16</tanggal>
	<kata_kunci>christianeriksen, chelsea, Tottenham Hotspur, </kata_kunci>
	<isi>VIVA.co.id – Chelsea menghadapi lawan tangguh di Premier League pada pekan ke 13. Chelsea akan menjamu Tottenham Hotspur di Stamford Bridge, Minggu 27 November 2016 dini hari WIB. 
Tottenham hampir saja unggul saat pertandingan baru berjalan 5 menit. Namun tendanganHarry Kane dinyatakan offiside oleh wasit, sehingga golnya pun dianulir.
Tendangan bebas Eric Dier hanya berada di atas gawang Chelsea yang di jaga oleh Thibaut Courtois. Sepuluh menit pertama Tottenham mengurung pertahanan Chelsea.
Menit 11 Cristian Eriksen berhasil membawa Tottenham unggul 1-0. Tendangan kaki kanan dari luar kota penalti gagal diantisipasi oleh Courtois.
Tottenham untuk sementara unggul 1-0. 
Daftar susunan pemain:
Chelsea; Thibaut Courtois; Cesar Azpilicueta, David Luiz, Gary Cahil; Victor Moses, N'Golo Kante, Nemanja Matic, Marcos Alonso; Pedro Rodriguez, Diego Costa, Eden Hazard
Tottenham Hotspur: Hugo Lloris; Jan Vertonghen, Kevin Wimmer, Eric Dier, Heung-Min Son, Moussa Dembele, Victor Wanyama, Kyle Walker, Dele Alli, Chritian Eriksen; Harry Kane</isi>
	<link>http://www.viva.co.id/bola/read/852731-live-match-menit-11-eriksen-bawa-tottenham-unggul</link>
</artikel>