<artikel>
	<id>OLA_SB_10_550</id>
	<judul>Ambisi Timnas Indonesia Bombardir Vietnam di Leg Pertama</judul>
	<tanggal>30/11/16</tanggal>
	<kata_kunci>timnasindonesia, timnas vietnam, piala aff 2016, piala aff, </kata_kunci>
	<isi>VIVA.co.id – Timnas Indonesia wajib memanfaatkan leg pertama semifinal Piala AFF 2016 melawan Vietnam di Stadion Pakansari, Cibinong, Sabtu3 Desember 2016. Peluang melangkah ke partai puncak terbuka jika Skuat Garuda mampu menang telak.
Bukan tugas mudah bagi Indonesia mengalahkan Vietnam. Sebab, mereka dalam dua laga uji coba jelang tampil di Piala AFF selalu bisa meredam perlawanan Boaz Solossa dan kawan-kawan.
"Vietnam merupakan tim yang bagus. Tapi kami akan bekerja keras untuk memenangkan pertandingan ini," ujar bek timnas Indonesia, Abduh Lestaluhu kepada wartawan, Rabu 30 November 2016.
"Dan saya rasa ini laga kandang, jadi kami mesti memanfaatkannya dengan banyak-banyak mencetak gol," imbuh pemain asal Tulehu, Maluku tersebut.
Usai menjalani leg pertama, Skuat Garuda akan ditantang Vietnam selang empat hari kemudian. Bermain My Dinh Stadium, dipastikan tuan rumah bakal tampil spartan.
Kekalahan Indonesia 2-3 dari Le Cong Vinh dan kawan-kawan dalam pertandingan uji coba pun bakal membayangi. Kecepatan para pemain Vietnam mesti bisa diatasi oleh Skuat Garuda.
  (ren)</isi>
	<link>http://www.viva.co.id/bola/read/854230-ambisi-timnas-indonesia-bombardir-vietnam-di-leg-pertama</link>
</artikel>