<artikel>
	<id>OLA_SB_10_1071</id>
	<judul>Robben Ingatkan Muenchen Tampil Lebih Baik</judul>
	<tanggal>02/11/16</tanggal>
	<kata_kunci>liga champions, penyerang sayap munchen, arjen robben, </kata_kunci>
	<isi>REPUBLIKA.CO.ID, EINDHOVEN -- Kemenangan Bayern Muenchen dari tuan rumah PSV Eindhoven tak lantas membuat pemain Muenchen jemawa. Bahkan, penyerang sayap Muenchen, Arjen Robben menilai pertandingan melawan tim Belanda berjalan sangat sulit untuk timnya.

Permainan tim Bundesliga Jerman terlalu lambat dan tidak bermain dengan keyakinan di babak pertama. Kondisi itu mampu dimanfaatkan pemain PSV dengan mencetak satu gol.
Apa yang dilakukan pemain-pemain Muenchen pada babak pertama tidak berjalan bagus. “Kami harus bermain lebih baik lagi dari ini,” tutur Robben dikutip dari laman resmi Bayern Muenchen, Rabu (2/11).

Pemain asal Belanda secara jujur mengatakan pertandingan ini berjalan sangat buruk. Pria 32 tahun menilai pemain-pemain Muenchen sering melakukan kesalahan di pertandingan ini. Meskipun akhirnya tim Bavarian mampu memetik kemenangan. Skuat Carlo Ancelotti harus mengambil pelajaran dari jalannya laga.

Dengan kemenangan ini, Muenchen dipastikan lolos ke babak 16 besar. Namun, Robben mengingatkan agar timnya segera memerbaiki permainan mereka. “Kami lolos tapi kalai kami bermain seperti ini di babak 16 besar, kami akan mendapat banyak masalah,” tegas dia.</isi>
	<link>http://www.republika.co.id/berita/sepakbola/internasional-2/16/11/02/ofzrlq301-robben-ingatkan-muenchen-tampil-lebih-baik</link>
</artikel>