<artikel>
	<id>OLA_SB_10_1179</id>
	<judul>Klasemen EPL: Chelsea Ditempel Liverpool dan ManCity</judul>
	<tanggal>27/11/16</tanggal>
	<kata_kunci>chelsea, liverpool, Manchester City, Klasemen Liga Inggris, </kata_kunci>
	<isi>VIVA.co.id – Persaingan sengit terjadi di Premier League, memasuki pekan ke-13. Tiga tim teratas meraih kemenangan, sehingga belum ada perubahan di papan atas klasemen.
Chelsea masih menempati puncak klasemen, usai menundukkan Tottenham Hotspur 2-1. The Blues mengumpulkan 31 poin dari 13 pertandingan.
Namun, posisi Chelsea belum aman. Tim asal London Barat ini hanya terpaut satu poin dari Liverpool dan Manchester City, yang sama-sama meraih kemenangan. Liverpool menang 2-0 atas Sunderland, sedangkan The Citizens mengalahkan tuan rumah Burnley 2-1.
Di posisi selanjutnya, ada Arsenal dengan raihan 25 poin dari 12 laga. The Gunners masih berpeluang menambah poin, karena baru malam nantu menjamu Bournemouth di Emirates.
Lihat klasemen lengkap Premier League dengan mengklik tautan ini.
 </isi>
	<link>http://www.viva.co.id/bola/read/852754-klasemen-epl-chelsea-ditempel-liverpool-dan-mancity</link>
</artikel>