<artikel>
	<id>OLA_SB_10_1017</id>
	<judul>Arsenal Tetap Tempel Papan Atas Usai Kalahkan Bournemouth</judul>
	<tanggal>27/11/16</tanggal>
	<kata_kunci>liga inggris, pelatih arsenal, alexid sanchez, </kata_kunci>
	<isi>REPUBLIKA.CO.ID, LONDON -- The Gunners Arsenal akhirnya memastikan diri tetap berada di jalur perburuan gelar juara setelah mengkandaskan perlawanan Bournemouth di Stadion Emirates, Ahad (27/11). Skuat asuhan Arsene Wenger menang 3-1 dari lawannya Bournemouth dalam lanjutan Liga Primer Inggris pekan ke-13.
 
Tiga gol Arsenal dicetak Alexis Sanchez dua gol dan Theo Walcott satu gol. Sementara Bournemouth mampu memerkecil ketertinggalan melalui gol yang dicetak Callum Wilson.

Arsenal membuka keungulan pada menit ke-12 melalui tendangan mendatar Sanchez. Namun, sebelas menit berselang, tim tamu berhasil menyamakan kedudukan melalui gol dari titik putih oleh Wilson. Kedudukan imbang bertahan hingga jeda turun minum.

Di babak kedua, Arsenal kembali unggul melalui gol yang dicetak Theo Walcott pada menit ke-53. Walcott berhasil memaksimalkan umpan dari sisi kiri pertahanan Bournemouth dan melesakkan gol melalui sundulan. Pelatih Arsenal, Arsene Wenger sepertinya tidak ingin mengurangi tensi serangan. Pergantian dilakukan dengan memasukkan penyerang Olivier Giroud menggantikan Walcott.

Pergantian ini menuai sukses. Pada masa perpanjangan waktu, Giroud berhasil mengirim umpan yang mampu dimaksimalkan Sanchez untuk membobol gawang Bournemouth untuk kedua kalinya. Arsenal berhasil memertahankan keunggulan dan menang 3-1 atas tamunya. Dengan kemenangan ini, Arsenal tetap menempel papan atas klasemen sementara di poringkat empat.

Tim Meriam London berhasil mengumpulkan 28 nilai dari 13 pertandingan yang sudah mereka lakoni. Nilai Arsenal hanya selisih 3 angka dari pemuncak klasemen sementara, Chelsea yang berhasil mengumpulkan 31 nilai.</isi>
	<link>http://www.republika.co.id/berita/sepakbola/liga-inggris/16/11/27/ohb86m301-arsenal-tetap-tempel-papan-atas-usai-kalahkan-bournemouth</link>
</artikel>