<artikel>
	<id>OLA_SB_10_568</id>
	<judul>Suporter Harus Bayar Perjuangan Gigih Timnas Indonesia</judul>
	<tanggal>26/11/16</tanggal>
	<kata_kunci>timnasindonesia, piala aff, Berita Suporter, </kata_kunci>
	<isi>VIVA.co.id – Penampilan spartan telah diperlihatkan Timnas Indonesia saat menghadapi Singapura dalam laga penentuan Piala AFF 2016 kemarin. Kini, giliran suporter Indonesia membayar hal tersebut dengan dukungan.
Dalam laga harus menang tersebut, Indonesia sempat ketinggalan lebih dulu pada babak pertama. Tetapi, penampilan skuat Garuda berubah di paruh kedua.
Tekanan demi tekanan akhirnya berbuah gol yang dicetak Andik Vermansyah dan Stefano Lilipaly. Pelatih Indonesia, Alfred Riedl, ternyata punya cara membakar semangat para pemain.
Pria Austria itu menjanjikan dukungan luar biasa dari masyarakat Indonesia kalau sampai berhasil melaju ke semifinal, yang berformat kandang-tandang.
"Saya katakan kepada para pemain, apabila kita menang, ada banyak suporter yang mendukung kalian di kandang nanti," ujar Riedl mengulangi kata-kata saat di ruang ganti, seperti dilansir dari frb90.com.
"Dan puji Tuhan, kami bisa lolos ke semifinal," tambah pelatih yang sudah melakoni tiga Piala AFF bersama Indonesia tersebut.
Ya, Riedl tentu masih ingat betul dengan dukungan luar biasa publik Indonesia pada anak asuhnya di Piala AFF 2010 lalu. Kali ini, sudah pasti dukungan suporter Merah Putih akan kembali membludak melihat performa menjanjikan skuat Indonesia.
Pertandingan semifinal Piala AFF sendiri akan digelar pada 3 dan 7 November mendatang. Siapa lawan Indonesia yaitu Vietnam, Myanmar, dan Malaysia yang baru akan bermain malam nanti, 26 November 2016.</isi>
	<link>http://www.viva.co.id/bola/read/852605-suporter-harus-bayar-perjuangan-gigih-timnas-indonesia</link>
</artikel>