<artikel>
	<id>OLA_SB_10_1026</id>
	<judul>Arsenal Tahan Imbang PSG 1-1 pada Babak Pertama</judul>
	<tanggal>24/11/16</tanggal>
	<kata_kunci>arsenal, paris saint germain, psg, </kata_kunci>
	<isi>REPUBLIKA.CO.ID, LONDON -- Arsenal bangkit dari ketertinggalan untuk menyamakan kedudukan saat menjamu Paris Saint-Germain (PSG) pada laga penentuan juara Grup A Liga Champions di Stadion Emirates. Gol penalti Olivier Giroud membuat skor menjadi 1-1 1-1 sesaat sebelum babak pertama usai.
The Gunners yang mendapat tekanan sejak awal tertinggal lebih dulu dari tamunya pada menit ke-18. Tendangan kaki kanan Edinson Cavani dari jarak dekat memanfaatkan umpan Blaise Matuidi tak bisa dihentikan kiper David Ospina.
Unggul satu gol membuat PSG semakin bersemangat untuk memperbesar skor. Permainan menekan sejak dari daerah pertahanan Arsenal membuat tim tuan rumah kesulitan.
Beberapa kali PSG membangun serangan membahayakan, namun gagal akibat offside. Sementara Arsenal kesulitan menembus pertahanan disiplin les Rouge et Bleu.
Namun upaya the Gunners akhirnya membuahkan hasil. Penyerang Arsenal Alexis Sanchez dijatuhkan Grzegorz Krychowiak di kotak penalti pada menit ke-45. Wasit Felix Brych tanpa ragu menunjuk titik putih. Giroud yang maju menjadi eksekutor mengarahkan bola ke kiri, mengecoh kiper Alphonse Areola, untuk menyamakan kedudukan 1-1.</isi>
	<link>http://www.republika.co.id/berita/sepakbola/liga-dunia/16/11/24/oh44tg348-arsenal-tahan-imbang-psg-11-pada-babak-pertama</link>
</artikel>