<artikel>
	<id>OLA_SB_10_1014</id>
	<judul>Lingard: MU Harus Fokus ke Piala Liga</judul>
	<tanggal>28/11/16</tanggal>
	<kata_kunci>jesse lingard, manchester united, piala liga inggris, </kata_kunci>
	<isi>REPUBLIKA.CO.ID, JAKARTA -- Gelandang serang Manchester United (MU) Jesse Lingard meminta timnya melupakan hasil seri empat kali beruntun di Liga Inggris. Lingard mengajak rekan-rekannya fokus ke Piala Liga pada Kamis (1/12) dini hari WIB.
"Kami meraih hasil seri empat kali berturut-turut walau bisa menciptakan banyak peluang. Saya rasa kami hanya kurang beruntung. Namun selanjutnya kami harus fokus pada pertandingan Piala Liga," ujar Lingard seperti dilansir dari laman resmi MU, Senin (28/11).
Adapun lawan MU di Piala Liga Inggris adalah West Ham United, tim yang berhasil menahan imbang klub asuhan Jose Mourinho di Liga Inggris pada Ahad (27/11) di Stadion Old Trafford.
Jika berhasil mengalahkan West Ham dalam pertandingan yang juga dihelat di Old Trafford itu, MU akan melenggang ke babak semifinal Piala Liga.
"Kami memiliki standar tinggi musim ini dan bekerja keras untuk merebut gelar di semua kompetisi yang kami ikuti. Jadi, kami akan berjuang untuk bisa mengalahkan West Ham United," tutur Lingard.
Dalam pertandingan Liga Inggris melawan West Ham United yang berakhir dengan hasil 1-1, MU memang bisa menciptakan banyak peluang. Salah satunya adalah kesempatan emas Lingard yang akhirnya harus dihentikan wasit karena dia terjebak offside.
"Ini hanya masalah memasukkan bola ke gawang," kata Lingard.
Pada laga tersebut, West Ham United berhasil mencetak gol cepat ke gawang yang dikawal kiper David de Gea, pada detik ke-90, melalui sundulan Diafra Sakho.Iblis Merah baru bisa menyamakan kedudukan di menit ke-21 melalui penyerang asal Swedia Zlatan Ibrahimovic.
Tingginya tensi pertandingan membuat pelatih MU Jose Mourinho diusir karena memprotes keputusan wasit Jon Moss dengan melempar botol minuman setelah ia merasa Paul Pogba dilanggar, tapi tak ada kartu kuning keluar. Pria Portugis itu pun diusir ke bangku penonton pada menit ke-29.</isi>
	<link>http://www.republika.co.id/berita/sepakbola/liga-inggris/16/11/29/ohczez348-lingard-mu-harus-fokus-ke-piala-liga</link>
</artikel>