<artikel>
	<id>OLA_SB_10_455</id>
	<judul>Bali United Ditahan Imbang PS TNI</judul>
	<tanggal>27/07/16</tanggal>
	<kata_kunci>bali united, ps tni, indonesia soccer championship, </kata_kunci>
	<isi>REPUBLIKA.CO.ID, GIANYAR -- Tuan rumah Bali United ditahan imbang PS TNI 2-2 dalam ajang Indonesia Soccer Championship (ISC) A di Stadion Kapten I Wayan Diptha, Gianyar, Bali, Rabu (27/7) malam. Tim asuhan Indra Sjafri ini beruntung mendapatkan satu poin karena sempat tertinggal dua gol dan kehilangan satu pemain.
Tambahan satu poin membuat Bali United mengumpulkan nilai 17 dari 12 laga dan duduk di peringkat ketujuh. Sementara PS TNI mengoleksi nilai 10 dan berada di posisi 16 alias tiga terbawah.
Pada babak pertama, kesebelasan PS TNI berhasil mencetak gol lebih awal melalui sepakan keras Erwin Ramdani pada menit ke-11 yang tidak mampu diantisipasi penjaga gawang Bali United Rully Desrian.
Tertinggal satu gol, tuan rumah kemudian mendominasi laga dan beberapa kali mendapat peluang emas diantaranya melalui sepakan keras Nemanjan Vidakovic, I Made Wirahadi dan Felisianus Junius.
Namun, sepakan keras ketiga pemain depan Serdadu Tridatu mampu diantisipasi dengan baik penjaga gawang PS TNI Dhika Bhayangkara.
Babak kedua, pemain PS TNI Manahati Lestusen berhasil mencetak gol tambahan untuk timnya pada menit ke-54 melalui tandangan keras mengarah ke gawang yang tidak mampu ditangkap penjaga gawang Bali United. 
Bali United yang mendapat dukungan 16.000 lebih penonton di Stadion Kapten I Wayan Diptha tersebut tidak tinggal diam dan berhasil menciptakan gol melalui sepakan I Made Adi Wirahadi pada menit ke-62 yang mengecoh penjaga gawang PS TNI.
Meskipun Bali United bermain dengan sepuluh orang pemain, tuan rumah berhasil menyamakan kedudukan dengan mencetak gol melalui sepakan keras Nemanja Vidakovic pada menit ke-80 yang mengarah ke pojok penjaga gawang PS TNI. 
Dalam laga itu, wasit Muslimin mengeluarkan satu kartu merah untuk pemain Bali United yang diberikan kepada Hendra Sandi Gunawan pada menit ke-68 karena melakukan handball. 
Kemudian, wasit mengeluarkan tiga kartu kuning yang masing-masing diberikan kepada pemain Bali United yakni Made Adi Wirahadi pada menit ke-57, Nemanja Vidakovic menit ke-84, dan pemain PS TNI Ganjar Mukti pada menit ke-85.</isi>
	<link>http://www.republika.co.id/berita/sepakbola/liga-indonesia/16/07/27/oazf27348-bali-united-ditahan-imbang-ps-tni</link>
</artikel>