<artikel>
	<id>OLA_SB_10_1141</id>
	<judul>Timnas Belgia Kembalikan Fellaini ke MU</judul>
	<tanggal>09/11/16=</tanggal>
	<kata_kunci>timnas belgia, piala dunia 2018, Kualifikasi Piala Dunia 2018, marouane fellaini, Manchester United, </kata_kunci>
	<isi>VIVA.co.id -Timnas Belgia akhirnya memulangkan Maroune Fellaini ke Manchester United karena mengalami cedera. Gelandang berusia 28 tahun tersebut takkan disertakan dalam laga persahabatan dan kualifikasi Piala Dunia 2018.
Fellaini mengalami cedera saat membela Swansea City dalam laga lanjutan Premier League, pekan lalu. Padahal, mantan pemain Everton tersebut bermain penuh selama 90 menit.
Hingga akhirnya, Fellaini terpaksa meninggalkan pemusatan timnas Belgia. Pemain berambut kribo tersebut dipastikan absen lawan Belanda di laga persahabatan pada 9 November 2016, dan kontra Estonia di kualifikasi Piala Dunia 2018 pada 13 November.
"Fellaini mengalami cedera melawan Swansea City dan akan kembali ke klubnya. Kami punya inti dari 24 pemain, yang mana itu cukup," ujar pelatih timnas Belgia, Roberto Martinez, dilansir Soccerway.
"Selain Fellaini, semuanya siap. Mousa Dembele kembali tapi masih akan diistirahatkan melawan Belanda. Kami mengandalkannya melawan Estonia," sambungnya.
Dalam kesempatan ini, mantan pelatih Everton itu juga memastikan akan memainkan Kevin De Bruyne kontra Belanda. Walaupun, mantan pemain Chelsea itu sedikit kelelahan usai membela Manchester City.
"Kevin De Bruyne merasa sedikit lelah, tapi dia jelas akan tampil dalam tim saya di hari Rabu," katanya.</isi>
	<link>http://www.viva.co.id/bola/read/845389-timnas-belgia-kembalikan-fellaini-ke-mu</link>
</artikel>