<artikel>
	<id>OLA_SB_10_441</id>
	<judul>Jelang Lawan Vietnam, Timnas Indonesia Asah Teknik dan Taktik</judul>
	<tanggal>07/10/16</tanggal>
	<kata_kunci>timnas indonesia, indonesia vs vietnam, wolfgang pikal, </kata_kunci>
	<isi>REPUBLIKA.CO.ID, JAKARTA -- Timnas Indonesia sudah memulai latihan menjelang uji coba Vietnam di Stadion Maguwoharjo, Sleman, Yogyakarta, Ahad (9/10) sore. Akan tetapi, latihan yang dimulai Kamis (6/10) masih sebatas pengenalan dan menjaga kebugaran.
Asisten pelatih timnas Indonesia Wolfgang Pikal mengatakan, para pemain baru berlatih pada Kamis sore. "Besok (Jumat) dan lusa baru latihan teknik, taktik, serta kerja sama dan finishing," kata Pikal kepada Republika.co.id, Kamis (6/10).
Pelatih Alfred Riedl, kata Pikal, mengincar kemenangan dari Vietnam. Namun, kata dia, saat ini Riedl lebih fokus mencari kerangka tim dan mengidentifikasi 35 pemain yang akan didaftarkan ke AFF.
"Deadline pendaftaran adalah tanggal 18 Oktober, semoga tidak ada perubahan dari AFF," ucapnya.
Dari 26 pemain yang dipanggil untuk uji coba ini, Ichsan Kurniawan batal bergabung akibat cedera ligamen lutut. Diperkirakan butuh waktu minimal enam bulan untuk Ichsan menyembuhkan lututnya.</isi>
	<link>http://www.republika.co.id/berita/sepakbola/liga-indonesia/16/10/07/oeni4v348-jelang-lawan-vietnam-timnas-indonesia-asah-teknik-dan-taktik</link>
</artikel>