<artikel>
	<id>OLA_SB_10_539</id>
	<judul>Menpora: Ayo Beri Dukungan Penuh untuk Timnas Indonesia</judul>
	<tanggal>02/12/16</tanggal>
	<kata_kunci>piala aff, Menpora Imam Nahrawi, timnasindonesia, </kata_kunci>
	<isi>VIVA.co.id – Kiprah tim nasional Indonesia yang mampu menembus babak semifinal Piala AFF 2016 terus menyedot perhatian luas, termasuk dari Menteri Pemuda dan Olahraga, Imam Nahrawi. Menpora sangat mengharapkan dukungan doa masyarakat untuk kesuksesan Skuat Merah Putih.
Tak cuma itu, politisi Partai Kebangkitan Bangsa ini bahkan ingin menyaksikan Boaz Solossa cs dapat tampil di laga puncak dalam perhelatan kali ini. Ajakan untuk mendukung timnas juga diutarakan Menpora dalam akun Twitter pribadinya, @imam_nahrawi.
Bertepatan dengan berlangsungnya Aksi Damai Bela Islam III, Jumat 2 Desember 2016, Imam mengajak seluruh bangsa Indonesia juga ikut mendoakan perjuangan anak asuh Alfred Riedl.
"Semoga di aksi damai bela Islam III-212 juga didoakan agar Timnas Indonesia menang dan juara AFF 2016. Alfaatihah..... #KitaBisaDamai," tulis Imam.
Setelah sebelumnya sempat mengkritisi proses dan mekanisme penjualan tiket yang karut marut, Imam mulai mendorong masyarakat guna memberikan apresiasi terbaik kepada timnas.
Duel leg I semifinal Piala AFF pada Sabtu 3 Desember 2016 kontra Vietnam akan dilakoni armada Garuda di Stadion Pakansari, Cibinong, Kabupaten Bogor sebelum melanjutkan pertarungan leg II di Hanoi pada 7 Desember mendatang.
Semoga di aksi damai bela Islam III-212 juga didoakan agar Timnas Indonesia menang dan juara AFF 2016. Alfaatihah..... #KitaBisaDamai
— Imam Nahrawi (@imam_nahrawi) December 2, 2016
 </isi>
	<link>http://www.viva.co.id/bola/read/855261-menpora-ayo-beri-dukungan-penuh-untuk-timnas-indonesia</link>
</artikel>