<artikel>
	<id>OLA_SB_10_559</id>
	<judul>Boaz Absen Latihan Perdana Timnas Indonesia</judul>
	<tanggal>29/11/16</tanggal>
	<kata_kunci>piala aff, timnasindonesia, Boaz Solossa, </kata_kunci>
	<isi>VIVA.co.id – Timnas Indonesia akan menjalani latihan perdana di Stadion Pakansari, Cibinong, pada Selasa 29 November 2016 sore WIB. Latihan ini sebagai persiapan jelang pertandingan leg 1 semifinal Piala AFF 2016 melawan Vietnam.
Akan tetapi, Boaz belum bisa bergabung di latihan perdana ini. Kapten Skuat Garuda tersebut masih berada di kampung halamannya, Jayapura, Papua. Dia baru berangkat ke Jakarta besok pagi.
"Tadi dia nelepon saya, izin baru bisa berangkat besok pagi dari Jayapura," ujar dokter timnas Indonesia, Syarif Alwi, kepada wartawan di Hotel Lorin, Sentul, Kabupaten Bogor.
Jawaban pria yang akrab disapa Papi tersebut sekaligus untuk membantah kabar jika Boaz dalam kondisi tidak fit. Menurutnya, sang pemain sama sekali tidak bermasalah dengan kondisi fisik.
Hingga pukul 14.30 WIB, beberapa pemain mulai ramai berdatangan. Rudolof Yanto Basna dan Fachruddin Aryanto yang akan absen di leg 1 semifinal Piala AFF 2016 nanti pun sudah bergabung.
Rata-rata pemain datang dari kampung halamannya usai memanfaatkan libur selama dua hari yang diberikan tim pelatih. Sesampai di Hotel Lorin, mereka langsung menuju kamar untuk beristirahat. (one)</isi>
	<link>http://www.viva.co.id/bola/read/853652-boaz-absen-latihan-perdana-timnas-indonesia</link>
</artikel>