<artikel>
	<id>OLA_SB_10_463</id>
	<judul>Juventus Menyerah Datangkan Higuain</judul>
	<tanggal>20/07/16</tanggal>
	<kata_kunci>gonzalo higuain, juventus, napoli, </kata_kunci>
	<isi>REPUBLIKA.CO.ID, TURIN -- Juventus akhirnya menyerah dalam usahanya memboyong Gonzalo Higuain dari Napoli. Manajer Umum Juve, Giuseppe Marotta menyatakan hal itu.

Sebelumnya, beredar rumor, Bianconeri telah menyiapkan dana besar guna menebus klausul pelepasan Higuain. Tidak tanggung-tanggung angkanya mencapai 94 juta euro (Rp 1,3 triliun).

"Ya tidak ada negoisasi untuk Higuain," kata Marotta kepada Sportmediaset, dikutip dari Football Italia, Selasa (19/7).

Marotta meminta media tidak perlu membesar-besarkan lagi rumor ini. Sebab, sikap Juve, kata dia tak berubah. "Topik ini sudah ditutup. Sekarang tidak ada negoisasi dengan Napoli, saya tidak akan menambah lagi (komentar)," ujarnya.

Senada dengan pernyataan Marotta, pernyataan resmi Partenopei berisi penolakan Presiden Aurelio de Laurentiis terhadap semua penawaran yang datang.

"Tidak pernah ada kontak antara Juventus dan Napoli. Bianconeri tak pernah berniat membayar klausa pelepasan (Higuain). Kami juga tak pernah meminta mereka melakukannya," kata De Laurentiis.

Menurut De Laurentiis, berita yang berkembang selama ini hanyalah rekayasa media. Ia menekankan, jika Juventus sampai membayar klausa pelepasan Higuain, maka itu akan menjadi kekalahan telak peraih Scudetto musim lalu tersebut.

"Segala pemberitaan surat kabar ini buruk bagi para fan. Anda harus meminta maaf. Memang terdapat banyak orang yang menginginkan (penjualan Higuain), namun saya tak akan menjual siapapun," tuturnya.

"Saya tak tahu apakah segala sesuatunya akan berubah, namun Marotta adalah orang yang cerdas dan ia menyadari sekali (membeli Higuain) adalah sebuah kesalahan besar. Itu adalah kekalahan bagi mereka," ujarnya.

Sementara itu, pelatih Juve Massimiliano Allegri menolak berkomentar mengenai rumor yang beredar mengenai Higuain. Namun ia merasa senang dengan rekrutan Juventus dalam bursa transfer musim panas kali ini. Bahkan, Allegri menyanjung kinerja yang dilakukan para manajemen Bianconeri.

Juventus yang memang mendambakan trofi Liga Champions kian berbenah dengan mendatangkan sejumlah pemain mumpuni seperti, Miralem Pjanic, Medhi Benatia, dan Dani Alves
Sebagaimana dilansir La Gazzetta dello Sport, Senin (18/7) Allegri menyambut mereka dengan antusias.

"Alves miliki pengalaman dan teknik. Pjanic adalah gelandang yang memiliki kecerdasan permainan di atas rata-rata. Sedangakan Benatia merupakan tembok kokoh. Saya memuji para staf yang telah mendatangkan mereka semua," katanya.

Satu lagi pemain yang akan segera berseragam Juve adalah gelandang asal Kroasia, Marko Pjaca. Dilansir Sky Sport Italia, Bianconeri dilaporkan telah sepakat dengan Dinamo Zagreb untuk memboyong pemain berusia 21 tahun itu.

Pjaca, yang tampil gemilang bersama Kroasia di Piala Eropa 2016 lalu, dikabarkan dibeli seharga 23 juta euro. Ia telah mengucapkan salam perpisahan dengan fan Dinamo Zagreb pada sebuah laga persahabatan 18 Juli lalu. Saat itu, ia memperoleh standing ovation usai diganti pada babak kedua.

"Tidak ada hal yang lebih baik. Terima kasih atas apa yang telah Anda berikan pada saya malam ini. Ini adalah sebuah momen yang akan selalu saya ingat selamanya," kata Pjaca.</isi>
	<link>http://www.republika.co.id/berita/sepakbola/liga-italia/16/07/19/oakd1r291-juventus-menyerah-datangkan-higuain</link>
</artikel>