<artikel>
	<id>OLA_SB_10_572</id>
	<judul>Lolos ke Semifinal, Eks Pemain Timnas Beri Apresiasi</judul>
	<tanggal>26/11/16</tanggal>
	<kata_kunci>timnasindonesia, piala aff 2016, piala aff, </kata_kunci>
	<isi>VIVA.co.id – Keberhasilan tim nasional Indonesia lolos ke babak semifinal Piala AFF 2016 mulai mendapatkan sejumlah apresiasi. Sempat mengalami masa sulit dari awal masa persiapan, kini performa Boaz Solossa cs terus menampilkan grafik meningkat dalam melakoni laga penyisihan Grup A.
Meski diterpa berbagai rintangan dan kesulitan, kiprah tim besutan Alfred Riedl memang dapat dikatakan cukup mengejutkan. Setelah lepas dari sanksi FIFA dengan minimnya jam terbang di laga internasional tampaknya bukan merupakan alasan untuk tetap  bersaing di kancah Asia Tenggara sejauh ini.
Hal itu juga yang coba diungkapkan salah satu pemain tim nasional Indonesia, Yeyen Tumena. Eks penggawa PSSI Primavera ini menilai banyak faktor pemicu yang membuat penampilan skuat Merah Putih tidak dapat dianggap remeh oleh para lawan-lawan mereka.
"Dari awal, sebenarnya (Alfred) Riedl sudah tahu bahwa situasi timnas ini memang seperti yang kita ketahui yakni baru pulih sanksi, lama tak bertanding dan kompetisi sempat terhenti. Namun, saya mengapresiasi dia tetap tertantang untuk menerima tawaran melatih tim kita," jelas Yeyen, kepada VIVA.co.id yang dijumpai Jumat 25 November 2016 di Jakarta.
"Namun, dibalik itu semua saya yakin Riedl juga punya formula mensiasati kondisi ini. Bila kita melihat, ternyata ada juga nilai plus dari situasi ini, seperti dengan lama tak bermain setidaknya gaya permainan kita sulit dicermati, lalu akan banyak pemain muda yang muncul serta motivasi berlipat dengan dukungan publik akan lebih antusias," tambahnya.
Indonesia memastikan lolos ke semifinal usai menaklukan Singapura 2-1 di Rizal Memorial Stadium dalam laga pamungkas penyisihan Grup A. Lolosnya Indonesia tidak terlepas dari kekalahan Filipina 0-1 atas Thailand.</isi>
	<link>http://www.viva.co.id/bola/read/852514-lolos-ke-semifinal-eks-pemain-timnas-beri-apresiasi</link>
</artikel>