<artikel>
	<id>OLA_SB_10_1192</id>
	<judul>Skandal Pesta Ancam Posisi Rooney di Timnas Inggris</judul>
	<tanggal>28/11/16</tanggal>
	<kata_kunci>timnas inggris, Manchester United, Wayne Rooney, </kata_kunci>
	<isi>VIVA.co.id – Skandal pesta yang mendera Wayne Rooney mulai berdampak buruk terhadap karirnya di Timnas Inggris. Rooney kini terancam dicopot dari jabatan kapten Timnas Inggris.
Beberapa waktu lalu, The Sun mengabarkan bahwa Rooney menggelar pesta usai Inggris menang atas Skotlandia dalam lanjutan kualifikasi Piala Dunia 2018, zona Eropa. Dalam pesta tersebut, Rooney mabuk berat.
Tak sampai di situ, Rooney juga masuk ke pesta pernikahan tamu hotel. Dalam kondisi mabuk berat, Rooney mengajak tamu undangan mengobrol dan berfoto bersama dengan dua wanita seksi.
Striker 31 tahun tersebut diketahui menggelar pesta hingga sejak Sabtu 12 November 2016 malam hingga Minggu pagi, pukul 05.00 waktu setempat.
Belakangan diketahui, seperti dilansir Daily Mirror, Rooney ternyata sudah mendapatkan larangan dari manajer Inggris, Gareth Southgate, untuk mengonsumsi alkohol. Dia juga diinstruksikan untuk tidur lebih cepat.
Lewat kejadian ini, tentunya Rooney telah mengabaikan instruksi Southgate. Posisinya di Timnas Inggris pun terancam.
Rooney kini terancam dicopot dari jabatan kapten. Pihak FA hingga sekarang masih menyelidiki kasus tersebut. Jika terbukti bersalah, maka pemain milik Manchester United itu bisa saja kehilangan jabatannya.
"Kami menggelar investigasi demi memastikan apa yang terjadi, apakah di sana ada staf FA yang terlibat, ya atau tidak? Kami juga akan melakukan evaluasi secepatnya," kata Kepala Eksekutif FIFA, Martin Glenn.
"Mengecewakan, saya pikir sepantasnya dia minta maaf karena tindakan tersebut tak layak dengan statusnya sebagai kapten. Tapi, saya tak mau membuat masalah ini menjadi lebih dramatis," lanjutnya.</isi>
	<link>http://www.viva.co.id/bola/read/849284-skandal-pesta-ancam-posisi-rooney-di-timnas-inggris</link>
</artikel>