<artikel>
	<id>OLA_SB_10_565</id>
	<judul>Pantauan Langsung, GBLA Tak Layak Gelar Indonesia Vs Vietnam</judul>
	<tanggal>28/11/16</tanggal>
	<kata_kunci>timnasindonesia, piala aff, Stadion Gelora Bandung Lautan Api GBLA, </kata_kunci>
	<isi>VIVA.co.id – PSSI menunjuk Stadion Gelora Bandung Lautan Api (GBLA) sebagai opsi tempat menggelar laga semifinal Piala AFF 2016 antara Timnas Indonesia melawan Vietnam pada 3 Desember 2016. Tetapi, kondisi stadion sepertinya tidak layak pakai.
Penunjukan stadion berkapasitas 38 ribu tempat duduk ini dikarenakan memiliki fasilitas mewah dan megah. Serta letaknya yang berada di wilayah Gedebage sehingga sangat strategis dan mudah dijangkau bagi suporter dari luar Kota Bandung.
Namun, kondisi berbeda terlihat di dalam stadion. Dalam pantauan VIVA.co.id, kondisi lapangan sangat tidak layak untuk menggelar laga internasional.
Karena, rumput stadion yang akan digunakan terlihat masih dalam tahap perbaikan setelah digunakan upacara pembukaan dan penutupan PON XIX 2016.
Semua sisi lapangan terlihat gundul, paling parah di sektor tengah lapangan. Lapangan bergelombang karena rumput terkelupas, dan sedang dalam proses penanaman rumput baru.
Usai PON XIX berakhir memang kondisi rumput stadion sangat parah, hampir semua rumput mengering dan mati. Sehingga untuk pemulihannya memakan waktu lama.
Rencananya, pada Senin atau Selasa, 28-29 November 2016, pihak AFF dan PSSI akan meninjau Stadion GBLA untuk kelayakan atau tidaknya stadion digunakan. Tetapi, kalau dilihat dari situasi terkini tampaknya peluangnya amat kecil. (one)</isi>
	<link>http://www.viva.co.id/bola/read/853039-pantauan-langsung-gbla-tak-layak-gelar-indonesia-vs-vietnam</link>
</artikel>