<artikel>
	<id>OLA_SB_10_525</id>
	<judul>4 Pemain Indonesia Ini Bikin Singapura Gemetar</judul>
	<tanggal>24/11/16</tanggal>
	<kata_kunci>timnas singapura, timnasindonesia, Lerby Eliandry, Boaz Solossa, Andik Vermansyah, Rizky Pora, piala aff, </kata_kunci>
	<isi>VIVA.co.id – Pelatih Singapura, Vadaraju Sundramoorthy, sudah memetakan kekuatan Indonesia. Menurut Sundram, Indonesia memiliki empat pemain yang sangat berbahaya.
Empat dari tiga pemain tersebut, dianggap Sundram, memiliki kecepatan di atas rata-rata. Mereka diprediksi bisa menghadirkan masalah besar bagi pertahanan Singapura.
"Ada Boaz Solossa, Andik Vermansyah, dan Rizki Pora. Ketiganya adalah pemain dengan kecepatan yang bagus," kata Sundram seperti dikutip Straits Times.
"Masih ada Lerby Eliandry yang andal dalam duel udara. Mereka punya penyerang kelas atas," lanjutnya.
Pria 51 tahun tersebut merasa empat pemain itu harus diawasi pergerakannya. Dengan demikian, disebutkan Sundram, kreativitas Indonesia akan terhambat.
"Kami harus mencetak banyak gol untuk lolos. Kami bisa melakukannya, seperti saat menghadapi Kamboja," ujar Sundram.
Singapura punya catatan bagus saat menghadapi Indonesia. Dari tujuh pertemuan, Singapura berhasil menang dalam tiga kesempatan. Sedangkan, Indonesia baru dua kali menang atas Singapura. (one)</isi>
	<link>http://www.viva.co.id/bola/read/851683-4-pemain-indonesia-ini-bikin-singapura-gemetar</link>
</artikel>