<artikel>
	<id>OLA_SB_10_1010</id>
	<judul>Mourinho Puas Pemainnya Teruskan Tradisi Sepak Bola Menyerang MU</judul>
	<tanggal>01/12/16</tanggal>
	<kata_kunci>jose mourinho, manchester united, piala liga inggris, </kata_kunci>
	<isi>REPUBLIKA.CO.ID, MANCHESTER — Manchester United (MU) memastikan diri lolos ke semifinal Piala Liga Inggris usai mengalahkan West Ham 4-1, Kamis (1/12) dini hari WIB. Serangan skuat Jose Mourinho berjalan efektif dengan menempatkan Zlatan Ibrahimovic dan Antony Martial sebagai pencetak gol.
Pelatih United, Jose Mourinho puas timnya dapat mempertahankan tradisi sepak bola Iblis Merah yang selalu tampil menyerang. Kali ini, serangan yang dibangun skuat United berbuah manis dengan lahirnya empat gol ke gawang lawan.
Menurut Mourinho, keindahan dari pola sepakbola yang diterapkan United adalah selalu tampil lebih menyerang pada tiap pertandingan. Inilah yang diharapkan oleh seluruh pendukung Iblis Merah.
“Karena inilah tradisi Manchester United, saya sangat senang dengan sepak bola menyerang itu,” tutur Mourinho dikutip dari laman resmi Manchester United, Kamis (1/12).
Dua pemain yang tampil menakjubkan dalam laga kontra West Ham adalah penyerang muda Martial dan gelandang Henrikh Mkhitaryan. Keduanya memberikan andil besar dari proses serangan serta gol yang dicetak United. Nama terakhir terpilih sebagai pemain terbaik laga.
Selain dua pemain tersebut, penyerang haus gol Zlatan Ibrahimovic juga menunjukan tajinya dalam membobol gawang lawan. 
Menurut pelatih asal Portugal, United menang berkat skema serangan yang bagus. Performa tim serta gol yang berhasil dicetak menjadi seiringan. Sebab, tidak selalu penampilan bagus membuahkan hasil positif dengan mencetak banyak gol. Hal itu ditunjukan kala mereka menjamu West Ham dalam lanjutan Liga Primer Inggris akhir pekan lalu.
“Kami bermain sangat-sangat bagus di kandang dan ini kurang lebih sama dengan sebelumnya,” ujar dia.
Pada laga semifinal nanti, United akan bertemu Hull City yang berhasil lolos setelah mengalahkan Newcastle United di perempat final. Laga semifinal akan digelar pada Senin (9/1) dengan sistem home and away.</isi>
	<link>http://www.republika.co.id/berita/sepakbola/liga-inggris/16/12/01/ohhepu348-mourinho-puas-pemainnya-teruskan-tradisi-sepak-bola-menyerang-mu</link>
</artikel>