<artikel>
	<id>OLA_SB_10_1111</id>
	<judul>Jadwal Siaran Langsung Sepakbola, Minggu 27 November 2016</judul>
	<tanggal>27/11/16</tanggal>
	<kata_kunci>jadwal siaran langsung, arsenal, Manchester United, FCBarcelona, </kata_kunci>
	<isi>VIVA.co.id – Laga-laga seru di dunia sepakbola kembali akan berlangsung hari ini, Minggu 27 November 2016, hingga Senin dini hari WIB.
Ada pertandingan dari Torabika Soccer Championship (TSC), Premier League, La Liga, Bundesliga, dan Ligue 1.
Keseruan laga hari ini akan dimulai dari ajang TSC. PSM Makassar menjamu Mitra Kukar di Stadion Andi Mattalatta. Setelah itu, ada Persegres Gresik United melawan Bali United di Stadion Tri Dharma, Gresik. Satu laga lainnya, mempertemukan Persija Jakarta kontra Bhayangkara FC di Stadion Manahan, Solo.
Beralih ke Premier League. Arsenal dan Manchester United akan bertanding malam hari ini. Arsenal akan menjamu Bournemouth di Emirates. Kemenangan akan mendekatkan The Gunners dengan penghuni tiga besar.
Di Old Trafford, Manchester United menjamu West Ham United. Setan Merah saat ini menempati peringkat 6 dengan 19 poin dari 12 pertandingan. MU butuh kemenangan untuk memperbaiki peringkat.
Laga tak kalah menarik ada dari lanjutan La Liga. Atletico Madrid menghadapi tuan rumah Osasuna di El Sadar. Sedangkan Barcelona bertandang ke Anoeta melawan Real Sociedad.
Berikut jadwal siaran langsung sepakbola hari ini, hingga dini hari nanti:
Minggu, 27 November 2016
Torabika Soccer Championship
14.00 WIB - PSM Makassar vs Mitra Kukar - Indosiar
16.15 WIB - Persegres Gresik United vs Bali United - Indosiar
18.30 WIB - Persija Jakarta vs Bhayangkara FC - SCTV
Premier League
19.00 WIB - Watford City vs Stoke City - beIN Sports 1
21.15 WIB - Arsenal vs Bournemouth  - beIN Sports 1
23.30 WIB - Manchester United vs West Ham United - RCTI, beIN Sports 1
23.30 WIB - Southampton vs Everton - beIN Sports 3
La Liga
18.00 WIB - Villarreal vs Deportivo Alaves - beIN Sports 2
22.15 WIB - Osasuna vs Atletico Madrid - beIN Sports 2
Bundesliga
21.30 WIB - Schalke 04 vs Darmstadt - Fox Sports 3
23.30 WIB - Hertha Berlin vs Mainz 05 - Fox Sports 3
Ligue 1
21.00 WIB - Angers vs Saint-Etienne - beIN Sports 3
Senin, 28 November 2016
La Liga
00.30 WIB - Celta Vigo vs Granada - beIN Sports 2
02.45 WIB - Real Sociedad vs Barcelona - SCTV, beIN Sports 2
Ligue 1
02.45 WIB - Lyon vs Paris Saint-Germain - beIN Sports 3
 </isi>
	<link>http://www.viva.co.id/bola/read/852816-jadwal-siaran-langsung-sepakbola-minggu-27-november-2016</link>
</artikel>