<artikel>
	<id>OLA_SB_10_592</id>
	<judul>Hamdi Cetak 4 Gol, Bali United Libas PS TNI</judul>
	<tanggal>20/11/16</tanggal>
	<kata_kunci>bali united, torabika soccer championship tsc, PS TNI, </kata_kunci>
	<isi>VIVA.co.id – Miftahul Hamdi menjadi bintang saat Bali United mengalahkan PS TNI 4-2 pada laga Torabika Soccer Champioship (TSC), Minggu 20 November 2016 di Stadion Pakansari, Cibinong. Hamdi berhasil mencetak empat gol bagi Bali United. 
Bali United berhasil unggul cepat pada menit 9. Umpan Fadil Sausu berhasil dimanfaatkan oleh Hamdi melalui sundulan. 
PS TNI membalas pada menit 22. Pandi Lestahulu berhasil menaklukan kiper Bali United, Mochammad Diky melalui tendangan jarak jauh. 
Bali United kembali unggul 2-1 pada menit 24. Hamdi mencetak gol keduanya, memalui sundulan yang memanfaatkan umpan Hasim Kipuw. 
Satu menit pertandingan babak kedua, Hamdi mencetak gol ketiganya. Skor pun berubah menjadi 3-1, untuk keunggulan Bali United. 
Tertinggal dua gol, PS TNI tidak begitu saja menyerah. Erwin Ramdani berhasil memperkecil ketertinggalan menjadi 3-2, pada menit ke 54. 
Empat menit menjelang pertandingan berakhir, Hamdi mencetak gol keempat bagi Bali United. Pemain berusia 20 tahun ini mencetak quatrik-nya untuk pertama kalinya. 
Dengan kemenangan ini, Bali United berada di posisi ke 12 dengan 32 poin. Sedangkan PS TNI duduk di peringkat ke 16 dengan 25 poin. 
Daftar susunan pemain:
PS TNI: Ravi Murdianto; Choirul Hidayat, Hendri Aprilianto, Wiganda Pradika; Suhandi, Legimin Raharjo, Erwin Ramdani, Pandi Lestaluhu (Frets Listanto 79'); Tambun Naibaho; Aldino Hendrianto, Dwi Cahyono
Bali United: Mochammad Diky; Ricky Fajrin, Felsianys Junius, Ahn Byung Keon, Abdul Rahman, Hasim Kipuw; Fadil Sausu, Hendra Sandi (Adi Parwa 60'), Miftahul Hamdi, Yabes Roni (Leo Guntara 65'); Nemanja Vidakovic (I Made Wirahadi 80')</isi>
	<link>http://www.viva.co.id/bola/read/850056-hamdi-cetak-4-gol-bali-united-libas-ps-tni</link>
</artikel>