<artikel>
	<id>OLA_SB_10_474</id>
	<judul>Edy Rahmayadi Tekankan Profesionalitas PSSI</judul>
	<tanggal>10/11/16</tanggal>
	<kata_kunci>kongres pssi, ketum pssi baru, edy rahmayadi, </kata_kunci>
	<isi>REPUBLIKA.CO.ID, JAKARTA -- Ketua Umum PSSI yang baru, Edy Rahmayadi menekankan profesionalistas PSSI. Ia tidak menyatakan PSSI tidak akan dipengaruhi hal-hal lain di luar sepakbola.
"Saya tekankan sekali lagi PSSI urusannya Bola. Profesional bola. Tidak hubungannya dengan biru, merah, kuning, hijau, putih," kata Edy dalam pidato pertamanya sebagai Ketua Umum PSSI, Kamis (10/11).
Dalan pidatonya tersebut Edy juga mengatakan  tidak pernah hidup dalam suasana seperti PSSI. Ia berharap dapat segera menyesuaikan diri di lingkungan PSSI. Edy menyatakan akan langsung bekerja. Ia juga berjanji segera menyelesaikan persoalan-persoalan PSSI sebelumnya salah satunya Peserbaya Surabaya.
"Kami akan ada kongres Desember atau awal Januari mendatang," katanya.</isi>
	<link>http://www.republika.co.id/berita/sepakbola/liga-indonesia/16/11/11/ogfq88330-edy-rahmayadi-tekankan-profesionalitas-pssi</link>
</artikel>