<artikel>
	<id>OLA_SB_10_1045</id>
	<judul>Roma Serius Ingin Datangkan Memphis Depay</judul>
	<tanggal>18/11/16</tanggal>
	<kata_kunci>memphis depay, manchester united, as roma, </kata_kunci>
	<isi>REPUBLIKA.CO.ID, ROMA --  AS Roma dilaporkan serius ingin mendatangkan winger Manchester United (MU) Memphis Depay. Roma akan memberikan kontrak pinjaman dengan opsi permanen pada akhir musim 2016/2017.
Menurut media Italia Corriere dello Sport, seperti dikutip Football Italia, Kamis (17/11), dalam beberapa pekan ini pihak Roma telah menggelar pembicaraan dengan manajemen MU. Roma berharap manajemen Iblis Merah bersedia melepas Depay dari Old Trafford.
I Giallorossi tak ingin langkah mereka tersalip oleh rivalnya Inter Milan yang juga tergoda untuk bisa mengikat pemain 22 tahun itu. Klub yang bermarkas di Trigora ini juga siap membahas klausul pelepasan yang harus dibayar jika tertarik untuk mempermanenkan jasa eks penggawa PSV Eindhoven pada musim selanjutnya.
Ini diharapkan bisa memperlancar kepindahan pemain berusia 22 tahun menuju ke Ibu Kota Italia.
Jasa Depay memang dibutuhkan skuat Luciano Spalletti. Pasalnya, pada Januari, mereka akan kehilangan Mohamed Salah yang harus bergabung dengan tim nasional Mesir untuk berlaga di Piala Afrika.
Depay diyakini akan dilepas oleh MU pada Januari mendatang. Pasalnya, pemain internasional Belanda ini belum mampu menemukan bentuk permainan terbaiknya. 
Nama Depay santer disebutkan akan hengkang pada musim panas lalu. AC Milan disebut-sebut meminatinya. Tapi hingga saat ini, Depay masih berkostum merah MU.</isi>
	<link>http://www.republika.co.id/berita/sepakbola/liga-italia/16/11/18/ogt4a4348-roma-serius-ingin-datangkan-memphis-depay</link>
</artikel>