<artikel>
	<id>OLA_SB_10_451</id>
	<judul>Madura United Siap Pesta Gol di Makassar</judul>
	<tanggal>11/11/16</tanggal>
	<kata_kunci>madura united, psm makassar, isc 2016, </kata_kunci>
	<isi>REPUBLIKA.CO.ID, MAKASSAR – Tim tamu Madura United tidak hanya menargetkan kemenangan namun berambisi berpesta gol saat menghadapi PSM Makassar dalam lanjutan Indonesia Soccer Champinship (ISC) di Stadion Gelora Andi Mattalatta Mattoanging Makassar, Sulawesi Selatan, Sabtu (12/11). Pelatih Kepala Madura United, Mario Gomes de Olivera di Makassar, Jumat (11/11), mengatakan, potensi untuk meraih kemenangan besar tentunya terbuka lebar melihat kinerja lini depan timnya yang terus menunjukkan ketajaman.
“Kami punya target khusus dalam pertandingan nanti. Saya inginkan tim mencetak lebih banyak gol dalam pertandingan menghadapi tuan rumah PSM Makassar,” kata Mario. Target khusus dari tim pelatih itu tentunya juga berkaitan dengan kondisi PSM yang memang sedang mengalami krisis pemain. Hal itu terjadi setelah absennya hingga tujuh pemain pilar PSM dengan berbagai sebab.
Meski punya ambisi mencetak banyak gol, Mario membantah jika itu diartikan sebagai bentuk memandang enteng kekuatan PSM. Dirinya menegaskan, PSM dengan absennya beberapa pilar tidak akan memberikan pengaruh signifikan terhadap kekuatan tim kebanggaan masyarakat Makassar dan Sulawesi Selatan tersebut. “Kami target bikin banyak gol. Saya percaya laga ini tidak mudah namun kita optimistis bisa meraih hasil maksimal,” ujarnya.
Pemain Madura United, Rendy Siregar berharap bisa bermain maksimal pada laga nanti. Sekaligus membawa timnya meraih tiga angka di kandang tim Juku Eja. “Mudah-mudahan kami bisa memenangkan pertandingan besok. Saya juga akan berupaya mengeluarkan kemampuan terbaik saat dipercaya tampil dalam pertandingan nanti," kata Rendy.
 </isi>
	<link>http://www.republika.co.id/berita/sepakbola/liga-indonesia/16/11/11/ogh7j9409-madura-united-siap-pesta-gol-di-makassar</link>
</artikel>