<artikel>
	<id>OLA_SB_10_464</id>
	<judul>MU Investasikan Dana Rp 2,6 Triliun untuk Pogba</judul>
	<tanggal>19/07/16</tanggal>
	<kata_kunci>paul pogba, juventus, manchester united, </kata_kunci>
	<isi>REPUBLIKA.CO.ID, MANCHESTER -- Manchester United akan menginvestasikan total dana senilai 180 juta euro (Rp 2,6 triliun) untuk Paul Pogba. Angka itu termasuk dana transfer senilai 120 juta euro (Rp 1,7 triliun). Dilansir dari Football Italia, Selasa (19/7), kabar itu muncul seiring dengan sikap Juventus yang mulai goyah. 
Seperti diketahui, Juve hari ini memastikan tidak ingin menarik Gonzalo Higuain dari Napoli. Mereka ingin menutup pembahasan terkait Higuain. Karena itu, kasus Pogba kembali mencuat. 
Menurut La Gazzetta dello Sport, agen dari Pogba Mino Raiola saat ini berada di Manchester. Kabarnya, ia di sana akan membahas soal kemungkinan penjualan gelandang timnas Prancis itu ke Iblis Merah. 
Pelatih MU Jose Mourinho tampaknya menjadi salah satu pengagum terbesar Pogba. Iblis Merah akan mencoba melakukan investasi besar-besaran untuk memenuhi keinginan eks pelatih Chelsea ini.
Investasi tersebut akan meliputi biaya transfer sebesar 120 juta euro, dengan kontrak lima tahun. Pogba akan mendapatkan gaji senilai 12 juta euro per musim. Sehingga, total biaya mereka mencapai 180 juta euro. 
Nyonya Tua sendiri tidak akan mengambil penuh dari nilai 120 juta euro tersebut. Sebab ada yang bagian yang akan diterima Pogba.
Juve sejauh ini bersikeras mereka tidak akan menjual Pogba, kecuali jika sang pemain sendiri yang memilih untuk pergi. Namun, muncul rumor yang menyebutkan sikap Nyonya Tua itu mulai goyah.
Sementara pemain berusia 23 tahun tersebut bisa saja tergoda dengan tawaran luar biasa dari MU itu. Karena itu, semuanya bergantung pada Pogba, yang saat ini tengah berlibur usai Piala Eropa 2016. 
Baca juga: 'Derby Manchester Bukan Hanya Soal Mourinho dan Guardiola'</isi>
	<link>http://www.republika.co.id/berita/sepakbola/liga-inggris/16/07/19/oak6rn348-mu-investasikan-dana-rp-26-triliun-untuk-pogba</link>
</artikel>