<artikel>
	<id>OLA_SB_10_537</id>
	<judul>Absen Kontra Vietnam, Ini Saran Basna Bagi Pertahanan Timnas</judul>
	<tanggal>03/12/16</tanggal>
	<kata_kunci>piala aff, piala aff 2016, yanto basna, timnasindonesia, timnas vietnam, </kata_kunci>
	<isi>VIVA.co.id - Bek Timnas Indonesia, Yanto Basna mengaku kecewa tidak bisa berjuang bersama rekan setimnya saat menghadapi Vietnam pada semifinal leg pertama Piala AFF, di Stadion Pakansari, Cibinong, Kabupaten Bogor, Sabtu 3 Desember 2016.
Apalagi, Timnas Indonesia butuh kemenangan besar untuk membuka peluang lolos ke partai final. Sebab, laga semifinal Piala AFF ini menggunakan sistem kandang dan tandang.
Pemain asal Papua ini terpaksa absen setelah mendapat hukuman akumulasi kartu kuning pada fase grup A melawan Singapura pekan lalu. Padahal, Basna kerap menjadi andalan pelatih Alfred Riedl di lini pertahanan berduet  bersama M Fachrudin yang juga absen pada pertandingan nanti.
Bek Persib ini pun hanya bisa menyaksikan timnya dari bangku penonton. Meskipun, tak bisa memberikan kontribusi nyata, Basna tetap memberikan dukungan moril untuk rekan-rekannya.
"Perasaan kecewa ingin main tapi bisa jadi hanya suport teman-teman semoga bisa dapat hasil yang terbaik nanti di leg pertama," ujar Basna lewat pesan singkat.
Kemungkinan pelatih Alfred Riedl menurunkan Gunawan Dwi Cahyo dan Hansamu Yama Pranata untuk menambal posisi Basna dan Fachrudin di lini belakang. Mantan pemain Mitra Kukar ini berpesan kepada penggantinya agar lebih bermain sabar dan konsentrasi sepanjang pertandingan.
"Paling main sabar dan antispasi kecepatan mereka yang menjadi andalan, permainan cepat dan akurat memiliki pemain yang pintar mencari posisi terutama nomor 9 kapten (Le Cong Vinh)," ujarnya.
Indonesia pernah melakoni dua laga uji coba kontra Vietnam pada Oktober dan November lalu. Hasilnya, Timnas Garuda meraih hasil imbang dan kalah.
Lihat analisa dan prediksi jelang laga Timnas Indonesia Vs Vietnam di video ini.
 </isi>
	<link>http://www.viva.co.id/bola/read/855333-absen-kontra-vietnam-ini-saran-basna-bagi-pertahanan-timnas</link>
</artikel>