<artikel>
	<id>OLA_SB_10_1102</id>
	<judul>LIVE MATCH: MU Unggul Atas Everton di Babak I</judul>
	<tanggal>04/12/16</tanggal>
	<kata_kunci>everton, Manchester United, premier league, Manchester United, premier league, </kata_kunci>
	<isi>VIVA.co.id – Manchester United untuk sementara mampu mengungguli Everton dalam lanjutan Premier League, Minggu 4 Desember 2016. Setan Merah unggul tipis 1-0 di babak pertama, dalam laga yang berlangsung di Goodison Park ini.
MU lebih menguasai jalannya pertandingan. Namun, tim besutan Jose Mourinho kesulitan menembus barisan pertahanan The Toffees.
MU coba memberikan ancaman saat laga baru berjalan 7 menit. Tendangan dari Paul Pogba belum menemui sasaran.
Memasuki menit 18, Everton mendapatkan dua peluang. Pertama, lewat tandukan Ashley William. Setelah itu
Di menit 26, Everton menyia-nyiakan kesempatan untuk unggul. Romelu Lukaku yang tak terkawal coba mengirimkan umpan kepada Kevin Mirallas. Namun, bola gagal diterima dengan baik.
MU akhirnya mampu memecah kebuntuan di menit 42. Anthony Martial memberikan bola kepada Zlatan Ibrahimovic. Ibra memanfaatkan kesalahan kiper Everton, Maarten Stekelenburg yang terlalu maju.
Tendangan chip Ibra sukses membobol gawang Everton. Meski tak terlalu keras, terlihat tendangannya sudah melewati garis gawang.
Skor 1-0 untuk keunggulan MU bertahan hingga babak pertama berakhir.
Anda dapat menyimak jalannya pertandingan ini melalui fitur LIVE MATCH VIVA.co.id (klik di sini).
Susunan Pemain
Everton: Maarten Stekelenburg; Seamus Coleman, Ashley Williams, Ramiro Funes Mori, Leighton Baines; Gareth Barry, Tom Cleverley; Idrissa Gana Gueye, Yannick Bolasie, Kevin Mirallas; Romelu Lukaku.
Manchester United: David De Gea; Antonio Valencia, Phil Jones, Marcos Rojo, Matteo Darmian; Michael Carrick, Ander Herrera; Anthony Martial, Paul Pogba, Henrik Mkhitaryan; Zlatan Ibrahimovic.</isi>
	<link>http://www.viva.co.id/bola/read/855752-live-match-mu-unggul-atas-everton-di-babak-i</link>
</artikel>