<artikel>
	<id>OLA_SB_10_424</id>
	<judul>Riedl: Indonesia Harus Menang Lawan Filipina</judul>
	<tanggal>21/11/16</tanggal>
	<kata_kunci>timnas indonesia, alfred riedl, piala aff 2016, </kata_kunci>
	<isi>REPUBLIKA.CO.ID, MANILA – Pelatih timnas Indonesia Alfred Riedl menegaskan anak asuhnya harus menang melawan tuan rumah Filipina pada laga penyisihan Grup A Piala AFF 2016, Selasa (22/11). Pada pertemuan terakhir di Piala AFF dua tahun silam, Indonesia takluk dari Filipina. “Target kami jelas harus menang,” kata Riedl dalam sesi konferensi pers, Senin (21/11). Riedl merasa yakin dengan timnas Indonesia saat ini.
Menurutnya, kondisi timnas Garuda pada turnamen tahun ini jauh berbeda dengan sebelumnya. “Saat itu fisik pemain Indonesia buruk. Sekarang berbeda," kata Riedl. Apalagi, lanjutnya, mental anak asuhnya cukup baik meski bermain di hadapan pendukung tuan rumah.
Sementara, pelatih timnas Filipina Thomas Dooley mengatakan, pihaknya mewaspadai penyerang Indonesia, termasuk pemain tengah yang juga memiliki kemampuan mencetak gol. Terkait tidak adanya gol saat melawan Singapura, Dooley menegaskan bukan anak asuhnya yang tumpul, tetapi pertahanan lawan cukup ketat. “Banyak pemain Singapura turun menjaga daerah pertahanan sehingga cukup sulit pemain kami mencetak gol," ucapnya.
Dooley juga menegaskan, timnas Indonesia kuat di tengah dan depan, tetapi lemah di sektor pertahanan. "Ini peluang kami untuk menang," ujarnya. Laga Indonesia kontra Filipina dihelat pada esok (22/11) di stadion Philippine Sports, Bulacan, Filipina. Indonesia wajib menang jika tidak ingin tersingkir dari babak penyisihan grup.
 </isi>
	<link>http://www.republika.co.id/berita/sepakbola/liga-indonesia/16/11/21/ogza8u409-riedl-indonesia-harus-menang-lawan-filipina</link>
</artikel>