<artikel>
	<id>OLA_SB_10_512</id>
	<judul>LIVE MATCH: Menit 27, Indonesia Tertinggal dari Singapura</judul>
	<tanggal>25/11/16</tanggal>
	<kata_kunci>timnasindonesia, timnas singapura, piala aff, piala aff 2016, </kata_kunci>
	<isi>VIVA.co.id – Indonesia menghadapi Singapura dalam laga terakhir di Grup A Piala AFF 2016, Jumat 25 November 2016. Indonesia sementara tertinggal 0-1 dalam laga yang berlangsung di Rizal Memorial Stadium, Filipina.
Laga berjalan sengit sejak laga dimulai. Indonesia lebih menguasai jalannya pertandingan.
Namun, petaka hadir untuk Indonesia di menit 27. Memanfaatkan eksekusi tendangan pojok, Muhammad Khairul Amri Mohammad Kamal berhasil membobol gawang Kurnia Meiga Hermansyah lewat tendangan saltonya.
Susunan pemain
Singapura: Hassan Abdullah Sunny (GK); Muhammad Shakir Hamzah, Madhu M. Mohana, Mohammed Faritz Abdul Hameed, Daniel Mark Bennett; Muhammad Faris Ramli, Hariss Harun, Muhammad Safuwan Baharudin, Muhammad Yasir Hanapi, Anumanthan Mohan Kumar; Muhammad Khairul Amri Mohammad Kamal.
Indonesia: Kurnia Meiga Hermansyah (GK); Fachruddin Aryanto, Rudolof Yanto Basna, Muhammad Abduh Lestaluhu, Benny Wahyudi; Evan Dimas Darmono, Stefano Lilipaly, Rizki Rizaldi Pora, Andik Vermansyah, Bayu Pradana; Boaz Solossa.</isi>
	<link>http://www.viva.co.id/bola/read/852459-live-match-menit-27-indonesia-tertinggal-dari-singapura</link>
</artikel>