<artikel>
	<id>OLA_SB_10_404</id>
	<judul>Persib Syukuri Dua Poin Laga Tandang</judul>
	<tanggal>06/11/16</tanggal>
	<kata_kunci>persib, bobotoh, indonesia soccer championship, </kata_kunci>
	<isi>REPUBLIKA.CO.ID, BANDUNG -- Striker Persib Bandung, Samsul Arif, menysukuri hasil imbang tanpa gol dari laga melawat ke markas Persija Jakarta di Stadion Manahan, Solo, Sabtu (5/11). Persija sebelumnya juga hanya mampu membawa pulang satu poin dari laga di markas PSM Makassar.
Samsul mengatakan satu poin di kandang Persija dan PSM bukan hasil yang terlalu jelek. Apalagi, Persib tampil penuh motivasi untuk meraih hasil maksimal.

"Ini harus tetap disyukuri, dua poin dari dua tandang bukan hasil yang jelek juga,'' kata Samsul seperti dikutip dari situs resmi klub, Ahad (6/11). ''Walaupun, kita harapannya adalah menang kemarin.''
Samsul secara pribadi mohon maaf atas penampilannya yang dinilainya kurang mengesankan. Terutama ketika beberapa peluang yang diciptakannya gagal berbuah gol.

"Saya juga kemarin merasa kurang gereget, semoga kedepan lebih baik lagi," katanya.

 </isi>
	<link>http://www.republika.co.id/berita/sepakbola/liga-indonesia/16/11/06/og7jsv257-persib-syukuri-dua-poin-laga-tandang</link>
</artikel>