<artikel>
	<id>OLA_SB_10_596</id>
	<judul>LIVE MATCH: Persela Bikin Persib Tak Berdaya di Babak I</judul>
	<tanggal>26/11/16</tanggal>
	<kata_kunci>torabika soccer championship tsc, persib bandung, Persela Lamongan, </kata_kunci>
	<isi>VIVA.co.id – Persela Lamongan unggul 2-0 atas Persib Bandung di babak pertama laga lanjutan ajang Torabika Soccer Championship (TSC) di Stadion Surajaya, Lamongan, Sabtu, 26 November 216.
Pertandingan berjalan sengit di menit awal. Kedua kubu sama-sama tampil agresif.
Maung Bandung sempat memberikan ancaman di menit awal, salah satunya lewat Samsul Arif. Sayang, gol tidak mampu dihasilkan karena lemahnya penyelesaian akhir.
Tak mau dipermalukan di depan publiknya, Persela kali membalas serangan Persib. Mereka terus menekan lewat sisi lapangan, mengandalkan kecepatan para pemain sayap.
Usah mereka membuahkan hasil di menit 37. Steven Imbiri melepaskan tembakan keras dari luar kotak penalti yang bersarang telak di sudut gawang Persib. 1-0 tim berjuluk Laskar Jok Tingkir unggul.
Belum sempat menarik napas, kubu Persib kembali dikejutkan dengan gol kedua Persela. Hanya berselang satu menit giliran Ivan Carlos yang menggetarkan jala gawang tim Pangeran Biru.
Semakin unggul, pasukan besutan Aji Santoso tampil semakin percaya diri. Mereka membuat Persib kesulitan mengembangkan permainan dan memaksa babak pertama ditutup dengan skor 2-0.
Susunan pemain:
Persela Lamongan: Choirul Huda; Zainal Haq, Eduardo Lima, Taufik Febriyanto; Choi Hyun Yeon, Gustavo Conceicao, Victor Pae, Steven Imbiri; Ivan Carlos, Dendi Sulistyawan, Saddil Ramdani.
Persib Bandung: Muhammad Natsir, Tony Sucipto, Jajang Sukmara, Vladimir Vujovic; Diogo Ferreira, Hariono, Kim Jeffrey, Febri Hariyadi; Samsul Arif, Sergio van Dijk, Marcos Flores.</isi>
	<link>http://www.viva.co.id/bola/read/852690-live-match-persela-bikin-persib-tak-berdaya-di-babak-i</link>
</artikel>