<artikel>
	<id>OLA_SB_10_1160</id>
	<judul>Real Madrid Saat Ini Terkomplet Dalam 20 Tahun Terakhir</judul>
	<tanggal>03/09/16</tanggal>
	<kata_kunci>Real Madrid, Liga Spanyol, La Liga, </kata_kunci>
	<isi>VIVA.co.id – Skuat Real Madris saat ini dianggap skuat terkomplet dalam 20 tahun terakhir. Itu hasil dari survey yang dilakukan oleh laman olahraga Spanyol, Marca.
Marca melansir, Sabtu 3 September 2016, lebih dari 8.500 pembaca, atau 28 persen pembaca, memilih skuat Madrid musim ini yang paling komplet daripada sebelum-sebelumnya.
Ini selaras dengan pernyataan presiden klub Florentino Perez sebelumnya yang mengaku sulit memilih pemain baru lain untuk melengkapi skuat yang sudah komplet.
Sementara posisi kedua terkomplet, dari hasil survey, ditempati skuat Los Blancos pada musim 2003. Saat itu, Madrid juara La Liga, Piala Super Eropa dan Internkontinental Cup.
Dan skuat ketiga terkomplet yang dipilih pembaca Marca, adalah skuat El Real di musim 2014 saat mereka dibesut Carlo Ancelotti kala juara Liga Champions. 
     </isi>
	<link>http://www.viva.co.id/bola/read/817314-real-madrid-saat-ini-terkomplet-dalam-20-tahun-terakhir</link>
</artikel>