<artikel>
	<id>OLA_SB_10_591</id>
	<judul>Rizky Pellu Bawa PSM Unggul Atas BFC di Babak I</judul>
	<tanggal>21/11/16</tanggal>
	<kata_kunci>torabika soccer championship tsc, PSM Makassar, bhayangkara fc, </kata_kunci>
	<isi>VIVA.co.id - Bhayangkara FC (BFC) sementara tertingal di babak pertama dari PSM Makassar dalam laga lanjutan Torabika Soccer Championship di Gelora Delta Sidoarjo, Senin 21 November 2016. PSM unggul dengan skor 1-0 di 45 menit pertama ini.
Sejak menit awal pertandingan, Bhayangkara langsung tampil menekan. Peluang tercipta di menit 7, tapi Rudi Widodo yang berada di kotak penalti PSM, kalah dalam duel satu lawan satu dengan kiper Syaiful.
Widodo yang menjadi striker tunggal terus mengancam gawang PSM, namun pertahanan tim tamu masih bisa menggagalkannya. Sedangkan di kubu PSM, mereka memberikan ancaman ke gawang Wahyu Tri Nugroho lewat Titus Bonai.
PSM akhirnya membuka gol pertama mereka lewat Rizky Pellu di menit 20. Sepakannya di mulut gawang Bhayangkara, tak mampu diamankan oleh Wahyu Tri.
Tertinggal 0-1, Bhayangkara langsung tancap gas menekan kembali pertahanan PSM. Namun, lagi-lagi barisan pertahanan PSM masih tampil disiplin dan sukses menghadang segala percobaan dari tim tuan rumah.
Sundulan Kwon Jun jelang berakhirnya pertandingan masih bisa digagalkan oleh Wahyu Tri. Skor 1-0 untuk keunggulan PSM akhirnya tetap bertahan hingga berakhirnya babak pertama.
Susunan Pemain
Bhayangkara FC: Wahyu Tri Nugroho, Dany Saputra, Otavio Dutra, I Putu Gede, Lee Yoo Joon, Muhammad Hargianto, Indra Kahfi, Khairallah Abdelkbir, Ilham Udin Armaiyn, Wahyu Sube Seto, Rudi Widodo (Antoni Putro '35)
PSM Makassar: Syaiful, Ardan Aras, Hendra Wijaya, Wasyiat Hasbullah, Kwon Jun, Rizky Pellu, Rasyid Assahid, Ridwan Tainella, Willem Jan, Muhammad Rahmat, Titus Bonai</isi>
	<link>http://www.viva.co.id/bola/read/850433-rizky-pellu-bawa-psm-unggul-atas-bfc-di-babak-i</link>
</artikel>