<artikel>
	<id>OLA_SB_10_1082</id>
	<judul>Rooney Sambut Kedatangan Van Persie ke Old Trafford</judul>
	<tanggal>21/10/16</tanggal>
	<kata_kunci>robin van persie, wayne rooney, manchester united, </kata_kunci>
	<isi>REPUBLIKA.CO.ID, MANCHESTER -- Sambutan pralaga untuk Robin van Persie sudah dilayangkan oleh kubu Manchester United. Kapten MU, Wayne Rooney mengaku sudah tak sabar untuk bertemu Fenerabahce karena akan bersua mantan tandemnya di lini depan Iblis Merah. MU akan menjamu Fenerbahce di Old Trafford, Jumat (21/10) dini hari WIB.
Melalui akun Instagram resminya, @waynerooney, pemain 30 tahun ini menantikan kedatangan eks rekannya di lini depan tersebut. "Sangat-sangat menantikan pertandingan nanti melawan Fenerbahce dan melihat teman dan rekan tim lama saya, Robin van Persie," kata Rooney sambil memajang foto saat berselebrasi gol bersama Van Persie.
Saat ini MU masih tertahan di peringkat ketiga klasemen sementara Grup A dengan koleksi empat tiga poin, tertinggal satu angka dari Feyenoord di peringkat pertama dan Fenerbahce di posisi kedua. Usai melawan Fenerbahce, MU sudah ditunggu laga berat lainnya.
Dua hari setelah melakoni laga Liga Europa di Old Trafford, MU akan bertandang ke markas Chelasea, Ahad (23/10). Rooney pun berharap, konsentrasi timnya masih bisa terbagi dengan baik. "Setelah Fenerbahce laga penting lainnya menunggu, kami akan menunjukkan mampu lolos dari pekan yang berat ini," kata dia.
 </isi>
	<link>http://www.republika.co.id/berita/sepakbola/liga-dunia/16/10/20/ofcsj1348-rooney-sambut-kedatangan-van-persie-ke-old-trafford</link>
</artikel>