<artikel>
	<id>OLA_SB_10_536</id>
	<judul>Rekor Pertemuan, Indonesia Kerap Sulit Kalahkan Vietnam</judul>
	<tanggal>03/12/16</tanggal>
	<kata_kunci>piala aff 2016, piala aff, timnasindonesia, </kata_kunci>
	<isi>VIVA.co.id – Tim nasional Indonesia siap menatap leg I semifinal Piala AFF 2016 kontra Vietnam di Stadion Pakansari, Cibinong, Kabupaten Bogor, Sabtu 3 Desember 2016. Catatan rekor pertemuan dapat jadi hal yang menambah kepercayaan diri Boaz Solossa cs.
Meski kerap kesulitan untuk menang dalam tiap pertemuan kedua tim, namun armada Garuda boleh berbangga dengan torehan kemenangan yang lebih unggul ketimbang koleksi The Golden Stars. Tak cuma itu, skuat Merah Putih juga tak terkalahkan saat menghadapi pasukan Bintang Emas di Tanah Air.
Tapi tuntutan menang di laga ini memang tetap jadi hal wajib untuk diusung tim besutan Alfred Riedl demi meringankan langakh mereka pada leg kedua di Hanoi 7 Desember mendatang.
Skuat Nguyen Huu Thang pun bukan tanpa misi besar untuk menjungkalkan tuan rumah dihadapan publik Indonesia. Sebagai juara Grup B dan mampu menang 3-2 pada laga ujicoba terakhir jelang Piala AFF, Vietnam tentunya masih dalam kondisi keyakinan besar untuk memetik kemenangan.
Timnas senior Indonesia terakhir kali mengalahkan Vietnam sudah cukup lama yakni pada tahun 2008. Dalam sebuah laga uji coba di Stadion Gelora 10 November, Tambaksari, Surabaya, Bambang Pamungkas menjadi penentu kemenangan Indonesia lewat gol dari titik putih.
Kini patut dinantikan, apakah tim Merah Putih dapat mengulang torehan 8 tahun silam, atau justru tetap mengalami kesulitan mencatatkan kemenangan dari Le Cong Vinh cs?
Berikut daftar rekor pertemuan Indonesia vs Vietnam:
Lihat analisa dan prediksi Jelang Laga Timnas Indonesia Vs Vietnam di video ini.
 </isi>
	<link>http://www.viva.co.id/bola/read/855346-rekor-pertemuan-indonesia-kerap-sulit-kalahkan-vietnam</link>
</artikel>