<artikel>
	<id>OLA_SB_10_1075</id>
	<judul>Giroud: Kesempatan Saya Bermain Penuh akan Tiba</judul>
	<tanggal>01/11/16</tanggal>
	<kata_kunci>olivier giroud, arsenal, liga champions, </kata_kunci>
	<isi>REPUBLIKA.CO.ID, RAZGRAD -- Striker Arsenal, Olivier Giroud mengincar masuk ke dalam starting XI kala timnya menghadapi Ludogorets Razgard pada laga penyisihan Grup A Liga Champions, Rabu (2/11) dini hari WIB. Giroud memang selalu memulai laga dari bangku cadangan musim ini.
Namun, dua golnya saat membantu Arsenal menggulung Sunderland akhir pekan lalu jadi pesan darinya untuk pelatih Arsene Wenger bahwa dia sudah kembali tajam. Walaupun, Giroud memulai laga dengan masuk pada babak kedua.
"Giliran saya akan tiba untuk bermain penuh sejak menit pertama. Saya sempat tidak terlalu fit usai Piala Eropa dan kini semua sudah membaik," kata Giroud dikutip dari laman resmi UEFA, Selasa (1/11).
Meski demikian, striker timnas Prancis ini enggan untuk memaksakan diri. Menurut dia, bermain di lapangan haruslah dalam kondisi fit. Terlebih, misi Arsenal di kandang markas asal Bulgaria itu bukan main-main.
Seperti yang dikatakan pelatihnya, the Gunners ingin membawa pulang tiga poin untuk bisa lolos ke fase selanjutnya sebagai juara grup.
"Saya akan senang untuk kembali dalam laga Liga Champions. Tapi akhir pekan pun kami ada pertandingan penting (melawan Tottenham Hotpsur di Liga Primer Inggris) jadi saya fokus dengan apa yang pelatih mau," kata dia.</isi>
	<link>http://www.republika.co.id/berita/sepakbola/liga-dunia/16/11/01/ofylzd348-giroud-kesempatan-saya-bermain-penuh-akan-tiba</link>
</artikel>