<artikel>
	<id>OLA_SB_10_582</id>
	<judul>Tampil di Kandang, Persela Lumpuhkan Persib</judul>
	<tanggal>30/11/16</tanggal>
	<kata_kunci>torabika soccer championship tsc, Persela Lamongan, Persib, persib bandung, </kata_kunci>
	<isi>VIVA.co.id – Persela Lamongan mengatasi Persib Bandung dalam laga lanjutan Torabika Soccer Championship (TSC) di Stadion Surajaya, Lamongan, Sabtu, 26 November 2016. Laskar Joko Tingkir menang tipis 2-1.
Di babak pertama Persela langsung unggul 2-0. Gol pembuka dihasilkan Steven Imbiri di menit 37. Dia melepaskan tembakan keras dari luar kotak penalti yang bersarang telak di sudut gawang Persib.
Belum sempat menarik napas, kubu ‘Maung Bandung’ kembali dikejutkan dengan gol kedua Persela. Hanya berselang satu menit, giliran Ivan Carlos yang menggetarkan jala gawang tim Pangeran Biru. Keunggulan 2-0 buat pasukan besutan Aji Santoso bertahan sampai waktu jeda.
Paruh waktu kedua, Persib berhasil bangkit. Mereka mampu menekan Persela nyaris di sepanjang 45 menit sisa.
Gempuran bertubi-tubi dilancarkan dari segala sisi lapangan. Hasil konkret bagi tim asuhan Djadjang Nurdjaman didapat pada menit 71.
Febri Hariyadi memberikan crossing kepada Sergio Van Dijk dan diselesaikan dengan tendangan keras oleh pemain naturalisasi itu. Persib memperkecil ketinggalan menjadi 1-2.
Usaha maksimal terus dilakukan Persib sampai menit akhir laga. Sayangnya, tidak ada lagi gol tambahan yang dihasilkan. Skor 2-1 bagi tuan rumah menutup pertandingan.
Kemenangan tersebut membawa Persela naik ke posisi 15 klasemen sementara dengan raihan 28 poin. Sedangkan Persib turun ke posisi sembilan dengan koleksi 44 poin.
Susunan pemain:
Persela Lamongan: Choirul Huda; Zainal Haq, Eduardo Lima, Taufik Febriyanto; Choi Hyun Yeon, Gustavo Conceicao, Victor Pae, Steven Imbiri (Aang Suparman 72'); Ivan Carlos, Dendi Sulistyawan, Saddil Ramdani (Edy Gunawan 47').
Persib Bandung: Muhammad Natsir, Tony Sucipto, Jajang Sukmara, Vladimir Vujovic; Diogo Ferreira, Hariono, Kim Jeffrey, Febri Hariyadi; Samsul Arif (Atep Rizal 51'), Sergio van Dijk, Marcos Flores.</isi>
	<link>http://www.viva.co.id/bola/read/852700-tampil-di-kandang-persela-lumpuhkan-persib</link>
</artikel>