<artikel>
	<id>OLA_SB_10_1052</id>
	<judul>Candreva Terancam Absen Lawan AC Milan</judul>
	<tanggal>15/11/16</tanggal>
	<kata_kunci>antonio candreva, inter milan, serie a, </kata_kunci>
	<isi>REPUBLIKA.CO.ID, MILAN – Gelandang serang timnas Italia, Antonio Candreva sepertinya tidak akan ambil bagian dalam laga uji coba melawan Jerman, di San Siro, Rabu (16/11) dini hari WIB nanti. ANSA memberitakan, gelandang 29 tahun tersebut harus diistirahatkan karena mengalami masalah pada otot. Dikutip dari Football Italia, Selasa (15/11) besar kemungkinan posisi Candreva akan digantikan oleh Giacomo Bonaventura. 
Cedera Candreva tentu membuat fan Inter cemas. Alasannya, bekas pemain SS Lazio tersebut ingin diandalkan oleh pelatih anyar Stefano Pioli pada laga derby melawan AC Milan akhir pekan ini. Belum ada kepastian apakah masalah otot yang diderita Candreva ini akan membutuhkan penanganan khusus. Tetapi sejak kemarin pelatih Italia Giampiero Ventura memang memintanya latihan terpisah. 
Derby Milan akan jadi laga penting akhir pada giornata 13 Serie A akhir pekan nanti. Milan akan menjamu Inter di San Siro. I Rossoneri membutuhkan tiga angka untuk terus mengganggu Roma di posisi runner up. Sementara Inter juga bernafsu menang agar posisi mereka kembali menuju papan atas.  
 </isi>
	<link>http://www.republika.co.id/berita/sepakbola/liga-italia/16/11/15/ogo0ky409-candreva-terancam-absen-lawan-ac-milan</link>
</artikel>