<artikel>
	<id>OLA_SB_10_1072</id>
	<judul>Guendogan: City Layak Kalahkan Barcelona</judul>
	<tanggal>02/11/16</tanggal>
	<kata_kunci>ilkay guendogan, barcelona, manchester city, </kata_kunci>
	<isi>REPUBLIKA.CO.ID, MANCHESTER –– Manchester City berhasil mengalahkan Barcelona dengan skor 3-1 dalam laga keempat Grup C Liga Champions di Stadion Etihad, Rabu (2/11) dini hari WIb. Ilkay Guendogan yang berhasil menyumbang dua gol dalam pertandingan tersebut merasa timnya memang layak mendapatkan kemenangan.
“Kami mendominasi Barca pada babak kedua dan memiliki beberapa peluang untuk mencetak gol. Saya pikir hasilnya lebih dari layak,” kata Guendogan seperti dikutip Four Four Two, Rabu (2/11). 
Meskipun begitu, Guendogan mengakui timnya merasa sedikit gugup pada menit ke-20 hingga 30. Hanya, setelah ia bisa mencetak gol pada menit ke-39, Manchester City mulai menemukan rasa percaya diri dan semakin baik pada babak kedua. 
Gundogan melihat pertandingannya melawan Barca bukan persoalan taktik bermain namun lebih kepada mentalitas. “Itu pertandingan yang luar biasa dari pihak kami dan ini malam yang luar biasa untuk semua orang,” ujar dia. 
Hal senada disampaikan oleh Kevin De Bruyne yang menyumbang satu gol pad awal babak kedua pertandingan. “Jelas itu adalah pertandingan besar bagi kami. Kami tahu kami berada di bawah tekanan,” ungkap Bruyne. 
Dia mengakui saat awal pertandingan memang terasa sulit dengan membuat beberapa kesalahan namun dia merasa pada babak kedua terasa lebih berbeda. Dia berpikir pada babak kedua permainan sangat baik karena Barca menciptakan banyak peluang dan timnya bisa meraih kemenangan tersebut. 
“Semua orang tahu gaya kami bermain dan bahkan untuk Barcelona, kami mencoba untuk melakukan hal yang sama. Ini jelas sulit melawan mereka,” tutur Bruyne.</isi>
	<link>http://www.republika.co.id/berita/sepakbola/liga-dunia/16/11/02/ofzly2348-guendogan-city-layak-kalahkan-barcelona</link>
</artikel>