<artikel>
	<id>OLA_SB_10_1121</id>
	<judul>Disebut Gay oleh Pemain Atletico, Jawaban CR7 Mengejutkan</judul>
	<tanggal>22/11/16</tanggal>
	<kata_kunci>Atletico Madrid, real madrid, cristiano ronaldo, </kata_kunci>
	<isi>VIVA.co.id – Derby Madrid akhir pekan kemarin berlangsung panas. Ada beberapa insiden yang terjadi di atas lapangan.
Salah satu yang paling menyita perhatian adalah saat Cristiano Ronaldo terlibat adu mulut dan kontak fisik dengan Koke. Atas kejadian itu, kedua pemain pun mendapat ganjaran kartu kuning.
Yang menarik adalah, selepas pertandingan Ronaldo membeberkan isi percakapan dengan Koke. CR7 mengaku lebih dulu diprovokasi lawan yang menyebutnya seorang gay.
"Koke memanggil saya gay. Lalu saya bilang lihat saja apa yang akan terjadi jika kita bertemu di luar nanti," kata Ronaldo.
"Tapi saya tidak akan berbuat apa-apa nanti. Dia bilang saya gay. Saya membalas, 'ya saya gay, tapi kaya raya'," sambungnya dikutip Sport.
Pada laga tersebut Ronaldo menjadi bintang lapangan. Dia mencetak hattrick dan membala Real Madrid melibas Atletico Madrid dengan skor 3-0.</isi>
	<link>http://www.viva.co.id/bola/read/850592-disebut-gay-oleh-pemain-atletico-jawaban-cr7-mengejutkan</link>
</artikel>