<artikel>
	<id>OLA_SB_10_561</id>
	<judul>Bintang Piala AFF 2010 Ini Sibuk Jadi Pengurus Parpol</judul>
	<tanggal>29/11/16</tanggal>
	<kata_kunci>piala aff, soccertainment, Markus Horison, </kata_kunci>
	<isi>VIVA.co.id – Jika menyebut nama Markus Horison, tentunya sudah tidak asing lagi di telinga penggemar sepakbola Tanah Air. Kiper berkepala pelontos itu pun sempat menjadi bintang tim nasional Indonesia kala memperkuat skuat Merah Putih antara tahun 2007-2012.
Namun, saat ini tak banyak yang tahu bagaimana kiprah mantan suami artis Kiki Amalia tersebut. Penjaga gawang yang kariernya melesat bersama PSMS Medan itu rupanya baru saja punya kesibukan baru di dunia politik.
Pria 35 tahun itu diketahui kini tengah bergabung dengan salah satu partai politik dan menjabat sebagai pengurus di daerah Kabupaten Langkat, Sumatera Selatan.
Dalam akun Instagram pribadinya, @markoesharison81, eks kiper Arema Indonesia, Persib Bandung dan PSM Makassar ini tak segan untuk memamerkan sejumlah aktivitasnya di kancah politik.
Penampilan gemilangnya sempat menjadi sorotan kala memperkuat timnas pada Piala Asia 2007, kala melakoni duel kontra tim elite, Korea Selatan. 
Namanya pun makin melambung saat sukses mengantarkan armada Garuda menduduki posisi runner-up pada gelaran Piala AFF 2010 silam.</isi>
	<link>http://www.viva.co.id/bola/read/853506-bintang-piala-aff-2010-ini-sibuk-jadi-pengurus-parpol</link>
</artikel>