<artikel>
	<id>OLA_SB_10_1009</id>
	<judul>Manchester United Bidik Satu Tiket Final Piala Liga</judul>
	<tanggal>01/12/16</tanggal>
	<kata_kunci>jose mourinho, manchester united, piala liga inggris, </kata_kunci>
	<isi>REPUBLIKA.CO.ID, MANCHESTER — Manchester United (MU) berhasil lolos ke semifinal Piala Liga Inggris, Kamis (1/12). Pada babak semifinal nanti, United sudah ditunggu Hull City yang sudah memastikan lolos pada Rabu (30/11).
Pelatih MU Jose Mourinho menegaskan, Iblis Merah siap mengambil satu tempat di final Piala Liga. United memiliki peluang besar untuk kembali berlaga di Stadion Wembley dan Mourinho mencoba mewujudkannya. 
“Kami akan mencoba, laga semifinal pada Januari nanti, jadi sementara ini kami akan melupakan pertandingan semifinal, namun harapannya kami mencapai final,” tutur Mourinho dikutip dari laman resmi Manchester United, Kamis (1/12).
Namun, Hull City bukan lawan yang mudah. Mereka lolos ke semifinal setelah mengalahkan Newcastle United yang tampil makin impresif di kasta kedua kompetisi di Inggris. Meskipun terdegradasi musim lalu, Newcastle justru menunjukan tajinya untuk mengawali musim baru.
Terlebih, menurut Mourinho, Hull City pasti juga bertekad dapat lolos ke final. Sebab, mereka memiliki kenangan indah saat bermain di stadion Wembley.
“Mereka akan mencoba apapun agar dapat bermain di Wembley lagi,” ujar Mourinho. 
 </isi>
	<link>http://www.republika.co.id/berita/sepakbola/liga-inggris/16/12/01/ohhfif348-manchester-united-bidik-satu-tiket-final-piala-liga</link>
</artikel>