<artikel>
	<id>OLA_SB_10_557</id>
	<judul>Striker Vietnam Ini Jadi Teror Bagi Pertahanan Indonesia</judul>
	<tanggal>29/11/16</tanggal>
	<kata_kunci>timnasindonesia, timnas vietnam, piala aff, alfred riedl, </kata_kunci>
	<isi>VIVA.co.id – Usianya memang tak muda lagi, 30 tahun. Tapi, kehadiran Le Cong Vinh di timnas Vietnam ternyata menjadi sorotan utama bagi pelatih Indonesia, Alfred Riedl.
Bagi Riedl, Le adalah salah satu pemain paling berbahaya di skuat Vietnam. Kemampuannya dalam mencari ruang di pertahanan lawan, dianggap Riedl sangat baik.
Selain itu, pelatih berpaspor Austria tersebut merasa Le punya insting mencetak gol yang sangat tinggi.
Riedl memang sudah mengenal sosok Le. Mereka pernah bekerja sama selama beberapa tahun, ketika Riedl masih menangani Vietnam.
"Saya tahu kemampuannya sebagai striker. Sebenarnya, masih ada beberapa pemain dengan talenta bagus di Vietnam," kata Riedl saat ditemui di Hotel Lorin, Sentul, Selasa 29 November 2016.
Vietnam bukanlah lawan yang mudah bagi Indonesia. Mereka mampu menyabet poin sempurna sepanjang penyisihan Grup B Piala AFF 2016.
Hal tersebut diakui oleh Riedl. Bahkan, Riedl merasa Vietnam menjadi salah satu favorit juara di Piala AFF.
"Mereka favorit juara setelah Thailand, memiliki permainan seimbang karena kuat di sektor depan dan belakang. Ini menjadi tantangan berat bagi kami menuju final," terang pria 67 tahun tersebut.
Semifinal leg 1 antara Indonesia vs Vietnam digelar Sabtu 3 Desember 2016. Laga bakal dihelat di Stadion Pakansari, Cibinong, Bogor, mulai pukul 19.00 WIB. (one)</isi>
	<link>http://www.viva.co.id/bola/read/853675-striker-vietnam-ini-jadi-teror-bagi-pertahanan-indonesia</link>
</artikel>