<artikel>
	<id>OLA_SB_10_465</id>
	<judul>'Conte Butuh Waktu Bangkitkan Chelsea'</judul>
	<tanggal>19/07/16</tanggal>
	<kata_kunci>antonio conte, chelsea, michael emenalo, </kata_kunci>
	<isi>REPUBLIKA.CO.ID, LONDON—Antonio Conte diyakini butuh waktu tak sebentar untuk membangunkan Chelsea dari tidurnya. Direktur Teknik Chelsea Michael Emenalo menyebut tak mudah untuk kembali memoles the Blues menjadi tim juara setelah sempat terpuruk musim lalu.
“Conte orang yang tepat, tapi yang perlu diingat ini tidak akan mudah untuk dia. Butuh adaptasi. Di Juventus dan Italia mungkin itu berjalan mudah karena dia berasal dari sana,” kata Emenalo dikutip dari laman resmi klub, Selasa (19/7).
Emenalo mengatakan, Liga Primer Inggris jelas merupakan panggung berbeda bagi Conte. Ragam taktik dan moteda yang diterapkan belum tentu cocok membawa Chelsea kembali mengilap.
Akan tetapi, mengingat pengalaman Conte yang dinaungi banyak gelar, menurutnya pelatih 46 tahun itu bisa memberikan hasil terbaik untuk the Blues. 
“Kami punya banyak pemain dengan kemampuan hebat dan akan terus berkembang. Kita semua tahu Conte butuh waktu, tapi dengan bekal pemain yang dimilikinya kami yakin Conte bisa melakukan yang tercepat dibanding pelatih lainnya,” kata dia.
Laga pertama Conte bersama Chelsea tidak berjalan terlalu baik. Akhir pekan lalu, Chelsea dibungkam 0-2 oleh Rapid Vienna dalam laga pramusim. Meski demikian, Emenalo merasa itu tak masalah.
“Itu adalah tes yang baik, kami akan segera kembali kuat setelah beberapa pemain yang berlibur karena Piala Eropa datang bergabung,” kata Emenalo.
Baca juga: 'Derby Manchester Bukan Hanya Soal Mourinho dan Guardiola'</isi>
	<link>http://www.republika.co.id/berita/sepakbola/liga-inggris/16/07/19/oajzaz348-conte-butuh-waktu-bangkitkan-chelsea</link>
</artikel>