<artikel>
	<id>OLA_SB_10_1108</id>
	<judul>Wenger Lupakan Pertemanan dengan Claude Puel</judul>
	<tanggal>30/11/16</tanggal>
	<kata_kunci>arsenal, Southampton, piala liga inggris, </kata_kunci>
	<isi>VIVA.co.id – Arsenal akan menjamu Southampton dalam laga perempatfinal Piala Liga, Kamis 1 Desember 2016. Manajer kedua klub, Arsene Wenger dan Claude Puel, dikenal cukup dekat, sejak keduanya sama-sama bekerja untuk Monaco tiga dekade lalu, dengan Puel sebagai pemain dan Wenger menjadi pelatih.
DIlansir dari Mirror, Rabu 30 November, keduanya kini bertemu di Premier League, setelah Puel ditunjuk menggantikan Ronald Koeman di Southampton. Wenger telah mengatakan, tak bakal ada istilah kawan lama dalam pertandingan nanti.
"Saya bicara dengannya, sebelum dia bergabung dengan Southampton. Saya memberikan pandangan saya tentang Southampton dan kualitas para pemainnya. Setelah dia menjadi manajer, kami menjadi kompetitor," ujar Wenger.
Dia selalu menganggap Southampton memiliki pemain-pemain berkualitas. "Anda lihat seperti Jose Fonte dan Cedric adalah juara Piala Eropa bersama Portugal. Southampton telah bekerja sangat bagus dalam mencari pemain berbakat," katanya.
"Kami masih berbicara tentunya, tapi bukan sebelum pertandingan. Saya mengikuti kariernya, dan selalu siap berbicara saat dia membutuhkan saya. Tapi, dia sekarang telah berusia lebih dari 50 tahun, memiliki pengalaman dengan pekerjaan ini," ucap Wenger.
Wenger menilai Puel telah bekerja cukup baik di Southampton sejak awal musim, dan tidak terkejut dengan kesuksesan Puel. "Dia melakukan pekerjaan bagus di Nice selama empat musim sebelumnya. Dia membangun skuat yang bagus di Nice, juga tim pemain muda mereka," ujarnya.
  (ren)</isi>
	<link>http://www.viva.co.id/bola/read/854049-wenger-lupakan-pertemanan-dengan-claude-puel</link>
</artikel>