<artikel>
	<id>OLA_SB_10_1162</id>
	<judul>Striker Real Madrid Terjangkit 'Virus FIFA'</judul>
	<tanggal>02/09/16</tanggal>
	<kata_kunci>Real Madrid, timnas Spanyol, Alvaro Morata, </kata_kunci>
	<isi>VIVA.co.id – Ketakutan Real Madrid akhirnya jadi kenyataan juga. Salah satu pilarnya, Alvaro Morata, terjangkit 'Virus FIFA' saat membela tim nasional Spanyol dalam laga persahabatan semalam.
Pada saat laga melawan Belgia tersebut berjalan 23 menit, ada pemandangan yang Zinedine Zidane tidak ingin lihat. Morata terjatuh dan memegang lututnya, sambil memanggil tim medis.
Penyerang yang baru kembali dari Juventus itu akhirnya dinyatakan tidak bisa melanjutkan pertandingan, dan digantikan oleh Diego Costa.
Sampai saat ini masih belum jelas cedera apa yang menimpa Morata, apakah mengalami benturan pada lututnya atau gangguan pada otot paha.
Morata memang menjadi bagian penting Madrid dalam musim 2016-17. Buktinya Zidane kini lebih memilihnya dibandingkan ujung tombak yang selama ini mengisi lini depan Los Blancos, Karim Benzema.
Kehilangan Morata tentu akan jadi kerugian besar, tidak hanya untuk Madrid tapi juga Timnas Spanyol. Karena, La Furia Roja akan menghadapi laga kualifikasi Piala Dunia 2018 melawan Liechtenstein hari Senin mendatang, 5 September 2016.
Pelatih anyar timnas Spanyol, Julen Lopetegui, mengaku lebih memilih Morata di sektor depan setelah menempatkan Diego Costa dan penyerang anyar Barcelona, Paco Alcacer, di bangku cadangan.
  (ren)</isi>
	<link>http://www.viva.co.id/bola/read/816900-striker-real-madrid-terjangkit-virus-fifa</link>
</artikel>