<artikel>
	<id>OLA_SB_10_519</id>
	<judul>Kue Ulang Tahun Kejutkan 3 Pemain Timnas Indonesia</judul>
	<tanggal>25/11/16</tanggal>
	<kata_kunci>timnasindonesia, piala aff, soccertainment, </kata_kunci>
	<isi>VIVA.co.id – Sebuah kejutan unik terjadi dalam sesi latihan timnas Indonesia, Kamis malam, 24 November 2016, jelang menghadapi Singapura. Kue ulang tahun disodorkan kepada tiga pemain Timnas yang tengah bertambah usia.
Seperti yang dilansir dari Antara, ketiga pemain tersebut adalah Andik Vermansyah, Lerby Eliandry Pong Babu, dan Rizky Rizaldi Pora. Ketiganya memang berulang tahun pada November ini.
Andik menginjak 25 tahun pada 23 November kemarin, sedangkan Rizky Pora berulang tahun ke-27 satu hari sebelumnya (22 November), sementara Lerby berulang tahun ke-25 pada 21 November 2016.
Sebuah kejutan manis pun diberikan Kedutaan Besar Republik Indonesia di Filipina dengan memberikan sebuah kue ulang tahun dan perayaan kejutan untuk para pemain.
Andik, Lerby, dan Rizky pun meniup lilin dan memotong kue diiringi tepuk tangan dari staf pelatih sampai warga Indonesia yang menghadiri sesi latihan di Rizal Memorial Stadium. Senyum lebar mengembang di wajah ketiga pemain.
Ketiga pemain ini merupakan pilar utama Riedl dalam Piala AFF 2016 ini. Baik Andik, Lerby, maupun Rizky Pora selalu menjadi pemain inti dalam dua laga sebelumnya melawan Thailand dan Filipina.
Jelang laga lawan Singapura, hari ini, hanya kondisi Rizky Pora yang masih dipertanyakan setelah mengalami cedera saat bermain imbang 2-2 dengan Filipina, tiga hari lalu.
Apakah ketiganya bisa mendapatkan kado manis yaitu tiket ke semifinal Piala AFF? Mari kita doakan bersama-sama. (one)
 </isi>
	<link>http://www.viva.co.id/bola/read/852105-kue-ulang-tahun-kejutkan-3-pemain-timnas-indonesia</link>
</artikel>