<artikel>
	<id>OLA_SB_10_553</id>
	<judul>Situs Penjualan Tiket Timnas RI Vs Vietnam Sulit Diakses</judul>
	<tanggal>30/11/16</tanggal>
	<kata_kunci>timnasindonesia, piala aff 2016, piala aff, timnas vietnam, </kata_kunci>
	<isi>VIVA.co.id – Tiket pertandingan semifinal le pertama Piala AFF 2016 antara Indonesia vs Vietnam sudah mulai dijual secara online melalui website Kiostix. Namun, pembeli banyak mengeluhkan koneksi yang lambat merespon dan beberapa gangguan teknis lain.
Alief ,22 tahun, suporter timnas dari wilayah Jawa Timur merasakan hal tersebut. Ia sudah mencoba mengakses kiostix sejak pukul 11.30 WIB, namun hingga masih belum bisa mengkonfirmasi pembelian tiket.
"Loading nya lemot banget, setelah ditunggu lama, gak taunya cannot open page,refresh lagi ,kayak down gitu web nya" ujarnya saat dikonfirmasi VIVA.co.id
Sebelumnya, ia sempat berhasil log in dan memilih kategori tempat duduk. Namun, saat memilih web kembali error dan exit ke browser awal.
"Sekarang bisa log in lagi, tapi kategori yang harga 100 ribu sisa dua slot, tadi masih banyak banget padahal" keluhnya.
Pembeli lain, Isidorus, juga mengeluhkan website kiostix yang siang ini seperti lambat dan kewalahan menerima orderan tiket dari pembeli, ia harus kecewa gagal membeli tiket karena akun yang sebelumnya telah berhasil di log in, tiba tiba eror dan exit dengan sendirinya.
"Tadi sudah log in, pas lagi hitung hitung harga tiket, tiba tiba ke log out sendiri mas,gak dapat kategori yang diincar deh" ujar pemuda asal Madiun ini.
Pertandingan Indonesia vs Vietnam sendiri direncanakan dilakukan pada tanggal 3 Desember nanti di stadion Pakansari Cibinong, Jawa Barat.
  (ren)</isi>
	<link>http://www.viva.co.id/bola/read/854094-situs-penjualan-tiket-timnas-ri-vs-vietnam-sulit-diakses</link>
</artikel>