<artikel>
	<id>OLA_SB_10_1127</id>
	<judul>Bravo: Barcelona Masih Lebih Besar dari Manchester City</judul>
	<tanggal>14/11/16</tanggal>
	<kata_kunci>Manchester City, FCBarcelona, Claudio Bravo, </kata_kunci>
	<isi>VIVA.co.id – Claudio Bravo pindah dari Barcelona menuju Manchester City di bursa transfer musim panas, awal musim ini. The Citizens merogoh kocek £17 juta untuk menggaet kiper internasional Chile ini.
Bravo membandingkan ManCity dengan klub lamanya, Barcelona. Menariknya, kiper 33 tahun ini masih menganggap Blaugrana punya nama yang lebih besar.
"Mereka (Manchester City) mirip Barcelona. Namun, Barcelona masih lebih besar," kata Bravo seperti dilansir TVN.
Lebih lanjut, Bravo memuji pelatih ManCity, Pep Guardiola. Tangan dingin Guardiola diharapkan bisa memberikan kejayaan untuk The Citizens.
"Bagi saya, dia merupakan pelatih terbaik di dunia. Dia juga pelatih yang sangat tulus. Anda bisa meminta hal-hal yang berkaitan dengan sepakbola, atau juga mengenai keluarga Anda," ungkap Bravo.
ManCity saat ini menempati peringkat 3 Premier League. The Citizens tertinggal dua poin dari Liverpool yang menghuni puncak klasemen.
  (ren)</isi>
	<link>http://www.viva.co.id/bola/read/847497-bravo-barcelona-masih-lebih-besar-dari-manchester-city</link>
</artikel>