<artikel>
	<id>OLA_SB_10_1153</id>
	<judul>Kembali ke Barcelona, Neymar Dibayangi Kelelahan</judul>
	<tanggal>08/09/16</tanggal>
	<kata_kunci>Barcelona, Deportivo Alaves, Timnas Brasil, Neymar, </kata_kunci>
	<isi>VIVA.co.id – Kelelahan membayangi Neymar saat kembali ke Barcelona. Pemain 24 tahun ini baru saja tampil dalam banyak pertandingan bersama tim nasional Brasil.
Neymar menjadi andalan Brasil saat merebut medali emas di Olimpiade Rio de Janeiro 2016. Dia juga menjadi tumpuan Brasil di dua laga Kualifikasi Piala Dunia 2018 zona CONMEBOL.
Setelah tampil apik bersama timnas, Neymar diharapkan bisa menularkan sukses bersama Blaugrana. Mantan pemain Santos ini berpeluang tampil pertama kali musim ini bersama Barca, saat melawan Deportivo Alaves, Sabtu 10 September 2016 (Minggu dini hari WIB).
"Saya sangat senang bisa pulang ke rumah. Apakah saya akan bermain pada Sabtu? Tentu saja," kata Neymar seperti dilansir Soccerway.
"Saya sedikit lelah saat ini. Saya perlu istirahat, lalu melanjutkan latihan bersama rekan satu tim," lanjutnya.
Tanpa Neymar, Barca tetap mampu tampil gemilang. Tim besutan Luis Enrique ini sukses menang dalam dua laga awal La Liga. Barca menaklukkan Real Betis 6-2, lalu menang tipis 1-0 atas Athletic Bilbao. (one)</isi>
	<link>http://www.viva.co.id/bola/read/819227-kembali-ke-barcelona-neymar-dibayangi-kelelahan</link>
</artikel>