<artikel>
	<id>OLA_SB_10_1112</id>
	<judul>Jadi Supersub, Bomber Arsenal Disebut Punya Mental Baja</judul>
	<tanggal>25/11/16</tanggal>
	<kata_kunci>Olivier Giroud, Laurent Koscielny, arsenal, premier league, </kata_kunci>
	<isi>VIVA.co.id – Striker Arsenal, Olivier Giroud, berhasil menunjukkan sebagai pemain yang berguna bagi tim meski jarang tampil sebagai starter. Giroud pun mendapat dukungan dari rekan setimnya, Laurent Koscielny, yang menyebutnya punya mental baja.
Penyerang asal Prancis itu sempat frustrasi karena tak menjadi pilihan utama Arsene Wenger usai membela Prancis di Piala Eropa 2016. Sejauh ini, dia baru tampil di 10 laga The Gunners di seluruh kompetisi.
Meski menghadapi kenyataan tak menyenangkan, Giroud tetap tak patah arang. Dia pun sukses menunjukkan kelasnya dengan mencetak lima gol dalam lima laga terakhir bersama Arsenal, salah satunya saat menyelamatkan timnya dari kekalahan kontra Manchester United di Premier League.
Atas kerja kerasnya itu, pria 30 tahun ini pun mendapat suntikan moral dari Koscielny, yang juga rekan senegaranya. "Giroud berhasil menunjukkan punya mental baja ketika berada di situasi yang sulit, di saat dia tak mendapat banyak waktu bermain," ujar Koscielny seperti dilansir Mirror.
"Sedikit waktu yang dia dapatkan di lapangan adalah waktu yang sangat berkualitas. Sebab, dia selalu berhasil mencetak gol. Jadi, mari berharap itu membawanya jadi lebih baik," jelasnya.
Di laga selanjutnya, Arsenal akan menghadapi Bournemouth pada lanjutan Premier League gameweek 13. Laga tersebut akan dihelat pada Minggu, 27 November 2016. (one)</isi>
	<link>http://www.viva.co.id/bola/read/852318-jadi-supersub-bomber-arsenal-disebut-punya-mental-baja</link>
</artikel>