<artikel>
	<id>OLA_SB_10_1043</id>
	<judul>Dimainkan Lagi, Yaya Toure Cetak Dua Gol City</judul>
	<tanggal>20/11/16</tanggal>
	<kata_kunci>yaya toure, manchester city, liga primer inggris, </kata_kunci>
	<isi>REPUBLIKA.CO.ID, PALACE – Tampil di markas lawan, Manchester City kembali menujukkan taringnya ketika bermain di Stadion Selshurst Park, kandang dari Crystal Palace, Sabtu (19/11). Gol kemenangan 2-1 the Citizens diborong oleh gelandang Yaya Toure. Lewat kemenagan ini, pasukan Pep Guardiola kembali menjadi penantang utama peraih trofi Liga Primer Inggris musim 2016/2017.
Yaya Toure yang sejak awal musim dihukum oleh Pep, kembali mendapat kepercayaan pada laga ini. Toure pun membayar kepercayaan itu dengan penampilan apik. Melakukan laga perdananya pada musim ini, Toure langsung mencuri perhatian Guardiola dengan mencetak dua gol bagi kemenangan the Eastland pada menit ke-39 dan 83.
Gol pertama Toure lahir berkat umpan matang Nolito yang langsung melepaskan tembakan melengkung mengarah ke pojok kiri gawang Palace. Gol tersebut membuat Manchester City unggul 1-0 pada babak pertama. Selepas jeda, pertahanan Manchester City mulai menerima gempuran. Gawang Claudio Bravo nyaris kebobolan oleh tandukan Benteke tetapi beruntung bola masih bisa ditepis kiper Cile itu.
Pendukung tuan rumah bergemuruh usai tendang keras Connor Wickham tak mampu diantisipasi Claudio Bravo pada menit ke-66. Setelah gol tersebut, Guardiola memasukkan David Silva untuk menggantikan Nolito. Pemain asal Spanyol memang berpengalaman membobol gawang Palace.
Bukan Silva yang menjadi kartu as bagi City. Justru pemain 'bermasalah' Toure yang kembali membawa timnya unggul usai menyontek bola dengan manis ke gawang Wayne Hennessy. Gol itu memastikan kemenangan Manchester City dengan skor 2-1. 
Dengan hasil ini Manchester City masih tertahan di posisi kedua klasemen Liga Inggris merangkum 27 angka. Perolehan mereka sama dengan Liverpoo. Namun kalah selisih gol dari skuat Jurgen Klopp yang bermain imbang tanpa gol di kandang Southampton.
 </isi>
	<link>http://www.republika.co.id/berita/sepakbola/liga-inggris/16/11/20/ogwgzt409-dimainkan-lagi-yaya-toure-cetak-dua-gol-city</link>
</artikel>