<artikel>
	<id>OLA_SB_10_581</id>
	<judul>LIVE MATCH: Persib Sementara Unggul Atas Perseru Serui</judul>
	<tanggal>30/11/16</tanggal>
	<kata_kunci>persib bandung, Perseru Serui, torabika soccer championship tsc, </kata_kunci>
	<isi>VIVA.co.id – Persib Bandung sementara unggul atas tamunya, Perseru Serui dengan skor 2-0 di lanjutan Torabika Soccer Championship, Rabu 30 November 2016. 
Bermain di Stadion Si Jalak Harupat, Bandung, tim tuan rumah langsung tampil terbuka. Peluang pertama Persib terjadi di menit ke-16 melalui tendangan keras Van Dijk dari luar kotak penalti, namun masih melebar. 
Persib akhirnya mencetak gol di menit ke-19. Jajang Sukmara memberikan umpan dan dapat dimaksimalkan oleh Van Dijk. Persib sementara unggul 1-0. 
Tim tamu merespons, striker Perseru, Osas Marvelous Ikpefua hampir menyeimbangkan keadaan melalui kepalanya di menit 24. Namun sundulannya masih bisa diantisipasi oleh kiper Persib, Muhammad Nathsir Fadhil. 
Alih-alih menyeimbangkan keadaan, Perseru malah kembali kebobolan. Atep mencetak gol di menit ke-33 setelah menerima umpan dari Robertino Pugliara. Tidak ada gol tambahan tercipta, skor 2-0 untuk keunggulan Persib bertahan hingga turun minum.  
Anda bisa menyimak jalannya pertandingan dalam LIVE MATCH di laman VIVA.co.id. 
Susunan Pemain: 
Persib Bandung: Muhammad Natshir Fadhil, Tony Sucipto, Jajang Sukmara, Dias Angga Putra, Hariono, Kim Jeffrey Kurniawan, Robertino Pugliara, Febri Hariyadi, Atep, Sergio Van Dijk, Marcos Abel Flores Benard. 
Perseru Serui: Muhammad Choirun Nasirin, Boman Bi Irie Aime, Bilibig Dian Mahrus, Jhon Alex Wayoi, Yesaya Desnam, Detius Muni, Septinus Alua, Boas Atururi, Osas Marvelous Ikpefua, Gakou Amadou, Petrus Paitoni Towolom. 
  (ren)</isi>
	<link>http://www.viva.co.id/bola/read/854224-live-match-persib-sementara-unggul-atas-perseru-serui</link>
</artikel>