<artikel>
	<id>OLA_SB_10_516</id>
	<judul>Jadwal Siaran Langsung Timnas Indonesia, 25 November 2016</judul>
	<tanggal>25/11/16</tanggal>
	<kata_kunci>jadwal siaran langsung, timnasindonesia, timnas singapura, arema cronus, PS TNI, </kata_kunci>
	<isi>VIVA.co.id – Sejumlah pertandingan seru di dunia sepakbola akan berlangsung hari ini, Jumat, 25 November 2016, hingga Sabtu dini hari nanti. Yang paling ditunggu adalah laga penentu Timnas Indonesia di Piala AFF 2016.
Indonesia akan memainkan laga hidup mati kontra Singapura di Rizal Memorial Stadium, Manila. Laga seru ini bakal berlangsung mulai pukul 19.00 WIB. Tim Garuda wajib menang jika ingin membuka jalan lolos ke semifinal.
Di saat bersamaan, Thailand yang sudah memastikan diri lolos akan menghadapi tuan rumah Filipina. Laga di Philippine Sports Stadium ini juga berpengaruh terhadap kelolosan Indonesia. Thailand harus bisa mengalahkan Filipina atau setidaknya bermain imbang, untuk membuka jalan Indonesia.
Selain itu, ada pertandingan di pekan ke-30 Torabika Soccer Championship (TSC), malam hari ini. Pemuncak klasemen, Arema Cronus ditantang PS TNI di Stadion Kanjuruhan, Kabupaten Malang.
Sabtu dini hari, ada beberapa pertandingan dari liga-liga Eropa. Di antaranya, tim kejutan Bundesliga, RB Leipzig yang akan menghadapi tuan rumah Freiburg di Schwarzwald-Stadion.
Leipzig saat ini menempati puncak klasemen Bundesliga dari 27 poin dari 11 pertandingan. Tim promosi ini unggul tiga angka dari juara bertahan Bayern Munich.
Berikut jadwal siaran langsung malam hari ini, hingga dini hari nanti:
Jumat, 25 November 2016
Piala AFF
19.00 WIB - Singapura vs Indonesia - RCTI, Fox Sports
19.00 WIB - Filipina vs Thailand - Fox Sports 2
Torabika Soccer Championship
21.30 WIB - Arema Cronus vs PS TNI - SCTV
Sabtu, 26 November 2016
La Liga
02.45 WIB - Eibar vs Real Betis - beIN Sports 1
Bundesliga
02.30 WIB - SC Freiburg vs RB Leipzig - Fox Sports 2
Ligue 1
02.45 WIB - Rennes vs Toulouse - beIN Sports 3</isi>
	<link>http://www.viva.co.id/bola/read/852181-jadwal-siaran-langsung-timnas-indonesia-25-november-2016</link>
</artikel>