<artikel>
	<id>OLA_SB_10_595</id>
	<judul>Tibo Bawa PSM Berjaya, PBFC Pesta Gol ke Gawang Perseru</judul>
	<tanggal>27/11/16</tanggal>
	<kata_kunci>PSM Makassar, Mitra Kukar, bali united, persegres gresik, </kata_kunci>
	<isi>VIVA.co.id – PSM Makassar sukses memperpanjang torehan tren positifnya kala menjamu tim tamu Mitra Kukar pada lanjutan laga pekan ke-30 Torabika Soccer Championship (TSC) 2016. Tim Juku Eja mampu menundukan Naga Mekes 2-1 di hadapan publik Stadion Andi Mattalatta, Makassar, Minggu 27 November 2016.
Duel ini sebelumnya diprediksi akan berlangsung sengit mengingat kedua tim saling menempel ketat dalam posisinya di tabel klasemen TSC. Sosok Titus Bonai pun menjadi aktor antagonis bagi Mitra Kukar usai menyarangkan dua gol kemenangan bagi tim besutan Robert Rene Albert.
PSM yang berambisi besar membidik kemenangan sukses mencetak gol pertama setelah Tibo berhasil mengecoh penjaga gawang Shahar Ginanjar setelah lolos dari jebakan offside. Juku Eja pun unggul 1-0 di menit 24.
Babak kedua baru dimulai 3 menit, Marlon da Silva mencetak gol balasan melalui sundulan terarahnya. Skor 1-1 menjadikan Mitra Kukar sukses menyamakan kedudukan. 
Petaka untuk Naga Meges datang di masa injury time, kala aksi Tibo dari sisi kanan pertahanan Mitra Kukar berhasil melepaskan tendangan keras yang melambung yang tepat melesak ke arah gawang Shahar Ginanjar. PSM pun mengunci kemenangan dengan skor 2-1.
Di laga lainnya, Pusamania Borneo FC mampu berpesta gol ke gawang Perseru Serui dengan skor 6-1 di Stadion Segiri, Samarinda, Kalimantan Timur. Legiun asing PBFC, Pedro Javier mencetah hattrick yang ditambah oleh lesakan gol Firly Apriansyah, Sultan Samma dan Terens Puhiri menjadikan Perseru harus puas dengan gol hiburan Petrus Paitoni.
Sementara itu, tuan rumah Persegres Gresik United harus mengakui ketangguhan Bali United dan menyerah oleh gol tunggal gelandang Serdadu Tridatu, I Gede Sukadana delapan menit jelang berakhirnya laga.
Dari hasil 3 pertandingan tersebut, PSM kini menduduki posisi kelima, PBFC membuntuti di urutan keenam sedangkan Mitra Kukar di peringkat delapan. Perseru dan Bali United di posisi 11 dan 12, sedangkan Persegres terbenam di peringkat 16.</isi>
	<link>http://www.viva.co.id/bola/read/852875-tibo-bawa-psm-berjaya-pbfc-pesta-gol-ke-gawang-perseru</link>
</artikel>