<artikel>
	<id>OLA_SB_10_421</id>
	<judul>Dua Kali Unggul, Indonesia Ditahan Imbang Filipina 2-2</judul>
	<tanggal>22/11/16</tanggal>
	<kata_kunci>filipina vs indonesia, piala aff 2016, timnas indonesia, </kata_kunci>
	<isi>REPUBLIKA.CO.ID, MANILA -- Indonesia gagal memetik kemenangan atas Filipina pada laga kedua Grup A Piala AFF 2016. Unggul dua kali, tim Merah Putih harus puas ditahan imbang 2-2 di Stadion Olahraga Bocaue, Manila, Selasa (22/11) malam.
Hasil ini masih menempatkan Indonesia di dasar klasemen dengan nilai satu, sama dengan Singapura. Namun tim Merah Putih masih punya peluang lolos ke semifinal andai bisa menaklukkan Singapura pada laga terakhir dan pada saat yang sama Filipina gagal memetik kemenangan atas Thailand.
Bila skenario ini terjadi, Indonesia akan finis sebagai runner-up Grup A. Thailand sudah memastikan lolos ke empat besar sebagai juara grup dengan nilai enam setelah menaklukkan Singapura 1-0 pada Selasa sore. 
Indonesia langsung mengambil inisiatif serangan dengan mengandalkan kecepatan para pemainnya. Hasilnya positif. Sebuah tendangan bebas didapat Indonesia setelah terus membombardir pertahanan the Azkals.
Gelandang timnas Garuda, Stefano Lilipaly mengambil tendangan. Pemain yang merumput di Liga Belanda itu mengumpan ke arah Fachrudin yang maju ke kotak penalti Filipina. Lewat tandukannya, pemain milik Sriwaijaya FC itu memaksa penjaga gawang Roland Richard Muller memungut bola dari sarangnya. Angka di papan skor berubah 1-0 pada menit ketujuh.
Tertinggal satu gol, membuat para pemain Filipina gencar membangun serangan. Peluang Filipina menyamakan kedudukan sempat terjadi pada menit ke-23 lewat Misagh Bahadoran. Tapi gol baru tercipta pada menit ke-31 lewat kaki Bahadoran meneruskan tendangan bebas striker Stephan Schrock.
Memasuki babak kedua, intensitas serangan kedua kesebelasan tak menurun. Pergantian pemain pun tak dilakukan kedua pelatih.
Tim tuan rumah mengawali babak kedua dengan menjajal kebolehan kiper Kurnia Meiga. Sepakan keras Schrock pada menit ke-48 belum mengancam gawang Indonesia.
Pada menit ke-55, pelatih Azkals, Thomas Dooley mengubah komposisi pemainnya. Gelandang serang Hikaru Minegishi ditarik keluar, digantikan pemain bertahan kelahiran Australia, Ian Ramsay. Sementara pelatih Alfred Riedl masih mempertahankan skuat tim Garuda.
Pada menit ke-58, aksi gelandang serang Indonesia Stefano Lilipaly sempat membikin repot lini pertahanan Filipina. Sepakan datarnya setelah merebut bola di kotak penalti lawan memaksa penjaga gawang Muller bergerak menyelamatkan gawangnya.
Andik Vermansah kemudian nyaris membawa Indonesia unggul pada menit ke-61. Ia bergerak di sisi kanan kotak penalti dan melepas tendangan keras. Sayang, bola yang melaju kencang hanya mengenai tiang gawang Filipina.
Tendangan kaki kiri Andik pada menit ke-68 lagi-lagi mengenai tiang. Tapi kali ini bola mengarah ke kaki Boaz. Dengan tenang sang kapten melepaskan tendangan pelan untuk membawa Indonesia memimpin untuk kali kedua.
Sejumlah insiden mewarnai permainan di lapangan setelah Indonesia kembali unggul. Wasit Yu Ming-hsun dari Taiwan memberikan kartu kuning bergilir bagi dua pemain Merah Putih lantaran melakukan pelanggaran, yakni Evan Dimas pada menit ke-71 dan Stefano Lilipaly dua menit berselang. 
Pada menit ke-78, Riedl mulai mengubah komposisi pemain Indonesia. Ia menarik keluar Andik dan memasukkan gelandang Persib Bandung Zulham Zamrun. Pergantian juga dilakukan Riedl pada menit ke-80, dengan menurunkan gelandang bertahan Bayu Gatra menggantikan Evan Dimas yang cedera.
Timnas Filipina mendapat keuntungan lewat sepakan bebas dari luar kotak penalti akibat pelanggaran beberapa saat kemudian. Kapten tuan rumah, Philip Younghusband menjadi eksekutor. Sepakan kaki kanannya mengarahkan bola ke pojok kiri. Meiga tak mampu menghalau sehingga menjebol gawang Indonesia. Skor imbang 2-2 pada menit ke-82.
Gol ini direspons Riedl dengan menarik striker Lerby Eliandry dan memasukkan penyerang PSM Makassar, Ferdinand Alfred Sinaga. Namun pergantian pemain terakhir itu tak membuat situasi berubah. Sejumlah upaya kedua tim agar bisa mengakhiri pertandingan dengan kemenangan tak tercapai. Sampai dengan empat menit tambahan waktu, skor tetap 2-2.</isi>
	<link>http://www.republika.co.id/berita/sepakbola/liga-indonesia/16/11/22/oh1r5r348-dua-kali-unggul-indonesia-ditahan-imbang-filipina-22</link>
</artikel>