<artikel>
	<id>OLA_SB_10_526</id>
	<judul>Timnas Indonesia Harap Thailand dan Filipina Tak 'Main Mata'</judul>
	<tanggal>24/11/16</tanggal>
	<kata_kunci>timnasindonesia, Stefano Lilipaly, piala aff, </kata_kunci>
	<isi>VIVA.co.id – Gelandang Tim Nasional Indonesia, Stefano Lilipaly, menegaskan tidak ada main-main dalam laga terakhir Grup A Piala AFF melawan Singapura hari Jumat, 25 November 2016, sekaligus berharap Thailand memperlihatkan kualitas sesungguhnya.
Dengan hasil sekali kalah dan sekali imbang saat hadapi Thailand dan Filipina, Indonesia kini menduduki peringkat buncit klasemen Grup A dengan satu poin saja.
Hanya kemenangan yang bisa membawa Indonesia lolos ke semifinal, sekaligus berharap Thailand memperlihatkan kualitas terbaiknya dan bisa mengalahkan Filipina pada waktu bersamaan.
"Ini adalah kesempatan terakhir kami. Kami akan berikan segalanya dan setelah itu semua tergantung Thailand dan apa hasil mereka melawan Filipina," ujar Stefano.
"Kalau mereka (Thailand) menang dan kami menang, semuanya mungkin," tambah pemain naturalisasi berdarah Belanda itu kepada affsuzukicup.com.
Stefano lalu berbicara soal kekuatan Indonesia. Ia menilai saat ini Timnas semakin solid dan memiliki daya juang sangat tinggi. Terlihat dalam laga melawan Thailand dan Filipina kemarin.
"Kami bertarung seperti sebuah tim dan memberikan 100 persen dan kami sedikit tidak beruntung saat kebobolan, tapi kami cukup baik," ujar Stefano. (ase)</isi>
	<link>http://www.viva.co.id/bola/read/851628-timnas-indonesia-harap-thailand-dan-filipina-tak-main-mata</link>
</artikel>