<artikel>
	<id>OLA_SB_10_401</id>
	<judul>Persib tanpa Marcos Flores Lawan Persipura</judul>
	<tanggal>09/11/16</tanggal>
	<kata_kunci>marcos flores, persib bandung, isc 2016, </kata_kunci>
	<isi>REPUBLIKA.CO.ID, BANDUNG –Persib Bandung dipastikan bertanding melawan Persipura tanpa gelandang Marcos Flores pada laga lanjutan Indonesia Soccer Championships (ISC) di Stadion Si Jalak Harupat Soreang Kabupaten Bandung, Sabtu (12/11). Sedangkan, Persipura dipastikan tanpa kapten, Boaz Solossa. “Kembali berlaga di Bandung jelas menjadi motivasi bagi pemain, dan tim siap tempur kendati kami kehilangan Marco namun Persipura juga turun tanpa Boaz Salossa,” kata Pelatih Persib Bandung, Djajang Nurjaman, Rabu (9/11).
Marcos Flores yang menjadi salah satu kekuatan Persib di lini tengah dipastikan absen karena terkena sanski akumulasi dua kartu kuning. Sedangkan Boaz, masih bergabung dengan timnas Indonesia. Kendati tanpa kapten tim, menurut Djajang, Persipura tetap lawan yang tangguh dan sulit ditaklukkan. “Ada atau tanpa Boaz, Persipura tetap memiliki kekuatan. Kami tetap antisipasi,” kata Djajang.
Kembalinya Persib berlaga ke Stadion Si Jalak Harupat di Bandung, memberikan semangat tersendiri bagi skuat Maung Bandung. Waktu istirahat yang cukup dari para pemain untuk melakukan pemulihan, membuat Djajang optimistis timnya bisa mengalahkan Persipura. Namun, Djajang tetap waspada, “Pemain Persipura memiliki kualitas yang sama dan perlu waspada.”
 </isi>
	<link>http://www.republika.co.id/berita/sepakbola/liga-indonesia/16/11/09/ogd8em409-persib-tanpa-marcos-flores-lawan-persipura</link>
</artikel>