<artikel>
	<id>OLA_SB_10_510</id>
	<judul>LIVE MATCH: Menit 62, Andik Berhasil Menyamakan Kedudukan</judul>
	<tanggal>25/11/16</tanggal>
	<kata_kunci>timnasindonesia, timnas singapura, piala aff, piala aff 2016, </kata_kunci>
	<isi>VIVA.co.id – Indonesia menghadapi Singapura dalam laga terakhir di Grup A Piala AFF 2016, Jumat 25 November 2016. Untuk sementara, Tim Garuda berhasil menyamakan skor lewat Andik Vermansyah dalam laga yang berlangsung di Rizal Memorial Stadium, Filipina.
Indonesia sempat tertinggal di babak pertama lewat gol dari Muhammad Khairul Amri Mohammad Kamal pada menit 27 lewat tendangan salto. Indonesia mencoba untuk terus menyamakan kedudukan di sisa babak pertama, namun masih belum berhasil.
Terus menggempur pertahanan Singapura di babak kedua, akhirnya Indonesia berhasil menyamakan kedudukan di menit 62. Andik berhasil memanfaatkan umpan Rizki Rizaldi Pora dan mencetak gol melalui tendangan voli yang sangat keras. skor sementara 1-1.
Susunan pemain
Singapura: Hassan Abdullah Sunny (GK); Muhammad Shakir Hamzah, Madhu M. Mohana, Mohammed Faritz Abdul Hameed, Daniel Mark Bennett; Muhammad Faris Ramli, Hariss Harun, Muhammad Safuwan Baharudin, Muhammad Yasir Hanapi, Anumanthan Mohan Kumar; Muhammad Khairul Amri Mohammad Kamal.
Indonesia: Kurnia Meiga Hermansyah (GK); Fachruddin Aryanto, Rudolof Yanto Basna, Muhammad Abduh Lestaluhu, Benny Wahyudi; Evan Dimas Darmono (Ferdinand Sinaga 58'), Stefano Lilipaly, Rizki Rizaldi Pora, Andik Vermansyah, Bayu Pradana; Boaz Solossa.</isi>
	<link>http://www.viva.co.id/bola/read/852469-live-match-menit-62-andik-berhasil-menyamakan-kedudukan</link>
</artikel>