<artikel>
	<id>OLA_SB_10_437</id>
	<judul>PSM Siap Bungkam Persib di Makassar</judul>
	<tanggal>28/10/16</tanggal>
	<kata_kunci>psm makassar, isc 2016, persib bandung, </kata_kunci>
	<isi>REPUBLIKA.CO.ID, MAKASSAR – Tuan rumah PSM Makassar siap mempermalukan tamunya Persib Bandung saat kedua tim berhadapan pada laga lanjutan Indonesia Soccer Championship (ISC), di Stadion Andi Mattalatta, Makassar, Sulawesi Selatan, Sabtu (29/10). Asisten Pelatih PSM, Syamsuddin Batola di Makassar, Jumat (28/10), mengatakan, pihaknya memang akan kehilangan sejumlah pilar utama seperti Ferdinand Sinaga dan Rizky Pellu yang dipanggil timnas, namun itu telah diantisipasi dengan pemain yang tepat.
“Kami memang cukup kehilangan dua pilar utama kami yang memenuhi panggilan timnas. Kami akan memaksimalkan pemain yang ada dan kami siap mengamankan poin penuh dalam pertandingan nanti,” kata Syamsuddin. Dirinya juga berharap seluruh pemain yang diturunkan nanti bisa mengeluarkan kemampuan terbaiknya demi meraih poin penuh untuk mengangkat posisi tim Juku Eja di klasemen sementara ISC 2016.
“Semoga pertandingan besok berjalan lancar dan sesuai keinginan. Kami juga telah menyiapkan pemain terbaik untuk mengisi posisi yang ditinggalkan Ferdinand Sinaga dan Rizky Pellu,” ujarnya. Adapun, pemain muda PSM, Andri Faisal Amru mengaku dirinya sebagai pemain tentu berambisi untuk membawa timnya meraih kemenangan atas Persib. “Apalagi kami akan mendapatkan dukungan penuh dari suporter sehingga akan meningkatkan motivasi seluruh tim.”
Pelatih Persib Bandung Djajang Nurdjaman mengatakan, timnya tidak akan ragu untuk meladeni permainan terbuka tim tuan rumah. Meski menurut dia, menghadapi PSM Makassar di hadapan pendukungnya bukanlah perkara mudah. “PSM sedang dalam kondisi bagus. tujuh kali bertanding di kandang dan tidak pernah lagi mengalami kekalahan jelas patut diwaspadai.”
 </isi>
	<link>http://www.republika.co.id/berita/sepakbola/liga-indonesia/16/10/28/ofre9z409-psm-siap-bungkam-persib-di-makassar</link>
</artikel>