<artikel>
	<id>OLA_SB_10_1156</id>
	<judul>Messi Pastikan Cederanya Tak Serius</judul>
	<tanggal>06/09/16</tanggal>
	<kata_kunci>Barcelona, timnas argentina, lionel messi, </kata_kunci>
	<isi>VIVA.co.id – Lionel Messi coba memberikan kabar terbaru akan cedera yang menimpanya saat membela timnas Argentina. Striker milik Barcelona ini memastikan bila masalah pada pangkal pahanya tidak terlalu parah.
Cedera menimpa Messi saat Argentina melawan Uruguay dalam kualifikasi Piala Dunia 2018, Kamis 1 September 2016 lalu. Kondisi tersebut membuat pemain berjuluk La Pulga itu dipastikan absen di pertandingan kontra Venezuela
Striker berusia 29 tahun itu juga diprediksi tidak bisa gabung dengan skuat Barcelona di pertandingan kontra Deportivo Alaves dalam jornada ketiga La Liga, Sabtu 10 September 2016.  Kemungkinan, Messi baru bisa main kembali di laga perdana mereka di Liga Champions musim ini.
Di mana, Barcelona akan menantang Glasgow Celtic pada Selasa 13 September 2016. Terlepas dari cedera yang menimpanya, Messi menegaskan  tak ada yang perlu dicemaskan perihal kondisinya dan memastikan akan pulih dengan cepat.
"Semua baik-baik saja, saya harus memperlambat segala sesuatunya seiring proses pemulihan dengan fisio, tetapi ini tak perlu dikhawatirkan. Terima kasih untuk kalian semua atas dukungannya,” tulis Messi di akun Facebook resmi miliknya.
 </isi>
	<link>http://www.viva.co.id/bola/read/818384-messi-pastikan-cederanya-tak-serius</link>
</artikel>