<artikel>
	<id>OLA_SB_10_1132</id>
	<judul>Inter Milan Ajukan Proposal Peminjaman Bek MU</judul>
	<tanggal>11/11/16</tanggal>
	<kata_kunci>intermilan, Manchester United, Matteo Darmian, </kata_kunci>
	<isi>VIVA.co.id – Inter Milan berharap bisa mendapatkan Matteo Darmian dari Manchester United, setelah bek muda asal Italia itu gagal mendapatkan banyak kesempatan bermain.
Bukan sebuah rahasia bahwa Nerazurri menginginkan Darmian setelah sang pemain terus menerus menjadi pilihan kedua di Old Trafford usai kedatangan Jose Mourinho.
Kemampuannya bermain di sayap kanan maupun kiri membuatnya jadi pilihan Inter untuk menambah kekuatan di sisi lapangan mereka.
Menurut Mediaset Premium, Inter telah mengajukan proposal kesepakatan untuk meminjam Darmian dari MU, dengan opsi pembelian di akhir musim.
Opsi tersebut akan menjadi keharusan kalau Darmian terpercaya masuk tim utama dan mencatatkan jumlah penampilan tertentu yang telah disepakati kedua belah pihak.
Musim ini, Darmian baru tampil dua kali saja di Premier League, dan lebih banyak ditampilkan Mourinho pada ajang Liga Europa (3 penampilan). (ase)</isi>
	<link>http://www.viva.co.id/bola/read/846820-inter-milan-ajukan-proposal-peminjaman-bek-mu</link>
</artikel>