<artikel>
	<id>OLA_SB_10_449</id>
	<judul>PSM Rayakan Ultah di Tengah Laga Lawan MU</judul>
	<tanggal>12/11/16</tanggal>
	<kata_kunci>psm, indonesia soccer championship, isc 2016, </kata_kunci>
	<isi>REPUBLIKA.CO.ID, MAKASSAR -- Laga PSM Makassar menghadapi Madura United di Stadion Gelora Andi Mattalatta Mattoanging, Makassar, Sulawesi Selatan, Sabtu (12/11) ini lebih meriah dengan selingan pesta kembang api dalam memperingati HUT PSM ke-101 tahun.
Direktur Klub PSM, Sumirlan di Makassar, Sabtu, mengatakan telah meminta izin ke PT GTS selaku operator turnamen Indonesia Soccer Championship (TSC) sekaligus mendapatkan restu untuk merayakannya saat jeda babak kedua.
"Djoko Driyono (Direktur PT Gelora Trisula Semesta (GTS)) mengizinkan untuk menggelar pesta kembang api pada saat jeda babak kedua. Sesuai instruksi, kita diberikan waktu untuk melakukan perayaan di tengah lapangan maksimal 5 menit," katanya.
Wakil Ketua PSSI yang baru terpilih dalam kongres PSSI itu, kata dia, juga meminta agar manajemen PSM bisa dikelola dan dilaksanakan secara tertib agar tidak sampai menggangu agenda pertandingan. Selain itu, Djoko juga meminta berkoordinasi dengan "Match Com" dan tim tamu Madura United jika akan ada kegiatan perayaan kembang api di tengah lapangan saat kedua tim turun minum.
"Djoko Driyono juga mengucapkan selamat ulang tahun untuk PSM. Ia juga mengingatkan untuk tidak melakukan perayaan di tribun penonton dan hanya berdurasi lima menit," ujarnya.</isi>
	<link>http://www.republika.co.id/berita/sepakbola/liga-indonesia/16/11/12/ogiwv1257-psm-rayakan-ultah-di-tengah-laga-lawan-mu</link>
</artikel>