<artikel>
	<id>OLA_SB_10_540</id>
	<judul>Skema Serangan Ini Jadi Andalan Timnas Vietnam dan Indonesia</judul>
	<tanggal>02/12/16</tanggal>
	<kata_kunci>piala aff, timnasindonesia, timnas vietnam, </kata_kunci>
	<isi>VIVA.co.id – Sebuah fakta unik tersaji kembali jelang leg 1 semifinal Piala AFF di Stadion Pakansari, Cibinong, Kabupaten Bogor, pada Sabtu 3 Desember 2016. Indonesia harus mampu mengalahkan Vietnam untuk meringankan langkah pada leg 2 di Hanoi, 7 Desember 2016.
Jika dicermati selama penampilan dalam babak penyisihan grup, maka permainan kedua tim memiliki sedikit kemiripan. Hal ini juga yang menjadikan laga semifinal ini cukup menarik.
Baik Skuat Garuda maupun Armada The Golden Stars sama-sama memiliki ketajaman serangan dari sisi permainan sayap. Namun, yang membedakannya adalah letak dari sisi yang kerap dapat membahayakan pertahanan lawan.
Dari 5 gol yang berhasil diciptakan, Vietnam tercatat telah mencetak 3 gol buah kreasi dari sisi kanan serangan sayapnya. Dua gol di antaranya berhasil dilesakkan dengan sempurna oleh kapten tim, Le Cong Vinh.
Sementara itu, tim asuhan Alfred Riedl yang telah mengoleksi 6 gol sepanjang fase grup, memiliki determinasi lebih kuat dari serangan sisi sayap kiri. Rizki Pora menjadi aktor di balik torehan tersebut dengan menyumbang assist untuk gol Boaz Solossa (kontra Thailand, 2-4) dan Andik Vermansyah (kontra Singapura, 2-1).
Sosok Boaz dan Cong Vinh juga bisa jadi pembeda mengingat keduanya merupakan figur kapten, motor serta mesin gol bagi masing-masing kubu dalam ajang bergengsi se-Asia Tenggara ini.  (one)</isi>
	<link>http://www.viva.co.id/bola/read/855173-skema-serangan-ini-jadi-andalan-timnas-vietnam-dan-indonesia</link>
</artikel>