<artikel>
	<id>OLA_SB_10_535</id>
	<judul>3 Pemain Kunci Indonesia dan Vietnam yang Harus Diwaspadai</judul>
	<tanggal>03/12/16</tanggal>
	<kata_kunci>timnasindonesia, piala aff, timnas vietnam, </kata_kunci>
	<isi>VIVA.co.id – Meski Vietnam menyandang status tim favorit juara pada ajang Piala AFF 2016, bukan berarti Indonesia tak punya celah untuk mengalahkannya. Dan publik Stadion Pakansari, Cibinong, Kabupaten Bogor akan menjadi saksi leg pertama semfinal yang akan berlangsung malam nanti mulai pukul 19.00 WIB.
Pasukan Merah Putih dipastikan akan mencoba mengambil inisiatif serangan lebih dulu mengingat tuntutan menang dengan jumlah gol signifikan sebagai tuan rumah. Sementara Vietnam yang punya rekor tak terkalahkan dalam 10 pertandingan terakhirnya juga enggan memberi Boaz Solossa cs ruang untuk banyak berkreasi.
Armada The Golden Stars harus siap dengan kinerja 3 pemain tim Garuda yang akan sangat mereka waspadai pergerakannya. Sedangkan Alfred Riedl tampaknya akan lebih menyoroti para aktor dibalik torehan apik Vietnam sepanjang tahun ini.
Kapten Boaz Solossa, playmaker Stefano Lilipaly dan winger lincah Andik Vermansyah akan menjadi mimpi buruk Vietnam jika tak mampu meredam daya tarungnya di laga ini.
Sementara bomber Le Cong vinh, Nguyen Cong Phuong dan Nguyen Van Toan masuk dalam catatan Riedl guna dihentikan kemampuan determinasinya.
Kabar baik bagi Indonesia datang ketika gelandang kreator Vietnam, Ngo Hoang Thinh diberitakan sedang mengalami cedera paha. Sejauh ini kiprah Hoang Thinh bersama tim asuhan Nguyen Huu Thang selalu menjadi sosok sentral dalam membangun serangan Vietnam.
  (ren)</isi>
	<link>http://www.viva.co.id/bola/read/855365-3-pemain-kunci-indonesia-dan-vietnam-yang-harus-diwaspadai</link>
</artikel>