<artikel>
	<id>OLA_SB_10_1049</id>
	<judul>Juventus Bidik Gelandang Genoa</judul>
	<tanggal>17/11/16</tanggal>
	<kata_kunci>tomas rincon, juventus, serie a, </kata_kunci>
	<isi>REPUBLIKA.CO.ID, TURIN -- Direktur Umum Juventus Giuseppe Marotta dilaporkan tertarik merekrut gelandang milik Genoa Tomas Rincon ke Stadion Juventus. Rincon sudah berpetualang di Serie A bersama I Rossoblu sejak 2014 silam. Ia selalu menjadi andalan di lini tengah. 
Musim lalu, gelandang berusia 28 tahun tersebut mencetak tiga gol dan enam assists buat Genoa. 
Dikutip dari Football Italia, Kamis (17/11) I Bianconeri sudah punya strategi untuk mendatangkan gelandang asal Venezuela tersebut. Juventus ingin menawakan kepada Genoa untuk meminjamkan dua gelandang pengganti Hernanes dan Rolando Mandragora.  
Hernanes walau tampil bagus buat Juventus musim ini dinilai tidak punya masa depan buat jangka panjang. Karena gelandang asal Brasil tersebut sudah berusia 31 tahun.
Sedangkan untuk Mandragora, Juve ingin meminjamkannya kepada Il Grifone agar mendapatkan jam terbang lebih di Serie A. Mandragora baru berusia 19 tahun yang baru awal musim ini dibeli Juventus juga dari Genoa. 
Gelandang selalu menjadi perioritas Juventus terutama sejak musim panas ini. La Vecchia Signora kerap memainkan formasi 3-5-2 atau 3-4-3. Di mana selalu ada minimal tiga gelandang kuat yang dimainkan bersamaan.
 </isi>
	<link>http://www.republika.co.id/berita/sepakbola/liga-italia/16/11/17/ogruki348-juventus-bidik-gelandang-genoa</link>
</artikel>