<artikel>
	<id>OLA_SB_10_1185</id>
	<judul>Soal Jadi Pelatih, Klopp Minta Gerrard Tiru Giggs</judul>
	<tanggal>25/11/16</tanggal>
	<kata_kunci>steven gerrard, liverpool, juergen klopp, </kata_kunci>
	<isi>VIVA.co.id - Steven Gerrard sudah memutuskan untuk pensiun sebagai pemain sepakbola profesional. Mantan kapten Liverpool itu pun diprediksi akan melanjutkan karier sebagai pelatih.
Gerrard dikabarkan akan masuk sebagai staf kepelatihan Juergen Klopp di Liverpool. Sebelumnya, ia sudah membantah akan melatih klub kasta ketiga Inggris, Milton Keynes Dons (MK Dons).
Walau begitu, Klopp mengatakan bahwa Gerrard harus diberi kesempatan untuk beradaptasi dengan tim dan manajemen lebih dahulu. Ini seperti yang terjadi pada Ryan Giggs di Manchester United.
"Di Manchester United itu sama dengan Ryan Giggs. Di mana dia akan pergi selanjutnya? Tapi bila anda ingin orang-orang seperti ini berada di bangku cadangan, biarkan mereka bekerja dan jangan menangani mereka sebagai seorang pemain seperti sebelumnya," ujarnya.
"Itu adalah sedikit saran dari seorang pemain sepakbola yang biasa-biasa saja," sambung Klopp, seperti dilansir Four-Four Two.
Klopp sendiri sebelumnya sudah menyatakan akan selalu membuka pintu bagi Gerrard di Anfield. Menurutnya, pria berusia 36 tahun tersebut merupakan seorang legenda bagi The Reds.
Memulai karier profesionalnya pada 1998 di Liverpool, Gerrard melakoni 710 pertandingan bersama tim yang bermarkas di Anfield tersebut. Selama itu, dia sudah meraih 8 trofi, namun belum untuk gelar Premier League.</isi>
	<link>http://www.viva.co.id/bola/read/852229-soal-jadi-pelatih-klopp-minta-gerrard-tiru-giggs</link>
</artikel>