<artikel>
	<id>OLA_SB_10_599</id>
	<judul>LIVE MATCH: Babak I Arema Vs PS TNI Sama Kuat</judul>
	<tanggal>25/11/16</tanggal>
	<kata_kunci>PS TNI, arema cronus, torabika soccer championship tsc, </kata_kunci>
	<isi>VIVA.co.id – Laga Arema Cronus vs PS TNI sementara berakhir imbang 1-1 pada lanjutan pertandingan Torabika Soccer Championship (TSC) di Stadion Kanjuruhan, Malang, Jumat 25 November 2016. Tampil dihadapan Aremania, Arema Cronus ingin memberikan yang terbaik. 
Arema langsung membuka peluang pada menit kedua. Kerjasama antara Esteban Vizcarra dengan Cristian Gonzale masih mampu diamankan kiper PS TNI, Dhika Bayangkara. 
Arema unggul lebih dahulu saat pertandingan memasuki menit 10. Salah satu pemain PS TNI menyentuh bola di kota terlarang. 
Gonzales sebagai eksekutor berhasil melakukan tugasnya dengan baik. Arema unggul 1-0. Hanya berselang satu menit, Vizcarra kembali memiliki peluang, namun sayangnya ia gagal memanfaatkan dengan baik
Tertinggal satu gol, PS TNI mencoba bangkit. Mereka beberapa kali melakukan serangan balik. Hasilnya pada menit 29, sundulan dari Aldino Herdianto berhasil menyamakan kedudukan menjadi 1-1.
Dika Bayangkara dibuat jatuh bangun oleh barisan penyerang Arema. Sundulan Gonzales di menit 45 masih mampu ditepisnya. Skor 1-1 bertahan hingga turun minum.
Daftar susunan pemain:  
Arema Cronus: Achmad Kurniawan; Ahmad Alfarizi, Mochammad Junda, Hamka Hamzah, Syaiful Indra Cahya; Kalmar Nicolas, Raphael Maitimo, Esteban Vizcarra; Arif Suyono; Dendi Santoso, Cristian Gonzales 
PS TNI: Dhika Bayangkara; Choirul Hidayat, Wanda Syahputra, Hendri Aprilianto, Wiganda Pradika; Suhandi, Legimin Raharjo, Erwin Ramdani; Wawan Febrianto (Pandi Lestaluhu 39’), Aldino Herdianto</isi>
	<link>http://www.viva.co.id/bola/read/852495-live-match-babak-i-arema-vs-ps-tni-sama-kuat</link>
</artikel>