<artikel>
	<id>OLA_SB_10_420</id>
	<judul>Coutinho Kemungkinan Cedera Parah</judul>
	<tanggal>27/11/16</tanggal>
	<kata_kunci>coutinho, liverpool, , </kata_kunci>
	<isi>REPUBLIKA.CO.ID, MERSEYSIDE -- Kemenangan Liverpool dua gol tanpa balas atas Sunderland di Stadion Anfield, Sabtu (26/11) menyisakan kabar buruk. Bintang Liverpool yang sudah mencetak lima gol dan lima assists di ajang Liga Primer Inggris musim ini mengalami cedera pada menit ke-30 setelah bertabrakan dengan gelandang lawan, Ibrahim Ndong.
Coutinho kemudian tampak mengerang kesakitan sehingga harus ditandu ke luar lapangan dan digantikan pemain lain. Komentator laga tersebut, Martin Keown menyebut cedera Coutinho berpotensi sangat parah. "Saya berspekulasi tapi cederanya terlihat sangat buruk. Kemungkimam patah tulang jari, kemungkinan terbaik hanya engkel yang terkilir," kata legenda Arsenal ini dikutip dari Express, Ahad (27/11).
Sementara, konfirmasi dari Liverpool belum keluar. Namun kabar menyebutkan, Coutinho diduga kuat menderita cedera di bagian metatarsal. 
Kehilangan Coutinho yang meringis ketika ditandu keluar lapangan bisa jadi pukulan bagi Liverpool. Penyebabnya, bersama Sadio Mane dan Roberto Firmino, dia selalu jadi andalan pelatih Juergen Klopp di lini depan sejak awal musim ini bergulir.
   </isi>
	<link>http://www.republika.co.id/berita/sepakbola/liga-inggris/16/11/27/oh9he6365-coutinho-kemungkinan-cedera-parah</link>
</artikel>