<artikel>
	<id>OLA_SB_10_1117</id>
	<judul>Debut di Liga Champions, Allegri Puji Pemain Muda Juventus</judul>
	<tanggal>23/11/16</tanggal>
	<kata_kunci>moise kean, juventus, Massimiliano Allegri, </kata_kunci>
	<isi>VIVA.co.id – Pelatih Juventus, Massimiliano Allegri, memuji penampilan Moise Kean, saat Bianconeri mengalahkan Sevilla 3-1 di Liga Champions, Rabu 23 November 2016 di Estadio Ramon Sanchez Pizjuan. Meski hanya bermain enam menit, Allegri terkesan dengan penampilan pemain berusia 16 tahun ini. 
Soccerway melaporkan, Kean menggantikan Miralem Pjanic, saat bertandingan memasuki menit 84, dengan kedudukan imbang 1-1. Kean turut berperan ketika Leonardo Bonucci mencetak gol kedua bagi Juventus. 
"Gol Bonucci terjadi setelah Kean berhasil memenangkan duel di kotak penalti. Kean tetap akan bersama kami, sambil menunggu Paulo Dybala dan Marko Pjaca sembuh dari cedera," kata Allegri. 
Menurut Allegri, alasan ia mengganti Pjanic dengan Kean karena faktor fisik. Namun, Allegri menegaskan, ia senang dengan penampilan Pjanic di laga tersebut. 
"Ini pertandingan yang sulit dan membutuhkan fisik. Pjanic telah melakukan dengan baik. Ia telah mencetak gol dan membuat assist musim ini, saya senang dengan kontribusinya," jelas Allegri.
Sementara itu, Kean telah membuat rekor di Liga Champions. Ia menjadi pemain pertama yang lahir pada 2000, yang bermain di Liga Champions. Sebelumnya ia juga mencetak rekor yang sama di Serie A.  (one)
 </isi>
	<link>http://www.viva.co.id/bola/read/851443-debut-di-liga-champions-allegri-puji-pemain-muda-juventus</link>
</artikel>