<artikel>
	<id>OLA_SB_10_1139</id>
	<judul>MU Ingin Scholes Kembali untuk Lakoni Peran Ini</judul>
	<tanggal>09/11/16B</tanggal>
	<kata_kunci>paul scholes, Manchester United, premier league, </kata_kunci>
	<isi>VIVA.co.id – Lama menjadi komentator sepakbola, akhirnya Paul Scholes diharapkan kembali ke Manchester United. Dia ditawarkan menjadi manajer tim U-23 untuk menggantikan Warren Joyce yang berlabuh ke Wigan Athletic.
Seperti dilansir Sportsmail, pria 41 tahun itu merupakan didikan asli MU bersama dengan Ryan Giggs, David Beckham, Gary Neville, Phil Neville, dan Nicky Butt. Dia membela The Red Devils selama 21 tahun dan berhasil mempersembahkan 25 trofi selama berkostum MU.
Sejak memutuskan pensiun pada 2013, Scholes lebih sering terlihat sebagai komentator sepakbola. Dia juga kerap memberikan kritik pedas terkait performa Setan Merah yang selalu menurun.
Meski begitu, MU melihat potensi besar yang dimiliki oleh Scholes dalam dunia manajerial. Untuk itu, The Red Devils berniat untuk merekrutnya sebagai manajer U-23.
Posisi tersebut sebenarnya telah diisi oleh Butt, namun hanya sementara. MU masih menunggu keputusan Scholes untuk peran tersebut.
Pria berkebangsan Inggris itu sebenarnya pernah ditawarkan untuk menjadi manajer Oldham Athletic di beberapa kesempatan. Namun, dia selalu menolaknya.</isi>
	<link>http://www.viva.co.id/bola/read/845824-mu-ingin-scholes-kembali-untuk-lakoni-peran-ini</link>
</artikel>