<artikel>
	<id>OLA_SB_10_1178</id>
	<judul>Chelsea Masih Penasaran 'Tukang Jagal' Turunan Batak AS Roma</judul>
	<tanggal>27/11/16</tanggal>
	<kata_kunci>chelsea, Radja Nainggolan, as roma, </kata_kunci>
	<isi>VIVA.co.id – Menjadi pemuncak klasemen Premier League, Chelsea tampaknya belum puas dengan skuat yang ada. Mereka dikabarkan akan kembali beraksi pada bursa transfer musim dingin nanti.
Laporan Football Italia, yang dibidik Chelsea bukan target baru. The Blues kembali memburu gelandang AS Roma, Radja Nainggolan.
Adalah manajer Antonio Conte yang kepincut berat dengan performa Nainggolan. Pada musim panas mereka sempat berusahan memboyong pemain asal Belgia itu, namun usahanya selalu dimentahkan Giallorossi.
Nainggolan sendiri sempat menyatakan tidak akan bergabung dengan klub lain. Dia berjanji terus bertahan di Roma.
Namun baru-baru ini muncul isu kurang sedap. Pemain berdarah Batak yang dikenal dengan permainan keras itu mulai gerah karena tidak kunjung mendapatkan tawaran kontrak baru dari klubnya.
"Saya sudah menepati janji. Sekarang giliran klub yang melakukannya," sindir Nainggolan kepada manajemen Roma.</isi>
	<link>http://www.viva.co.id/bola/read/852851-chelsea-masih-penasaran-tukang-jagal-turunan-batak-as-roma</link>
</artikel>