<artikel>
	<id>OLA_SB_10_1013</id>
	<judul>Klopp Akui Liverpool tak Mudah Kandaskan Leeds United</judul>
	<tanggal>30/11/16</tanggal>
	<kata_kunci>juergen klopp, liverpool, leeds united, </kata_kunci>
	<isi>REPUBLIKA.CO.ID, MERSEYSIDE --  Liverpool turun dengan mayoritas pemain pelapis saat mengandaskan Leeds United dalam laga perempat final Piala Liga Inggris di Stadion Anfield, Rabu (30/11) dini hari WIB. Dampaknya, pelatih the Reds, Juergen Klopp pun tak menampik, kemenangan dengan skor 2-0 tersebut diraih tidak dengan cara mudah.

"Kami membuat beberapa pergantian di skuat, Leeds tim kuat sehingga tadi laga berlangsung ketat," kata Klopp dikutip dari Liverpool Echo, Rabu (30/11).

Klopp mengatakan timnya tak membuat banyak kreasi pada laga tadi. Menurutnya Simon Mignolet dan kawan-kawan semestinya bisa saja membuat laga berakhir dengan skor lebih besar andai efektif. Terutama pada babak kedua, dia menilai pasukannya mulai mengambil alih laga.

Meski demikian, dia merasa timnya memang layak jadi pemenang pada pertandingan tersebut. "Kami pantas jadi pemenang, sekarang kami di semifinal, ini situasi yang baik," kata pelatih asal Jerman ini.

Pada laga tadi, Liverpool baru bisa mencetak gol melawan tim dari divisi Championship itu pada menit ke-76 via Divock Origi. Selanjutnya, gol kedua lahir pada menit ke-81 melalui Benjamin Woodburn. Tim yang akan Liverpool hadapi nanti masih menunggu hasil undian.</isi>
	<link>http://www.republika.co.id/berita/sepakbola/liga-inggris/16/11/30/ohfht9354-klopp-akui-liverpool-tak-mudah-kandaskan-leeds-united</link>
</artikel>