<artikel>
	<id>OLA_SB_10_1195</id>
	<judul>Manajer Spurs: Mourinho Butuh Waktu untuk Sukses di MU</judul>
	<tanggal>17/11/16</tanggal>
	<kata_kunci>Manchester United, premier league, Jose Mourinho, mauricio pochettino, </kata_kunci>
	<isi>VIVA.co.id- Penampilan inkonsisten Manchester United di musim ini, membuat posisi Joso Mourinho sebagai manajer menjadi sorotan. Kondisi itu juga mendapat perhatian dari manajer Tottenham Hotspur, Mauricio Pochettino.
Start Mourinho bersama MU tidak terlalu mulus, hingga membuat timnya turun ke posisi enam pada klasemen Premier League dengan 18 poin. Tercatat, Setan Merah baru menang lima kali dan masing-masing kalah serta imbang tiga kali.
Hasil kurang memuaskan juga terjadi di Europa League. Kondisi tersebut membuat manajer asal Portugal tersebut mendapat banyak kritikan, namun Pochettino memberikan pembelaan pada Mourinho.
"Jelas bahwa ketika Anda bersama klub hebat, seperti saya dengan Tottenham, tekanan untuk menang selalu lebih besar. Dan selalu ada kritik ketika hasilnya tidak seperti yang diharapkan semua orang," kata Pochettino.
"Jelas, kapanpun seseorang memulai proyek baru, itu butuh waktu. Dalam hal ini, meski Jose adalah salah satu pelatih terbaik dunia, dia butuh lebih banyak waktu untuk menerapkan idenya sehingga tim bisa berjalan seperti yang dia inginkan," lanjutnya dilansir ESPN.
Pochettino menambahkan terlalu cepat bagi Mourinho mendapatkan penilaian di awal musim ini. Dia yakin mantan manajer Chelsea itu masih bisa memberikan hasil yang lebih baik kepada tim yang bermarkas di Old Trafford tersebut.</isi>
	<link>http://www.viva.co.id/bola/read/848950-manajer-spurs-mourinho-butuh-waktu-untuk-sukses-di-mu</link>
</artikel>