<artikel>
	<id>OLA_SB_10_571</id>
	<judul>Cetak Gol, Stefano Lilipaly Kirim Persembahan</judul>
	<tanggal>26/11/16</tanggal>
	<kata_kunci>timnasindonesia, piala aff 2016, Stefano Lilipaly, </kata_kunci>
	<isi>VIVA.co.id – Gelandang tim nasional Indonesia, Stefano Lilipaly menjadi pemain paling berbahagia saat ini. Gol yang dicetakya ke gawang Singapura pada menit ke-85 memastikan Skuat Garuda lolos ke babak semifinal sebagai runner up Grup A Piala AFF 2016.
Bermain di Rizal Memorial Stadium, Indonesia sempat tertinggal lebih dulu melalui gol Khairul Amri di menit ke-27. Kemudian Andik Vermansyah menyamakan kedudukan ketika pertandingan memasuki menit ke-62.
Lilipaly seusai pertandingan tak mampu lagi menyembunyikan kebahagiaan. Pemain naturalisasi asal Belanda tersebut mempersembahkan gol yang dicetaknya kali ini untuk para pendukung Indonesia, dan keluarganya.
"Gol tadi saya persembahkan untuk semua pendukung timnas Indonesia dan juga keluarga terutama kakek nenek saya. Terima kasih banyak untuk suporter timnas di Indonesia maupun yang datang langsung ke Manila." ungkap Lilipaly.
Diakui oleh pemain berusia 28 tahun tersebut, jalannya pertandingan melawan Singapura sangat ketat. Dengan kondisi tertinggal, tekanan besar amat dirasakan oleh rekan-rekannya. 
Beruntung semua pemain masih mau berusaha memetik kemenangan. "Hasil dari kerja keras teman teman semua. Singapura main dengan baik, tetapi kita akhirnya mampu keluar dari tekanan," ujarnya.
Untuk mengetahui lawan yang akan dihadapi di semifinal, Indonesia masih harus menantikan hasil pertandingan Grup B yang berlangsung besok. Vietnam menjadi kandidat kuat, karena mereka berada di puncak klasemen dengan torehan dua kemenangan.</isi>
	<link>http://www.viva.co.id/bola/read/852524-cetak-gol-stefano-lilipaly-kirim-persembahan</link>
</artikel>