<artikel>
	<id>OLA_SB_10_1080</id>
	<judul>Pogba Jadi Penendang Penalti Pertama Manchester United</judul>
	<tanggal>21/10/16</tanggal>
	<kata_kunci>paul pogba, manchester united, jose mourinho, </kata_kunci>
	<isi>REPUBLIKA.CO.ID, MANCHESTER — Manchester United (MU) mengalahkan tamunya Fenerbahce 4-1 dalam laga Grup A Liga Europa, Jumat (21/10) dini hari WIB. Dari empat gol yang dicetak pemain Manchester, dua gol lahir dari eksekusi tendangan penalti.
Menariknya, eksekusi tendangan penalti diambil dilakukan oleh pemain termahal dunia, Paul Pogba. Padahal, penalti Iblis Merah biasanya diambil oleh sang kapten Wayne Rooney. Pelatih Manchester United Jose Mourinho mengatakan Pogba memang sudah dipilih untuk menjadi penendang utama eksekusi penalti.
“Paul sudah kami pilih sebagai penendang pertama dan kami sudah memutuskan itu,” tutur Mourinho dikutip dari situs resmi Manchester United.
Eksekusi tendangan pinalti pertama terjadi pada menit ke-31. Hadiah penalti diberikan wasit Bastien saat gelandang Juan Mata dijatuhkan di area terlarang Fenerbahce. Pogba dengan dingin mengecoh kiper Volkan Demirel untuk membuat keunggulan Iblis Merah dari tamunya.
United mendapatkan hadiah penalti kedua pada menit ke-34 setelah penyerang sayap Anthoni Martial dilanggar di dalam kotak pinalti. Eksekusi tendangan pinalti kedua ini diambil sendiri oleh Martial.
Martial membuat Iblis Merah unggul dua gol dari tamunya. Mourinho mengungkapkan, tidak mengetahui kenapa eksekusi tendangan kedua tidak kembali diambil Pogba. Namun, Martial diakui juga merupakan penendang penalti yang bagus. “Pogba mungkin tidak ingin mengulangi untuk mengambil tendangan penalti hanya dalam hitungan menit,” ujar Mourinho. </isi>
	<link>http://www.republika.co.id/berita/sepakbola/liga-dunia/16/10/21/ofdh6a348-pogba-jadi-penendang-penalti-pertama-manchester-united</link>
</artikel>