<artikel>
	<id>OLA_SB_10_1044</id>
	<judul>MU Dipaksa Bermain Imbang 1-1 Menjamu Arsenal</judul>
	<tanggal>13/11/16</tanggal>
	<kata_kunci>manchester united vs arsenal, manchester united, liga primer inggris, </kata_kunci>
	<isi>REPUBLIKA.CO.ID, MANCHESTER -- Manchester United (MU) bermain imbang saat menjamu Arsenal. Laga pembuka pekan ke-12 Liga Primer, Inggris, pada Sabtu (19/11) berakhir dengan skor 1-1. MU sempat memimpin sampai menjelang menit penghabisan. Namun, Arsenal memberi kejutan dengan gol penyelamatnya di pengujung laga.
Bermain di stadion Old Trafford, kedua kesebelasan memang sama-sama tampil ngotot agar bisa menang. Pola bermain yang sama kedua tim, dengan format 4-2-3-1, membuat masing-masing kesebelasan bermain terbuka dan saling serang. Namun, pada 45 menit pertama, aksi kedua kesebelasan masih berakhir tanpa gol.
Memasuki babak kedua, gelandang serang Juan Mata menjadi pembuka keunggulan sementara bagi MU. Gol pemain asal Spanyol tersebut terjadi lewat umpan gelandang bertahan Ander Herrera dari sisi kanan pertahanan Arsenal. Umpan tarik Herera disambut baik lewat kaki kiri Mata yang menunggu di kotak penalti. Tembakan keras kaki kirinya meluncurkan bola ke sisi kanan gawang Arsenal. Kiper Peter Cech, tak mampu menghalau laju bola dan membuat skor menjadi 1-0.
Gol milik Mata tersebut, memberikan harapan bagi kemenangan MU atas Arsenal. Sebab, skor 1-0 bertahan sampai menit ke-88. Namun, harapan meraih tiga angka tersebut pupus setelah gelandang serang Arsenal, Oliver Giroud mencetak gol di menit ke-89. Gol tersebut membuat skor menjadi imbang 1-1. Sampai wasit menghentikan pertandingan, skor tetap imbang.
Hasil imbang MU atas Arsenal kali ini, sebetulnya membikin rugi skuat tuan rumah. Setan Merah, masih berada di posisi ke-6 klasemen sementara dengan perolehan 19 angka. Skuat pelatih Jose Mourinho itu berada di bawah posisi Totenham Hotspur dengan nilai 21 angka. 
Sementara Arsenal, dengan raihan satu angka, membuat skuat asuhan Arsene Wenger itu naik peringkat ke-3. Semula tim Meriam London berada di peringkat ke-4 dengan raihan nilai 24 angka di bawah Manchester City dengan perolehan yang sama. Namun satu angka tambahan dari melawan MU, membuat the Gunners melewati City.</isi>
	<link>http://www.republika.co.id/berita/sepakbola/liga-inggris/16/11/19/ogw8r2365-mu-dipaksa-bermain-imbang-11-menjamu-arsenal</link>
</artikel>