<artikel>
	<id>OLA_SB_10_468</id>
	<judul>Empat Pilar Persija Absen Lawan Bhayangkara United</judul>
	<tanggal>25/11/16</tanggal>
	<kata_kunci>persija jakarta, bhayangkara united, isc 2016, </kata_kunci>
	<isi>REPUBLIKA.CO.ID, SOLO – Sebanyak empat pemain pilar Persija Jakarta absen menghadapi tamunya, Bhayakara Surabaya United, pada pertandingan lanjutan Indonesia Soccer Championship (ISC) 2016. Laga sendiri akan digelar di Stadion Manahan Solo, Jawa Tengah, Ahad (27/11). “Persija ke Solo melawan Bhayangkara hanya membawa 17 pemain, karena empat lainnya harus absen,” kata Ketua Panitia Pelaksana Persija, Bobby Kusumohadi di Solo, Jumat (25/11).
Bobby mengatakan, rombongan pemain dan pelatih Persija dijadwalkan tiba di Solo, pada Sabtu (26/11) pagi. Setibanya di Solo, tim Persija kemudian melakukan latihan di Stadion Manahan Solo, pada sore harinya. Bobby menjelaskan, dua pemain Persija Andritany (kiper) dan Gunawan Dwi Cahyo (bek) sedang bergabung dengan timnas Indonesia. Sedangkan, dua lainnya yakni, Ismed Sofyan cedera dan Soon Hak Hong terkena sanksi akumulasi kartu kuning.
Namun, Pelatih Persija Muhammad Al Hadad, sudah mempersiapkan timnya dengan baik untuk menghadapi Bhayangkara United di Solo. Ia menjelaskan, Persija masih menggunakan fasilitas di Stadion Manahan Solo menjadi tuan rumah, karena sudah merasakan nyaman dan aman di kota itu setiap laganya.
Pada laga kontra Bhayangkara United di Solo, tidak akan ada penonton. Alasannya, tim berjuluk ‘Macan Kemayoran’ itu masih menjalani sanksi tanpa penonton hingga pertandingan terakhir melawan Gresik United di Solo, pada 7 Desember mendatang. Ketua panitia lokal, Heri Isranto mengatakan, laga antara Persija dan Bhayangkara United siap digelar. “Pertandingan antara Persija versus Bhayangkara, kick off pada pukul 18.30 WIB, sedangkan persiapan lapangan termasuk perizinan aparat keamanan sudah beres," katanya.
 </isi>
	<link>http://www.republika.co.id/berita/sepakbola/liga-indonesia/16/11/25/oh737v409-empat-pilar-persija-absen-lawan-bhayangkara-united</link>
</artikel>