<artikel>
	<id>OLA_SB_10_1109</id>
	<judul>Olivier Giroud Frustrasi di Arsenal</judul>
	<tanggal>29/11/16</tanggal>
	<kata_kunci>arsenal, Olivier Giroud, arsene wenger, </kata_kunci>
	<isi>VIVA.co.id – Bintang Arsenal, Theo Walcott, membocorkan pengakuan mengejutkan rekan setimnya, Olivier Giroud. Striker Prancis itu disebutnya frustrasi karena keputusan Arsene Wenger dalam penentuan pemain.
Giroud sudah tampil dalam 11 pertandingan di semua kompetisi musim ini, tapi hanya dua kali menjadi starter. Wenger lebih memilih Alexis Sanchez yang musim ini mendapat posisi baru sebagai striker.
Sedangkan Giroud tampaknya diproyeksikan menjadi spesialis pemain cadangan. "Saya tahu dia frustrasi dengan jumlah pertandingan, di mana dia tidak dimainkan," kata Walcott, seperti dikutip dari Star Sport, Selasa 29 November 2016.
"Jika Anda lihat jumlah gol, dan bagaimana efektifnya dia di lapangan," kata ujar Walcott. Giroud telah mencetak lima gol, dan sebagian besar merupakan gol krusial untuk menentukan kemenangan timnya.
Walcott memberi contoh dalam laga lawan Bournemouth, akhir pekan lalu. Giroud diturunkan sebagai pemain cadangan, dan langsung memberikan assist. "Itu memperlihatkan bahwa dia selalu mengingatkan manajer tentang kemampuannya," ucap Walcott. (one)
 </isi>
	<link>http://www.viva.co.id/bola/read/853650-olivier-giroud-frustrasi-di-arsenal</link>
</artikel>