<artikel>
	<id>OLA_SB_10_477</id>
	<judul>Edy Rahmayadi Terpilih Jadi Ketua Umum PSSI</judul>
	<tanggal>10/11/16</tanggal>
	<kata_kunci>kongres pssi, edy rahmayadi, moeldoko, </kata_kunci>
	<isi>REPUBLIKA.CO.ID, JAKARTA -- Letjen TNI Edy Rahmayadi resmi terpilih sebagai Ketua Umum PSSI. Panglima Komando Strategis Angkatan Darat (Pangkostrad) itu mengumpulkan suara terbanyak dalam Kongres PSSI di Hotel Mercure, Ancol, Jakarta Utara, Kamis (10/11).
Dari 107 pemilik suara yang menjatuhkan pilihannya, Edy mengantongi 76 suara. Ia unggul jauh atas pesaing terdekatnya, Jenderal (Purn) Moeldoko, yang hanya mengumpulkan 23 suara. Satu suara diberikan kepada Wali kota Batu, Edi Rumpoko. 
Tiga calon lainnya, yakni Brigjen Benhard Limbong dan Sraman el Hakim serta Kurniawan Dwi Yulianto, sama sekali tak ada yang memilih. Sementara sisa tujuh surat suara dinyatakan Ketua Pemilihan PSSI Agum Gumelar tak sah.
Dengan terpilihnya Edy oleh suara mayoritas, mantan Pangdam Bukit Barisan tersebut resmi memimpin PSSI untuk periode 2016 hingga 2020.</isi>
	<link>http://www.republika.co.id/berita/sepakbola/liga-indonesia/16/11/10/ogf5jk348-edy-rahmayadi-terpilih-jadi-ketua-umum-pssi</link>
</artikel>