<artikel>
	<id>OLA_SB_10_446</id>
	<judul>Persib Ingin Berlaga di Stadion Wibawa Mukti</judul>
	<tanggal>27/09/16</tanggal>
	<kata_kunci>persib, stadion wibawa mukti, stadion pakansari, </kata_kunci>
	<isi>REPUBLIKA.CO.ID, CIKARANG -- Persib Bandung mengincar Stadion Wibawa Mukti, Cikarang Timur, Kabupaten Bekasi, Jawa Barat untuk dijadikan kandang sementara pada lanjutan Indonesia Soccer Championship (ISC) A 2016.
"Persib juga mengincar Stadion Pekansari di Cibinong, Bogor untuk jadi laga kandang sementara," kata Manager Persib Bandung, Jawa Barat, Umuh Muchtar, di Kabupaten Bekasi, Selasa (27/9), seperti dikutip dari Antara.
Dia menjelaskan, selama putaran ISC A pada Oktober 2016, Persib akan menjalani laga kandang menghadapi Persiba Balikpapan, Sabtu (1/10), dilanjutkan ke Stadion Pekansari menghadapi PBFC, Rabu (4/10).
Terkait dengan rencana itu, katanya, dibuat surat permohonan agar dibolehkan menggunakan stadion tersebut dalam laga ISC A. Hingga saat ini, pihaknya tinggal menunggu jawaban dari Disparbupora pemerintah kabupaten setempat.
Ia mengakui sedang mengalami kesulitan untuk menjalani laga kandang karena Stadion Gelora Bandung Lautan Api (GBLA) di Gedebage, Kota Bandung, yang sedang menjadi pusat penyelenggaraan Pekan Olahraga Nasional (PON) XIX/2016.
Pihaknya harus benar-benar memanfaatkan waktu terkait dengan penggunaan stadion di Kabupaten Bekasi dan Kabupaten Bogor. 
"Dua stadion (Wibawa Mukti dan Pakansari) tersebut apa akhir bulan ini sudah steril," katanya.
Pemain belakang Tim Maung Bandung Tony Sucipto juga mengaku senang apabila Persib melakoni pertandingan di Bekasi karena tidak menguras energi yang relatif banyak.
Letak stadion juga strategis dalam hal penanganan pengamanan serta antusias pendukungnya lebih banyak di daerah setempat.
Pemilihan tempat untuk kandang dalam laga ISC bagi Persib, selain terkait dengan antusias warga, juga meningkatkan ekonomi kecil masyarakat setempat. Mereka dapat menjual perlengkapan suporter berlogo Persib Bandung.</isi>
	<link>http://www.republika.co.id/berita/sepakbola/liga-indonesia/16/09/27/oe5bcj348-persib-ingin-berlaga-di-stadion-wibawa-mukti</link>
</artikel>