<artikel>
	<id>OLA_SB_10_551</id>
	<judul>Kata Riedl Soal Calon Pengganti Pilar Pertahanan Timnas</judul>
	<tanggal>30/11/16</tanggal>
	<kata_kunci>timnasindonesia, timnas vietnam, piala aff 2016, </kata_kunci>
	<isi>VIVA.co.id – Pelatih Timnas Indonesia, Alfred Riedl berkomentar mengenai sosok Gunawan Dwi Cahyo. Bek yang selama ini menjadi cadangan dalam Skuat Garuda mendapat sorotan karena kemungkinan bakal bermain melawan Vietnam di semifinal Piala AFF 2016 di Stadion Pakansari, Cibinong, Sabtu 3 Desember 2016.
Indonesia dalam pertandingan nanti dipastikan takkan diperkuat Rudolof Yanto Basna dan Fachrudin Aryanto. Duet yang selama ini jadi andalan terkena larangan bermain karena akumulasi kartu kuning yang terakhir didapat saat melawan Singapura.
"Dia pemain yang bagus dan sejauh ini menyatu dengan tim dengan baik," kata Riedl.
Ungkapan itu menjadi landasan bagi juru taktik asal Austria tersebut untuk memastikan kondisi skuat asuhannya dalam keadaan baik. Sebab, Gunawan adalah salah satu pemain yang menyusul gabung ke pemusatan latihan jelang Piala AFF 2016.
Meski begitu, Riedl masih enggan memberi kepastian siapa pemain yang akan diplotnya sebagai bek tengah. Dalam latihan kemarin sore di Stadion Pakansari, nampak Mahanati Lestusen dan Hansamamu Yama Pranata yang dijajal.
"Semua pemain memiliki peluang untuk bermain, tetapi saya tidak bisa menentukannya saat ini," ucapnya.
Memiliki peluang untuk tampil, Gunawan mengaku siap mengembang kepercayaan. Dia merasa percaya diri karena sebelumnya memiliki pengalaman bermain untuk timnas Indonesia senior.
"Kalau siap dari awal saya ditanya siap pasti siap. Tapi semua tergantung kepada pelatih. Tidak ada masalah karena saya sudah pernah bermain bersama timnas senior," tutur bek berusia 26 tahun itu.
  (ren)</isi>
	<link>http://www.viva.co.id/bola/read/854208-kata-riedl-soal-calon-pengganti-pilar-pertahanan-timnas</link>
</artikel>