<artikel>
	<id>OLA_SB_10_1033</id>
	<judul>Spurs Tersingkir, Kane Salahkan Dua Kekalahan di Wembley</judul>
	<tanggal>23/11/16</tanggal>
	<kata_kunci>tottenham hotspur, harry kane, liga champions, </kata_kunci>
	<isi>REPUBLIKA.CO.ID, MONACO – Tottenham Hotspur tersingkir dari gelaran Liga Champions musim ini setelah kalah dari tuan rumah, AS Monaco, pada laga Rabu (23/11) dini hari WIB. Harry Kane menilai, kegagalan timnya disebabkan oleh buruknya performa tim kala bermain di kandang. Spurs telah dua kali kalah saat menjamu lawan-lawannya di stadion Wembley. “Saya pikir penyebabnya adalah kekalahan di dua laga kandang,” kata Kane seusai laga dikutip ESPN FC.
Kane pun menilai, penampilan timnya di Monako semalam juga buruk. Spurs masih memiliki kesempatan untuk berlaga di Liga Europa berdasarkan hasil laga terakhir Grup E nanti lawan CSKA Moskow. “Saya berpikir kami tidak cukup baik hari ini. Kami berhasil menyamakan kedudukan 1-1 sampai akhirnya terjadi kesalahan kemudian,” kata Kane, menambahkan.
Pada laga semalam, Monako berhasil mencetak gol lebih dulu pada tiga menit awal babak kedua lewat gol sundulan Djibril Sidibe. Spurs tak lama kemudian merespons saat Dele Alli dilanggar oleh Kamil Glik di kotak penalti. Harry Kane sukses mengeksekusi penalti penyama kedudukan. Namun, tak lama setelah itu, memanfaatkan umpan hasil aksi individu Sidibe, Thomas Lemar kemudian mengecoh kiper Spurs, Hugo Lloris.
 </isi>
	<link>http://www.republika.co.id/berita/sepakbola/liga-dunia/16/11/23/oh2gy3409-spurs-tersingkir-kane-salahkan-dua-kekalahan-di-wembley</link>
</artikel>