<artikel>
	<id>OLA_SB_10_1183</id>
	<judul>Tekuk Sunderland, Liverpool Puncaki Klasemen Premier League</judul>
	<tanggal>27/11/16</tanggal>
	<kata_kunci>Liga Inggris, sunderland, liverpool, </kata_kunci>
	<isi>VIVA.co.id – Liverpool hanya berhasil merih kemenangan 2-0, saat menjamu Sunderland pada lanjutan Premier League pekan 13 di Stadion Anfield, Sabtu 26 November 2016. Tim tuan rumah cukup kesulitan untuk membongkar pertahanan dari Sunderland. 
Penyerang Sunder;and Jermain Defoe memiliki peluang saat laga berjalan enam menit. Namun, pertahana  Liverpool masih bisa mengamankannya. 
Liverpool membalas melalui Sadio Mane. Sayangnya umpan terbosannya tidak ada yang menyambutnya. 
Menit 34 Liverpool harus kehilangan Philippe Coutinho yang mengalami cedera setelah berbenturan dengan pemain Sunderland. Coutinho sempat mendapatkan perawatan sebelum akhirnya digantikan oleh Divock Origi. 
Liverpool baru bisa mencetak gol saat pertandingan memasuki menit 75. Umpan Jordan Henderson berhasil diselesaikan oleh Origi dengan tendangan kaki kanannya. 
Gol kedua Liverpool dicetak melalui titik penalti, saat pertandingan memasuki injury time. James Milner yang bertindak sebagai algojo berhasil menjalankan tugasnya dengan baik. 
Dengan kemenangan ini, Liverpool berhasil menggeser Manchester City dari pimpinan klasemen sementara Premier League. Poin Liverpool dan ManCity sebenarnya sama, namun The Reds unggul selisih gol
Daftar susunan pemain:
Liverpool: Loris Karius; Nathaniel Clyne, Joel Matip, Dejan Lovren, James Milner; Georginio Wijnaldum (Benjamin Woodburn 90'), Jordan Henderson, Emre Can; Sadio Mane, Roberto Firmino (Lucas Leiva 87'), Philippe Coutinho ( Divock Orig 34')
Sunderland: Jordan Pickford; Patrick van Aanholt, John O'Shea, Lamine Kone, Billy Jones; Duncan Watmore (Adnan Januzaj 79'), Ibrahim Didier Ndong, Jason Denayer, Steven Pienaar (Lynden Gooch 79'); Jermain Defoe, Victor Anichebe</isi>
	<link>http://www.viva.co.id/bola/read/852727-tekuk-sunderland-liverpool-puncaki-klasemen-premier-league</link>
</artikel>