<artikel>
	<id>OLA_SB_10_513</id>
	<judul>Ini Penyebab Timnas Belum Tampil Optimal di Piala AFF</judul>
	<tanggal>25/11/16</tanggal>
	<kata_kunci>timnasindonesia, piala aff, rahmad darmawan, djadjang nurdjaman, </kata_kunci>
	<isi>VIVA.co.id – Performa tim nasional Indonesia pada dua laga penyisihan Grup A Piala AFF 2016 masih menyisakan sejumlah kekhawatiran di benak penggemar sepakbola Tanah Air. Hal ini ditambah lagi dengan polemik sejumlah klub yang enggan melepas pemainnya untuk masuk skuat besutan Alfred Riedl tersebut.
Kondisi ini ternyata juga mengundang komentar dari mantan pelatih tim nasional U-23, Rahmad Darmawan. Pria yang kini membesut klub liga Malaysia, T-Team FC ini rupanya juga turut merasakan apa yang harus dihadapi Tim Garuda menatap turnamen bergengsi antar negara se-Asia Tenggara itu.
Menurut pelatih yang akrab disapa RD ini situasi timnas sangatlah tidak ideal untuk meramu sebuah kontruksi permainan tim yang optimal yang dikarenakan berbagai hal.
"Lagi-lagi soal waktu yang membuat Riedl tidak mudah membuat situasi itu bisa lebih baik. Sekarang tinggal bagaimana memotivasi pemain untuk punya tanggung jawab bersama, terutama saat tim kehilangan bola," kata coach RD, kepada VIVA.co.id, Jumat 25 November 2016.
"Disiplin melakukan taktik sesuai yang pelatih inginkan saat hilang bola harus selalu dicermati betul. Pemain mesti melakukan itu dengan tanggung jawab. Melakukan itu dengan enjoy," tambahnya.
Selain RD, pelatih Persib Bandung, Djadjang Nurjaman justru menyoroti hal lain dalam menyikapi permainan timnas di Piala AFF 2016. Bagi Djanur, armada Merah Putih kerap kali terburu-buru membangun serangan dan kehilangan bola.
"Mesti meminimalisir bikin pelanggaran di daerah berbahaya, juga jangan terburu-buru melepas bola yang berakibat cepatnya kehilangan bola. Untuk yang lainnya sudah cukup bagus," jelas Djanur.
Skuat Garuda bersiap melakoni duel ketat kontra Singapura malam ini, Jumat 25 November 2016. Laga di Rizal Memorial Stadium ini bakal jadi laga hidup mati guna menentukan langkah mereka untuk bisa lolos ke semifinal Piala AFF 2016.</isi>
	<link>http://www.viva.co.id/bola/read/852390-ini-penyebab-timnas-belum-tampil-optimal-di-piala-aff</link>
</artikel>