<artikel>
	<id>OLA_SB_10_1138</id>
	<judul>Alasan Ferguson Pecat 4 Pemain MU pada 1994</judul>
	<tanggal>10/11/16</tanggal>
	<kata_kunci>Manchester United, Sir Alex Ferguson, premier league, </kata_kunci>
	<isi>VIVA.co.id – Mantan manajer Manchester United, Sir Alex Ferguson, menyingkap beberapa fakta yang dialaminya saat masih menjadi juru kemudi Setan Merah. Salah satunya yang terjadi pada 1994.
Di akhir musim 1993-1994, Fergie (sapaan Ferguson) memecat empat pemain sekaligus. Mereka adalah Steve Bruce, Gary Pallister, Denis Irwin, dan Bryan Robson.
Padahal, keempat pemain tersebut adalah yang berkontribusi besar dalam kesuksesan klub. Apalagi, di musim 1993-1994, klub yang bermarkas di Old Trafford itu baru saja menyabet double winner, dengan memenangi Premier League dan Piala FA.
Saat diundang menjadi pembicara di acara World Business Forum di kota Milan, pria berusia 74 tahun ini pun menjelaskan alasan mengapa dia berani mengambil keputusan untuk memberhentikan empat pemain itu.
"Tiga sampai empat pemain memasuki usia tua pada waktu yang bersamaan. Yang saya pikirkan saat itu adalah 'Saya manajer Manchester United, bukan ayah mereka'. Jadi, saya berbicara dengan mereka dan menyampaikan keputusan saya," kata Fergie kepada The Sun.
"Steve Bruce, Gary Pallister, Denis Irwin, dan Bryan Robson, jelas sangat sulit menghilangkan mereka dari skuat. Beberapa orang mungkin mengatakan saya kejam, tapi ini adalah tentang kesetiaan kepada klub. Saya manajer mereka dan berhak melakukan cara apa pun untuk memastikan Manchester United tetap tim terbaik," ujarnya.
Untuk melakukan regenerasi saat itu, Ferguson mendatangkan penggawa anyar. Dia adalah Roy Keane, yang direkrutnya dari Nottingham Forest.</isi>
	<link>http://www.viva.co.id/bola/read/845917-alasan-ferguson-pecat-4-pemain-mu-pada-1994</link>
</artikel>