<artikel>
	<id>OLA_SB_10_476</id>
	<judul>Edy Rahmayadi Targetkan Timnas Indonesia Ikut Olimpiade 2024</judul>
	<tanggal>10/11/16</tanggal>
	<kata_kunci>edy rahmayadi, kongres pssi, pssi, </kata_kunci>
	<isi>REPUBLIKA.CO.ID, JAKARTA -- Ketua Umum PSSI Letnan Jenderal (Letjen) Edy Rahmayadi mengatakan, terpilihnya ia sebagai nakhoda baru PSSI merupakan langkah awal memajukan sepak bola di Tanah Air. Panglima Komando Strategis Angkatan Darat (Pangkostrad) tersebut berjanji akan mengembalikan kejayaan sepak bola Indonesia.
Target tertinggi dalam masa kepemimpinannya saat ini ialah memastikan sepak bola Indonesia bisa melewati prestasi di Benua Asia. Yaitu, dengan mengirimkan kontingen sepak bola Indonesia ke Olimpiade 2024. Edy menginginkan agar pada Pra-Olimpiade 2022, tim Garuda bisa hadir. 
"Mungkin itu sulit sekali. Tapi Insya Allah di 2024 (sepak bola) kita sudah harus berkiprah," sambung dia.
Salah satu persiapan yang dia yakini bisa mengabulkan harapannya, yaitu memastikan pengembangan dan generasi pesepak bola, yang saat ini berada di usia kisaran 15 tahun. harapan dia, pada 2024, pemain-pemain muda saat ini, bisa diandalkan.
Selain target prestisius tersebut, ia memaparkan sejumlah sasaran yang lebih realistis. Pertama memberikan yang terbaik bagi pengembangan timnas Indonesia menjelang bergulirnya Piala AFF 2016 yang hanya berselang hari.
Tahun depan, dia menginginkan timnas Indonesia bisa maksimal di Sea Games 2017. Tahun selanjutnya, dia pun berharap agar sepak bola Indonesia bisa juara di Asian Games 2018. 
 </isi>
	<link>http://www.republika.co.id/berita/sepakbola/liga-indonesia/16/11/10/ogf8i6348-edy-rahmayadi-targetkan-timnas-indonesia-ikut-olimpiade-2024</link>
</artikel>