<artikel>
	<id>OLA_SB_10_1016</id>
	<judul>Guardiola: MU Masih Bersaing dalam Perebutan Juara Liga</judul>
	<tanggal>28/11/16</tanggal>
	<kata_kunci>pep guardiola, manchester city, manchester united, </kata_kunci>
	<isi>REPUBLIKA.CO.ID, LONDON -- Pelatih Manchester City Pep Guardiola menolak mencoret Manchester United (MU) dari persaingan tim-tim yang berburu gelar Liga Primer Inggris. Ia menilai MU masih dalam kelompok yang sama dengan City, Chelsea, Liverpool, Arsenal, dan Tottenham Hotspur.
“Jujur, tim yang berburug gelar juara adalah Chelsea, Liverpool, Arsenal, Tottenham, dan Manchester. Liga tahun ini tidak dapat diprediksi, dan itu akan diputuskan dalam dua atau tiga bulan terakhir,” kata Guardiola seperti dikutip Sky Sports, Senin (28/11). 
City saat ini menempati posisi ketiga klasemen dengan nilai 30, sama dengan nilai Liverpool yang unggul selisih gol sehingga berada di tempat kedua. MU menduduki peringkat enam dengan nilai 20. Adapun posisi puncak untuk sementara ditempati Chelsea dengan nilai 31.
Guardiola mengaku puas masih bisa bersaing dengan Liverpool dan Chelsea. Sebab, selain tampil di liga, City juga harus berkonsentrasi di Liga Champions.
"Memainkan tujuh, delapan pertandingan lebih banyak di Liga Champions setelah bertandang ke Stoke City dan West Brom, dan masih bisa bersama Liverpool dan Chelsea ketika mereka tak bermain di Eropa itu sangat bagus bagi kami," kata dia.</isi>
	<link>http://www.republika.co.id/berita/sepakbola/liga-inggris/16/11/28/ohc2bm348-guardiola-mu-masih-bersaing-dalam-perebutan-juara-liga</link>
</artikel>