<artikel>
	<id>OLA_SB_10_1115</id>
	<judul>LIVE MATCH: Arsenal dan PSG Berbalas Gol di Babak I</judul>
	<tanggal>24/11/16</tanggal>
	<kata_kunci>arsenal, Paris Saint Germain PSG, ligachampions, </kata_kunci>
	<isi>VIVA.co.id – Arsenal bermain imbang 1-1 dengan PSG di babak pertama laga lanjutan penyisihan grup Liga Champions. Gol masing-masing dihasilkan oleh Edinson Cavani dan Olivier Giroud.
Bertanding di Emirates Stadium, Rabu, 23 November 2016, atau Kamis dini hari waktu Indonesia, kedua kubu sama-sama sudah memastikan langkah ke fase knock out. Mereka telah mengantongi 10 poin dan sudah tidak mungkin dikejar oleh dua tim lain, FC Basel dan Ludogorets.
Meski begitu, keduanya tetap tampil ngotot. Baik Arsenal atau PSG sama-sama turun dengan skuat terbaik dalam laga yang diyakini bakal menjadi penentu juara Grup A itu.
Les Parisiens unggul lebih dulu. Mereka sukses membobol gawang The Gunners lewat aksi Cavani di menit 18. Bomber asal Uruguay itu menceploskan bola setelah menerima umpan matang dari Blaise Matuidi.
Kubu tuan rumah baru bisa menyamakan skor di masa injury babak pertama. Giroud mencetak gol dari titik putih setelah Alexis Sanchez dijatuhkan di kotak terlarang. Kedudukan seri 1-1 bertahan sampai turun minum.
Susunan pemain:
Arsenal: Ospina; Jenkinson, Mustafi, Koscielny, Gibbs; Coquelin, Ramsey; Sanchez, Ozil, Iwobi; Giroud.
PSG: Areola; Meunier, Marquinhos, Silva, Maxwell; Verratti, Krychowiak, Motta; Lucas, Cavani, Matuidi.</isi>
	<link>http://www.viva.co.id/bola/read/851554-live-match-arsenal-dan-psg-berbalas-gol-di-babak-i</link>
</artikel>