<artikel>
	<id>OLA_SB_10_1186</id>
	<judul>Fans MU dan Chelsea Kompak Sindir Gerrard di Medsos</judul>
	<tanggal>24/11/16</tanggal>
	<kata_kunci>steven gerrard, Manchester United, liverpool, chelsea, </kata_kunci>
	<isi>VIVA.co.id – Setelah berkarier selama 19 tahun sebagai pesepakbola profesional, Steven Gerrard akhirnya memutuskan untuk gantung sepatu alias pensiun. Klub MLS, LA Galaxy menjadi klub terakhir yang dibela pria berusia 36 tahun ini.
Meski sudah berusia dalam kategori tidak produktif, sebelum pensiun, masih banyak klub yang tertarik untuk merekrutnya. Terakhir, Gerrard dikabarkan akan bermain ke Liga Australia bersama Melbourne Victory. Namun, hal tersebut langsung dibantah oleh manajer klub, di mana tidak mungkin untuk memboyong Gerrard.
Berbagai dukungan dan ucapan terima kasih mengalir deras kepada pria kelahiran Whiston ini. Namun, di antara itu semua, tetap ada yang memberikan dukungan dengan nada sindiran, dari fans klub rival Liverpool, tempat Gerrard meraih kesuksesan.
Seperti dilansir 101 Great Goals, beberapa fans Manchester United dan Chelsea menjadikan momen pensiunnya Gerrard untuk mengingat kembali kejadian-kejadian lucu yang dialami Gerrard. Yang paling populer adalah saat dia terpeleset di pertandingan kontra Chelsea.
Stevie G (sapaan Gerrard) memulai karier profesionalnya pada 1998 di Liverpool, Gerrard melakoni 710 pertandingan bersama tim yang bermarkas di Anfield tersebut. Selama itu, dia sudah meraih 8 trofi, namun belum untuk gelar Premier League.
Pada 2015, Gerrard akhirnya melanjutkan karier bersama LA Galaxy. Untuk di Timnas Inggris, Gerrard sudah bermain sebanyak 114 pertandingan dan 3 kali menjabat sebagai kapten dalam 6 turnamen besar yang diikutinya.</isi>
	<link>http://www.viva.co.id/bola/read/852026-fans-mu-dan-chelsea-kompak-sindir-gerrard-di-medsos</link>
</artikel>