<artikel>
	<id>OLA_SB_10_1079</id>
	<judul>Mourinho Prioritaskan Pencarian Bek Kanan pada Januari</judul>
	<tanggal>21/10/16</tanggal>
	<kata_kunci>jose mourinho, manchester united, fabinho, </kata_kunci>
	<isi>REPUBLIKA.CO.ID, MANCHESTER -- Pelatih Manchester United Jose Mourinho dilaporkan tengah berupaya untuk menambah kekuatan timnya pada bursa transfer Januari 2017. Mourinho kabarnya akan memprioritaskan pencarian bek kanan, seperti dikutip dari ESPN, Jumat (21/10).
Sumber ESPN menuturkan, Iblis Merah akan menghidupkan kembali minat mereka kepada pemain Monaco Fabinho dan bek Everton Seamus Coleman. 
Pos bek kanan merupakan salah satu perhatian pelatih Portugis ini pada musim panas lalu. Akan tetapi, ia mengambil keputusan untuk memperbaiki area lain.
Setelah menghabiskan 150 juta pound (Rp 2,39 triliun) selama musim panas, Mourinho memutuskan untuk menunggu kesempatan menggaet pemain yang pas bagi Iblis Merah.
Antonio Valencia sebenarnya telah memperlihatkan performa yang baik. Namun, ia tak dilihat sebagai solusi sempurna  oleh Mourinho. Eks pelatih Chelsea ini juga tidak memandang Matteo Darmian sebagai bagian dari rencananya. 
Target utama MU untuk bek kanan  mereka ialah Fabinho. Namun, pembelian pemain berusia 22 tahun itu dinilai bisa menjadi lebih rumit dan mahal. Jika MU ingin solusi yang lebih mudah dan mungkin lebih murah, yakni memboyong Coleman dari Everton. </isi>
	<link>http://www.republika.co.id/berita/sepakbola/liga-inggris/16/10/21/ofdut5348-mourinho-prioritaskan-pencarian-bek-kanan-pada-januari</link>
</artikel>