<artikel>
	<id>OLA_SB_10_1142</id>
	<judul>Kane Siap Bela Inggris di Laga Kontra Skotlandia</judul>
	<tanggal>09/11/16</tanggal>
	<kata_kunci>timnas inggris, timnas skotlandia, Kualifikasi Piala Dunia 2018, piala dunia 2018, Harry Kane, </kata_kunci>
	<isi>VIVA.co.id - Harry Kane mengaku sudah dalam kondisi yang baik, dan siap kembali membela timnas Inggris. Ia berharap jadi pilihan manajer di laga kontra Skotlandia dalam laga lanjutan Grup F kualifikasi Piala Dunia 2018 tersebut.
Kane baru saja sembuh dari cedera engkel, yang menimpanya pada bulan September lalu. Cedera tersebut membuatnya menepi hingga tujuh pekan, dan kembali saat Tottenham Hotspur melawan Arsenal di ajang Premier League.
Dalam laga yang berakhir imbang 1-1 tersebut, striker berusia 23 tahun itu tampil selama 70 menit dan mencetak satu gol lewat tendangan penalti. Itu membuatnya siap membela Inggris di Stadion Wembley pada Sabtu 12 November 2016 dini hari WIB.
"Saya pikir fakta bahwa saya fit di hari Minggu adalah ujian untuk melihat apakah saya cukup fit untuk tampil bersama Inggris. Saya merasa baik-baik saja dan tidak terlalu buruk dari sisi kebugaran," kata Kane.
"Tidak ada alasan untuk datang. Selama cedera saya bisa dikendalikan dengan baik dan saya terus melakukan penyembuhan, seharusnya tidak masalah. Itu akan memberi manfaat bagus bagi saya di sisa musim," sambungnya, dilansir Reuters.
Sementara itu, Inggris saat ini memuncaki klasemen Grup F kualifikasi Piala Dunia 2018 dengan tujuh poin dari tiga pertandingan. Sedangkan Skotlandia berada di peringkat empat, dengan empat poin.
 </isi>
	<link>http://www.viva.co.id/bola/read/845376-kane-siap-bela-inggris-di-laga-kontra-skotlandia</link>
</artikel>