<artikel>
	<id>OLA_SB_10_579</id>
	<judul>Paksa Hariono Jadi Bek Tengah, Pelatih Persib Puas</judul>
	<tanggal>01/12/16</tanggal>
	<kata_kunci>torabika soccer championship tsc, Perseru Serui, persib bandung, </kata_kunci>
	<isi>VIVA.co.id – Pelatih Persib Bandung, Djadjang Nurdjaman, mengaku puas dengan penampilan anak asuhnya saat menghadapi Perseru Serui dalam laga lanjutan Torabika Soccer Championship (TSC), Rabu kemarin, 30 November 2016. Dia mengapresiasi perjuangan Atep Rizal cs yang tampil dominan sesuai dengan keinginan dan meraih kemenangan 5-2..
Yang dipuji Djadjang adalah keberhasilan Maung Bandung mencetak lima gol. Cuma mantan pelatih Pelita Jaya itu agak menyayangkan timnya sempat kecolongan dua gol.
"Untuk pertama kalinya kami cukup banyak mencetak gol, tapi masih kebobolan dua gol. Tapi, secara umum penampilan secara tim cukup baik. Kerja sama berjalan sesuai rencana," ucap Djadjang usai pertandingan kepada awak media.
Di samping itu, pelatih berusia 58 tahun ini memuji peran Hariono di posisi bek tengah. Hariono harus menambal posisi Diogo Ferreira yang sakit.
"Pemain yang untuk pertama kalinya dimainkan, terutama untuk Hariono. Di posisi itu (bek tengah) boleh dikatakan cukup berhasil dan secara keseluruhan sebagai pelatih puas," tandasnya.
Meski demikian, permainan Persib sempat melempem di babak kedua. Sehingga Perseru Serui berhasil mencetak dua gol cepat.
"Kami memulai pertandingan agak sedikit mengikuti irama permainan mereka sehingga turun tempo dan dimanfaatkan lawan sehingga lawan bisa mencetak dua gol," terangnya. (one)</isi>
	<link>http://www.viva.co.id/bola/read/854394-paksa-hariono-jadi-bek-tengah-pelatih-persib-puas</link>
</artikel>