<artikel>
	<id>OLA_SB_10_587</id>
	<judul>Lawan PS TNI, Arema Dibayangi Rekor Buruk</judul>
	<tanggal>25/11/16</tanggal>
	<kata_kunci>arema cronus, PS TNI, torabika soccer championship tsc, </kata_kunci>
	<isi>VIVA.co.id – Arema Cronus akan menjamu PS TNI di Kanjuruhan dalam lanjutan Torabika Soccer Championship, Jumat malam nanti, 25 November 2016, 21.30 WIB.
Ini menjadi salah satu laga krusial Arema dalam perburuan gelar juara TSC. Tersisa lima laga, Arema masih menguasai puncak klasemen sementara dengan 55 poin. 
Tapi Arema berpeluang digeser dua rival terdekat, Madura United (55 poin) dan Persipura Jayapura (53 poin) jika tergelincir di lima laga tersisa.
Arema dalam motivasi tinggi setelah meraih kemenangan beruntun di tujuh laga terakhir di TSC. Sementara, PS TNI sedang mengalami tren buruk usai kalah di dua laga terakhir.
Namun Arema tidak bisa menganggap remeh PS TNI. Mengingat klub yang saat ini berada di posisi 16 klasemen itu menjadi salah satu tim yang pernah mengalahkan Arema di TSC.
Di pertemuan pertama kedua tim pada Juli 2016 silam, Arema kalah 1-2 dari PS TNI di Stadion Pakansari. Kekalahan yang harus dibalas Arema di kandang mereka, hari ini.
"Tentu, kami berharap mampu meraih poin penuh di laga yang akan berlangsung di kandang kami sendiri." kata pelatih Arema Milomir Seslija dilansir situs resmi TSC.</isi>
	<link>http://www.viva.co.id/bola/read/852161-lawan-ps-tni-arema-dibayangi-rekor-buruk</link>
</artikel>