<artikel>
	<id>OLA_SB_10_560</id>
	<judul>Vietnam Diunggulkan, Indonesia Tak Gentar</judul>
	<tanggal>29/11/16</tanggal>
	<kata_kunci>timnasindonesia, timnas vietnam, piala aff, </kata_kunci>
	<isi>VIVA.co.id – Abduh Lestaluhu menyatakan timnas Indonesia tidak takut dengan kekuatan Vietnam. Kedua tim akan bertemu di leg pertama semifinal Piala AFF, akhir pekan ini.
Bek kiri Indonesia itu mengakui, Indonesia menjadi pihak yang tidak diunggulkan melawan Vietnam. Tapi Lestaluhu yakin timnya bisa meraih hasil bagus di leg pertama nanti.
Indonesia akan menjadi tuan rumah di laga leg pertama yang akan digelar di Pakansari, Sabtu 3 Desember 2016. Empat hari berselang, leg kedua akan digelar di Vietnam.
"Vietnam tim bagus, itu mereka tunjukkan dengan menjadi juara grup B. Tapi saya yakin secara kualitas, kami juga bagus," kata Lestaluhu dilansir situs resmi AFF Cup, Selasa 29 November 2016.
"Faktor terpenting adalah kami harus terus melanjutkan performa saat di Manila (fase grup). Jika kami bisa melakukannya, maka saya yakin kami bisa bersaing," katanya.
Sebelum Piala AFF, Indonesia dan Vietnam sudah bersua dua kali di laga ujicoba. Hasilnya, skor 2-2 di Sleman dan 3-2 untuk kemenangan Vietnam di Hanoi.
  (ren)</isi>
	<link>http://www.viva.co.id/bola/read/853600-vietnam-diunggulkan-indonesia-tak-gentar</link>
</artikel>