<artikel>
	<id>OLA_SB_10_1198</id>
	<judul>Rooney Belum Habis di MU</judul>
	<tanggal>17/11/16</tanggal>
	<kata_kunci>Manchester United, Wayne Rooney, Liga Inggris, </kata_kunci>
	<isi>VIVA.co.id – Gary Neville menilai karier Wayne Rooney belum habis di Manchester United. Menurutnya, Rooney masih memiliki kualitas meski dia kini tidak menjadi pilihan utama.
Sejak dibesut manajer Jose Mourinho, Rooney kerap dicadangkan di sejumlah laga. Situasi yang membuat Rooney diisukan bakal hengkang dari Old Trafford.
"Ini bukan akhir dari Rooney. Saya malah yakin dia hanya masuk ke fase berbeda dalam kariernya," kata legenda MU itu dilansir Soccerway, Kamis 17 November 2016.
"Dia kini tidak selalu bermain di tiap pekan, dan kontribusinya kini berbeda dari musim-musim sebelumnya," lanjut Neville.
Neville percaya situasi ini lumrah terjadi terhadap semua pemain. Bahkan dia menilai ini saatnya Rooney membuktikan diri bisa beradaptasi dengan situasi saat ini.
"Situasi ini bukan bentuk kritik terhadap dirinya. Ini hanya fakta yang terjadi. Dan ini kenyataan yang biasa dialami para pemain saat mulai memasuki usia 30 tahun," katanya.
Rooney yang kini sudah berusia 31 tahun itu baru mencetak dua gol dari 15 penampilannya bersama MU di semua ajang di musim ini.
 </isi>
	<link>http://www.viva.co.id/bola/read/848767-rooney-belum-habis-di-mu</link>
</artikel>