<artikel>
	<id>OLA_SB_10_1006</id>
	<judul>Arsenal Tertarik Datangkan Dimitri Payet Januari 2017</judul>
	<tanggal>03/12/16</tanggal>
	<kata_kunci>dimitri payet, manchester united, arsenal, </kata_kunci>
	<isi>REPUBLIKA.CO.ID, LONDON -- Manchester United (MU) sepertinya mendapat saingan berat untuk mendatangkan Dimitri Payet pada bursa transfer Januari 2017. Pasalnya, klub asal London Utara Arsenal disebut tertarik mengamankan tanda tangan pemain timnas Prancis.
Sebelumnya, gelandang serang bertubuh gempal ini memang santer dikabarkan akan hengkang dari West Ham. Buruknya performa anak asuh Slaven Bilic pada musim kompetisi ini membuat ia ingin mencari klub baru pada bursa transfer musim dingin 2017.
Salah satu klub yang disebut-sebut meminati jasanya adalah MU. Kubu Iblis Merah kabarnya ingin mencoba melemparkan tawaran kepada the Hammers, Januari nanti.
Tetapi menurut laporan the Sun, Sabtu (3/12) harapan MU untuk mendapatkan Payet bakal sedikit mengalami rintangan, mengingat seturu di kompetisi domestik, Arsenal juga serius mengamankan jasa gelandang 29 tahun itu.
Dalam laporan yang sama tim yang bermarkas di Stadion Emirates segera melakukan manuver cepat untuk bisa mengikat eks bintang Marseille ke London Merah.
Sementara itu, Payet tidak akan mudah meninggalkan West Ham begitu saja. Pasalnya pihak klub tengah berjuang menghindari degradasi sehingga membutuhkan para pemain terbaiknya untuk bisa membawa tim keluar dari zona merah.
 </isi>
	<link>http://www.republika.co.id/berita/sepakbola/liga-inggris/16/12/03/ohlufk348-arsenal-tertarik-datangkan-dimitri-payet-januari-2017</link>
</artikel>