<artikel>
	<id>OLA_SB_10_1180</id>
	<judul>LIVE MATCH: Viktor Moses Bawa Chelsea Berbalik Unggul</judul>
	<tanggal>27/11/16</tanggal>
	<kata_kunci>chelsea, Tottenham Hotspur, Liga Inggris, </kata_kunci>
	<isi>VIVA.co.id – Chelsea untuk sementara unggul 2-1 atas Tottenham Hotspur, pada pertandingan pekan 13 Premier League di Stadion Stamford Bridge, Minggu 27 November 2016 dini hari WIB. 
Tottenham unggul lebih dahulu pada menit 10 melalui Cristian Eriksen. Tendangan kaki kanan dari luar kota penalti gagal diantisipasi oleh Thibuat Courtois, kiper Chelsea.
Tertinggal satu gol, Chelsea langsung bangkit. The Blues memiliki peluang menit 19. Namun Diego Costa terjebak posisi offside. 
Chelsea berhasil menyamakan kedudukan saat pertandingan menyisakan 1 menit. Tendangan kaki kanan Pedro Rodriguez berhasil bersarang di sisi kiri gawang Lloris.  
Menit 52 Chelsea berbalik unggul. Tendangan keras kaki kiri Victor Moses, membentur Jan Vertongen sebelum masuk ke gawang Lloris.
Daftar susuna pemain:
Chelsea; Thibaut Courtois; Cesar Azpilicueta, David Luiz, Gary Cahil; Victor Moses, N'Golo Kante, Nemanja Matic, Marcos Alonso; Pedro Rodriguez, Diego Costa, Eden Hazard
Tottenham Hotspur: Hugo Lloris; Jan Vertonghen, Kevin Wimmer, Eric Dier, Heung-Min Son, Moussa Dembele, Victor Wanyama, Kyle Walker, Dele Alli, Chritian Eriksen; Harry Kane</isi>
	<link>http://www.viva.co.id/bola/read/852734-live-match-viktor-moses-bawa-chelsea-berbalik-unggul</link>
</artikel>