<artikel>
	<id>OLA_SB_10_1155</id>
	<judul>Barca Mulai Jadikan Ter Stegen Sebagai 'Anak Emas'</judul>
	<tanggal>07/09/16</tanggal>
	<kata_kunci>Barcelona, Barcelona, M ter Stegen, Marc Andre ter Stegen, </kata_kunci>
	<isi>VIVA.co.id – Kepergian Claudio Bravo ke Manchester City benar-benar menjadi berkah bagi Marc-Andre ter Stegen. Kini, Ter Stegen menjadi anak emas Barcelona di sektor penjaga gawang.
Presiden Barcelona, Josep Maria Bartomeu, menjelaskan posisi Ter Stegen di dalam skuat saat ini sangat penting. Kubu Barca, disebutkannya, wajib mempertahankan Ter Stegen.
Maka dari itu, Bartomeu pun menegaskan, proses perpanjangan kontrak Ter Stegen kini menjadi prioritas Barca.
"Dia merupakan aset yang penting bagi Barcelona. Ter Stegen adalah prioritas bagi tim kami. Komitmen kami terhadapnya juga sangat kuat," kata Bartomeu seperti dilansir RAC1.
Pria berkacamata tersebut menyatakan proses perpanjangan kontrak bakal mencapai puncaknya dalam beberapa pekan ke depan. Hanya saja, dia masih belum mau membocorkan berapa durasi dan nilai kontrak baru kiper asal Jerman tersebut.
Kontrak Ter Stegen sebenarnya masih menyisakan tiga tahun lagi. Barca ingin memperpanjang kerjasama dengannya setelah melihat kemampuan Ter Stegen yang di atas rata-rata.
Sebenarnya, posisi Ter Stegen di Barca juga tak benar-benar aman. Sebab, Azulgrana baru saja mendatangkan Jasper Cillessen dari Ajax Amsterdam.</isi>
	<link>http://www.viva.co.id/bola/read/818683-barca-mulai-jadikan-ter-stegen-sebagai-anak-emas</link>
</artikel>