<artikel>
	<id>OLA_SB_10_1051</id>
	<judul>Mancini Hanya akan Terima Pinangan Klub Eropa</judul>
	<tanggal>16/11/16</tanggal>
	<kata_kunci>roberto mancini, inter milan, manchester city, </kata_kunci>
	<isi>REPUBLIKA.CO.ID, MILAN – Mantan pelatih Inter Milan, Roberto Mancini dengan tegas menolak pinangan klub Cina, Shanghai Shenhua. Mancini mengatakan, ia belum berniat meniti karier di sepak bola negeri Tirai Bambu karena masih ingin bersaing di level tertinggi sepak bola Eropa. “Ke Cina? Jelas tidak. Saya sekarang hanya ingin melatih tim Eropa,” kata Mancini, dikutip dari Corriere dello Sport, Rabu (16/11).
Mancini berstatus tanpa klub tak lama sebelum Serie A musim ini dimulai. Ia diberhentikan sebagai pelatih Inter Milan. Walau begitu, Don Mancio tak pernah sepi peminat. Sejumlah klub Inggris sudah mengajukaj tawaran. Teranyar adalah bujukan dari FA untuk meminta Mancini melatih timnas Inggris. 
Hanya saja hal itu kemungkinan tak akan terjadi karena the Three Lions akan mempertahankan Gareth Southgate sebagai pelatih permanen. Mancini termasuk salah satu pelatih yang sempat disegani di Eropa. Ia pernah merasakan tiga scudetto Serie A bersama Inter Milan. Di Manchester City, pelatih 51 tahun tersebut juga pernah merasakan gelar Liga Primer Inggris. 
 </isi>
	<link>http://www.republika.co.id/berita/sepakbola/liga-italia/16/11/16/ogq109409-mancini-hanya-akan-terima-pinangan-klub-eropa</link>
</artikel>