<artikel>
	<id>OLA_SB_10_1136</id>
	<judul>Selama Melatih MU, Ferguson Baru 6 Kali Gunakan 'Hairdryer'</judul>
	<tanggal>10/11/16B</tanggal>
	<kata_kunci>Manchester United, Sir Alex Ferguson, premier league, </kata_kunci>
	<isi>VIVA.co.id – Bagi pencinta Premier League, terlebih fans Manchester United, tentu sudah akrab dengan istilah "hairdryer treatment" milik mantan manajer MU, Sir Alex Ferguson. Hairdryer di sini bukan berarti alat pengering rambut dalam arti sebenarnya.
Hairdryer treatment adalah metode yang digunakan Ferguson untuk membakar semangat para penggawanya saat jeda babak pertama di ruang ganti. Metode ini dipercaya sebagai bagian penting dari kesuksesan Setan Merah.
Jika di masa rezim Ferguson, MU mampu menampilkan permainan yang lebih atraktif dan membaik di babak kedua, itu diyakini metode hairdryer treatment sedang bereaksi.
Alat pengering rambut dijadikan analogi bagaimana Ferguson yang dikenal suka meluap-luapkan emosi kepada pemainnya yang bermain buruk. Semprotan kata-kata dari mulutnya diibaratkan uap panas yang keluar dari sebuah hairdryer.
Banyak pihak yang mengatakan kalau Fergie (sapaan Ferguson) selalu menerapkan metode ini di tiap laga. Namun nyatanya, Ferguson mengaku baru enam kali "menyemprot" pemainnya selama 27 tahun menjabat sebagai manajer MU.
"Banyak mitos yang beredar soal amarah saya. Jujur saja saya baru enam kali melakukan hairdryer treatment selama 27 tahun melatih. Nanti para pemain juga akan cerita sendiri," kata Ferguson, seperti dilansir The Sun.
"Masalahnya, saya sangat tidak suka jika ada pemain yang menjawab perkataan saya. Dan saya suka tidak sabar jika harus menunggu sampai Senin untuk memarahinya," ujarnya.
Salah satu "korban" dari hairdryer treatment ini adalah mantan pemain MU asal Prancis, Luis Saha. Dia menceritakan pengalamannya dalam sebuah bukunya yang berjudul "Du quartier aux Etoiles" atau "Dari dalam kota ke bintang-bintang".
Saha terkena omelan Ferguson di jeda babak pertama saat MU menghadapi Everton. Laga ini adalah laga kedua Saha setelah bergabung ke MU pada 2004.
Di laga itu, Saha mencetak dua gol di babak pertama dan MU unggul 3-0. Namun, Ferguson tetap menjadikan Saha sebagai objek metodenya.
"Saat menuju ruang ganti, saya merasa bangga. Begitu saya duduk, saya dikejutkan dengan teriakan Ferguson. Saya sempat berpikir, benarkah Ferguson berteriak untuk saya," kata Saha.
"Dia marah dan segera menghampiri saya. Seketika saya sadar dan mengetahui kenapa Ferguson marah. Dia tidak puas dengan keunggulan 3-0,” ujar dia.
“Sebab, banyak peluang yang saya lewatkan dan seharusnya kami bisa cetak lebih banyak gol. Saya lebih terkejut ketika Everton bisa menyamakan kedudukan menjadi 3-3. Tapi, Ruud van Nistelrooy membantu saya terhindar dari mimpi buruk dengan golnya di injury time," kisah Saha.
Bahkan, The Sun memberikan tanda penghormatan unik kepada Fergie saat dia memutuskan pensiun sebagai manajer MU. Media ternama Inggris ini memberikan cenderamata berbentuk hairdryer.
 </isi>
	<link>http://www.viva.co.id/bola/read/846167-selama-melatih-mu-ferguson-baru-6-kali-gunakan-hairdryer</link>
</artikel>