<artikel>
	<id>OLA_SB_10_577</id>
	<judul>LIVE MATCH: Susunan Pemain Persipura Jayapura Vs BFC</judul>
	<tanggal>02/12/16</tanggal>
	<kata_kunci>torabika soccer championship tsc, Persipura Jayapura, bhayangkara fc, Boaz Solossa, </kata_kunci>
	<isi>VIVA.co.id – Persipura Jayapura kedatangan lawan tangguh, Bhayangkara FC (BFC), dalam laga pekan ke-31 Torabika Soccer Championship (TSC) di Stadion Mandala, Jumat 2 November 2016 WIB.
Kemenangan jadi harga mati bagi skuat besutan Angel Alfredo Vera, untuk menjaga peluang juara. Tim Mutiara Hitam saat ini berada di posisi ketiga dengan poun 56, hanya terpaut dua poin dari Madura United (MU) di posisi kedua, dan Arema Cronus di posisi pertama.
Persipura masih tak bisa diperkuat oleh kapten tim dan penyerang andalan, Boaz Solossa. Boaz harus absen lantaran tengah fokus bersama Timnas Indonesia di ajang Piala AFF 2016.
Meski demikian, Persipura masih memiliki pemain bernaluri menyerang lain semisal Ferinando Pahabol, Edward Wilson Junior, dan Ricardinho.
Modal positif juga dimiliki Persipura, setelah pekan lalu mampu mengalahkan Madura United 2-0.
Sementara itu, Bhayangkara juga tak akan memberikan kemenangan mudah bagi tuan rumah. Pelatih BFC, Ibnu Grahan, akan kembali mengandalkan pasukan mudanya, Muhammad Hargianto, Fandi Eko Utomo, serta Ilham Udin Armayn, dalam laga ini.
Dalam laga sebelumnya, BFC hanya mampu bermain imbang 1-1 kontra Persija Jakarta. Dalam pertemuan terakhir kedua tim, Persipura sukses menekuk BFC dengan skor tipis 2-1, bulan Agustus lalu.
Untuk mengikuti jalannya pertandingan ini, silahkan mengakses fitur LIVE MATCH VIVA.co.id lewat tautan ini.
Susunan pemain:
Persipura Jayapura: Yoo Jae-Hoon (gk); Ricardo Salampessy, Muhammad Tahir, Ruben Sanadi, Yustinus Pae, Ricardinho, Nelson Alom, Bio Paulin, Edward Wilson, Oslvaldo Haay, Ferinando Pahabol.
Bhayangkara FC: Wahyu Tri Nugroho (gk); Lee Yoo-Joon, I Putu Gede, Otavio Dutra, Dany Saputra, Muhammad Hargianto, Indra Kahfi, Fandi Eko Utomo, Ilham Udin Armayn, Kharillah Abdelkbir, Wahyu Subo Seto.</isi>
	<link>http://www.viva.co.id/bola/read/855100-live-match-susunan-pemain-persipura-jayapura-vs-bfc</link>
</artikel>