<artikel>
	<id>OLA_SB_10_1050</id>
	<judul>Ancelotti Ingatkan Milan Potensi Inter</judul>
	<tanggal>17/11/16</tanggal>
	<kata_kunci>ac milan, inter milan, derby milan, </kata_kunci>
	<isi>REPUBLIKA.CO.ID, MILAN -- Carlo Ancelotti mengingatkan AC Milan akan potensi Inter Milan saat kedua tim berhadapan pada laga Derby della Madonnina, Senin (21/11) dini hari WIB. Pelatih Bayern Muenchen ini paham kekuatan Inter dari pengalamannya sebagai pelatih Milan.
Ancelotti memenangkan dua trofi Liga Champions dan satu scudetto selama delapan musim menukangi Rossoneri.
“Milan harus berhati-hati dengan Inter, mereka selalui sulit dihadapi," kata Ancelotti kepada derbyderbyderby.it, seperti dikutip Football Italia, Kamis (17/11).
Ancelotti mencontohkan saat pergantian pelatih dari Roberto Mancini kepada Frank De Boer sebelumnya. Dalam waktu singkat, De Boer belum bisa membuat permainan Inter stabil. Namun, La Beneamata menampilkan performa menawan dengan menaklukkan Juventus 2-1 pada 19 September lalu di Serie A.
“Jangan lupakan bahwa sejauh ini Inter tampil di bawah potensi mereka, sementara Milan sudah berada maksimal, bahkan di atas potensi mereka,” kata dia.
Milan kini berada di peringkat ketiga klasemen Serie A dengan nilai 25, terpaut lima angka dari pemuncak klasemen Juventus. Adapun Inter masih tercecer di posisi sembilan dengan nilai 17.</isi>
	<link>http://www.republika.co.id/berita/sepakbola/liga-italia/16/11/17/ogrfkb348-ancelotti-ingatkan-milan-potensi-inter</link>
</artikel>