<artikel>
	<id>OLA_SB_10_1005</id>
	<judul>Ini Susunan Pemain City Vs Chelsea</judul>
	<tanggal>03/12/16</tanggal>
	<kata_kunci>manchester city, chelsea, city vs chelsea, </kata_kunci>
	<isi>REPUBLIKA.CO.ID, MANCHESTER -- Manchester City akan menjamu Chelsea dalam duel bigmatch pekan ke-14 Liga Primer Inggris di Stadion Etihad, Sabtu (3/12). Hasil laga ini akan mempengaruhi posisi kedua tim di papan klasemen.
Pemenang laga ini akan menjadi pemuncak klasemen sementara karena Chelsea yang berada di posisi teratas hanya unggul satu angka dari Liverpool di tempat kedua dan City ketiga. Hasil imbang memberikan kesempatan bagi Liverpool untuk kembali menduduki takhta.
Berikut susunan pemain kedua:
Manchester City (3-4-3)
Claudio Bravo; Nicolas Otamendi, John Stones, Aleksandar Kolarov; Leroy Sane, Ilkay Guendogan, Fernandinho, David Silva; Jesus Navas, Sergio Aguero, Kevin De Bruyne
Pelatih: Pep Guardiola
Chelsea (3-4-3)
Thibaut Courtois; Cezar Azpilicueta, David Luiz, Gary Cahill; Victor Moses, N'Golo Kante, Cesc Fabregas, Marcos Alonso; Pedro Rodriguez, Diego Costa, Eden Hazard
Pelatih: Antonio Conte 
Wasit: Anthony Taylor
 </isi>
	<link>http://www.republika.co.id/berita/sepakbola/liga-inggris/16/12/03/ohlyqb348-ini-susunan-pemain-city-vs-chelsea</link>
</artikel>