<artikel>
	<id>OLA_SB_10_1114</id>
	<judul>Ditahan PSG, Wenger Soroti Lemahnya Pertahanan Arsenal</judul>
	<tanggal>24/11/16</tanggal>
	<kata_kunci>arsenal, Paris Saint Germain PSG, arsene wenger, ligachampions, </kata_kunci>
	<isi>VIVA.co.id – Arsenal harus puas bermain imbang saat berhadapan dengan Paris Saint-Germain di penyisihan Grup A Liga Champions, Rabu 23 November 2016 (Kamis dini hari WIB). Hasil imbang 2-2 mengakhiri jalannya laga di Emirates Stadium.
Arsenal sebenarnya sempat unggul 2-1, lewat gol penalti Olivier Giroud dan bunuh diri Marco Veratti. Namun, gol bunuh diri Alex Iwobi yang terkena bola sundulan Lucas Moura, membuyarkan kemenangan tuan rumah.
Hasil ini membuat Manajer Arsenal, Arsene Wenger merasa kecewa. Manajer asal Prancis ini menilai, timnya terlalu mudah kebobolan.
"Kami menunjukkan permainan yang bagus dalam laga ini. Namun, kami tak bisa mendominasi," kata Wenger pada BBC Sport.
"Saya prihatin karena kami sempat unggul 2-1. Setelah itu, kami membiarkan mereka menyamakan kedudukan. Sulit untuk dimengerti, melihat begitu mudahnya kami kebobolan lewat sepak pojok," tuturnya.
Edinson Cavani sempat membuat PSG unggul di menit 18. Setelah itu, The Gunners membalikkan kedudukan lewat gol Giroud (45'+1) dan bunuh diri Veratti (60'). Gol bunuh diri Alex Iwobi di menit 77, membuat kedudukan imbang 2-2.
"Anda harus melihat dua hal. Intensitas yang kami tunjukkan dan hasilnya. Kami memberikan banyak hal, dan kami bisa comeback setelah tertinggal 0-1 menjadi unggul 2-1, dan mencetak gol bunuh diri," ujar Wenger.
"Namun, kami bermain bagus. Kami kurang dalam hal kreativitas. Tapi, kami mendapatkan hasil imbang. Mungkin ini tak akan cukup, namun Anda tak pernah tahu," tuturnya.
Hasil ini membuat PSG untuk sementara menempati posisi puncak Grup A dengan 11 poin dari 5 laga, disusul Arsenal yang kalah head to head. Siapa yang keluar sebagai juara grup akan ditentukan di laga terakhir, 6 Desember 2016. Arsenal melawat ke markas Basel, sedangkan PSG menjamu Ludogorets Razgrad.</isi>
	<link>http://www.viva.co.id/bola/read/851582-ditahan-psg-wenger-soroti-lemahnya-pertahanan-arsenal</link>
</artikel>