<artikel>
	<id>OLA_SB_10_1048</id>
	<judul>Genoa Ingin Pinjam Luiz Adriano dari Milan</judul>
	<tanggal>17/11/16</tanggal>
	<kata_kunci>luiz adriano, ac milan, genoa, </kata_kunci>
	<isi>REPUBLIKA.CO.ID, MILAN -- Klub papan tengah Seria A Genoa tengah memikirkan rencana meminjam striker AC Milan Luiz Adriano pada jendela transfer musim dingin nanti. Genoa ingin mendatangkan striker asal Brasil tersebut untuk mengantisipasi hengkangnya pemain andalan Leonardo Pavoletti yang tengah didekati SSC Napoli. 
Dikutip dari Football Italia, Kamis (17/11), Napoli gencar mengejar tanda tangan Pavoletti untuk mengisi kekosongan stok pemain yang berperan sebagai penyerang murni. Hal itu terjadi sejak Arkadiuz Milik mengalami cedera parah bulan lalu. 
Pavoletti tampil cukup bagus musim ini. Penyerang  27 tahun tersebut sudah mengoleksi tiga gol di Serie A. Pavoletti pun merupakan bagian dari skuat Italia pada kualifikasi Piala Dunia 2018. 
Andai Pavoletti jadi hengkang, I Rossoblu akan langsung mengontak Milan agar mau menyerahkan Adriano. Sejak musim lalu Adriano jarang mendapatkan tempat di tim inti I Rossoneri. 
Musim  ini, bekas bintang Shaktar Donestk tersebut hanya tampil selama 85 menit buat Milan. Melihat baiknya hubungan Il Diavolo dengan Genoa, rasanya perekrutan Adriano tak akan mengalami hambatan berarti. 
Hanya, Il Grifone tak akan sanggup membayar gaji Adriano senilai 3 juta euro (Rp 43 miliar) per tahun. Mereka akan meminta Milan meminjamkan dengan kerelaan membayar setengah gaji Adriano.</isi>
	<link>http://www.republika.co.id/berita/sepakbola/liga-italia/16/11/17/ogrvmu348-genoa-ingin-pinjam-luiz-adriano-dari-milan</link>
</artikel>