<artikel>
	<id>OLA_SB_10_521</id>
	<judul>Perjuangan Timnas Indonesia Saat Berada di Ujung Tanduk</judul>
	<tanggal>25/11/16</tanggal>
	<kata_kunci>timnasindonesia, timnas singapura, piala aff, piala aff 2016, alfred riedl, Stefano Lilipaly, Andik Vermansyah, </kata_kunci>
	<isi>VIVA.co.id – Tim nasional Indonesia akan menjalani pertandingan pamungkas di Grup A Piala AFF 2016 melawan Singapura di Rizal Memorial Stadium, Jumat 25 November 2016. Langkah Skuat Garuda sejauh ini tak mulus. Mereka belum sekali pun mampu memetik kemenangan.
Di dua pertandingan sebelumnya, Indonesia kalah melawan 2-4 melawan Thailand. Berikutnya mereka ditahan imbang 2-2 oleh tuan rumah Filipina. Kesempatan memetik poin penuh di pertandingan kedua terbuang sia-sia karena gawang yang dijaga Kurnia Meiga Hermansyah dibobol pada menit ke-82.
Dengan raihan satu poin, tim besutan Alfred Riedl mesti mampu menang atas Singapura. Namun bukan berarti mereka bisa merebut tiket ke semifinal dengan status runner up Grup A. Karena jika Filipina bisa mengalahkan Thailand maka perjuangan Boaz Solossa dan kawan-kawan menjadi sia-sia.
"Ini adalah kesempatan terakhir kami. Kami akan berikan segalanya dan setelah itu semua tergantung Thailand dan apa hasil mereka melawan Filipina. Kalau mereka (Thailand) menang dan kami menang, semuanya mungkin," ujar gelandang timnas Indonesia, Stefano Lilipaly dilansir affsuzukicup.com.
Melawan Singapura juga bukanlah sebuah perkara mudah. Skuat asuhan Varadaraju Sundramoorthy sudah membuktikan ketangguhannya dengan menahan imbang Filipina dengan skor 0-0. Thailand pun mereka buat frustrasi karena baru bisa mencetak gol kemenangan pada menit ke-89.
Tim berjuluk The Lions sendiri masih memiliki peluang yang sama dengan Indonesia untuk lolos ke semifinal. Mereka menganggap pertandingan nanti ibarat sebuah penentuan hidup-mati. Sang pelatih bahkan berani menyatakan ancaman kepada Skuat Garuda.
"Saya sudah menganalisa Indonesia. Saya akan melihat kelemahan mereka dan coba mengeksploitasinya. Kami tahu kekuatan mereka dan kami sudah punya rencana," ujar Sundram, seperti dikutip dari Goal Singapura.
Timnas Indonesia Masih Banyak Kelemahan
Mentas di ajang Piala AFF, Indonesia dianggap masih banyak kelemahan. dari dua pertandingan sebelumnya, gawang Skuat Garuda kebobolan melalui kesalahan dalam mengantisipasi serangan lawan. Duet Rudolof Yanto Basna dan Fahcruddin Aryanto pun mendapat sorotan.
Pada pertandingan melawan Thailand misalnya, gol pertama yang dicetak Peerapat Notchaiya pada menit kelima karena kesalahan yang dilakukan Yanto Basna. Pemain asal klub Persib Bandung tersebut tidak cermat saat membuang bola yang justru jatuh di kaki lawan.
Kesalahan kedua terjadi saat Indonesia sedang memimpin 2-1 melawan Filipina. Pelanggaran yang dilakukan Zulham Zamrun berbuah gol melalui tendangan bebas yang dieksekusi dengan sangat baik oleh Philip James Younghusband. Padahal ketika itu posisi pemain lawan masih belum membahayakan gawang Meiga.
"Melawan Singapura, Indonesia harus konsentrasi dan lebih fokus lagi. Jangan banyak melakukan kesalahan dengan pelanggaran yang tidak perlu di area pertahanan," kata Nilmaizar kepada VIVA.co.id. 
Hal senada juga diungkapkan oleh mantan striker timnas Indonesia, Kurniawan Dwi Yulianto. Dia berharap, pelanggaran tak perlu jangan dilakukan lagi. Dan melawan Singapura nanti, Riedl diminta untuk menginstruksikan anak asuhnya untuk melancarkan permainan menyerang total.
"Tidak ada pilihan lain harus full attacking. Tapi tetap, lini belakang jangan sampai lengah. Karena gol-gol yang terjadi di gawang kita lebih banyak dikarenakan kesalahan dari kita sendiri," ujar pencatat 31 gol dalam 60 caps bersama Timnas Indonesia tersebut.
Lini tengah Indonesia dalam dua pertandingan lalu juga terlihat belum maksimal. Terlebih saat berhadapan dengan Filipina. Duet Evan Dimas Darmono dan Lilipaly terlihat jelas kesulitan ketika bertugas sebagai penyaring utama serangan yang dibangun lawan.
Alhasil, setiap The Azkals melancarkan serangan selalu langsung berhadapan dengan pemain bertahan Indonesia. Hal itu juga turut menguras fisik kedua gelandang. Ketika pertandingan memasuki menit akhir, permainan mereka sulit untuk berkembang.
Solid dalam Bertahan dan Punya Fisik Kuat</isi>
	<link>http://www.viva.co.id/bola/read/852047-perjuangan-timnas-indonesia-saat-berada-di-ujung-tanduk</link>
</artikel>