<artikel>
	<id>OLA_SB_10_1018</id>
	<judul>Liverpool Kembali ke Puncak Klasemen Usai Kandaskan Sunderland 2-0</judul>
	<tanggal>27/11/16</tanggal>
	<kata_kunci>liverpool vs sunderland, liga inggris, , </kata_kunci>
	<isi>REPUBLIKA.CO.ID, MERSEYSIDE -- Liverpool meraih kemenangan 2-0 atas tamunya, Sunderland di Stadion Anfield, Sabtu (26/11) malam WIB. Liverpool pun kembali ke puncak klasemen sementara pada pekan ke-13 Liga Primer Inggris musim ini.
Liverpool yang tak mau lagi tergelincir usai pekan lalu kehilangan posisi puncak klasemen akibat hasil seri kontra Southampton langsung menggedor pertahanan Sunderland sejak menit pertama. Namun, seperempat jam laga berjalan, peluang Liverpool baru lahir.
Georginio Wijnaldum, gelandang anyar Liverpool ini melepaskan tembakan keras dari dalam kotak penalti. Sayang, meski tanpa kawalan, sepakan Wijnaldum masih mengarah lurus sehingga bisa dijinakkan kiper Sunderland, Jordan Pickford.
Sedang getol-getolnya melakukan serangan, Liverpool harus kehilangan amunisi ketika pemain andalan mereka, Philipe Coutinho ditarik keluar pada menit ke-34. Pemain asal Brasil ini harus menyudahi laga lebih dulu akibat cedera setelah sebelumnya tabrakan dengan gelandang lawan, Ibrahim Ndong.
Babak kedua, Liverpool kembali melancarkan gebrakan. Tercatat, dalam tempo tiga menit mereka membuat dua peluang melalui James Milner dan Jordan Henderson. Namun, peluang pada menit ke-55 via Milner dan 57' lewat Henderson bisa dipatahkan oleh Pickford.
Akhirnya Liverpool mampu membuka keunggulan jelang 15 menit laga bubar. Divock Origi yang masuk pada babak pertama menggantikan Coutinho bisa merubuhkan bus yang Sunderland parkir di zona pertahanan mereka. Mendapat sodoran bola dari Henderson, Origi lalu melepas tembakan kencang dari sisi kanan pertahanan lawan. Bola kemudian melesat tanpa bisa dihalau Pickford.
Liverpool lalu mengunci kemenangan setelah mampu membuat gol kedua via sepakan penalti Milner pada me it 90+1. Hadiah tendangan 12 pass ini diberikan wasit yang memimpin pertandingan, Anthony Taylor setelah striker Liverpool, Sadio Mane dilanggar oleh Ndong di daerah terlarang.
Atas kemenangan ini, Liverpool mengudeta posisi puncak sementara yang bebedapa jam sebelumnya diisi oleh Manchester City. Kini, Liverpool memimpin puncak klasemen dengan 30 angka. Sama dengan City namun the Reds unggul jumlah catatan gol.
Susunan pemain kedua tim :
Liverpool (4-3-3): 
Karius; Clyne, Matip, Lovren, Milner; Wijnaldum (Woodburn), Henderson, Can; Mane, Firmino (Leiva), Coutinho (Origi). 
Cadangan: Lucas, Mignolet, Moreno, Origi, Ejaria, Woodburn, Klavan. 
Sunderland (4-4-2): 
Pickford; Jones, Kone, O'Shea, Van Aanholt; Pienaar (Januzaj), Denayer, Ndong, Watmore; Anichebe, Defoe. 
Cadangan: Mannone, Larsson, Khazri, Manquillo, Gooch, Januzaj, Love. 
 </isi>
	<link>http://www.republika.co.id/berita/sepakbola/liga-inggris/16/11/27/oh9f5z365-liverpool-kembali-ke-puncak-klasemen-usai-kandaskan-sunderland-20</link>
</artikel>