<artikel>
	<id>OLA_SB_10_439</id>
	<judul>Sriwijaya Hadapi Persipura tanpa Duo Brasil</judul>
	<tanggal>27/10/16</tanggal>
	<kata_kunci>sriwijaya fc, widodo cahyono putro, indonesia soccer championship, </kata_kunci>
	<isi>REPUBLIKA.CO.ID, PALEMBANG -- Sriwijaya FC akan melakoni laga berat menghadapi tuan rumah Persipura Jayapura dalam laga Indonesia Soccer Championship (ISC) 2016 di Stadion Mandala, Jayapura, Ahad (30/10). Tapi sayangnya, klub berjuluk Laskar Wong Kito itu tidak bisa diperkuat sejumlah pemain andalannya.
Beberapa pemain pilar akan absen pada laga tersebut diantaranya duo Brazil yakni Mauricio Leal dan Alberto 'Beto' Goncalves. ''Mauricio Leal terkena hukuman akumuliasi kartu kuning dan Beto masih cidera,” kata sekretaris tim Sriwijaya FC, Achmad Haris, Kamis (27/10).
Pelatih Sriwijaya FC, Widodo Cahyono Putro, mengatakan Beto mengalami cidera saat melawan Persija. Top skor Sriwijaya FC tersebut harus ditarik keluar pada babak kedua karena cideranya ternyata belum sembuh total.
Widodo tidak mau ambil risiko dengan menurunkan Beto pada laga menghadapi Persipura. Karena, pertandingan Sriwijaya FC masih panjang. “Lebih baik dia off satu pertandingan untuk kemudian bisa menjalani pertandingan selanjutnya,” katanya.
Selain duo Brazil tersebut, pemain belakang Fachrudin Aryanto juga tidak bisa memperkuat Laskar Wong Kito. Fachrudin masih mengikuti pemusatan latihan tim nasional. TA Mushafry juga tidak dibawa ke Jayapura karena terkena hukuman akumulasi kartu kuning.
 </isi>
	<link>http://www.republika.co.id/berita/sepakbola/liga-indonesia/16/10/27/ofpeyd257-sriwijaya-hadapi-persipura-tanpa-duo-brasil</link>
</artikel>