<artikel>
	<id>OLA_SB_10_1086</id>
	<judul>Ancelotti: Pertandingan Lawan Frankfurt Pelajaran Kalahkan PSV</judul>
	<tanggal>20/10/16</tanggal>
	<kata_kunci>carlo ancelotti, bayern muenchen, psv eindhoven, </kata_kunci>
	<isi>REPUBLIKA.CO.ID, MUENCHEN — Pelatih Bayern Muenchen Carlo Anhelotti memuji permainan anak-anak asuhnya yang sangat bagus saat menjamu PSV Eindhoven, Kamis (20/10) dini hari WIB. Muenchen membekap PSV 4-1 dalam lanjutan penyisihan Grup D Liga Champion Eropa.
Menurut Ancelotti, seluruh pemain menunjukan reaksi positif saat berada di lapangan. Terlebih, mereka mampu memetik pelajaran pada pertandingan sebelumnya saat ditahan imbang Frankfurt di Bundesliga Jerman.
“Sikap seluruh pemain bagus, pertandingan melawan Frankfurt menjadi pelajaran baik untuk kami,” tutur Ancelotti dikutip dari situs resmi Bayern Muenchen.
Anchelotti mengatakan Muenchen bermain bagus selama 70 menit. Die Bayern langsung tampil menekan sejak menit pertama. Mereka mampu mencetak dua gol sebelum 30 menit pertandingan berlangsung. Namun, setelah menit ke-30, PSV langsung merespons dan berhasil membalas satu gol.
Setelah gol ketiga Muenchen, PSV sebenarnya dapat menggandakan golnya. Namun, reaksi pemain Muenchen sangat bagus. The Bavarian mampu menambah satu gol lagi untuk melengkapi kemenangan 4-1 lawan tamunya.
“Kami akan memberikan segalanya pada pertandingan selanjutnya untuk memenangi grup,” ujar dia. </isi>
	<link>http://www.republika.co.id/berita/sepakbola/liga-dunia/16/10/20/ofbtjk348-ancelotti-pertandingan-lawan-frankfurt-pelajaran-kalahkan-psv</link>
</artikel>