<artikel>
	<id>OLA_SB_10_423</id>
	<judul>Yanto Basna: Doakan Timnas Bisa Menang Lawan Filipina</judul>
	<tanggal>21/11/16</tanggal>
	<kata_kunci>timnas indonesia, yasnto basna, piala aff 2016, </kata_kunci>
	<isi>REPUBLIKA.CO.ID, MANILA – Pemain bertahan timnas Indonesia, Yanto Basna optimis bisa membawa kemenangan saat melawan Filipina, Selasa (22/11). Bek milik Persib Bandung itu percaya, kondisi dan semangat para pemain skuat Garuda tak goyang meski bermain menghadapi negara tuan rumah. “Besok, harus menang. Tim dalam kondisi yang bagus. Mohon doanya untuk kami (para pemain timnas),” ujar Yanto dalam rilis resmi timnas Garuda, Senin (21/11).
Yanto mengatakan, kekalahan dari Thailand, akhir pekan lalu harus terbayar saat melawan Filipina. Menurutnya, segala upaya bakal dilakukan pasukan Merah Putih jika ingin lolos fase grup Piala AFF 2016.  Yanto diperkirakan kembali menjadi andalan pelatih Alfred Riedl di barisan pertahanan timnas Garuda saat melawan Filipina. 
Saat melawan Thailand, Yanto mengisi pos pertahanan kiri dalam dan berduet dengan Abduh Lestaluhu. Sedangkan pertahanan kanan, timnas diperkuat Fachrudin Wahyudi dan Beny Wahyudi.  Pada laga pertama penyisihan Grup A, Indonesia kandas 2-4 dari Thailand. Pada pertandingan lainnya, Filipina pun gagal meraih kemenangan pertama setelah ditahan imbang timnas Singapura 0-0, Sabtu (19/11).
 </isi>
	<link>http://www.republika.co.id/berita/sepakbola/liga-indonesia/16/11/21/ogzgdp409-yanto-basna-doakan-timnas-bisa-menang-lawan-filipina</link>
</artikel>