<artikel>
	<id>OLA_SB_10_428</id>
	<judul>MU Vs Persija Digelar di Stadion Pamekasan</judul>
	<tanggal>15/11/16</tanggal>
	<kata_kunci>madura united, persija jakarta, isc 2016, </kata_kunci>
	<isi>REPUBLIKA.CO.ID, PAMEKASAN – Pertandingan antara Madura United FC dan Persija Jakarta pada Ahad (20/11) resmi digelar di Stadion Pamekasan, Jawa Timur. Hal ini resmi setelah tim penyelenggara pertandingan dari PT Gelora Trisula Semesta (GTS) menyatakan stadion baru itu layak digunakan. “PT GTS sudah menyatakan layak, sesuai dengan surat yang disampaikan kepada manajemen Madura United FC,” kata Kepala Dinas Pemuda Olahraga dan Kebudayaan (Disporabud) Pamekasan, Mohamad, Selasa (15/11).
Dalam surat bernomor 377/GTS/XI/2016 yang ditanda tangani oleh Direktur Utama PT GTS, Joko Driyono menyebutkan, kick off antara Madura United dengan Persija Jakarta yang akan disiarkan langsung oleh salah satu stasiun televisi swasta nasional itu pada pukul 18.30 WIB. Joko meminta agar manajemen klub Madura United FC selaku tuan rumah segera melakukan koordinasi dengan pihak-pihak terkait, agar pertandingan tersebut berlangsung dengan lancar.
Mohamad menyatakan, hasil verifikasi yang dilakukan PT GTS sebelumnya menyebutkan, stadion baru Pamekasan yang terletak di Desa Ceguk, Kecamatan Tlanakan, Pamekasan itu, masih perlu penyempurnaan, karena sejumlah fasilitas belum ada. Menurut dia, fasilitas yang perlu dilengkapi, antara lain ruang ganti pemain, ruang konferensi pers, bangku pemain cadangan, dan lahan parkir.
“Namun berkat bantuan pihak ketiga, akhirnya kekurangan-kekurangan itu bisa dilengkapi, sehingga GTS memperbolehkan Stadion Pamekasan ditempati lahan pertandingan antara Madura United FC dengan Persija Jakarta," katanya, menjelaskan. Stadion Pamekasan berkapasitas 35 ribu penonton dan peresmiannya akan digelar pada 18 November 2016 oleh Menteri Pemuda dan Olahraga Imam Nahrawi.
 </isi>
	<link>http://www.republika.co.id/berita/sepakbola/liga-indonesia/16/11/15/ogoqhl409-mu-vs-persija-digelar-di-stadion-pamekasan</link>
</artikel>