<artikel>
	<id>OLA_SB_10_1066</id>
	<judul>Zidane Minta Pasukan Madrid tetap Waspada Ladeni Legia</judul>
	<tanggal>02/11/16</tanggal>
	<kata_kunci>liga champions, skuat real madrid, pelatih real madrid, </kata_kunci>
	<isi>REPUBLIKA.CO.ID, WARSAW -- Real Madrid tetap akan bermain ekstra waspada saat berhadapan dengan Legia Warsaw dalam lanjutan babak penyisihan Liga Champions, Kamis (3/11) dini hari WIB.
Pelatih Madrid, Zinedine Zidane mengatakan, laga nanti akan sangat istimewa baginya sehingga ia dan pasukan Los Blancos harus bisa melakukan yang terbaik.

"Ini akan jadi pertandingan ke-100 saya. Walau begitu, laga ini tetap punya tujuan sama dengan pertandingan-pertandingan sebelumnya, yakni meraih tiga poin," kata Zidane dikutip dari laman resmi UEFA, Rabu (3/11).

Dia mengatakan, meski Madrid pernah menggunduli Legia dengan skor 5-1 di Santiago Bernabeu dua pekan lalu, namun menurutnya tim asal Polandia itu tetap layak diwaspadai. Dia mengatakan, satu gol yang bisa Legia buat pada pertandingan di Bernabeu membuktikan ketajaman mereka.

Padahal, saat itu Legia tak banyak membuat peluang. "Mereka sangat punya kapabalitas untuk menyulitkan lawan. Untuk itu kami harus tetap waspada," kata Zidane.</isi>
	<link>http://www.republika.co.id/berita/sepakbola/internasional-2/16/11/02/og0wt7301-zidane-minta-pasukan-madrid-tetap-waspada-ladeni-legia</link>
</artikel>