<artikel>
	<id>OLA_SB_10_460</id>
	<judul>Milan Favorit Bajak Cuadrado</judul>
	<tanggal>25/07/16</tanggal>
	<kata_kunci>juan cuadrado, ac milan, chelsea, </kata_kunci>
	<isi>REPUBLIKA.CO.ID, MILAN -- AC Milan dikaitkan dengan Juan Cuadrado. Milan dikabarkan berada di posisi terdepan mendapatkan winger Chelsea yang dipinjamkan ke Juventus itu.
Cuadrado ingin kembali ke Serie A setelah masa berlakunya di Juve berakhir. Bersamaan dengan itu, Rossoneri kini dilatih Vincenzo Montella.
Keduanya pernah bersama sewaktu di Fiorentina. "Menurut Sky Sport dan Calciomercato, Rossoneri dalam posisi favorit karena hubungan ini," demikian laporan yang dikutip dari Football Italia, Senin (25/7).
Namun saat ini, Milan masih mengalami kendala keuangan. Proses pembelian saham klub oleh investor Cina belum selesai. Penjualan Carlos Bacca pun masih tarik-ulur.
Pemilik tujuh gelar Liga  Champions berniat memakai opsi yang sama dengan Juve. Yakni meminjam dari the Blues sebagai pemilik Cuadrado.
Ada ketentuan untuk membeli secara permanen. Agen sang winger, Alessandro Lucci berada di London untuk bernegosiasi meminta kesepakatan peminjaman kliennya.</isi>
	<link>http://www.republika.co.id/berita/sepakbola/liga-italia/16/07/25/oauh24348-milan-favorit-bajak-cuadrado</link>
</artikel>