<artikel>
	<id>OLA_SB_10_430</id>
	<judul>PSM Makassar Jegal Madura United 1-0</judul>
	<tanggal>12/11/16</tanggal>
	<kata_kunci>psm makassar, madura united, indonesia soccer championship, </kata_kunci>
	<isi>REPUBLIKA.CO.ID, MAKASSAR -- PSM Makassar memastikan tiga angka usai mengalahkan Madura United dengan skor 1-0 dalam lanjutan Indonesia Soccer Championship (ISC) A di Stadion Gelora Andi Mattalatta, Makassar, Sabtu (12/11). Gol semata wayang PSM diciptakan pemain asing asal Belanda Willem Pluim ketika pertandingan memasuki menit ke-89.
Tambahan tiga angka membuat PSM mengumpulkan nilai 42 dari 28 pertandingan. Tim asuhan Robert Rene Alberts naik tiga peringkat ke posisi ketujuh, terpaut 10 angka dari pemuncak klasemen Arema Cronus.
Tampil dengan kekuatan seadanya tidak membuat PSM untuk bermain lebih bertahan. Sebaliknya, tuan rumah langsung mengambil inisiatif penyerangan untuk mencoba mencari gol cepat atas tim papan atas Madura United.
Sayang upaya itu kurang berjalan maksimal dengan kesigapan dan disiplin tinggi dari pemain lawan. Tim tamu sukses menurunkan tensi permainan cepat yang rencana dibangun tim Juku Eja.
Kondisi itu bahkan sukses membuat Madura United mendapatkan peluang yang nyaris membuatnya unggul. Sayang tendangan Engelbert Sani pada menit-menit awal sukses ditepis penjaga gawang Syaiful.
Setelah peluang itu, kedua tim seperti kembali bermain lebih hati-hati sehingga membuat aliran bola lebih banyak di arena tengah lapangan.
Upaya PSM mengembangkan intensitas permainan juga terlihat tidak efektif setelah pemain Madura United bisa meredamnya. Para pemain Madura juga bisa bermain lebih santai membuat upaya PSM semakin sulit.
Kondisi itu pun membuat skor tetap bertahan 0-0 hingga wasit meniup pluit tanda berakhirnya babak pertama.
Memasuki babak kedua, tim Juku Eja yang tertekan di babak pertama mulai kembali menyusun strategi penyerangan. Upaya ini sedikit memberikan hasil positif dengan lahirnya peluang dari Ridwan Tawainella usai menerima umpan matang Titus Bonai pada saat memasuki menit ke-49.
Sayang tendangannya masih bisa dihalau pemain belakang Madura United yang sekaligus membuat skor tetap tidak berubah.
Peluang itu langsung direspon Pelatih Madura United Mario Gomes de Oliviera dengan memasukkan dua tenaga baru sekaligus yakni Rodrigos Pablo dan Erick Weeks mengganti Ahmad Maulana dan Patrick Wanggai.
Pada menit ke-69, Tibo yang melakukan aksi individu harus diganjal dengan keras oleh Fabiano Baltrame dekat garis 16 besar. Willem Pluim yang mengeksekusi gagal memanfaatkan setelah tendangannya membentur pagar betis lawan.
Peluang PSM kembali diraih pada menit ke-76 melalui Tibo yang mendapatkan umpan terobosan Pluim. Sayang tendangan Tibo didalam kotak penalti melambung jauh diatas mistar gawang Madura United yang dijaga Joko Ribowo.
Setelah penonton berpikir pertandingan akan berakhir tanpa gol, tiba-tiba Pluim memecah kebuntuan saat pertandingan memasuki menit ke-89.
Gol ini berawal dari sepak keras Andri yang dimasukkan pada babak kedua yang gagal ditepis dengan sempurna penjaga gawang Madura United.
Bola liar di depan gawang itu akhirnya mampu dimaksimalkan dengan baik oleh Pluim yang memang berada tepat didekat bola. Dengan sedikit sentuhan membuat PSM sukses membalas kekalahannya pada putaran pertama dengan skor 1-0.</isi>
	<link>http://www.republika.co.id/berita/sepakbola/liga-indonesia/16/11/12/ogj2g8348-psm-makassar-jegal-madura-united-10</link>
</artikel>