<artikel>
	<id>OLA_SB_10_443</id>
	<judul>Sriwijaya FC Targetkan Tiga Poin Lawan Bhayangkara FC</judul>
	<tanggal>30/09/16</tanggal>
	<kata_kunci>sriwijaya fc, widodo c putro, isc 2016, </kata_kunci>
	<isi>REPUBLIKA.CO.ID, PALEMBANG – Setelah menjalani libur panjang pascalaga Indonesia Soccer Championship (ISC) 2016 melawan Madura United, 14 September lalu, Sriwijaya FC akan melakoni laga pekan ke-21, Ahad (2/10) melawan tamunya Bhayangkara FC. Tim berjuluk Laskar Wong Kito memasang target meraih poin sempurna, tiga poin. “Semua pemain berada dalam kondisi siap tempur untuk meraih tiga poin dari Bhayangkara FC,” kata pelatih Sriwijaya FC Widodo Cahyono Putro, Jumat (30/9).
Meski bermain di depan publik sendiri, Widodo mengakui tidak akan mudah menaklukkan klub yang sebelumnya bernama Surabaya Bhayangkara United sebagai tim kuat dan dihuni pemain berkualitas. Di klasemen sementara, Bhayangkara FC berada pada peringkat lima dengan poin 33 atau dua tingkat berada di bawah Sriwijaya FC yang bercokol di peringkat tiga dengan poin 37.
Hal yang sama juga diakui kapten tim Sriwijaya FC Supardi. “Melawan Bhayangkara FC tidak akan mudah dilewati, karena mereka mempunyai kekompakan permainan, mengingat para pemain cukup berkualitas. Tapi mereka masih mempunyai kelemahan. Kita harus melakukan tusukan ke dalam kotak penalti mereka,” katanya.
Menghadapi Bhayangkara FC,  Sriwijaya FC tidak akan diperkuat tiga pemainnya, Firman Utina dan M Ridwan yang harus absen karena masih mengikuti kursus kepelatihan lisesni C AFC. Satu pemain lainnya, Yu Hyun Ko harus absen karena akumulasi kartu kuning.
Sementara itu Bhayangkara FC datang ke kandang Sriwijaya FC di stadion Gelora Sriwijaya membawa 19 pemain. Menurut pelatih Bhayangkara FC Ibnu Graham, sebagai tim tamu Bhayangkara FC bersikap realistis. “Selain sebagai tuan rumah Sriwijaya FC juga dihuni pemain berkualitas di semua lini.  Kami sadar diri tidak kehilangan poin saja sudah cukup bagus,” ujarnya.
   </isi>
	<link>http://www.republika.co.id/berita/sepakbola/liga-indonesia/16/09/30/oeboy3409-sriwijaya-fc-targetkan-tiga-poin-lawan-bhayangkara-fc</link>
</artikel>