<artikel>
	<id>OLA_SB_10_529</id>
	<judul>Kalah dari Indonesia, Vietnam Mengaku Senang</judul>
	<tanggal>03/12/16</tanggal>
	<kata_kunci>piala aff 2016, piala aff, timnas vietnam, timnasindonesia, </kata_kunci>
	<isi>VIVA.co.id – Timnas Vietnam harus menelan kekalahan 1-2 dari Indonesia dalam leg pertama semifinal Piala AFF 2016, Sabtu, 3 Desember 2016. Meski kalah, kubu Vietnam mengaku senang.
Bermain di Stadion Pakansari, Vietnam tumbang oleh gol penalti Boaz Solossa di babak kedua, setelah kedua negara bermain imbang 1-1 di babak pertama.
Kekalahan ini tidak terlalu memusingkan kubu Vietnam. Sang pelatih, Nguyen Huu Thang, malah mengaku senang dengan penampilan timnya, meski dia menilai laga harusnya berakhir imbang.
"Selamat untuk Indonesia, saya senang meski hasilnya kalah. Kami punya peluang untuk mencetak gol di babak kedua, tapi harusnya hasil imbang. Pemain kami bermain sangat bagus," ujar Huu Thang, usai laga.
"Masih ada pertandingan di kandang, masih ada peluang.  Hasil ini tidak bagus tapi kami akan berusaha tampil maksimal di kandang," tambah eks kapten Timnas Vietnam tersebut.
Setelah ini, giliran Indonesia yang akan bertandang ke Vietnam pada 7 Desember 2016. Skuat Garuda hanya membutuhkan hasil imbang untuk lolos ke final.</isi>
	<link>http://www.viva.co.id/bola/read/855526-kalah-dari-indonesia-vietnam-mengaku-senang</link>
</artikel>