<artikel>
	<id>OLA_SB_10_1150</id>
	<judul>Klasemen Pra Piala Dunia: Uruguay di Puncak, Argentina ke-5</judul>
	<tanggal>07/10/16</tanggal>
	<kata_kunci>timnas argentina, timnas uruguay, Timnas Brasil, Kualifikasi Piala Dunia 2018, piala dunia 2018, </kata_kunci>
	<isi>VIVA.co.id – Persaingan sengit terjadi di Kualifikasi Piala Dunia 2018 zona CONMEBOL. Saling sikut di klasemen sementara terjadi usai tim-tim melakoni pertandingan ke-9, Jumat 7 Oktober 2016, dini hari hingga pagi tadi.
Uruguay masih mempertahankan puncak klasemen sementara. La Celeste mengumpulkan 19 poin dari 9 laga, usai menghajar Venezuela 3-0 di Estadio Centenario, Montevideo.
Namun, Uruguay masih belum tenang. Sebab, Brasil menguntit di urutan 2, hanya dengan selisih satu poin. Tim besutan Tite itu menggasak Bolivia 5-0 di Arena das Dunas, Natal.
Hasil mengejutkan diraih Ekuador. Mereka sukses menghajar juara Copa America dalam dua edisi terakhir, Chile dengan skor telak 3-0. Hasil ini membawa Ekuador menempati peringkat 3 dengan raihan 16 poin. Sedangkan Chile kini ada di posisi 7 dengan 11 angka.
Sementara itu, Argentina harus rela melorot ke peringkat 5 dengan 16 poin. Ini tak lepas dari hasil imbang yang diraih Albiceleste. Mereka hanya mampu bermain imbang 2-2 dengan tuan rumah Peru di Estadio Nacional, Lima.
Tim-tim akan kembali bertanding, Rabu 12 Oktober 2016 nanti. Peringkat 1 sampai 4 mendapatkan tiket langsung ke Piala Dunia 2018 di Rusia. Sedangkan posisi 5 akan melakoni partai playoff dengan zona Oceania.

Hasil lengkap matchday 9 Kualifikasi Piala Dunia 2018 zona CONMEBOL
Ekuador 3-0 Chile
Uruguay 3-0 Venezuela
Paraguay 0-1 Kolombia
Brasil 5-0 Bolivia
Peru 2-2 Argentina
Klasemen sementara
Pos     Tim        P     M     S     K     GM     GK     +/-     Pts
1     Uruguay       9     6     1     2     19     5     +14     19
2     Brasil           9     5     3     1     21     9     +12     18
3     Ekuador       9     5     1     3     16     12     +4     16
4     Kolombia     9     5     1     3     13     10     +3     16
5     Argentina     9     4     4     1     11     8      +3     16
6     Paraguay     9     3     3     3     9      12      -3     12
7     Chile            9     3     2     4     13    15     -2      11
8     Peru            9     2     2     5     10     17     -7      8
9      Bolivia        9     2     1     6     9     18     -9       7
10     Venezuela  9     0     2     7     9     24     -15      2
(one)
 </isi>
	<link>http://www.viva.co.id/bola/read/831743-klasemen-pra-piala-dunia-uruguay-di-puncak-argentina-ke-5</link>
</artikel>