<artikel>
	<id>OLA_SB_10_1110</id>
	<judul>LIVE MATCH: Walcott Kembali Bawa Arsenal Ungguli Bournemouth</judul>
	<tanggal>27/11/16</tanggal>
	<kata_kunci>arsenal, AFC Bournemouth, Theo Walcott, </kata_kunci>
	<isi>VIVA.co.id – Arsenal kembali unggul atas Bournemouth dalam laga pekan ke-13 Premier League, Minggu 27 November 2016 WIB. Gol kedua The Gunners dicetak oleh Theo Walcott di menit 53.
Berawal dari pergerakan Nacho Monreal yang merangsek masuk di sisi kanan pertahanan Bournemouth. Bek sayap asal Spanyol ini kemudian melepaskan umpan silang, dan mampu dikonversi sempurna oleh Walcott.
Arsenal sebelumnya unggul lebih dulu lewat gol Alexis Sanchez di menit 12. Akan tetapi, Bournemouth mampu menyamakan kedudukan sebelas menit berselang lewat Callum Wilson.
Hingga berita ini diturunkan, pertandingan babak kedua antara Arsenal kontra Bournemouth masih berlangsung.
Untuk mengikuti jalannya pertandingan ini, silahkan mengakses fitur LIVE MATCH lewat tautan ini.
Susunan Pemain:
Arsenal:  Petr Cech (gk); Mathieu Debuchy, Shkodran Mustafi, Laurent Koscielny, Nacho Monreal, Mohamed Elneny, Granit Xhaka; Theo Walcott, Mesut Oezil, Alex Oxlade-Chamberlain, Alexis Sanchez.
Bournemouth: Adam Federici (gk); Adam Smith, Simon Francis, Steven Cook, Brad Smith, Dan Gosling, Nathan Ake, Harry Arter, Joshua King, Callum Wilson, Junior Stanislas.</isi>
	<link>http://www.viva.co.id/bola/read/852907-live-match-walcott-kembali-bawa-arsenal-ungguli-bournemouth</link>
</artikel>