<artikel>
	<id>OLA_SB_10_580</id>
	<judul>Drama 8 Gol, Persib Babat Perseru</judul>
	<tanggal>30/11/16</tanggal>
	<kata_kunci>persib bandung, Perseru Serui, torabika soccer championship tsc, </kata_kunci>
	<isi>VIVA.co.id – Persib Bandung meraih hasil positif setelah mengandaskan perlawanan Perseru Serui dengan skor 6-2 di lanjutan Torabika Soccer Championship, Rabu 30 November 2016. 
Bermain di Stadion Jalak Harupat, Bandung, tim tuan rumah tampil terbuka dari menit awal laga. Di menit ke-19, mereka unggul melalui Sergio van Dijk setelah memanfaatkan umpan dari Jajang Sukmara. 
Tim tamu merespons, beberapa kesempatan diciptakan namun gol tidak kunjung datang. Alih-alih menyeimbangkan keadaan, mereka akhirnya kembali kebobolan di menit 33 melalui Atep. Skor 2-0 untuk keunggulan Persib bertahan hingga turun minum. 
Memasuki babak kedua, Persib tidak mengendurkan serangan. Di menit ke-59 mereka memperlebar jarak setelah Van Dijk menciptakan gol keduanya. 
Perseru Serui bukan tanpa serangan, mereka berhasil memperkecil ketertinggalan di menit ke-64 melalui Boman Bi Irie Aime. Sementara skor menjadi 3-1 untuk keunggulan Maung Bandung. 
Lima menit berselang, Perseru kembali menciptakan gol di menit ke-69. Osas Marvelous Ikpefua menciptakan gol cantik melalui tendangan bebas. 
Asyik menyerang, Perseru akhirnya kebobolan tiga gol melalui Marcos Abel Flores Benard (80'), Taufiq (87') dan Hariono melalui titik putih di menit ke-93. Gol Hariono menjadi gol penutup, skor 6-2 bertahan hingga peluit panjang dibunyikan. 
Atas hasil tersebut Persib naik ke posisi 7 klasemen TSC dengan raihan 47 poin dari 30 laga. Sedangkan Perseru tertahan di posisi 11 dengan raihan 40 poin dari 30 laga. 
Susunan Pemain: 
Persib Bandung: Muhammad Natshir Fadhil, Tony Sucipto, Jajang Sukmara, Dias Angga Putra (Diogo Alexandre Alves Ferreira 74'), Hariono, Kim Jeffrey Kurniawan, Robertino Pugliara (81'), Febri Hariyadi, Atep, Sergio Van Dijk (Tantan 67'), Marcos Abel Flores Benard. 
Perseru Serui: Muhammad Choirun Nasirin, Boman Bi Irie Aime, Bilibig Dian Mahrus, Jhon Alex Wayoi (Mari Siswanto 64'), Yesaya Desnam, Detius Muni, Septinus Alua, Boas Atururi (Kalvin Wopi 89'), Osas Marvelous Ikpefua, Gakou Amadou, Petrus Paitoni Towolom (Gamalia Brien Imbiri 53'). 
  (ren)</isi>
	<link>http://www.viva.co.id/bola/read/854270-drama-8-gol-persib-babat-perseru</link>
</artikel>