<artikel>
	<id>OLA_SB_10_503</id>
	<judul>Ditekuk Persiba, Persela Kian Terpuruk di Dasar Klasemen</judul>
	<tanggal>08/08/16</tanggal>
	<kata_kunci>torabika soccer championship tsc, Persiba, persela lamongan, </kata_kunci>
	<isi>VIVA.co.id - Persiba Balikpapan sukses memetik kemenangan dalam laga pekan ke-14 Torabika Soccer Championship (TSC). Bertandang ke Stadion Surajaya, markas Persela Lamongan, pasukan Jaino Matos menang dengan skor tipis 1-2 atas Persela, Senin 8 Agustus 2016 WIB.

Meski tak diperkuat pemain andalannya, Oktavianus 'Okto' Maniani, Persiba tetap tak kehilangan ketajamannya. Diperkuat dua penyerang asinynya, Antonio Teles dan Shohei Matsunaga, tim berjuluk Beruang Madu, tetap mampu mendominasi jalannya laga.

Persiba mampu mencetak gol lebih dulu lewat aksi pemain depan asal Jepang, Shohei Matsunaga, di menit 36. Persiba kemudian berhasil menggandakan keunggulannya sesaat babak pertama akan berakhir. Kali ini, giliran penyerang asal Brasil, Antonio Teles yang mampu membobol gawang kiper veteran Persela, Choirul Huda.

Persiba mampu mengamankan keunggulan sementara 2-0 hingga pertandingan babak pertama usai.

Memasuki babak kedua, Persela yang tertinggal dua gol meningkatkan gelombang serangannya. Tak mau malu di depan publik sendiri, Persela berhasil memperkecil ketinggalan lewat gol yang disarangkan Dendi Sulistiawan menit 47.

Persela membuang kesempatan emas untuk menyamakan kedudukan di menit 56. Pelanggaran terhadap Dendi Sulistiawan di area terlarang, membuat wasit Muslimin menunjuk titik putih. Sayang, Victor Pae yang jadi eksekutor gagal menjalankan tugasnya dengan baik.

Peluang Persela untuk menyamakan kedudukan lewat tendangan bebas Zulvin Zamrun menit 73, juga masih belum menemui sasaran. Bola sepakan Zulvin masih membentur mistar gawang Persiba.

Hingga pertandingan usai, Persiba tetap mampu menjaga keunggulannya. Skor akhir 2-1 tetap menjadi milik Persiba. Berkat kemenangan ini, Persiba berhasil naik ke posisi sembilan klasemen dengan poin 19. Sementara bagi Persela, kekalahan ini kian membenamkan Herman Dzumafo cs di dasar klasemen dengan poin 10.

Susunan Pemain:

Persela Lamongan: Choirul Huda (gk); Djayusman Triasdi, Zainul Haq, Taufik Kasrurn, Eddy Gunawan, Steven Imbiri, Zulvin Zamrun, Victor Pae, Radikal Idealis (Iman Budi Hernandi'46), Herman Dzumafo, Dendi Sulistiawan.

Persiba Balikpapan: Yoewanto Stya Beny (gk); Iqbal Samad, Dirkir Kohn Glay, Abdul Rahman, Fengky Turnando, Siswanto (Asep Budi Santoso'66), Kurniawan Karman (Rahel Radiansyah'54), Antonio Teles, Shohei Matsunaga, Heri Susanto (Ledi Utomo'48), Giedon Way.</isi>
	<link>http://www.viva.co.id/bola/read/806583-ditekuk-persiba--persela-kian-terpuruk-di-dasar-klasemen</link>
</artikel>