<artikel>
	<id>OLA_SB_10_574</id>
	<judul>LIVE MATCH: Barito Putera Tertinggal dari Persib di Babak I</judul>
	<tanggal>04/12/16</tanggal>
	<kata_kunci>persib bandung, Mitra Kukar, torabika soccer championship tsc, </kata_kunci>
	<isi>VIVA.co.id – Barito Putera menjamu Persib Bandung di pekan ke-32 Torabika Soccer Championship, Minggu 4 Desember 2016. Meski berstatus sebagai tim tamu, Maung Bandung (julukan Persib) sukses unggul di babak pertama.
Tim tamu membuka keunggulan saat pertandingan baru berjalan 5 menit. Sebuah pelanggaran yang dilakukan Imam Arief kepada Febri Hariyadi membuat wasit menunjuk titik putih.
Vlado (sapaan Vladimir Vujovic) yang ditunjuk sebagai eksekutor, sukses menjalankan tugasnya dengan baik. Arah bola sepakan pemain asal Serbia ini tak mampu ditebak oleh Imam Arief. Persib unggul 1-0.
Tertinggal, Barito coba menyamakan kedudukan. Peluang emas didapat di menit 19 dari sepakan first time sang kapten. Sayang usahanya belum membuahkan hasil karena bola melebar.
Setengah jam jalannya laga, Persib terlihat bermain lebih santai. Sebaliknya, tuan rumah meningkatkan tempo serangan dan berani melancarkan direct shot. Tapi skor belum berubah.
Gempuran Barito Putera terus berlanjut hingga akhir babak pertama. Serangan mereka masih didominasi oleh sepakan langsung ke gawang. Namun hingga wasit Nusur Fadilah meniupkan peluit panjang, skor masih 1-0 untuk keunggulan Persib.
Total, Barito Putera melepaskan 7 tembakan, 1 di antaranya mengarah ke gawang. Sedangkan Persib hanya melepaskan 4 tembakan dan 3 yang mengarah ke gawang.
SUSUNAN PEMAIN:
Barito Putera: Imam Arief Fadilah, Thierry Ghatussi, Ambrizal, Lim Jun Sik, Amirul Mukminin, Adam Alis Setyano, Nazar Nurzaidin, Muhamad Aep Maulana, Luis Carlos Junior, Agi Pratama, Tedi Berlian.
Persib Bandung: M. Natshir Fadhil, Tony Sucipto, Jajang Sukmana, Vladimir Vujovic, DIas Angga Putra, Hariono, Kim Jeffrey Kurniawan, Febri Hariyadi, Tantan, Atep, Marcos Abel Flores Benard.</isi>
	<link>http://www.viva.co.id/bola/read/855718-live-match-barito-putera-tertinggal-dari-persib-di-babak-i</link>
</artikel>