<artikel>
	<id>OLA_SB_10_1174</id>
	<judul>Lawan Southampton, Arsenal Turunkan Skuat Campuran</judul>
	<tanggal>20/11/16</tanggal>
	<kata_kunci>arsene wenger, piala liga inggris, arsenal, </kata_kunci>
	<isi>VIVA.co.id – Manajer Arsenal, Arsene Wenger akan memainkan skuat campuran, saat The Gunners menjamu Southampton di perempatfinal Piala Liga Inggris, Kamis 1 Desember 2016 dini hari WIB di Emirate Stadium. Wenger mengatakan, skuat campuran tersebut adalah pemain muda dan senior. 
Arsenal memiliki modal bagus untuk melawan Southampton. Dimana mereka melibas AFC Bournemotuh 3-1 di Premier League akhir pekan lalu, dan Alexis Sanchez mencetak gol. 
"Kami akan memberikan kesempatan kepada pemain muda untuk mencari pengalaman. Tapi 90 persen masih skuat utama," kata Wenger dikutip dari Soccerway. 
Sementara itu, Wenger akan kembali menurunkan Carl Jenkinson sejak menit pertama. Menurut Wenger, Jenkinson adalah pemain yang memiliki kecepatan, dan ia pun berharap pemain berusia 24 tahun akan mengeluarkan permainan terbaiknya. 
Wenger menjelaskan, saat melawan Bournemouth ia memang sengaja tidak menurunkan Jenkinson. Sebab, pemain tersebut telah bermain didua laga besar sebelumnya. 
"Saya mengistirahatkan sepenuhnya Jenkinson, sebab ia bermain di dua laga besar sebelumnya. Saya merasa ia membutuhkan istirahat. Jenkinson akan turun, dan Gabriel Paulista akan di tengah," jelas Wenger. 
  (ren)</isi>
	<link>http://www.viva.co.id/bola/read/854015-lawan-southampton-arsenal-turunkan-skuat-campuran</link>
</artikel>