<artikel>
	<id>OLA_SB_10_1130</id>
	<judul>Mourinho dan Deschamps: Pogba Bukan Pencetak Gol</judul>
	<tanggal>12/11/16</tanggal>
	<kata_kunci>Manchester United, timnasprancis, Paul Pogba, Jose Mourinho, </kata_kunci>
	<isi>VIVA.co.id – Dengan label pemain termahal dunia, Paul Pogba memang masih belum bisa menunjukkan penampilan terbaiknya bersama Manchester United. Gelandang asal Prancis ini dituntut mampu membawa Setan Merah meraih kejayaan kembali musim ini.
Status pemain termahal ini membuat publik kota Manchester menginginkan Pogba mampu mencetak banyak gol. Padahal, posisi Pogba bukanlah seorang penyerang dan bukan seorang target man.
Hal ini yang coba diungkap oleh pelatih Prancis, Didier Deschamps, dan manajer MU, Jose Mourinho. Menurut Deschamps, dalam skuatnya saat ini Pogba memang tak ditugaskan untuk mencetak gol.
Pogba hanya ditugaskan untuk mengawal lini tengah Les Blues, dan mengalirkan bola ke depan lapangan. Deschamps juga menegaskan jika ia tak pernah memberi instruksi atau mengharuskan Pogba untuk mencetak gol.
"Dia bukan pencetak gol. Tapi, dia bisa mencetak gol dan dia sudah melakukannya. Jadi, saya tidak punya harapan khusus kepadanya untuk melakukan itu," ujar Deschamps dikutip Mirror.
"Jika dia mencetak gol, semuanya menjadi lebih baik. Saya tahu dia sangat suka mencetak gol, tapi itu bukan saya atau tim inginkan darinya. Untuk Manchester (United), dia digunakan dalam posisi berbeda dan sistem yang berbeda juga," katanya.
Sementara itu menurut Mourinho, sejauh ini Pogba dianggap mampu menampilkan performa yang baik. Dalam pernyataan singkatnya, Mourinho memuji pemainnya ini walaupun tak banyak mencetak gol.
"Paul Pogba bemain dengan baik meskipun tanpa mencetak gol," kata Mourinho.
Dalam laga kualifikasi Piala Dunia 2018 zona Eropa, Pogba mampu mencetak satu gol kemenangan Prancis atas Swedia. Dalam laga terakhirnya bersama MU pekan lalu, ia juga mampu mencetak satu gol ke gawang Swansea City.</isi>
	<link>http://www.viva.co.id/bola/read/847023-mourinho-dan-deschamps-pogba-bukan-pencetak-gol</link>
</artikel>