<artikel>
	<id>OLA_SB_10_1022</id>
	<judul>Barcelona Genggam Tiket Babak Gugur Setelah Taklukkan Celtic</judul>
	<tanggal>24/11/16</tanggal>
	<kata_kunci>barcelona, celtic, celtic vs barcelona, </kata_kunci>
	<isi>REPUBLIKA.CO.ID, GLASGOW -- Barcelona memastikan tiket ke babak gugur Liga Champions usai mengalahkan Celtic 2-0 di Celtic Park, Kamis (24/11) dini hari WIB. Blaugrana mengumpulkan nilai 12 dan dipastikan menjadi juara Grup D setelah Manchester City ditahan imbang Borussia Moenchengladbach 1-1.
Meski mendominasi jalannya pertandingan, Barcelona baru bisa unggul pada menit ke-35 melalui Lionel Messi. Sebenarnya pemain tim nasional Argentina itu dikawal oleh empat pemain lawan, Messi bisa menusuk ke kotak penalti lawan untuk menyambut umpan terukur dari Neymar dan Messi mencetak gol lewat tembakan kaki kirinya ke tiang dekat. Barcelona unggul 1-0.
Setelah turun minum Barcelona berhasil menggandakan keunggulan melalui penalti yang dieksekusi oleh Messi. Hadiah penalti di dapat setelah Luis Suarez dianggap dijatuhkan pemain Celtic di dalam kotak penalti. Tanpa kesulitan Messi mampu menunaikan tugasnya dengan baik.
Barcelona terus menekan Celtic, tapi hingga wasit menipu peluit panjang tidak ada gol tambahan yang tercipta. Namun keunggulan 2-0 ini cukup untuk mengamankan tiket ke 16 besar sebagai juara grup.
Untuk posisi runner up diisi oleh raksasa Liga Inggris, Manchester City dengan mengumpulkan delapan angka, unggul tiga dari  Moenchengladbach. Sementara Celtic harus puas dengan menjadi juru kunci dengan hanya meraih nilai dua.</isi>
	<link>http://www.republika.co.id/berita/sepakbola/liga-dunia/16/11/24/oh47c2348-barcelona-genggam-tiket-babak-gugur-setelah-taklukkan-celtic</link>
</artikel>