<artikel>
	<id>OLA_SB_10_1003</id>
	<judul>Mourinho: Melawan Everton Selalu Sulit</judul>
	<tanggal>04/12/16</tanggal>
	<kata_kunci>everton, manchester united, everton vs mu, </kata_kunci>
	<isi>REPUBLIKA.CO.ID, LONDON – Manchester United (MU) akan bertandang ke Stadion Goodison Park pada Ahad (4/12) untuk menghadapi tuan ruamh Everton dalam laga lanjutan Liga Primer Inggris. Pelatih MU Jose Mourinho mengungkapkan lawannya bukan tim yang mudah. 
Menurut Mourinho, Everton selalu jdi batu sandungan meskipun berganti pelatih, mulai dari David Moyes hingga Roberto Martinez. Sekarang, Everton dipoles oleh Ronald Koeman.
“Saya melawan Everton Martinez, Everton Moyes, dan itu selalu sulit,” kata Mourinho seperti dikutip dari Sky Sports, Sabtu (3/12). 
Meskipun merasa sulit, Mourinho merasa bangga saat bertanding melawan Everton dengan dukungan banyak dan berlaga di stadion besar. Dia merasa percaya diri karena sudah melewati begitu banyak pertandingan besar. 
Memang tak selalu menang, namun Mourinho optimis bisa memberikan yang terbaik pada pertandingan akhir pekan ini melawan Everton. “Beberapa (pertandingan) saya memang kalah, beberapa memang menang, tapi selalu menjadi pertandingan besar,” ujar Mourinho. 
Dia menganggap permainan MU yang dikombinasikan dengan penampilan Everton selalu luar biasa. Sebab, Mourinho menilai Everton selalu mencoba bermain dengan bagus.
Kapten Manchester United, Wayne Rooney masih akan absen dalam pertandingan akhir pekan ini melawan klub masa kecilnya. Paul Pogba dan Marouane Fellaini akan kembali ke pertandingan namun Luke Shaw kemungkinan hanya jadi penonton akibat cedera. Begitu pula dengan Eric Bailly dan Chris Smalling.</isi>
	<link>http://www.republika.co.id/berita/sepakbola/liga-inggris/16/12/03/ohm7nw348-mourinho-melawan-everton-selalu-sulit</link>
</artikel>