<artikel>
	<id>OLA_SB_10_466</id>
	<judul>Persija Waspadai Permainan Kolektif Bhayangkara United</judul>
	<tanggal>25/11/16</tanggal>
	<kata_kunci>persija jakarta, bhayangkara united, isc 2016, </kata_kunci>
	<isi>REPUBLIKA.CO.ID, JAKARTA – Persija Jakarta mewaspadai permainan kolektif Bhayangkara United yang akan menjadi lawannya pada lanjutan kompetisi Indonesia Soccer Championship (ISC) 2016 di Stadion Manahan, Solo, Jawa Tengah, Ahad (27/11). Apa yang diwaspadai tim yang dibesut oleh M. Zein Al Haddad ini bukan tanpa alasan karena Bhayangkara United memiliki komposisi pemain muda dan senior yang kemampuannya merata. 
Bahkan, untuk pemain usia mudanya banyak yang kenyang pengalaman internasional. “Harus diakui Bhayangkara punya permainan kolektifitas yang bagus. Meski banyak pemain muda, mereka sudah berpengalaman. Bahkan sudah merasakan masuk timnas,” kata pelatih Persija, Al Haddad di Jakarta, Jumat (25/11).
Meski ditinggal pemain muda potensialnya, yaitu Evan Dimas yang memperkuat timnas Indonesia di Piala AFF 2016, Bhayangkara United masih memiliki banyak pemain potensial. Sebut saja Ilham Udin Armayn, Muhammad Hargianto, Putu Gede, hingga Zulfiandi. Berbekal sebagai tuan rumah, tim yang berjuluk Macan Kemayoran itu bertekad meraih angka penuh pada pertandingan bergengsi ini.
Apalagi, pada pertandingan pekan ke-30 ini, Persija akan diperkuat beberapa pemain inti yang pada pertandingan sebelumnya absen. Untuk lini belakang, Persija kemungkinan besar akan kembali diperkuat pemain ikonnya, yaitu Ismed Sofyan yang sudah sembuh dari cedera. Begitu juga dengan Maman Abdulrahman yang juga siap diturunkan. “Pemain belakang memang mulai lengkap” kata Al Haddad.
Selain kedua nama tersebut, ada nama lagi yang siap dimainkan yaitu jenderal lapangan tengah, Amarzukih. Pemain serba bisa ini sudah terbebas dari sanksi akumulasi kartu sehingga akan menambah kekuatan tim asal ibu kota. Dengan komposisi pemain yang ada seperti Greg Nwokolo, Bambang Pamungkas, Rendik Rendika Rama, Ramdani Lestaluhu, Sutanto Tan, Novri Setiawan hingga Emmanuel Kenmogne, Persija dipastikan akan berjuang habis-habisan mengingat saat ini masih berada diposisi 14 klasemen ISC 2016.
Persija saat ini baru mengumpulkan 30 angka dari 29 pertandingan. Kondisi ini berbanding terbalik dengan Bhayangkara United yang berada di posisi empat klasemen dengan raihan 48 angka dari 28 pertandingan. Sesuai dengan rencana, rombongan tim Macan Kemayoran yang berkekuatan 18 pemain akan bertolak menuju Solo, pada Sabtu (26/11). Hal ini disesuaikan dengan jadwal, mengingat setelah melawan Bhayangkara United, Persija akan menghadapi tuan rumah Mitra Kukar di Tenggarong, Jumat (2/12).
 </isi>
	<link>http://www.republika.co.id/berita/sepakbola/liga-indonesia/16/11/25/oh7bcf409-persija-waspadai-permainan-kolektif-bhayangkara-united</link>
</artikel>