<artikel>
	<id>OLA_SB_10_1126</id>
	<judul>Pemain Buangan ManCity Ini Dinilai Lebih Layak ke Barcelona</judul>
	<tanggal>17/11/16</tanggal>
	<kata_kunci>Manchester City, Sevilla, barcelona, </kata_kunci>
	<isi>VIVA.co.id – Terbuang dari Manchester City, Samir Nasri kini menjadi andalan di Sevilla. Penampilan apiknya sukses membawa Los Rojiblancos bersaing ketat di papan atas La Liga.
Sekian lama tutup mulut soal masalahnya di Etihad Stadium, kini Nasri pun mengungkap sebuah fakta. Menurutnya, sebelum hengkang ke Sevilla, pada menit-menit akhir manajer Pep Guardiola sempat mencoba menahannya.
Bahkan, kata Nasri, Guardiola sampai melontarkan pujian dengan menyebutnya sangat layak bergabung dengan Barcelona.
"Guardiola bilang, dengan kualitas yang dimiliki, saya tidak seharusnya berada di ManCity, tapi di Barcelona,'" kata Nasri dikutip Goal.
"Kami sempat berdiskusi, Guardiola mau saya bertahan. Tapi saya menolak karena dia tidak bisa memberi garansi saya selalu masuk tim inti," ungkapnya.
Nasri juga menceritakan bagaimana Guardiola sempatt bersikap 'kejam' kepadanya pada saat pra musim. "Di awal musim dia bilang saya berantakan, itu diucapkan berulang kali. Malah dia sampai menendang bokong saya," katanya lagi.</isi>
	<link>http://www.viva.co.id/bola/read/848781-pemain-buangan-mancity-ini-dinilai-lebih-layak-ke-barcelona</link>
</artikel>