<artikel>
	<id>OLA_SB_10_1120</id>
	<judul>Ronaldo, dari Penghuni Asrama Hingga Pemilik Jaringan Hotel</judul>
	<tanggal>23/11/16</tanggal>
	<kata_kunci>realmadrid, CristianoRonaldo, fakta menarik sepakbola, </kata_kunci>
	<isi>VIVA.co.id – Real Madrid akan bertandang ke Estadio Jose Alvalade melawan Sporting Lisbon dalam lanjutan fase grup Liga Champions, Rabu dini hari WIB, 23 November 2016.
Selain menjadi laga krusial buat Madrid yang ingin lolos cepat ke babak 16 besar, laga ini juga menjadi laga spesial bagi bintang Los Blancos, Cristiano Ronaldo.
Sebab, CR7 akan menghadapi mantan klub tempat memulai kariernya. Melawan Sporting, bagi Ronaldo bak kembali ke “rumah” dengan jejak perjuangan keras.
Kembali ke 2001, Ronaldo yang masih berusia 16 tahun harus naik kereta tiap hari untuk berlatih di akademi Sporting CP dengan gaji 1.000 euro per bulan.
Bukan hanya itu, dia juga kala itu tinggal di asrama bersama rekan-rekannya yang lain. Asrama tersebut terletak di Marques de Pombal dan masih berdiri hingga kini.   
Dan sekarang, 15 tahun kemudian, Ronaldo datang dengan status berbeda. Dia datang ke Estadio Jose Alvalade, tengah pekan ini, bukan sebagai status penghuni asrama lagi.
Disinyalir Marca, Ronaldo akan tinggal di hotel mewah miliknya 'Pestana CR7' yang berada di pesisir pantai di ibukota Portugal. Hotel itu memiliki tarif termurah, 110 euro per malam. Dan ini merupakan satu dari banyak hotel yang dibangun Ronaldo.
Setelah menghadapi Sporting, Ronaldo juga tidak akan lagi menggunakan kereta bawah tanah. Melainkan pesawat jet yang akan membawanya ke Madrid untuk melakoni laga berikutnya.
Berkat kegigihannya, Ronaldo memang telah menjelma menjadi bintang top dan miliarder. Prestasi di atas lapangan hijau berbanding lurus dengan kemakmuran yang dia raih yang diinvestasikan di sejumlah lini bisnis. (one)</isi>
	<link>http://www.viva.co.id/bola/read/850864-ronaldo-dari-penghuni-asrama-hingga-pemilik-jaringan-hotel</link>
</artikel>