<artikel>
	<id>OLA_SB_10_1128</id>
	<judul>Ingin Tahu Berapa Bayaran Pemain MU, Ini Kisaran Gaji Mereka</judul>
	<tanggal>13/11/16</tanggal>
	<kata_kunci>Manchester United, realmadrid, FCBarcelona, </kata_kunci>
	<isi>VIVA.co.id – Tim raksasa Premier League, Manchester United, kini menyandang predikat sebagai tim olahraga dengan rata-rata gaji pemain tertinggi di dunia untuk cabang sepakbola. Hasil itu diketahui berdasarkan survei yang dilakukan secara global.
Survei tersebut diambil dari 10.000 olahragawan dari 333 di tujuh cabang olahraga, 17 liga terkaya di dunia. Sebagai informasi, rata-rata gaji pemain MU adalah £5,77 juta per tahun atau setara Rp96 miliar.
Tim basket NBA menunjukkan peningkatan gaji yang signifikan. Hal ini disebabkan oleh adanya gerakan Brexit (Britain Exit) yang jelas berpengaruh pada mata uang dollar Amerika, tim bisbol juga masuk dalam jajaran tim olahraga dengan gaji rata-rata pemain tertinggi.
Di dunia sepakbola, tim Premier League mendominasi. Rata-rata gaji pemain di skuat utama mencapai £2,4 juta per musim atau £48 ribu per pekan. Adapun yang mendekati angka tersebut adalah La Liga dengan £1,2 juta per tahun untuk satu pemain atau £24 ribu per pekannya.
The Global Sports Salary Survey (GSSS) mendapat hasil riset yakni gaji pokok pemain MU sebesar £110 ribu per pekan. Angka sebesar ini disebabkan klub yang bermarkas di Old Trafford tersebut mendatangkan dua pemain anyar di bursa transfer musim panas lalu, Paul Pogba dan Zlatan Ibrahimovic.
Sedangkan Barcelona, menjadi tim dengan bayaran rata-rata pemain tertinggi kedua dalam sepakbola, atau yang kelima dari semua tim olahraga. Klub berjuluk Blaugrana ini rata-rata pemainnya bergaji £5,6 juta per tahun atau £109 ribu per pekan.
Manchester City berada di urutan ketiga tim sepakbola, atau peringkat 9 dari semua tim olahraga dengan rata-rata gaji pemain tertinggi dengan £5,4 juta per tahun atau £104 ribu per pekan. Diikuti Real Madrid dengan £5 juta per tahun atau £97 ribu per pekan.
Lalu, tim mana yang memiliki bayaran rata-rata pemain tertinggi dari semua olahraga? Jawabannya adalah tim NBA, Cleveland Cavaliers. Klub yang diperkuat LeBron James ini rata-rata tiap tahunnya membayar £6,54 juta atau £125 ribu per pekan pada tiap pemain.
Posisi kedua dan ketiga ditempati dua tim bisbol, New York Yankees (£5,81 juta per tahun atau £111 per pekan). Di tempat ketiga ada Los Angeles Clippers dengan £5,78 juta per tahun, £111 per pekan), seperti dilansir Daily Mail.
 </isi>
	<link>http://www.viva.co.id/bola/read/847094-ingin-tahu-berapa-bayaran-pemain-mu-ini-kisaran-gaji-mereka</link>
</artikel>