<artikel>
	<id>OLA_SB_10_1106</id>
	<judul>Arsenal Cari 'Arsene Wenger' Baru</judul>
	<tanggal>30/11/16</tanggal>
	<kata_kunci>RB Leipzig, arsene wenger, arsenal, </kata_kunci>
	<isi>VIVA.co.id – Diam-diam Arsenal telah menyiapkan pengganti Arsene Wenger, jika nantinya meninggalkan Emirates Stadium. Kandidat pengganti terkuat Wenger adalah pelatih RB Leipzig, Ralph Hasenhuttl. 
The Sun melaporkan, kontrak Wenger bersama The Gunners akan selesai di akhir musim ini. Dan antara Arsenal dan Wenger belum terjadi negosiasi untuk mempanjang kontrak. 
Hasenhuttl saat tengah naik daun bersama klubnya Leipzig. Hasenhuttl berhasil membawa Leipzig memuncaki klasemen sementara Bundesliga dan belum terkalahkan. 
Kepala Eksekutif Arsenal, Ivan Gazidis, sedang melakukan identifikasi siapa kandidat terbaik untuk menggantikan Wenger. Meski sebenarnya Hasenhuttl tidak terkenal di kalangan penggemar Arsenal. 
Pelatih asal Austria ini menangani Leipzig sejak 2013, ketika bermain di Divisi II Jerman. Kemudian pada 2014/2015, ia membawa Lepizig promosi. 
Sebelum berkarier di Leipzig, Hasenhuttl menangani akademi Bayern Munich selama 14 tahun. Mentalitas dan gaya permainan Hasenhuttl disamakan seperti Wenger ketika datang pertama kali ke Arsenal pada 1996 dari Nagoya Grampus Eight.  (one)
 </isi>
	<link>http://www.viva.co.id/bola/read/854227-arsenal-cari-arsene-wenger-baru</link>
</artikel>