<artikel>
	<id>OLA_SB_10_1124</id>
	<judul>Tendangan Bebas Messi Kian Mematikan dari Ronaldo</judul>
	<tanggal>18/11/16</tanggal>
	<kata_kunci>CristianoRonaldo, lionel messi, rekor sepakbola, </kata_kunci>
	<isi>VIVA.co.id – Bintang Real Madrid asal Portugal Cristiano Ronaldo memiliki reputasi sebagai pemilik tendangan bebas mematikan di dunia. Namun sayang, kini ketajaman Ronaldo semakin menurun.
Dilansir laman olahraga Spanyol, Sport, dari 150 tendangan bebasnya bersama El Real dan Portugal, Ronaldo hanya mencetak enam gol. Atau rata-rata empat persen.
Di saat yang sama, rival Ronaldo, Lionel Messi terus menunjukkan ketajamannya. Seperti yang dia tunjukkan kala Argentina melumat Kolombia 3-0 di kualifikasi Piala Dunia 2018, Rabu lalu.
Dalam tiga tahun terakhir, Messi total sudah mencetak sembilan gol dari tendangan bebas. Enam gol bersama Barcelona dan tiga lainnya bersama timnas Argentina.
Meski demikian, untuk koleksi total gol tendangan bebas, Ronaldo masih lebih baik dari Messi. Ronaldo sudah mengkoleksi 47 gol. Sementara Messi baru 29 gol.
Namun, penurunan dalam tiga tahun terakhir bisa menjadi sinyal peringatan buat Ronaldo. Bahwa kemampuan tendangan bebas pemain 31 tahun itu semakin menurun seiring usia.</isi>
	<link>http://www.viva.co.id/bola/read/849255-tendangan-bebas-messi-kian-mematikan-dari-ronaldo</link>
</artikel>