<artikel>
	<id>OLA_SB_10_419</id>
	<judul>Klopp Tunggu Hasil Pemindaian Cedera Coutinho</judul>
	<tanggal>27/11/16</tanggal>
	<kata_kunci>philippe coutinho, liverpool, juergen klopp, </kata_kunci>
	<isi>REPUBLIKA.CO.ID, LIVERPOOL – Pelatih Liverpool, Juergen Klopp menyatakan, dirinya menunggu hasil pemindaian terhadap kaki Philippe Coutinho yang mengalami cedera pada laga lawan Sunderland, Sabtu (26/11) malam. Pada laga yang berkahir kemenangan 2-0 untuk Liverpool itu, Coutinho dilanggar secara keras oleh Didier Ndong pada menit ke-34.
Coutinho pun langsung mendapatkan perawatan tim medis dan ditandu ke luar lapangan. Pada keterangan pers seusai laga, Klopp mengatakan, rasa sakit di kaki gelandang andalannya itu telah berkurang. “Kita harus menunggu hasil pemindaian. Untuk sementara, memang terjadi sesuatu di angkle, kita harus menunggu,” kata Klopp, dikutip ESPN FC.
Pada menit ke-87, striker Roberto Firmino juga terlihat berjalan pincang. Klopp menyatakan, Firmino mengalami sedikit masalah di betisnya tapi tidak parah. Striker lainnya, Daniel Sturridge bahkan telah absen akibat cedera. “Saya tidak tahu kapan dia (Sturridge) akan kembali. Dia masih cedera.”
 </isi>
	<link>http://www.republika.co.id/berita/sepakbola/liga-inggris/16/11/27/ohahjk409-klopp-tunggu-hasil-pemindaian-cedera-coutinho</link>
</artikel>