<artikel>
	<id>OLA_SB_10_1101</id>
	<judul>Babak 3 Piala FA, MU Hadapi Mantan Pemain</judul>
	<tanggal>06/12/16</tanggal>
	<kata_kunci>Manchester United, reading FC, piala fa, Manchester United, reading FC, piala fa, </kata_kunci>
	<isi>VIVA.co.id – Undian babak 3 Piala FA sudah dilangsungkan. Juara bertahan Manchester United akan melakoni laga bernuansa reuni.
Seperti dilansir Soccerway, MU ditakdirkan bertemu dengan Reading di Old Trafford. Klub Championship ini ditangani oleh mantan pemain Setan Merah, Jaap Stam.
Stam bukanlah sosok asing untuk MU. Pelatih asal Belanda ini pernah bermain pada 1998 hingga 2001 di MU. Stam mengantarkan MU meraih treble winners pada 1999.
Tim sekota MU, Manchester City akan melawat ke London Stadium, menghadapi West Ham United. Ini bakal menjadi debut manajer The Citizens, Pep Guardiola di Piala FA.
Sementara itu, Chelsea mendapatkan lawan yang relatif mudah. The Blues akan berhadapan dengan pemenang duel Peterborough United atau Notts County. Sedangkan Liverpool menjamu Newport Country atau Plymouth Argyle di Anfield.
Arsenal yang menjuarai Piala FA pada 2014 dan 2015, juga diprediksi tak akan menemui hambatan. Armada Arsene Wenger bakal berkunjung ke markas Preston North End, Deepdale.
Babak 3 Piala FA akan berlangsung pada 6-9 Januari 2017.
Berikut undian babak 3 Piala FA
Ipswich Town v Lincoln City atau Oldham Athletic
Barrow v Rochdale
Manchester United v Reading
Hull City v Swansea City
Sunderland v Burnley
QPR v Blackburn Rovers
Millwall v Bournemouth
West Ham v Manchester City
Brighton and Hove Albion v MK Dons atau Charlton Athletic
Blackpool v Barnsley
Wigan Athletic v Nottingham Forest
Birmingham City v Newcastle United
Chelsea v Peterborough United atau Notts County
Middlesbrough v Sheffield Wednesday
West Brom v Derby County
Everton v Leicester City
Liverpool v Newport County atau Plymouth Argyle
Wycombe Wanderers v Stourbridge atau Northampton Town
Watford v Burton Albion
Preston North End v Arsenal
Cardiff City v Fulham
Stoke City v Wolves
Cambridge United v Leeds United
Bristol City v Fleetwood Town atau Shrewsbury Town
Huddersfield Town v Port Vale
Tottenham v Aston Villa
Brentford v Halifax Town atau Eastleigh
Bolton Wanderers v Crystal Palace
Norwich City v Southampton
Sutton United v AFC Wimbledon
Accrington Stanley v Luton Town
Rotherham United v Oxford United atau Macclesfield Town</isi>
	<link>http://www.viva.co.id/bola/read/856203-babak-3-piala-fa-mu-hadapi-mantan-pemain</link>
</artikel>