<artikel>
	<id>OLA_SB_10_1095</id>
	<judul>Schubert Lega Gladbach Berhasil Atasi Celtic</judul>
	<tanggal>20/10/16</tanggal>
	<kata_kunci>andre schubert, borussia moenchengladbach, celtic, </kata_kunci>
	<isi>REPUBLIKA.CO.ID, GLASGOW -- Borussia Moenchengladbach berhasil menaklukkan Celtic 2-0 dalam laga Grup C Liga Champions di Celtic Park, Kamis (20/10) dini hari WIB. Dengan hasil itu, Gladbach duduk di posisi ketiga dengan torehan tiga poin. Mereka terpaut satu angka di bawah Manchester City yang menempati posisi kedua. 
Pelatih Gladbach Andre Schubert merasa terkesan setelah timnya memastikan kemenangan pertama mereka di Liga Champions. Ia lantas memuji kekuatan skuatnya tersebut. Gol dari Lars Stindl dan Andre Hahn memastikan klub Jerman itu mendapat poin pertama di papan klasemen Grup C. 
Schubert telah kehilangan beberapa pemain kunci sebelum laga tersebut. Bintang tim utama mereka seperti Thorgan Hazard, Raffael dan Andreas Christensen, absen dalam laga di Celtic Park. Namun, pelatih berusia 45 tahun itu merasa sangat senang karena pemain yang ada telah menunjukkan kualitasnya. 
"Saya memiliki skuat yang bagus di sini, meskipun kehilangan beberapa pemain penting," kata Schubert, dilansir dari Four Four Two, Kamis (20/10).
Ia menilai timnya bermain dengan baik dan menunjukkan kinerja yang sempurna. Menurutnya, skuat Gladbach tampil dengan kekuatan yang baik dan konsentrasi sepenuhnya. Dengan langkah mereka meraih tiga poin pertama ini, Schubert mengatakan, timnya kini harus menunjukkan permainan lebih baik di kandang. 
"Saya sangat senang dengan kemenangan. Ini memberikan lebih banyak jaminan keamanan untuk langkah selanjutnya di grup," kata dua. 
Gladbach saat ini duduk di posisi kesembilan klasemen di Bundesliga akan menghadapi Bayern Muenchen di Allianz Arena akhir pekan ini. </isi>
	<link>http://www.republika.co.id/berita/sepakbola/liga-dunia/16/10/20/ofbz3o348-schubert-lega-gladbach-berhasil-atasi-celtic</link>
</artikel>