<artikel>
	<id>OLA_SB_10_584</id>
	<judul>LIVE MATCH: Susunan Pemain Persipura vs MU</judul>
	<tanggal>26/11/16</tanggal>
	<kata_kunci>torabika soccer championship tsc, Persipura Jayapura, madura united, torabika soccer championship tsc, Persipura Jayapura, madura united, </kata_kunci>
	<isi>VIVA.co.id – Persipura Jayapura akan menjamu Madura United, dalam pertandingan pekan ke-30 Torabika Soccer Championship, Sabtu 26 November 2016. Duel yang panas, mengingat posisi keduanya di klasemen sementara saat ini, pada urutan dua dan tiga dengan hanya menyisakan lima pertandingan hingga akhir turnamen.
Persipura yang ada di posisi tiga dengan 53 poin, dipastikan bakal memanfaatkan status tuan rumah untuk tampil penuh. Mutiara Hitam bisa naik ke posisi dua dengan tambahan tiga poin, menggeser MU yang saat ini memiliki 55 poin, serta mendekati Arema Cronus di puncak klasemen dengan 58 poin.
Situasi juga cukup menguntungkan, lantaran semua pemain mereka dalam keadaan fit, ditambah moral yang tinggi setelah kemenangan besar di laga tandang lawan Persiba Balikpapan. Sebaliknya, lawan mereka dalam kondisi mengkhawatirkan, dengan performa yang menurun sejak paruh waktu turnamen.
Sempat lama bercokol di puncak, MU hanya meraih tujuh poin dari lima laga terakhir, membuat mereka harus menyerahkan posisi nomor satu pada Arema Cronus. Kemenangan bisa membuat mereka menyamai poin Arema, dan kalah dari Persipura akan menjadi sandungan yang serius dalam perebutan gelar juara.
Saksikan jalannya pertandingan melalui fasilitas LIVE MATCH VIVA.co.id dengan tautan ini.
Susunan pemain:
Persipura Jayapura: Yoo Jae Hoon; Yustinus Pae, Rony Beroperay, Muhammad Tahir, Paulin Pierre Bio; Ricardo Salampessy, Nelson Alom, Ricardo Silva De Almeida; Osvaldo Ardiles Haay, Yohanes Ferinando Pahabol, Edward Wilson Junior.
Madura United: Hery Prasetyol; Rendi Siregar, Munhar, Fabiano Beltrame, Gilang Ginarsa; Dane Milovanovic, Ahmad Maulana Putra, Engelberd Sani, Elthon Maran, Erick Weeks Lewis; Patrich Steve Wanggai.
 </isi>
	<link>http://www.viva.co.id/bola/read/852610-live-match-susunan-pemain-persipura-vs-mu</link>
</artikel>