<artikel>
	<id>OLA_SB_10_518</id>
	<judul>Jelang Lawan Timnas Indonesia, Singapura Dihantam Konflik</judul>
	<tanggal>25/11/16</tanggal>
	<kata_kunci>timnas singapura, Baihakki Khaizan, piala aff, timnasindonesia, </kata_kunci>
	<isi>VIVA.co.id – Isu tak sedap menghampiri Singapura jelang laga melawan Timnas Indonesia di Piala AFF, Jumat 25 November 2016. Gosipnya, terjadi perpecahan di dalam Skuat Singapura.
Kabar ini berkembang setelah pelatih Singapura, Vadaraju Sundramoorthy, mencadangkan beberapa pilar utama macam Baihakki Khaizan serta Shahril Ishak dalam dua laga beruntun melawan Filipina dan Thailand. Kebijakan Sundram ternyata tak disambut baik oleh Baihakki.
Mantan pemain Persija Jakarta itu melancarkan protes keras lewat akunnya di facebook. Usut punya usut, Baihakki merasa kesal dengan pengelolaan The Lions di bawah Sundram.
Baihakki merasa kegagalannya masuk ke starting eleven Singapura didasari oleh analisis tak tepat dari asisten Sundram, Firdaus Kassim.
"Dia hanya melakukan apa yang diperintahkan pelatih kepala. Tapi, ketika kongko-kongko di kafe bersama temannya, sikapnya seperti pelatih kepala," begitu ucapan Baihakki di facebook.
Hal tersebut pun ditanggapi oleh Sundram. Pria 51 tahun tersebut membantah terjadi perpecahan di dalam skuatnya. "Sekarang, kami cuma fokus ke pertandingan," tegas Sundram seperti dikutip Straits Times.
Ada beberapa alasan mengapa Sundram mencadangkan Baihakki. Dia ingin memberikan kesempatan kepada pemain muda untuk tampil.
Selain itu, kondisi fisik Baihakki tak kunjung prima. Memang, dia baru saja sembuh dari sakit. (one)
 </isi>
	<link>http://www.viva.co.id/bola/read/852143-jelang-lawan-timnas-indonesia-singapura-dihantam-konflik</link>
</artikel>