<artikel>
	<id>OLA_SB_10_1069</id>
	<judul>Marchisio akan Jadi Starter Lawan Lyon</judul>
	<tanggal>02/11/16</tanggal>
	<kata_kunci>claudio marchisio, juventus, liga champions, </kata_kunci>
	<isi>REPUBLIKA.CO.ID, TURIN -- Pelatih Juventus Massimiliano Allegri memastikan wakil kapten Claudio Marchisio akan tampil sejak menit pertama kala timnya menjamu Olimpique Lyon, Kamis (3/11) dini hari WIB.
Marchisio tak diberikan waktu bermain penuh oleh Alegri saat Bianconeri mengalahkan Napoli akhir pekan kemarin. Karena ia memang mempersiapkan gelandang asli Kota Turin itu untuk Liga Champions. 
“Marchisio akan main (melawan Lyon). Ia sudah bugar. Pengalamannya sangat kami butuhkan,” kata Allegri, dikutip dari Football Italia, Rabu (2/11).
Satu lagi gelandang yang dipastikan bekas pelatih Cagliari itu adalah Sami Khedira. Gelandang kuat asal Jerman itu dinilai Alegri juga punya kematangan untuk kompetisi tertinggi. Satu lagi Alegri belum bisa memastikan apakah akan memainkan Mralem Pjanic, Hernanes atau Asamoah. 
Berikut pemain Juventus yang didaftarkan melawan Lyon:
Kiper: Buffon, Neto, Audero
Belakang: Benatia, Barzagli, Bonucci, Dani Alves, Evra, Rugani
Tengah: Pjanic, Khedira, Cuadrado, Marchisio, Hernanes, Alex Sandro, Mattiello, Asamoah, Sturaro
Depan: Mandzukic, Kean, Higuain
 </isi>
	<link>http://www.republika.co.id/berita/sepakbola/liga-dunia/16/11/02/og005x348-marchisio-akan-jadi-starter-lawan-lyon</link>
</artikel>