<artikel>
	<id>OLA_SB_10_1147</id>
	<judul>Brasil Sementara Unggul atas Venezuela di Babak I</judul>
	<tanggal>12/10/16</tanggal>
	<kata_kunci>Kualifikasi Piala Dunia 2018, timnas brasil, timnas venezuela, </kata_kunci>
	<isi>VIVA.co.id – Brasil untuk sementara unggul 1-0 atas Venezuela, pada babak pertama laga kualifikasi Piala Dunia 2018 di Estadio Olimpico Metropolitano de Merida, Rabu pagi 12 Oktober 2016. Calon striker Manchester City Gabriel Jesus, mencetak gol di menit delapan memanfaatkan kesalahan kiper Venezuela.
Tanpa diperkuat Neymar, Brasil tetap menunjukkan ketajaman. Kerja sama skuat Tite berjalan sangat baik untuk menciptakan banyak peluang, seperti yang diperlihatkan saat mereka pesta gol melawan Bolivia. Gabriel Jesus yang memimpin lini depan, membuat baris pertahanan Venezuela berantakan.
Setelah sukses menahan imbang Argentina 2-2 September lalu, tim Rafael Dudamel dilumat Uruguay 0-3 dan tampak bakal menderita kekalahan serupa pagi ini. Delapan menit laga berjalan, mereka pun sudah tertinggal 0-1 dengan gol yang dibuat Gabriel Jesus.
Calon pemain Manchester City, itu memanfaatkan blunder Daniel Hernandez saat berusaha membuang bola. Tertinggal satu gol, Venezuela masih berusaha bermain terbuka dan coba menguasai permainan, tapi malah dinikmati oleh Brasil yang siap dengan serangan balik.
Venezuela seperti kesulitan menahan gerakan para pemain Brasil, dan beberapa kali terpaksa melakukan pelanggaran. Setidaknya dua kartu kuning dikeluarkan wasit pada babak pertama, karena pelanggaran yang dilakukan Jose Velazquez menit 26 dan Wilker Angel menit 39.
Susunan Pemain:
Venezuela: Daniel Hernandez, Roberto Rosales, Rolf Feltscher, Jose Velazquez, Wilker Angel, Tomas Rincon, Arles Flores, Juan Anor, Salomon Rondon, Josef Martínez, Adalberto Penaranda
Brasil: Alisson, Joao Miranda, Dani Alves, Filipe Luis, Marquinhos, Willian, Renato Augusto, Fernandinho, Paulinho, Philippe Coutinho, Gabriel Jesus</isi>
	<link>http://www.viva.co.id/bola/read/833438-brasil-sementara-unggul-atas-venezuela-di-babak-i</link>
</artikel>