<artikel>
	<id>OLA_SB_10_1055</id>
	<judul>Honda tak Masalah Tinggalkan Milan, Asal...</judul>
	<tanggal>12/11/16</tanggal>
	<kata_kunci>keisuke honda, ac milan, liga italia, </kata_kunci>
	<isi>REPUBLIKA.CO.ID, TOKYO -- Keisuke Honda mengaku dia tidak akan 'sekarat' jika meninggalkan Milan. Honda bukan pilihan utama pelatih baru Rossoneri Vincenzo Montella. Namun, ia tidak mau asal pergi tanpa ada penawaran yang bagus.
Kontrak pemain internasional Jepang ini akan selesai pada akhir musim ini. Pembaharuan sangat tidak mungkin mengingat ia hanya menjadi penghangat bangku cadangan.
"Saya bisa saja sudah meninggalkan Milan, tapi tawaran yang saya terima tidak memadai," katanya kepada J-TV saat melakoni tugas internasional, seperti dikutip Football Italia, Sabtu (12/11).
"Saya tidak mati meninggalkan klub, sehingga tidak ada masalah di masa depan saya."
Rossoneri berada di tengah-tengah pengambilalihan oleh investor China, meskipun Silvio Berlusconi dilaporkan tetap menjadi Presiden Kehormatan.
"Saya pikir itu adalah akhir dari sebuah era. Saya mengerti bahwa klub ingin mengubah taktik. "
Honda telah berada di San Siro sejak meninggalkan CSKA Moskow sebagai agen bebas pada Januari 2014.</isi>
	<link>http://www.republika.co.id/berita/sepakbola/liga-italia/16/11/12/ogjeyr348-honda-tak-masalah-tinggalkan-milan-asal</link>
</artikel>