<artikel>
	<id>OLA_SB_10_520</id>
	<judul>Riedl Siapkan Strategi Bongkar Taktik 'Parkir Bus' Singapura</judul>
	<tanggal>25/11/16</tanggal>
	<kata_kunci>timnas singapura, piala aff 2016, timnasindonesia, </kata_kunci>
	<isi>VIVA.co.id – Laga hidup mati Timnas Indonesia akan digelar di Rizal Memorial Stadium, kontra Singapura. Tim Garuda wajib memetik kemenangan dalam laga pamungkas Grup A Piala AFF 2016.
Persiapan terus dilakukan oleh skuat besutan Alfred Riedl jelang laga krusial ini. Satu hal yang yang menjadi sorotan Riedl, adalah lini pertahanan Singapura yang sangat solid.
Dalam dua laga, The Lions hanya kebobolan satu gol saja. Meski demikian, Singapura juga belum sekali pun memetik kemenangan. Imbang kontra Filipina 0-0 di laga perdana, dan kalah 0-1 dari Thailand di laga kedua.
Strategi ultra defensif atau lebih sering disebut "parkir bus" memang membuat Baihakki Khaizan cs sulit ditaklukkan oleh lawannya. Hal ini yang menjadi perhatian Riedl. Pelatih timnas asal Austria ini mengaku sudah menyiapkan strategi khusus untuk membongkar benteng kokoh Singapura.
Meski demikian, Riedl nampaknya ragu jika Singapura akan kembali menerapkan strategi bertahan. Sebab, laga ini juga jadi amat krusial bagi pasukan Sundramoorty yang juga wajib menang untuk bisa mengamankan peluang lolos ke semifinal.
"Harus menang melawan Singapura. Mereka juga sama harus menang di laga besok. Strategi bertahan Singapura saya rasa cukup berhasil di dua laga sebelumnya. Jika mereka melakukan hal tersebut di laga nanti, maka saya mempersiapkan tim untuk mengantisipasi hal itu," kata Riedl dalam rilis yang diterima VIVA.co.I'd, Kamis 24 November 2016 sore WIB.
"Saya rasa nanti akan menjadi pertandingan terbuka dan menarik. Apapun bisa terjadi dalam sepakbola," ucapnya.
Dalam lima pertemuan terakhir, Singapura memang mampu mendominasi. Singapura sukses memetik tiga kemenangan, sekali hasil imbang, dan hanya menelan sekali kekalahan.
 </isi>
	<link>http://www.viva.co.id/bola/read/852054-riedl-siapkan-strategi-bongkar-taktik-parkir-bus-singapura</link>
</artikel>