<artikel>
	<id>OLA_SB_10_590</id>
	<judul>Mitra Kukar Tumbangkan Persegres</judul>
	<tanggal>21/11/16</tanggal>
	<kata_kunci>torabika soccer championship tsc, Mitra Kukar, persegres gresik, </kata_kunci>
	<isi>VIVA.co.id - Mitra Kukar berhasil menang atas Persegres Gresik United dalam laga lanjutan Torabika Soccer Championship di Stadion Aji Imbut, Senin 21 November 2016. Tim Naga Mekes mengunci kemenangan dengan skor 2-1.
Mitra Kukar berhasil membuka gol bagi Mitra Kukar di menit 25 lewat Marlon Da Silva. Mendapat umpan dari Septian David, Da Silva tanpa kesulitan menendang bola ke gawang Gresik United.
Unggul 1-0 membuat Mitra Kukar kian nyaman menguasai jalannya pertandingan. Mitra Kukar mendapat hadiah penalti di menit 28 usai dilanggarnya Yogi Rahadian di kotak terlarang.
Victor Herrero yang maju sebagai eksekutor, berhasil menjalankan tugasnya dengan baik dan membawa Mitra Kukar unggul 2-0. Gresik United masih kesulitan untuk memperkecil kedudukan karena kuatnya pertahanan Mitra Kukar.
Para pemain Mitra Kukar sendiri mulai menurunkan tempo permainan usai unggul dua gol. Gresik United berhasil membuat skor menjadi 1-2 lewat Jusmadi di menit 41 lewat sepakan kerasnya.
Hingga berakhirnya pertandingan, kedua tim tidak mampu menambah pundi-pundi gol. Mitra Kukar pun berhasil mengakhiri 45 menit pertama ini dengan keunggulan 2-1 atas Gresik United.
Mitra Kukar makin tampil agresif di babak kedua, berbagai peluang berhasil diciptakan oleh para lini depan mereka. Akan tetapi, peluang tersebut masih belum bisa menghasilkan gol kembali.
Da Silva terus mengancam gawang Gresik United di menit 53, namun sepakannya masuk jauh dari sasaran. Tak ada peluang yang berarti hingga menit akhir dari kedua tim, alhasil laga pun harus berakhir dengan skor 2-1 untuk kemenangan Mitra Kukar.
Atas kemenangan ini, Mitra Kukar berhasil naik peringkat enam klasemen sementara dengan raihan 46 poin dari 29 laga. Sedangkan Persegres masih berada di papan bawah dengan baru mengoleksi 26 poin.
Susunan Pemain
Mitra Kukar: Shahar Ginanjar, Saepuloh Maulana, Arthur Cunha, Zulchrizal Abdul Gamal, Zikri Akbar, Muhammad Bahtiar, Victor Herrero, Anindito Wahyu, Septian David, Yogi Rahadian (Hendra Adi Bayauw '65), Marlon Da Silva
Persegres Gresik United: Satria Tama, Sasa Zecevic, Wismoyo Widhistio (Roni Rosadi '83), Muhammad Rifqi (Sigit Meiko '77), Obet Rivaldo (Inkyun Oh '63), Achmad Faris, Rival Jandera, Jusmadi, Yusuf Efendi, Hendri Satriadi, Ghozali Muharam
 </isi>
	<link>http://www.viva.co.id/bola/read/850545-mitra-kukar-tumbangkan-persegres</link>
</artikel>