<artikel>
	<id>OLA_SB_10_462</id>
	<judul>Juventus Siapkan Tes Medis untuk Pjaca</judul>
	<tanggal>20/07/16</tanggal>
	<kata_kunci>marko pjaca, juventus, dinamo zagreb, </kata_kunci>
	<isi>REPUBLIKA.CO.ID, TURIN -- Juventus dilaporkan tengah mempersiapkan tes medis untuk Marko Pjaca pada Kamis (21/7). Jika berjalan lancar, Pjaca akan diperkenalkan kepada publik pada Jumat (22/7).
Pemain internasional Kroasia ini akan memainkan pertandingan terakhirnya untuk Dinamo Zagreb pada Kamis dini hari WIB. Usai laga melawan FK Vardar di Stadion Maksimir, Zagreb, Pjaca kemudian terbang ke Turin.
Gianluca Di Marzio, seperti dikutip Football Italia, Rabu (20/7), melaporkan bahwa tes medis telah diatur di pusat medis Juventus, J-Medical.
Juventus diperkirakan akan menggelontorkan uang 23 juta euro (Rp 332 miliar) untuk mengikat Pjaca selama lima musim di Turin.
Winger Dinamo Zagreb winger diperkirakan telah menyetujui kesepakatan dengan Bianconeri. Sebab ia sudah mengumumkan kepada media Kroasia akan pergi usai laga melawan FK Vardar.
"Pada hari Rabu saya akan bermain pertandingan terakhir saya untuk Dinamo dan kemudian akan pindah ke klub pilihan saya," kata Pjaca.
"Dinamo adalah tim yang saya cintai, yang saya sudah menjadi penggemar dari sejak saya lahir dan aku berterima kasih untuk semuanya.
Baca juga: 'Lebih Baik Lepas Pogba untuk Beli Higuain'</isi>
	<link>http://www.republika.co.id/berita/sepakbola/liga-italia/16/07/20/oamapq348-juventus-siapkan-tes-medis-untuk-pjaca</link>
</artikel>