<artikel>
	<id>OLA_SB_10_1060</id>
	<judul>Bonucci Alami Cedera Paha</judul>
	<tanggal>03/11/16</tanggal>
	<kata_kunci>leonardo bonucci, juventus, bonucci cedera, </kata_kunci>
	<isi>REPUBLIKA.CO.ID, TURIN -- Juventus mengonfirmasi bahwa bek tengah mereka Leonardo Bonucci mengalami cedera pada pahanya.
Bonucci cedera usai Juventus ditahan imbang Olympique Lyon 1-1 dalam laga keempat Liga Champions, Kamis (3/11) pagi WIB. Ia tidak ambil bagian dalam sesi latihan bersama rekan setimnya.
"Bonucci mengalami cedera pada bagian paha kirinya," demikian tertulis di laman resmi Juventus pada Kamis.
Dengan demikian pesepa kbola 29 tahun tersebut tidak akan mengikuti laga Serie A akhir pekan nanti melawan Chievo Verona di Marc Antonio Bentegodi.
Saat ini La Vecchia Signora berada di posisi kedua Grup H di bawah Sevilla yang pada pertandingan lain menang atas Dinamo Zagreb. Di Serie A, Juventus masih nyaman memuncaki klasemen.</isi>
	<link>http://www.republika.co.id/berita/sepakbola/liga-italia/16/11/03/og2odp348-bonucci-alami-cedera-paha</link>
</artikel>