<artikel>
	<id>OLA_SB_10_1175</id>
	<judul>Bintang Chelsea Coret Arsenal Sebagai Pesaing Juara EPL</judul>
	<tanggal>28/11/16</tanggal>
	<kata_kunci>Eden Hazard, chelsea, arsenal, premier league, </kata_kunci>
	<isi>VIVA.co.id – Bintang Chelsea, Eden Hazard, tampaknya semakin percaya diri untuk menjuarai Premier League musim ini. Hazard bahkan mencoret Arsenal dari daftar pesaing gelar juara musim ini.
Chelsea sempat terseok-seok saat memasuki September. Bahkan, The Blues sempat menelan kekalahan telak dari Arsenal 3 gol tanpa balas.
Kini, kondisi tersebut seakan berbalik. Usai kalah dari Arsenal, laju tim besutan Antonio Conte ini seakan tak terbendung. Chelsea bahkan berhasil menumbangkan tim yang belum pernah kalah di Premier League, yakni Tottenham Hotspur, akhir pekan lalu.
Kondisi ini tentu menambah kepercayaan diri skuat Chelsea. Hazard pun dengan lantang menghilangkan Arsenal dan menyebut Liverpool serta Manchester City sebagai rival utama mereka musim ini.
"ManCity dan Liverpool. Keduanya sangat bagus. Jika kami ingin berada di sana (sebagai juara), maka kami harus bisa finis di atas mereka," ujar Hazard seperti dilansir Soccerway.
Pemain berpaspor Belgia itu juga sangat antusias menjelang pertemuannya dengan The Citizens, akhir pekan ini. Mantan pemain Lille itu yakin jika ManCity saat ini tak memiliki kekuatan yang cukup untuk mengalahkan Chelsea.
"Kami akan bertemu ManCity. Mereka adalah lawan yang bagus. Tetapi, kami sedang dalam kepercayaan diri tinggi dan yakin menang di setiap pertandingan," jelasnya. (one)</isi>
	<link>http://www.viva.co.id/bola/read/853269-bintang-chelsea-coret-arsenal-sebagai-pesaing-juara-epl</link>
</artikel>