<artikel>
	<id>OLA_SB_10_593</id>
	<judul>Laga PS TNI Vs Sriwijaya di Pakansari Terancam Ditunda</judul>
	<tanggal>29/11/16</tanggal>
	<kata_kunci>torabika soccer championship tsc, PS TNI, Sriwijaya FC, Stadion Pakansari, </kata_kunci>
	<isi>VIVA.co.id – PS TNI dijadwalkan menjamu Sriwijaya FC dalam pekan ke-30 Torabika Soccer Championship (TSC) di Stadion Pakansari, Cibinong pada Jumat 2 Desember 2016. Akan tetapi, pertandingan tersebut terancam ditunda.
Penundaan kemungkinan besar terjadi karena tim nasional Indonesia dipastikan bakal menjamu Vietnam dalam leg pertama semifinal Piala AFF 2016 pada Sabtu 3 Desember 2016 di sana. Dan dalam aturannya, satu hari jelang pertandingan, akan dilakukan uji coba lapangan.
Direktur Kompetisi PT Gelora Trisula Semesta (GTS), Ratu Tisha Destria belum bisa memberi kepastian. Pihaknya harus lebih dulu berkoordinasi dengan berbagai pihak untuk mencari kejelasan terkait status pertandingan tersebut.
"Masih saya kulik dahulu malam ini. Besok pagi koordinasi dulu dengan klub dan pihak kepolisian untuk mencari baiknya bagaimana," ujar Tisha kepada VIVA.co.id, Senin 28 November 2016.
Di penghujung kompetisi, PS TNI masih berkutat di dasar klasemen. Legimin Raharjo dan kawan-kawan baru mampu mengumpulkan 25 poin selama melakoni 29 pertandingan.
Andai ditunda tentu mereka bisa bernafas lega karena menyisakan satu pertandingan kandang. Namun jika ternyata dipindahkan stadion, tentu peluang untuk mendapatkan poin penuh bisa semakin mengecil.
Lawan yang bakal dihadapi pun tak main-main. Klub berjuluk Laskar Wong Kito diisi pemain dengan kaya pengalaman seperti Firman Utina, Supardi Nasir, dan M. Ridwan. Mereka kini juga sedang mencoba mengumpulkan kemenangan di laga sisa agar bisa menembus posisi empat besar.</isi>
	<link>http://www.viva.co.id/bola/read/853412-laga-ps-tni-vs-sriwijaya-di-pakansari-terancam-ditunda</link>
</artikel>