<artikel>
	<id>OLA_SB_10_1197</id>
	<judul>Skuat Berkualitas, Oezil Pede Arsenal Libas Tim Besar di EPL</judul>
	<tanggal>17/11/16</tanggal>
	<kata_kunci>Mesut Oezil, arsenal, Manchester United, premier league, </kata_kunci>
	<isi>VIVA.co.id – Gelandang Arsenal, Mesut Oezil, sangat yakin timnya memiliki kualitas untuk mengalahkan siapa saja. Termasuk lawan mereka akhir pekan ini, Manchester United.
Sejak kekalahan dari Liverpool pada game week pertama Premier League, The Gunners langsung menampilkan grafik yang menanjak dengan tak pernah kalah di 10 laga Premier League berikutnya. Torehan itu tentu membuat Tim Meriam London semakin percaya diri menghadapi lawan-lawan berat di liga.
Hal ini juga diyakini oleh Oezil, yang tak lama lagi akan menambah masa bakti dengan Arsenal. Pria berdarah Turki itu percaya timnya bisa terus tampil bagus dan bersaing di jalur juara.
"Kami memiliki kualitas untuk mengalahkan tim mana pun dan itu yang akan kami tunjukkan sepanjang musim ini," ujar Oezil seperti dilansir Soccerway.
"Kami bisa menang ketika melawan tim besar, seperti yang kami lakukan ketika melawan Chelsea. Anda bisa lihat setiap klub besar pasti memiliki kualitas karena persaingan di papan atas sangat ketat," ucapnya.
Untuk membuktikan ucapannya, Arsenal harus bisa mengalahkan MU di Old Trafford pada laga yang digelar Sabtu, 19 November 2016. Namun, itu bukan tugas yang mudah. Sebab, sudah lebih dari 10 tahun The Gunners tak pernah menang melawan MU di Premier League ketika bermain di Old Trafford.</isi>
	<link>http://www.viva.co.id/bola/read/848839-skuat-berkualitas-oezil-pede-arsenal-libas-tim-besar-di-epl</link>
</artikel>