<artikel>
	<id>OLA_SB_10_458</id>
	<judul>Pemain Dortmund Ini Ingin Dilirik Real Madrid</judul>
	<tanggal>25/07/16</tanggal>
	<kata_kunci>pierreemerick aubameyang, borussia dortmund, real madrid, </kata_kunci>
	<isi>REPUBLIKA.CO.ID, DORTMUND -- Pierre-Emerick Aubameyang menyatakan kesetiaannya kepada klubnya saat ini, Borussia Dortmund. Pemain asal Gabon ini memastikan, klub manapun yang menawarkan kontrak kepadanya akan ditolak mentah-mentah karena kesetiannya cuma untuk Dortmund.

Hanya saja, tanpa sungkan Aumbameyang juga menyebut tidak akan berpikir dua kali jika tawaran datang Real Madrid. Pemain yang akrab disapa Auba ini mengatakan, Real Madrid adalah klub impiannya.

"Tapi sampai saat ini tak ada kontak dari Madrid, jadi saya tidak akan kemana-mana," kata Auba dinukil dari Soccerway, Senin (25/7).

Pemain yang musim lalu mencetak 39 gol di semua kompetisi ini mengatakan, seluruh keluarganya sangat ingin melihat dia bermain di Spanyol. Bahkan menurutnya, ketika dua tahun lalu kakeknya wafat, dia diminta untuk berjanji bisa bermain di Madrid.

"Saya sudah berjanji dan saya akan mengejar hal tersebut. Sampai sekarang saya bahagia di Dortmund, tapi bila Madrid memanggil maka saya akan mengatakan 'iya'," kata dia.</isi>
	<link>http://www.republika.co.id/berita/sepakbola/liga-dunia/16/07/25/oavars336-pemain-dortmund-ini-ingin-dilirik-real-madrid</link>
</artikel>