<artikel>
	<id>OLA_SB_10_1143</id>
	<judul>Pengurangan Poin Ancam Peluang Argentina Lolos Kualifikasi</judul>
	<tanggal>02/11/16</tanggal>
	<kata_kunci>piala dunia 2018, timnas argentina, timnas cile, </kata_kunci>
	<isi>VIVA.co.id – FIFA telah memutuskan untuk menghukum Bolivia, dengan pengurangan poin dari dua pertandingan kualifikasi Piala Dunia 2018. Bolivia dinyatakan bersalah, karena menurunkan pemain yang tidak sah. Keputusan tersebut memberikan keuntungan bagi Cile, dan mengancam peluang Argentina.
Dilansir dari Sports Mail, Rabu 2 November 2016, FIFA membatalkan hasil imbang Bolivia dengan Cile, serta kemenangan atas Peru. Bolivia kini dianggap kalah 0-3 pada dua pertandingan tersebut. Artinya, Cile memperoleh dua poin tambahan hingga naik ke posisi lima Grup Conmebol.
Cile menyamai poin Argentina yang ada di posisi enam, yaitu 16 dari 10 pertandingan tapi unggul selisih gol. Ada di posisi lima membuat Cile masih memiliki kesempatan lolos, dengan memperebutkan tiket ke Rusia melalui playoff melawan tim dari Oceania.
FIFA dalam pernyataan resmi, menyebutkan sanksi terkait dengan pemain Nelson Cabrera, yang sebenarnya tidak boleh diturunkan oleh Bolivia. Sanksi merupakan lanjutan dari protes yang diajukan Cile dan Peru, terkait bek tengah kelahiran Paraguay tersebut.
Cabrera sudah pernah bermain mewakili Paraguay, sehingga tidak boleh membela timnas lain lagi. Sanksi FIFA tidak akan berpengauh banyak bagi Bolivia, yang kesempatan lolosnya sudah sangat kecil, dengan berada di posisi sembilan dalam grup dengan 10 tim.</isi>
	<link>http://www.viva.co.id/bola/read/842582-pengurangan-poin-ancam-peluang-argentina-lolos-kualifikasi</link>
</artikel>