<artikel>
	<id>OLA_SB_10_1131</id>
	<judul>MU Diminta Akhiri Hobi Pecat Manajer</judul>
	<tanggal>12/11/16</tanggal>
	<kata_kunci>Manchester United, Jose Mourinho, Liga Inggris, </kata_kunci>
	<isi>VIVA.co.id – Legenda Manchester United Gary Neville menyarankan mantan klubnya untuk menghentikan kebiasaan memecat manajer. Itu untuk menjaga stabilitas tim.
MU berada dalam fase sulit sejak ditinggal Sir Alex Ferguson yang pensiun pada 2013 lalu. Sejak saat itu, MU mulai sering gonta-ganti manajer dalam tiga tahun terakhir.
David Moyes dan Louis van Gaal adalah dua manajer yang menjadi korban kebiasaan baru MU ini. Kontrak keduanya diputus di tengah jalan karena gagal membawa MU berprestasi.
Dan rumor pemecatan juga kembali mencuat musim ini. Menyusul performa buruk MU di bawah asuhan manajer anyar Jose Mourinho. Namun Neville minta MU bersabar.
"Klub harus menjalani hidup dengan Mourinho dan berharap kerjasama akan berjalan baik. Sebab klub butuh stabilitas," kata Neville dilansir Goal, Sabtu 12 November 2016.
"Mou masih menentukan tim terbaiknya. Dia pasti akan membawa MU meraih kemenangan. Tapi sejauh ini Mourinho belum mengetahui komposisi skuat terbaiknya," katanya.</isi>
	<link>http://www.viva.co.id/bola/read/846904-mu-diminta-akhiri-hobi-pecat-manajer</link>
</artikel>