<artikel>
	<id>OLA_SB_10_1081</id>
	<judul>Pogba Dua Gol, MU Taklukkan Fenerbahce 4-1</judul>
	<tanggal>21/10/16</tanggal>
	<kata_kunci>paul pogba, manchester united, fenerbahce, </kata_kunci>
	<isi>REPUBLIKA.CO.ID, MANCHESTER -- Gelandang Manchester United (MU) Paul Pogba memborong dua gol dalam laga ketiga Grup A Liga Europa saat timnya membungkam Fenerbahce 4-1 di Stadion Old Trafford, Jumat (21/10) dini hari WIB.
Dua gol dicetak Pogba pada menit 31 dari titik putih dan tendangan kencang dari tepi kotak penalti pada pengujung babak pertama, seperti dilaporkan Antara.
Berkat kemenangan ini MU naik satu peringkat ke posisi kedua klasemen dengan enam poin, menyamai raihan poin Feyenoord yang berada pada puncak karena unggul head-to-head pertemuan kedua tim yang dimenangi wakil Belanda ini. Sementara Fenerbahce (4) harus turun ke urutan ketiga.
Bermain di hadapan publik sendiri, MU tampil dominan dengan mengendalikan 61 persen penguasaan bola dan melepaskan 11 percobaan tembakan yang enam di antaranya menemui sasaran.
Meski tampil dominan, MU baru bisa membuka keunggulan pada menit ke-31 lewat eksekusi penalti setelah Simon Kjaer melanggar Juan Mata di dalam area terlarang. Pogba yang menjadi algojo sukses menipu penjaga gawang Volkan Demirel ke arah berlawanan.
Dua menit berselang, wasit Benoit Bastien kembali menghadiahi tendangan penalti untuk tim besutan Jose Mourinho setelah lagi-lagi Mata dilanggar di dalam kotak penalti, kali ini oleh Sener Ozbayarakli.
Giliran Anthony Martial yang menjadi algojo dan meski arah tendangannya tertebak namun laju bola tak mampu dihentikan Volkan, sehingga MU unggul 2-0 pada menit 34.
Pada menit-menit tambahan babak pertama, Pogba membawa MU kian menjauh dari kejaran Fenerbahce lewat sepakan kerasnya dari tepian kotak penalti yang meninggalkan Volkan mati langkah.
Tiga menit memasuki babak kedua, MU memperbesar keunggulan menjadi 4-0 setelah Jesse Lingard memiliki keleluasaan di tepian kotak penalti dan melepaskan tendangan yang tak mampu dijangkau Volkan.
Sebuah gol hiburan untuk Fenerbahce tercipta pada menit 82 lewat sontekan jarak dekat mantan penyerang MU, Robin van Persie, menyambut umpan tarik Emmanuel Emenike.
 </isi>
	<link>http://www.republika.co.id/berita/sepakbola/liga-dunia/16/10/21/ofdbic348-pogba-dua-gol-mu-taklukkan-fenerbahce-41</link>
</artikel>