<artikel>
	<id>OLA_SB_10_1166</id>
	<judul>Perkataan Pelatih Timnas yang Bikin Messi Batal Pensiun</judul>
	<tanggal>24/08/16</tanggal>
	<kata_kunci>timnas argentina, lionel messi, edgardo bauza, </kata_kunci>
	<isi>VIVA.co.id – Lionel Messi akhirnya membatalkan keputusannya pensiun dari timnas Argentina. Dia pun siap kembali memperkuat timnas jika dibutuhkan.
Keputusan Messi batal pensiun ini terjadi setelah dia berbincang dengan pelatih timnas Argentina Edgardo Bauza. Apa obrolan yang membuat Messi akhirnya luluh?
"Saya hanya berbicara tentang sepakbola dan bukan bermaksud membujuknya (batal Pensiun)," kata Bauza seperti dilansir Soccerway, Rabu 24 Agustus 2016.
"Kami nyaris berbincang selama dua jam tentang sepakbola. Dan secara alamiah, dia mengatakan siap masuk daftar panggil timnas," lanjut Bauza.
Dalam obrolan itu, Bauza juga mengungkapkan tentang sarannya kepada Messi untuk mengabaikan berbagai kritikan dan hujatan yang datang menghampiri.
"Saya katakan kepada Messi, ada 100 orang lebih di Argentina yang sering mengkritik. Mereka sangat menuntut. Dan jika anda mengindahkan kritikan mereka, maka anda akan gila."</isi>
	<link>http://www.viva.co.id/bola/read/812800-perkataan-pelatih-timnas-yang-bikin-messi-batal-pensiun</link>
</artikel>