<artikel>
	<id>OLA_SB_10_1002</id>
	<judul>Wenger Sesumbar Timnya Bisa Cetak Lebih Banyak Gol</judul>
	<tanggal>05/12/16</tanggal>
	<kata_kunci>arsene wenger, arsenal, liga primer inggris, </kata_kunci>
	<isi>REPUBLIKA.CO.ID, LONDON – Arsenal membungkam West Ham United, 5-1 dalam laga lanjutan Liga Primier Inggris, akhir pekan lalu. Alexis Sanches mencetak hattrick, ditambah gol dari Mesut Ozil dan Alex Oxlade-Chamberlain. West Ham hanya mampu mencetak satu gol melalui Andy Carroll.
Pascakemenangan tersebut, pelatih Arsenal, Arsene Wenger sesumbar bahwa timnya bisa melakukan lebih baik. Menurut Wenger, masih ada banyak waktu untuk melakukan perbaikan. “Kita bisa melakukan yang lebih baik. Masih ada ruang untuk perbaikan,” kata Wenger, dilansir Daily Mirror, Senin (5/12).
Sesumbar Wenger tersebut  bisa menjadi  ancaman serius bagi tim lain dalam perebutan juara Liga Primer musim ini. Apalagi, Arsenal kini duduk di posisi kedua klasemen dengan 31 angka terpaut tiga angka dari pemuncak klasemen Chelsea yang mengumpulkan 34 angka.
Wenger pun menilai permainan anak asuhnya musim ini lebih baik dibandingkan musim sebelumnya. Penyelesaian akhir para pemainnya lebih baik musim ini. Hal tersebut sudah dibuktikan sejak musim ini bergulir. “Sejak awal musim, kualitas finishing kami bandingkan dengan peluang kami cukup baik. Jauh lebih dari tahun lalu,” Wenger mengungkapkan.
Pelatih asal Prancis itu menjelaskan, musim ini pemainnya kehilangan 20 persen dari peluang yang tercipta. Menurut Wenger, tahun lalu timnya justru lebih banyak menyiakan peluang.
 </isi>
	<link>http://www.republika.co.id/berita/sepakbola/liga-inggris/16/12/05/ohpl1t409-wenger-sesumbar-timnya-bisa-cetak-lebih-banyak-gol</link>
</artikel>