<artikel>
	<id>OLA_SB_10_1125</id>
	<judul>Messi Difavoritkan Berlabuh di Manchester City</judul>
	<tanggal>17/11/16</tanggal>
	<kata_kunci>barcelona, Manchester City, Manchester United, lionel messi, </kata_kunci>
	<isi>VIVA.co.id - Masa depan Lionel Messi kembali dispekulasikan, menyusul belum adanya perpanjangan kontrak di Barcelona. Manchester City disebut-sebut akan menjadi pelabuhan baru bagi bintang asal Argentina tersebut.
Kontrak Messi akan habis pada 2018 mendatang, namun hingga saat ini belum ada kesepakatan soal perpanjangan kontrak. Alhasil, striker berusia 29 tahun itu disebut-sebut bakal meninggalkan Camp Nou.
Menurut laporan The Sun, Manchester United tertarik untuk mendapatkan jasa Messi. Akan tetapi, tak ingin terlibat dalam pemburuan sang pemain karena merasa kalah saing dengan tim rival sekota ManCity.
Adanya Josep Guardiola di kursi manajer ManCity, membuat kans Messi ke Etihad Stadium makin besar. Keduanya pernah meraih kesuksesan bersama di Barcelona.
"ManCity akan menjadi favorit jika memang dia pergi suatu hari nanti, namun kami jelas ingin merekrut pemain dengan level seperti dirinya," kata seorang sumber di Old Trafford.
"Kami jelas bisa bersaing dari sisi finansial dan Messi adalah pemain Adidas, seperti Paul Pogba, jadi kami punya nilai plus. Namun, di saat yang sama, kami tidak akan terlibat dalam persaingan penawaran kecuali pihak Messi memberikan indikasi ingin datang ke sini," lanjutnya. (one)</isi>
	<link>http://www.viva.co.id/bola/read/848872-messi-difavoritkan-berlabuh-di-manchester-city</link>
</artikel>