<artikel>
	<id>OLA_SB_10_541</id>
	<judul>Panpel Laga Timnas Pastikan Tak Ada Tambahan Tiket Manual</judul>
	<tanggal>02/12/16</tanggal>
	<kata_kunci>timnasindonesia, timnas vietnam, piala aff 2016, piala aff, </kata_kunci>
	<isi>VIVA.co.id – Sejak dibuka pukul 08.00 WIB, loket penjualan tiket semifinal leg 1 Piala AFF 2016 antara Indonesia kontra Vietnam langsung diserbu masyarakat. Mereka berbondong-bondong membeli tiket agar bisa menyaksikan langsung perjuangan Skuat Garuda di Stadion Pakansari, Cibinong, Bogor, Sabtu 3 Desember 2016.
Meski sudah menyiapkan 10.000 lembar tiket kategori 3 untuk dijual offline, nyatanya jumlah tersebut masih belum bisa memenuhi permintaan masyarakat. Hanya perlu waktu 2,5 jam, tiket sudah habis terjual.
Hal tersebut tentu memancing kekecewaan dari suporter yang tidak kebagian tiket. Sebab, mereka sudah menunggu sejak subuh.
Sempat beredar kabar jika panitia akan menambah jumlah tiket yang akan dijual offline. Tapi, hal tersebut langsung dibantah oleh Sekretaris Jenderal Persatuan Sepakbola Seluruh Indonesia (PSSI), Ade Wellington.
"Semua tiket sudah terjual habis dan Kiostix memastikan tidak ada lagi penambahan tiket untuk offline atau manual," ujar Ade.
Ade pun mengucapkan terima kasih kepada masyarakat yang rela mengantre untuk membeli tiket.  "Animo masyarakat begitu besar, sejak subuh sudah ada yang mengantre," jelasnya.
Bagi yang belum memiliki tiket, Anda masih bisa membeli secara online. Namun, hanya untuk Kategori 1 dan 2. (one)
 </isi>
	<link>http://www.viva.co.id/bola/read/855140-panpel-laga-timnas-pastikan-tak-ada-tambahan-tiket-manual</link>
</artikel>