<artikel>
	<id>OLA_SB_10_522</id>
	<judul>Memori Manis Timnas Indonesia di Rizal Memorial Stadium</judul>
	<tanggal>24/11/16</tanggal>
	<kata_kunci>Timnas Hoki Es Indonesia, piala aff, Rizal Memorial Stadium, </kata_kunci>
	<isi>VIVA.co.id – Rizal Memorial Stadium memiliki kisah cinta yang erat dengan Indonesia. Kisah manis berhasil diukir Indonesia di stadion ini pada 25 tahun lalu.
Ketika itu, Pasukan Garuda yang digawangi Ferril Raymond Hattu, Aji Santoso, Kashartadi, hingga Rochy Putiray, berlaga di SEA Games 1991.
Di ajang tersebut, Indonesia tampil begitu perkasa. Sepanjang penyisihan grup, Indonesia berhasil menyabet poin sempurna, sembilan dari tiga laga. Hebatnya lagi, Indonesia hanya kebobolan sekali.
Pada babak semifinal, Indonesia bertemu dengan Singapura. Selama 120 menit, tak ada gol yang tercipta. Adu penalti pun digelar. Indonesia menang dengan skor 4-2 atas Singapura.
Selanjutnya, Indonesia menghadapi Thailand di partai puncak. Sama halnya dengan pertandingan melawan Singapura, tak ada gol yang tercipta dalam duel ini hingga 120 menit.
Pemenang harus ditentukan lewat babak tos-tosan. Di sini, Indonesia kembali unggul dengan skor 4-3 dan meraih titel keduanya di ajang SEA Games.
Memori ini seharusnya bisa menjadi modal bagi para pemain Indonesia untuk menghadapi Singapura dalam laga pamungkas Grup A Piala AFF, Jumat 25 November 2016. Setidaknya, kesuksesan para senior bisa menjadi inspirasi bagi Boaz Solossa dan kawan-kawan.
Jadi, mampukah Indonesia mengulang sukses 1991 dengan lolos ke semifinal Piala AFF? Patut dinantikan. (ase)</isi>
	<link>http://www.viva.co.id/bola/read/851912-memori-manis-timnas-indonesia-di-rizal-memorial-stadium</link>
</artikel>