<artikel>
	<id>OLA_SB_10_545</id>
	<judul>2,5 Jam, Tiket Timnas Indonesia Vs Vietnam Habis Terjual</judul>
	<tanggal>02/12/16</tanggal>
	<kata_kunci>timnasindonesia, piala aff, timnas vietnam, </kata_kunci>
	<isi>VIVA.co.id – Pertandingan antara tim nasional Indonesia melawan Vietnam begitu dinantikan oleh suporter Tanah Air. Hanya 2,5 jam, tiket laga itu sudah terjual habis.
PSSI dan Kiostix akhirnya memutuskan untuk menjual 10.000 lembar tiket Kategori 3 laga leg 1 semifinal Piala AFF 2016 tersebut pada hari ini, Jumat 2 Desember 2016.
Penjualan dilakukan hanya di satu titik yaitu loket depan Pintu TVRI, Senayan, Jakarta, dan telah dibuka sejak pukul 08.00 WIB.
2,5 jam penjualan berjalan, tiket laga Indonesia vs Vietnam pun habis. Seluruh tiket yang dijual sudah ludes diborong penonton.
Dari informasi yang didapat VIVA.co.id di lapangan, petugas penjual tiket berteriak “Tiket habis, tiket habis,” sekitar pukul 10.30 WIB. Lalu para penjual langsung meninggalkan lokasi. Saat ini, loket terlihat kosong melompong.
Pembelian tiket dibatasi hanya empat tiket untuk satu orang. Para calon pembeli pun diminta membawa identitas diri baik KTP maupun SIM saat bertransaksi.
Pertandingan antara Indonesia melawan Vietnam akan digelar pada Sabtu, 3 Desember 2016, pukul 19.00 WIB di Stadion Pakansari, Cibinong, Jawa Barat. (one)</isi>
	<link>http://www.viva.co.id/bola/read/854981-2-5-jam-tiket-timnas-indonesia-vs-vietnam-habis-terjual</link>
</artikel>