<artikel>
	<id>OLA_SB_10_1181</id>
	<judul>LIVE MATCH: Chelsea Vs Tottenham Skor Sama Kuat</judul>
	<tanggal>27/11/16</tanggal>
	<kata_kunci>Tottenham Hotspur, Liga Inggris, chelsea, </kata_kunci>
	<isi>VIVA.co.id – Tottenham Hotspur berhasil menahan imbang  Chelsea 1-1, pada lanjutan laga Premier League pekan 13 diStadion Stamford Bridge, Minggu 27 November 2016 dini hari. Chelsea dibuat tidak berkutik oleh Tottenham. 
Menit 10 Cristian Eriksen berhasil membawa Tottenham unggul 1-0. Tendangan kaki kanan dari luar kota penalti gagal diantisipasi oleh Thibuat Courtois, kiper Chelsea.
Tertinggal satu gol, Chelsea langsung bangkit. The Blues memiliki peluang menit 19. Namun Diego Costa terjebak posisi offside. 
Beberapa kali, pemain Chelsea mencoba menembus pertahanan lawan. Namun, Bek Tottenham berhasil menghalaunya.
Tendangan bebas David Luiz pada menit 28, masih mampu ditangkap oleh Hugo Lloris, kiper Tottenham. Chelsea berhasil menyamakan kedudukan saat pertandingan tersisa 1 menit. 
Tendangan kaki kanan Pedro Rodriguez dari luar kotak penalti berhasil bersarang di sisi kiri gawang Lloris.  
Daftar susunan pemain:
Chelsea; Thibaut Courtois; Cesar Azpilicueta, David Luiz, Gary Cahil; Victor Moses, N'Golo Kante, Nemanja Matic, Marcos Alonso; Pedro Rodriguez, Diego Costa, Eden Hazard
Tottenham Hotspur: Hugo Lloris; Jan Vertonghen, Kevin Wimmer, Eric Dier, Heung-Min Son, Moussa Dembele, Victor Wanyama, Kyle Walker, Dele Alli, Chritian Eriksen; Harry Kane</isi>
	<link>http://www.viva.co.id/bola/read/852733-live-match-chelsea-vs-tottenham-skor-sama-kuat</link>
</artikel>