<artikel>
	<id>OLA_SB_10_1133</id>
	<judul>MU Intip Peluang Bajak Oezil dari Arsenal</judul>
	<tanggal>11/11/16</tanggal>
	<kata_kunci>arsenal, Manchester United, Mesut Oezil, </kata_kunci>
	<isi>VIVA.co.id – Masa depan Mesut Oezil di Arsenal saat ini sedang tak jelas. Negosiasi perpanjangan kontraknya mandek, lantaran kedua belah pihak tak mencapai kata sepakat terkait persoalan gaji.
Tarik ulur antara manajemen Arsenal dan pihak Oezil terus terjadi. Belum ada jalan keluar atas permasalahan ini.
Situasi tersebut, ternyata terus dipantau oleh Manchester United. Kubu MU sedang mengintip peluang untuk membajak Oezil dari Arsenal.
Dilansir The Sun, pihak MU bersedia memenuhi permintaan Oezil terkait gaji. Mereka mengaku siap membayar playmaker 28 tahun tersebut hingga £250 ribu per pekan, atau setara Rp4,21 miliar.
Ketertarikan MU terhadap Oezil tak terlepas dari rekomendasi manajer Jose Mourinho. Ya, Mourinho berniat bekerja sama kembali dengan mantan anak asuhnya tersebut.
Mourinho menilai Oezil adalah salah satu kreator serangan yang unik. Menurut Mourinho, Oezil merupakan playmaker yang lambat, namun punya kemampuan mencari posisi di atas rata-rata.
"Oezil sangat unik. Dia merupakan pemain nomor 10 terbaik," ujar Mourinho saat itu.
Meski begitu, MU tampaknya kesulitan merekrut Oezil dari Arsenal. Sebab, hingga sekarang Oezil dikabarkan masih menjadikan The Gunners sebagai prioritasnya. (asp)</isi>
	<link>http://www.viva.co.id/bola/read/846670-mu-intip-peluang-bajak-oezil-dari-arsenal</link>
</artikel>