<artikel>
	<id>OLA_SB_10_436</id>
	<judul>Persib Tahan Imbang PSM di Makassar</judul>
	<tanggal>29/10/16</tanggal>
	<kata_kunci>persib bandung, isc 2016, psm makassar, </kata_kunci>
	<isi>REPUBLIKA.CO.ID, MAKASSAR – Persib Bandung sukses merebut satu angka usai menahan imbang tuan rumah PSM dengan skor 2-2 di Stadion Gelora Andi Mattalatta Mattoanging Makassar, Sulawesi Selatan, Sabtu (29/10) malam. Empat gol yang tercipta dalam pertandingan tersebut masing-masing untuk PSM dipersembahkan Titus Bonai pada menit kedelapan dan Ronald Hikspoors pada menit ke-65. Sedangkan dua gol Persib dicetak Febri Hariyadi  pada menit ke-17 dan Kim Jefri Kurniawan saat pertandingan memasuki masa injury time.
Pelatih Kepala PSM Makassar, Robert Rene Alberts usai laga mengaku tim manapun jika bermain sepuluh pemain tentu akan sulit menang dan itu sudah menjadi konsekuensi. “Kartu merah Zulvin Zamrun tentu memberikan dampak kepada tim. Untuk pertahanan memang masih kurang dan tentu harus dievaluasi lagi ke depan,” ujarnya.
Sementara Pelatih Persib Bandung, Djajang Nurjaman mengaku bersyukur bisa raih angka di Makassar. Dirinya juga menyayangkan gol kedua PSM yang dinilainya lebih dulu terjadi sebuah pelanggaran. “Pertanyakan saja janji wasit akan pimpin secara fair. Siapapun lawan kami siap yang penting fair. Kami juga instruksikan jangan down gara-gara kejadian itu dan akhirnya kita bisa mencetak gol balasan,” ujar Djajang.
PSM yang berstatus tuan rumah langsung mengambil inisiatif penyerangan demi mencetak gol cepat. Upaya itu akhirnya berbuah manis dengan lahirnya gol cepat dari Titus Bonai pada saat pertandingan baru berjalan delapan menit. Gol ini berawal dari umpan lambung Zulvin Zamrun dari lini pertahanan.
Titus Bonai akhirnya mampu memanfaatkan umpan itu dengan sebuah tendangan terukur. Sebelum melepaskan tendangan, Tibo lebih dulu melewati hadangan penjaga gawang Persib M Natsir yang memutuskan keluar dari sarangnya.
Unggul 1-0 membuat tim kebangaan masyarakat Makassar terus meningkatkan tempo permainan. Begitupun dengan tim Maung Bandung juga berani mencoba bermain terbuka untuk bisa menyamakan kedudukan. Persib juga mendapatkan peluang melalui aksi individu Febri Hariyadi yang menyisir di sektor kiri pertahanan PSM Makassar. Sayang tendangannya dari luar kotak penalti pada menit ke-15 masih begitu lemah sehingga tidak menyulitkan penjaga gawang PSM, Syaiful.
Sebaliknya, PSM langsung membalasnya semenit kemudian melalui M Rahmat. Pemain bernomor punggung 11 itu mendapatkan umpan matang dari Titus Bonai, sayang tendagannya masih jauh melambung di atas mistar gawang Persib. Febri Hariyadi akhirnya tidak menyia-nyiakan peluang keduanya pada menit ke 17 sekaligus membuat skor menjadi 1-1.
Gol balasan Persib itu hasil umpan matang dari Marcon Flores dari tengah lapangan berhasil melewati Zulvin Zamrun yang akhirnya bisa dijangkau Febri sebelum melepaskan tendangan terukur yang tidak mampu diantisipasi penjaga gawang PSM. Memasuki babak kedua, PSM kembali mengambil inisiatif penyerangan. Sejumlah peluang juga berhasil tercipta namun belum mampu memperbesar kedudukan.
Begitupun dengan tim Persib Bandung juga tetap meladeni permainan terbuka tim tuan rumah dengan kepercayaan diri tinggi. Bahkan Persib Bandung melalui Febri Hariyadi kembali nyaris membuat gol pada menit ke-50. Beruntung bagi PSM, tendangan kerasnya dari dalam kotak penalti berhasil diblok penjaga gawang muda PSM, Syaiful sehingga skor tetap bertahan 1-1.
Pada menit ke-59, PSM melakukan pergantian pemain dengan menarik M Rahmat dan memasukkan Ridwan Tumainella untuk lebih mempertajam penyerangan PSM. Ronald Hikspoors akhirnya mampu membawa PSM unggul atas PSM pada menit ke-65 usai memanfaatkan bola muntah yang gagal ditangkap dengan sempurna Muhammad Natsir.
Gol ini sendiri mendapatkan protes dari kubu Persib Bandung karena menganggap Muhammad Natsir mendapatkan gangguan dari Syamsul Chaeruddin sehingga tidak mampu menangkap bola dengan sempurna yang mampu dimaksimalkan. PSM akhrinya harus bermain dengan 10 pemain setelah Zulvin Zamrun mendapatkan kartu kuning kedua usai melanggar Febri Hariyadi.
Keunggulan pemain membuat permainan Persib terus berkembang dan kembali mengurung pertahanan PSM. Upaya itu akhirnya terwujud saat memasuki masa injury time babak kedua melalui gol Kim Jefri Kurniawan yang memanfaatkan bola liar di dalam kotak penalti. Gol ini sekaligus merubah skor menjadi 2-2 dan tetap bertahan hingga wasit meniup tanda berakhirnya pertandingan.
 </isi>
	<link>http://www.republika.co.id/berita/sepakbola/liga-indonesia/16/10/29/oftfgu409-persib-tahan-imbang-psm-di-makassar</link>
</artikel>