<artikel>
	<id>OLA_SB_10_589</id>
	<judul>5 Laga Penentu Arema, MU & Persipura Menuju Gelar Juara TSC</judul>
	<tanggal>23/11/16</tanggal>
	<kata_kunci>torabika soccer championship tsc, arema cronus, Persipura Jayapura, madura united, </kata_kunci>
	<isi>VIVA.co.id – Torabika Soccer Championship (TSC) telah memasuki pekan ke-29. Arema Cronus, Madura United, dan Persipura Jayapura menjadi kontestan yang bersaing guna mendapatkan gelar juara.
Menyisakan 5 pertandingan lagi, ketiga tim tersebut mesti bermain total agar bisa meraih kemenangan. Arema berada di puncak klasemen dengan raihan 55 poin. Di bawahnya ada MU yang perolehan poinnya sama.
Akan tetapi, Fabiano Beltrame dan kawan-kawan kalah head to head dari Arema. Sedangkan untuk posisi 3 ditempati oleh Persipura dengan torehan 53 poin.
Melihat klasemen sementara, tekanan tentu tak hanya dirasakan oleh Arema sebagai pemuncak klasemen. MU dan Persipura juga dituntut konsisten sambil menunggu pesaingnya terpeleset.
Dan pada Sabtu 26 November 2016 mendatang, Persipura memiliki kesempatan emas untuk memperbaiki peringkat. Klub berjuluk Mutiara Hitam ini akan menjamu MU di Stadion Mandala.
Andai bisa menang, mereka akan berbalik unggul perolehan poin atas klub berjuluk Sapeh Kerap tersebut. Akan tetapi rintangan tak sampai di sana, karena mereka masih punya 2 pertandingan kandang melawan Bhayangkara FC dan PSM Makassar. Sedangkan 2 pertandingan tandang Persipura yakni melawan Mitra Kukar dan Persegres Gresik.

Beralih ke MU, jika kalah dari Persipura di akhir pekan nanti, masih memiliki peluang bagus. Lawan-lawan yang dihadapi di atas kertas bisa dikalahkan. Satu-satunya lawan berat adalah Semen Padang. Beruntungnya, MU akan menjalani laga tersebut di kandang sendiri. Sedangkan klub berjuluk Kabau Sirah memiliki rekor tandang yang buruk selama gelaran TSC. 

Lawan-lawan tangguh juga akan dihadapi oleh Arema pada 5 pertandingan terakhir. Menjamu Sriwijaya FC dan Persib Bandung serta melawat ke markas Pusamania Borneo FC jadi tantangan yang berat bagi skuat asuhan Milomir Seslija itu. Setidaknya, Singo Edan mesti bisa memaksimalkan laga kandangnya agar bisa meraup poin sempurna.
Berikut 5 pertandingan terakhir ketiga tim:
Arema Cronus
(Kandang) Vs PS TNI
(Tandang) Vs Bali United
(Kandang) Vs Sriwijaya
(Tandang) Vs Pusamania Borneo FC
(Kandang) Vs Persib Bandung
Madura United
(Tandang) Vs Persipura
(Kandang) Vs Semen Padang
(Tandang) Vs Persela Lamongan
(Kandang) Vs Perseru Serui
(Tandang) Vs Barito Putera
Persipura Jayapura
(Kandang) Vs Madura United
(Kandang) Vs Bhayangkara FC
(Tandang) Vs Mitra Kukar
(Tandang) Vs Persegres Gresik
(Kandang) Vs PSM Makassar
(one)</isi>
	<link>http://www.viva.co.id/bola/read/850837-5-laga-penentu-arema-mu-amp-persipura-menuju-gelar-juara-tsc</link>
</artikel>