<artikel>
	<id>OLA_SB_10_570</id>
	<judul>Indonesia Lolos Dramatis, Ini Klasemen Piala AFF 2016</judul>
	<tanggal>26/11/16</tanggal>
	<kata_kunci>timnasindonesia, piala aff, timnas thailand, </kata_kunci>
	<isi>VIVA.co.id – Timnas Indonesia akhirnya berhasil lolos ke semifinal Piala AFF 2016 dengan dramatis. Berikut klasemen akhir Grup A usai laga hari Jumat, 25 November 2016.
Memasuki laga pamungkas melawan Singapura di Rizal Memorial Stadium kemarin, Indonesia harus merebut tiga poin sekaligus berharap Thailand mampu mengatasi Filipina.
Sempat ketinggalan pada babak pertama, ambisi skuat Garuda untuk merebut kemenangan akhirnya terpenuhi berkat gol Andik Vermansyah dan Stefano Lilipaly di paruh kedua.
Tambahan tiga poin ini mendongkrak posisi Indonesia ke peringkat dua klasemen Piala AFF, setelah Thailand menang tipis 1-0 atas Filipina di waktu yang bersamaan.
Thailand menjadi pemuncak klasemen Grup A dengan poin sempurna yaitu sembilan dari tiga pertandingan. Indonesia pun mengikuti di belakangnya dengan koleksi empat poin.
Kedua negara ini berhasil lolos ke babak semifinal. Indonesia sendiri akan menantang juara Grup B di semifinal yang berlangsung pada 3 Desember (leg pertama) dan 7 Desember (leg kedua).
Indonesia masih menantikan lawan dari Grup B yang masih diperebutkan Vietnam, Malaysia, dan Myanmar, dalam pertandingan malam nanti, 26 November 2016.
Klasemen Piala AFF (negara, poin, selisih gol)
Grup A (klasemen akhir)
1. Thailand   9 poin (+4)*
2. Indonesia  4 poin (-1)*
3. Filipina   2 poin (-1)
4. Singapura  1 poin (-1)
Grup B
1. Vietnam   6 poin (+2)*
2. Myanmar   3 poin (+1)
3. Malaysia  3 poin (0)
4. Kamboja   0 poin (-3)
Keterangan: *) sudah lolos ke babak semifinal</isi>
	<link>http://www.viva.co.id/bola/read/852571-indonesia-lolos-dramatis-ini-klasemen-piala-aff-2016</link>
</artikel>