<artikel>
	<id>OLA_SB_10_1015</id>
	<judul>[video] Victor Lindelof Diincar Mou Gabung MU</judul>
	<tanggal>28/11/16</tanggal>
	<kata_kunci>victor lindelof, jose mourinho, manchester united, </kata_kunci>
	<isi>REPUBLIKA.CO.ID, MANCHESTER – Cederanya Eric Bally dan buruknya performa lini belakang skuat Iblis Merah membuat pelatih, Jose Mourinho akan bergerak aktif pada bursa transfer Januari 2017. Bek tengah menjadi prioritas pembelian Mou. Seperti dilaporkan, ESPN FC, melansir Daily Mail, Senin (28/1), bek Benfica, Victof Lindelof menjadi yang paling diinginkan Mourinho.
Mourinho pun dikabarkan telah mengirim tim untuk memantau bek timnas Swedia itu pada akhir pekan lalu. Pada pekan lalu, striker Zlatan Ibrahimovic menilai, Lindelof cukup layak untuk bermain di Manchester United. Namun, Sky Sports melaporkan, Benfica akan menolak tawaran United jika klub itu berhasil lolos ke fase knockout Liga Champions musim ini.
Berikut video skill Victor Lindelof (sumber: Youtube)</isi>
	<link>http://www.republika.co.id/berita/sepakbola/liga-inggris/16/11/28/ohcdb8409-video-victor-lindelof-diincar-mou-gabung-mu</link>
</artikel>