<artikel>
	<id>OLA_SB_10_530</id>
	<judul>LIVE MATCH: Indonesia Vs Vietnam Sama Kuat di Babak I</judul>
	<tanggal>03/12/16</tanggal>
	<kata_kunci>timnasindonesia, piala aff 2016, piala aff, timnas vietnam, </kata_kunci>
	<isi>VIVA.co.id – Timnas Indonesia bermain imbang 1-1 di babak pertama dengan Vietnam. Kedua tim bertemu di Stadion Pakansari, Cibinong, Bogor, dalam laga leg pertama semifinal Piala AFF 2016.
Bermain depan publik sendiri, Indonesia langsung menekan Vietnam. Hasil konkret langsung didapatkan. Skuat Garuda unggul ketika laga baru berjalan 7 menit.
Hansamu Yama Pranata mencetak gol pembuka. Dia menanduk bola umpan sepak pojok dari Rizki Pora.
Tertinggal 0-1, kubu lawan malah bersemangat untuk mengejar. Vietnam meningkatkan tempo permainan dan beberapa kali mampu menggempur pertahanan Indonesia.
Menit 17, Vietnam akhirnya bisa menyamakan skor. Mereka tiba-tiba mendapatkan hadiah penalti dari wasit. Beny Wahyudi dianggap mendorong Le Cong Vinh di kotak penalti. Keputusan yang dianggap kontroversial dan sempat diprotes, tapi itu tidak menggoyahkan sang pengadil lapangan hijau.
Nguyen Van Quyet dipercaya maju sebagai eksekutor. Dengan tenang dia memperdayai kiper Kunia Meiga. Kedudukan 1-1.
Mental Indonesia tidak turun usai kebobolan. Lewat Rizki Pora dan Andik Vermansyah, pasukan Merah-Putih berupaya mengacak-acak pertahanan Vietnam.
Menit 37, Stefano Lilipaly mengambil free kick yang hampir saja bebrbuah gol kedua Indonesia. Sementara Vietnam juga beberapa kali berhasil menusuk dari sisi lapangan. Cuma sampai turun minum skor 1-1 tetap bertahan.
Susunan pemain:
Indonesia: Kurnia Meiga; Beny Wahyudi, Hansamu Yama, Manahati Lestusen, Abduh Lestaluhu; Rizki Pora, Bayu Pradana, Stefano Lilipaly, Andik Vermansyah; Boaz Solossa, Ferdinand Sinaga.
Vietnam: Tran Nguyen Manh; Tran Dinh Dong, Que Ngoc Hai, Bui Tien Dung, Pham Trong Lurong; Nguyen Tron Hoang, Lurong Xuan Truong, Vu Van Thanh; Le Cong Vinh, Le Van Thang, Nguyen Van Quyet.</isi>
	<link>http://www.viva.co.id/bola/read/855504-live-match-indonesia-vs-vietnam-sama-kuat-di-babak-i</link>
</artikel>