<artikel>
	<id>OLA_SB_10_1061</id>
	<judul>Hasil dan Klasemen Grup G Liga Champions, Leicester Masih di Puncak</judul>
	<tanggal>03/11/16</tanggal>
	<kata_kunci>liga champions, hasil liga champions, klasemen liga champions, </kata_kunci>
	<isi>REPUBLIKA.CO.ID, JAKARTA -- Juara bertahan Liga Primer Inggris Leicester City masih berada di puncak klasemen sementara Grup G Liga Champions setelah menjalani laga keempat penyisihan grup, Kamis (3/11) pagi WIB.
Leicester memang hanya meraih hasil imbang tanpa gol di markas FC Kopenhagen, Stadion Telia Parken, Denmark. Namun satu poin yang mereka raih dari pertandingan tersebut cukup mengamankan posisi mereka di puncak klasemen dengan koleksi 10 poin.
Tim besutan Claudio Ranieri itu juga belum terkalahkan dalam musim pertama mereka di Liga Champions.
Sementara itu di pertandingan lain, FC Porto berhasil menang tipis 1-0 atas wakil Belgia, Club Brugge, berkat gol bunuh diri Tomas Pina pada menit 38. Berkat tiga poin tersebut, Porto naik ke urutan kedua klasemen dengan raihan tujuh poin, melewati Kopenhagen (5).
Hasil ini membuat belum ada satu pun tim yang memastikan lolos. Leicester, Porto, dan Kopenhagen sama-sama masih berpeluang lolos.
Berikut hasil pertandingan penyisihan keempat Grup G Liga Champions, Kamis pagi WIB, dikutip dari Antara (tuan rumah disebut pertama, pemenang dicetak tebak):
FC Copenhagen 0 - 0 Leicester City 
FC Porto 1 - 0 Club Brugge (Tomas Pina 38'-bunuh diri)
Klasemen sementara (urutan, tim, main, menang, imbang, kalah, memasukkan-kemasukan, poin):
1 Leicester City 4 3 1 0 5-0 10
2 FC Porto 4 2 1 1 4-3 7
3 FC Copenhagen 4 1 2 1 5-2 5
4 Club Brugge 4 0 0 4 1-10 0
 </isi>
	<link>http://www.republika.co.id/berita/sepakbola/liga-dunia/16/11/03/og1vdn348-hasil-dan-klasemen-grup-g-liga-champions-leicester-masih-di-puncak</link>
</artikel>