<artikel>
	<id>OLA_SB_10_1032</id>
	<judul>Klasemen Grup Liga Champions, Empat Tim Menyusul ke 16 Besar</judul>
	<tanggal>23/11/16</tanggal>
	<kata_kunci>klasemen liga champions, liga champions, , </kata_kunci>
	<isi>REPUBLIKA.CO.ID, JAKARTA -- Delapan pertandingan fase grup Liga Champions telah selesai bergulir di delapan kota Eropa pada Rabu (23/11) dini hari WIB. Hasilnya, empat tim menyusul tim-tim lain yang sudah lebih dulu memastikan tiket babak ke babak 16 besar.
Keempat tim tersebut, yaitu AS Monaco, Real Madrid, Leicester City, dan Juventus. Mereka lolos ke fase gugur setelah memetik kemenangan dari lawan-lawannya pada laga kelima grup.
Berikut klasemen sementara Grup E, F, G, dan H Liga Champion setelah pertandingan kelima berakhir (main, menang, seri, kalah, memasukkan, kemasukan, nilai)
Grup E
1 Monaco 5 3 2 0 9 4 11
2 Bayer Leverkusen 5 1 4 0 5 4 7
3 Tottenham Hotspur 5 1 1 3 3 5 4
4 CSKA Moskow 5 0 3 2 4 8 3
Grup F
1 Borussia Dortmund 5 4 1 0 19 7 13
2 Real Madrid 5 3 2 0 14 8 11
3 Sporting 5 1 0 4 5 7 3
4 Legia Warsawa 5 0 1 4 8 24 1
Grup G
1 Leicester City 5 4 1 0 7 1 13
2 Porto 5 2 2 1 4 3 8
3 FC Kopenhagen 5 1 3 1 5 2 6
4 Club Brugge 5 0 0 5 2 12 0
Grup H
1 Juventus 5 3 2 0 9 2 11
2 Sevilla 5 3 1 1 7 3 10
3 Olympique Lyon 5 2 1 2 5 3 7
4 Dinamo Zagreb 5 0 0 5 0 13 0
- Tim yang lolos ke babak 16 besar dicetak tebal</isi>
	<link>http://www.republika.co.id/berita/sepakbola/liga-dunia/16/11/23/oh2hwm348-klasemen-grup-liga-champions-empat-tim-menyusul-ke-16-besar</link>
</artikel>