<artikel>
	<id>OLA_SB_10_552</id>
	<judul>Vietnam Mulai Intip Kekuatan Skuat Timnas Indonesia</judul>
	<tanggal>30/11/16</tanggal>
	<kata_kunci>piala aff, timnas vietnam, timnasindonesia, </kata_kunci>
	<isi>VIVA.co.id – Menantang tim nasional Indonesia di hadapan puluhan ribu pendukungnya bukan perkara mudah. Terlebih lagi skuat Garuda dipercaya tengah dalam performa puncak usai terbebas dari sanksi FIFA. Hal ini pula yang dirasakan oleh armada tim nasional Vietnam jelang lawatannya ke markas pasukan Merah Putih.
Melakoni leg I semifinal Piala AFF 2016, Le Cong Vinh cs harus berhadapan dengan euforia Stadion Pakansari, Cibinong, Kabupaten Bogor pada Sabtu 3 Desember 2016. Sejumlah asumsi pun mulai muncul, salah satunya yang dilansir oleh situs resmi Federasi Sepakbola Vietnam (VFF), vff.org.
Dalam sebuah artikel yang mengulas tentang kekuatan Indonesia, tim berjuluk The Golden Stars itu sangat mewaspadai dengan agresifitas Boaz Solossa cs yang mencetak 6 gol sepanjang penyisihan Grup A.
Vietnam beranggapan bahwa kekuatan serangan Indonesia sangat merata dimana dari 6 gol yang dicetak semuanya berhasil dihasilkan oleh semua pemain dari lini yang berbeda.
Figur Boaz Solossa dengan mengemas 2 gol cukup jadi sorotan utama dan dijuluki dengan sebutan "jahe pedas tua" oleh Vietnam. "Pemain ini berusia 30 tahun, usia yang masih energik dan penuh pengalaman turnamen internasional. Permainan Boaz Salossa juga mencampur semua kekuatan yang sudah ada; sangat kuat, bijaksana dan cerdik membuka peluang," tulis artikel tersebut.  
Empat gol lain Indonesia yang dihasilkan Lerby Elinadry, Andik Vermansyah, Stefano Lilipaly dan Fachrudin seolah menyiratkan bahwa kekuatan di semua sektor permainan skuat Garuda cukup mumpuni.
"Ini menunjukkan kekuatan serangan tim Indonesia sangat merata dari tiap sektor dan pelatih Alfred Riedl tidak terlalu tergantung pada setiap permainan individu," tambah mereka.
  (ren)</isi>
	<link>http://www.viva.co.id/bola/read/854186-vietnam-mulai-intip-kekuatan-skuat-timnas-indonesia</link>
</artikel>