<artikel>
	<id>OLA_SB_10_1118</id>
	<judul>Klasemen Liga Champions: 5 Tim Pastikan Langkah ke 16 Besar</judul>
	<tanggal>23/11/16</tanggal>
	<kata_kunci>ligachampions, realmadrid, leicester city, as monaco, juventus, </kata_kunci>
	<isi>VIVA.co.id – Beberapa partai di matchday 5 Liga Champions telah dihelat, Selasa, 22 November 2016 (Rabu dini hari WIB). Hasilnya, lima tim memastikan langkah ke babak 16 besar, usai laga-laga yang dihelat dini hari tadi.
Dari Grup E, AS Monaco dan Bayer Leverkusen telah mengantongi tiket ke babak selanjutnya. Monaco mantap di puncak klasemen, dengan 11 poin dari 5 pertandingan. Leverkusen menyusul dengan raihan tujuh poin. Sedangkan Tottenham Hotspur yang baru mengumpulkan empat poin dipastikan tersingkir, karena kalah head to head dari Leverkusen.
Beralih ke Grup E. Juara bertahan Real Madrid menyusul langkah Borussia Dortmund ke babak 16 besar. Kemenangan 2-1 atas Sporting Lisbon memastikan langkah Los Blancos. Dortmund masih mantap di puncak klasemen dengan 13 poin, disusul Madrid yang meraih 11 angka.
Leicester City melanjutkan dongeng mereka di Liga Champions. The Foxes sukses mengantongi tiket ke 16 besar, usai mengalahkan Club Brugge 2-1 di King Power Stadium. Leicester tak terkejar dengan raihan 13 poin di Grup G.
Satu tiket lagi dari Grup G bakal diperebutkan oleh FC Porto dan Copenhagen. Porto mengumpulkan delapan poin, disusul Copenhagen dengan raihan enam poin.
Di Grup H, Juventus memastikan diri lolos usai mengalahkan tuan rumah Sevilla 3-1 di Ramon Sanchez Pizjuan. Bianconeri sudah mengumpulkan 11 poin dari lima laga. Satu tiket lainnya akan diperebutkan Sevilla (10 poin) dan Olympique Lyon (7 poin), yang akan bertemu di partai terakhir di Parc Olympique Lyonnais.</isi>
	<link>http://www.viva.co.id/bola/read/851148-klasemen-liga-champions-5-tim-pastikan-langkah-ke-16-besar</link>
</artikel>