<artikel>
	<id>OLA_SB_10_413</id>
	<judul>Bertandang ke Makassar, Manajer Persib Targetkan Clean Sheet</judul>
	<tanggal>27/10/16</tanggal>
	<kata_kunci>persib bandung, isc 2016, maung bandung, </kata_kunci>
	<isi>REPUBLIKA.CO.ID, JAKARTA – Manajer Persib Bandung Umuh Muchtar, menginginkan timnya meningkatkan konsentrasi dan fokus saat bertandang ke markas PSM Makassar, pada Sabtu (29/10) mendatang. Alasannya, ia menargetkan Persib tak kebobolan (clean sheet) di Makassar. “Saya sudah sampaikan kepada semuanya, mereka mengaku siap tampil maksimal dan mereka akan berusaha memenuhi target tak kebobolan,” kata Umuh, Kamis (27/10) dikutip dari laman resmi Persib.
Setelah tak kebobolan pada laga kandang kontra Persegres Gresik United, kemarin, Umuh ingin Atep dan kawan-kawan dapat mengulang hal yang sama. Hal itu pun disampaikannya saat melepas tim ke Pulau Sulawesi. Meskipun target utama yang diberikan adalah kemenangan, sang manajer enggan terlalu membebani pemainnya karena khawatir berbalik menjadi tekanan saat bermain.
"Bermain fokus dan konsentrasi, maksimal. Perhitungan kita menang seperti di Mitra Kukar kemarin, tapi jarak juga kan bisa buat pemain lelah. Saya tak mau bebani mereka, yang penting tak kebobolan saja," ucapnya.
Hasil minor selalu didapat Persib pada laga tandang putaran dua Indonesia Soccer Championship (ISC) musim 2016/2017. Sebanyak empat laga yang dilakoni berakhir dengan kekalahan. Hasil itupun menyamai catatan buruk Persib pada musim 2009/2010.
Saat itu, kekalahan tandang masing-masing didapatkan saat menghadapi Persela Lamongan (0-1), Persijap Jepara (1-2), Pelita (1-2) dan Persija Jakarta (1-2). Sementara pada turnamen kali ini, kekalahan didapat masing-masing, Sriwijaya FC (0-3), Bali United (0-1), Madura United (1-2) dan Mitra Kukar (1-2). 
 </isi>
	<link>http://www.republika.co.id/berita/sepakbola/liga-indonesia/16/10/27/ofpljs409-bertandang-ke-makassar-manajer-persib-targetkan-clean-sheet</link>
</artikel>