<artikel>
	<id>OLA_SB_10_534</id>
	<judul>Ribuan TNI-Polri Siap Amankan Laga Indonesia Vs Vietnam</judul>
	<tanggal>03/12/16</tanggal>
	<kata_kunci>piala aff 2016, timnasindonesia, Stadion Pakansari, </kata_kunci>
	<isi>VIVA.co.id – Ribuan personel gabungan TNI-Polri siap mengamankan laga semifinal Piala AFF antara Tim Nasional Indonesia vs Vietnam di Stadion Pakansari, Bogor, Sabtu, 3 Desember 2016. Seluruh personel sudah bersiaga di sekitar stadion jauh sebelum laga dimulai.
"Tiga ribu pasukan gabungan TNI dan Polri akan siap siaga untuk mengamankan pertandingan semifinal Piala AFF di Stadion Pakansari," kata Kapolres Bogor, AKBP Andi Muhammad Dicky  usai apel pasukan di Stadion Pakansari, Bogor.
Ia mengatakan, ribuan pasukan gabungan ini dikerahkan untuk mengantisipasi kericuhan dan hal-hal yang tidak diinginkan selama pertandingan berlangsung. Selain itu, pengamanan juga dilakukan dalam rangka rencana kehadiran Presiden Joko Widodo yang akan menonton langsung laga krusial tersebut.
"Kami juga melakukan pengalihan arus lalu lintas dari pintu keluar tol sentul yang mengarah menuju stadion dialihkan menuju jalan raya tegar beriman," tegasnya.
Sebelumnya, Sekjen PSSI, Ade Wellington, mengatakan pertandingan semifinal Piala AFF 2016 antara Indonesia vs Vietnam rencananya akan dihadiri Presiden Joko Widodo.
Laga semifinal leg pertama Piala AFF akan berlangsung di Stadion Pakansari, Cibinong, Kabupaten Bogor, Sabtu 3 Desember 2016. Sekjen PSSI, Ade Wellington mengatakan, untuk tamu VIP yang sudah memastikan datang adalah, Panglima TNI, kemudian menteri dan jajarannya.
"Untuk kehadiran Presiden di stadion memang belum ada kepastian dari Istana. Namun kemungkinan besar beliau akan hadir," kata Ade saat konferensi pers di Stadion Pakansari.</isi>
	<link>http://metro.news.viva.co.id/news/read/855432-ribuan-tni-polri-siap-amankan-laga-indonesia-vs-vietnam</link>
</artikel>