<artikel>
	<id>OLA_SB_10_564</id>
	<judul>4 Pilar Timnas Masuk Tim Terbaik Penyisihan Grup Piala AFF</judul>
	<tanggal>29/11/16</tanggal>
	<kata_kunci>timnasindonesia, piala aff, piala aff 2016, </kata_kunci>
	<isi>VIVA.co.id – Penampilan apik sejumlah penggawa Merah Putih, terus mendapatkan apresiasi dari sejumlah media asing. Tak terkecuali juga bagi pemain yang sukses mencetak gol bagi Skuat Garuda.
Hal ini terlihat saat empat pemain tim nasional Indonesia masuk daftar formasi tim terbaik sepanjang babak penyisihan grup Piala AFF 2016. Dalam sebuah artikel Fox Sports Asia, pilar andalan Alfred Riedl itu bahkan ada yang didaulat sebagai ujung tombak utama terbaik selama fase grup berlangsung.
Empat pemain tersebut adalah Boaz Solossa (penyerang), Stefano Lilipaly (gelandang), Andik Vermansyah (gelandang) dan Lerby Eliandry (penyerang).
Dengan mengusung formasi 4-3-3, Boaz yang merupakan kapten Skuat Garuda ditempatkan sebagai bomber utama yang paling menonjol di antara para penyerang lainnya.
Bukan cuma Boaz, Lilipaly juga dinobatkan sebagai gelandang sentral paling cemerlang mengalahkan sejumlah nama nominasi pemain tengah negara-negara lain.
Berikut formasi tim terbaik utama sepanjang babak penyisihan grup Piala AFF 2016:
Kiper: Hassan Sunny (Singapura)
Bek kanan: Tristan Do (Thailand)
Bek tengah: Que Ngoc Hai (Vietnam)
Bek tengah: Zaw Min Tun (Myanmar)
Bek kiri: Vu Van Thanh (Vietnam)

Gelandang kanan: Chanathip Songkrasin (Thailand)
Gelandang kiri: Nguyen Trong Hoang (Vietnam)
Gelandang tengah: Stefano Lilipaly (Indonesia)

Penyerang kanan: Chan Vathanaka (Kamboja)
Penyerang kiri: Aung Thu (Myanmar)
Penyerang tengah: Boaz Solossa (Indonesia)
Tim cadangan:
Roland Muller (Filipina)
Lerby Eliandry (Indonesia)
Teerasil Dangda (Thailand)
Ronny Farun (Malaysia)
Phil Younghusband (Filipina)
Yan Aung Kyaw (Myanmar)
Andik Vermansyah (Indonesia)
Hariss Harun (Singapura)
Chreng Polroth (Kamboja)</isi>
	<link>http://www.viva.co.id/bola/read/853191-4-pilar-timnas-masuk-tim-terbaik-penyisihan-grup-piala-aff</link>
</artikel>