<artikel>
	<id>OLA_SB_10_531</id>
	<judul>Aksi Kreatif Suporter Timnas Minta Pintu Stadion Dibuka</judul>
	<tanggal>03/12/16</tanggal>
	<kata_kunci>piala aff 2016, piala aff, timnasindonesia, timnas vietnam, </kata_kunci>
	<isi>VIVA.co.id – Para suporter tim nasional Indonesia sudah memadati Stadion Pakansari, Cibinong, Sabtu 3 Desember 2016. Mereka sudah tak sabar menyaksikan Skuat Garuda yang akan melawan Vietnam di leg pertama semifinal Piala AFF 2016.
Namun, upaya mereka masuk ke tribun terhalang. Aparat keamanan yang berjaga di tangga menuju tribun kategori 3 tak mengizinkan mereka untuk masuk. Belum jelas apa alasannya, tetapi menunggu lama di tengah kerumunan tentu tak nyaman.
"Sudah lebih satu jam kita di sini. Percuma beli tiket tapi masih tidak boleh masuk," keluh Andre, suporter asal Jakarta yang datang bersama 9 temannya.
Tak ingin bersikap vandalis, paras suporter memilih melakukan protes dengan cara kreatif. Bernyanyi meminta pintu agar dibuka dan yel-yel Garuda di Dadaku jadi pilihan mereka.
Pertandingan sendiri baru akan dimulai sekira pukul 19.00 WIB. Bus yang mengangkut pemain kedua timnas juga sudah terparkir di area VVIP Stadion Pakansari.</isi>
	<link>http://www.viva.co.id/bola/read/855484-aksi-kreatif-suporter-timnas-minta-pintu-stadion-dibuka</link>
</artikel>