<artikel>
	<id>OLA_SB_10_492</id>
	<judul>Riedl: Myanmar Bukan Lawan Mudah, Tapi Timnas tak Mau Kalah</judul>
	<tanggal>04/11/16</tanggal>
	<kata_kunci>indonesia vs myanmar, alfred riedl, , </kata_kunci>
	<isi>REPUBLIKA.CO.ID, YANGON -- Kepelatihan timnas Indonesia mengakui laga uji coba kontra Myanmar tak mudah bagi tim tamu. Pelatih Timnas Garuda, Alfred Riedl mengatakan, meski skuat asuhannya unggul dalam statistik, namun masa kepelatihan tim tuan rumah yang lebih panjang membuat kesebelasan pelatih Gerd Zeise patut diperhitungkan.
Riedl mengatakan, timnas Myanmar kali ini bukan lawan mudah. Materi pemain Myanmar kali ini, pun dinilai Riedl lebih baik. Peran sebagai tuan rumah, juga tentunya membuat menguntungkan Myanmar. Tapi, timnas Indonesia, juga dikatakan dia tetap punya kesempatan.
Menurutnya, meski laga kali ini cuma laga uji coba, namun timnas Indonesia tak mau kehilangan percaya diri. "Kami (timnas Indonesia) tak mau membuat Myanmar mudah memenangkan pertandingan," ujar Riedl saat konfrensi persnya di Yangon, Myanmar seperti dilansir laman MiTV News, Kamis (3/11).
Laga tandang Indonesia melawan Myanmar menjadi laga uji coba ketiga kalinya bagi tim tamu. Juga menjadi laga tandang timnas pertama kali bagi kesebelasan Indonesia, setelah satu tahun dilarang tampil. Kedua timnas akan bertanding pada Jumat (4/11) di Stadion Thuwana YTC, Yangon. 
Safari tandang timnas Indonesia juga menjadi persiapan Timnas Garuda menjelang Piala AFF 2016 yang akan berlangsung di Manila, Filipina 19 November mendatang. Setelah melawan Myanmar, pada Rabu (9/11) mendatang, Indonesia akan melanjutkan laga tandang uji cobanya melawan Timnas Vietnam.
Menengok statistik, sebetulnya Indonesia punya dominasi lebih atas Myanmar. Dari empat kali pertandingan kedua timnas, Indonesia memegang tiga kali kemenangan. Myanmar cuma sekali mencecap kemenangan pada pertandingan persahabatan 2008 silam. Ketika itu, Myanmar unggul 2-1.
Namun semangat timnas Indonesia pascanormalisasi PSSI menyimpan kebangkitan kembali. Di dua laga uji coba timnas sebelumnya, Indonesia mampu unggul telak atas Malaysia dengan skor 3-0 saat kedua timnas bertanding di Stadion Manahan, Solo, September lalu. Saat menjamu Vietnam di Stadion Maguwoharjo, Yogyakarta, Timnas Indonesia berhasil bermain imbang 2-2.
 </isi>
	<link>http://www.republika.co.id/berita/sepakbola/liga-indonesia/16/11/04/og2jlp365-riedl-myanmar-bukan-lawan-mudah-tapi-timnas-tak-mau-kalah</link>
</artikel>