<artikel>
	<id>OLA_SB_10_1135</id>
	<judul>Arsenal Terancam Tanpa 7 Pemain Penting</judul>
	<tanggal>10/11/16</tanggal>
	<kata_kunci>arsenal, Manchester United, premier league, </kata_kunci>
	<isi>VIVA.co.id – Arsenal gagal memanfaatkan kesempatan untuk memimpin klasemen sementara Premier League, akhir pekan lalu. Laju Manchester City terhambat dengan hasil imbang lawan Middlesbrough tapi Arsenal pun gagal mengalahkan Tottenham Hotspur di Emirates Stadium.
Dilansir dari Mirror, Kamis 10 November 2016, Arsenal akan kembali menghadapi laga tak ringan setelah dua pekan jeda internasional. Arsene Wenger harus bertamu ke Old Trafford, menghadapi Manchester United yang meraih kemenangan meyakinkan 3-1 atas Swansea.
Kabar buruk datang, antara lain dari timnas Cile dengan cederanya Alexis Sanchez. Situasi pun dikhawatirkan lebih buruk bagi Arsenal karena ada beberapa pemain lain yang juga sudah dipastikan cedera. Mereka juga diragukan kondisinya.
Santi Cazorla diharapkan bisa kembali sebelum laga lawan Manchester United. Sayang, belum ada konfirmasi apakah dia bisa tiba tepat waktu untuk persiapan. Cedera juga dialami bek kanan Arsenal Hector Bellerin, yang sedang terus dikaitkan dengan Barcelona dan Manchester City.
Total ada tujuh pemain penting yang dikhawatirkan tak bisa diturunkan Wenger menghadapi MU. Termasuk, penyerang yang baru dibelinya musim panas lalu, Lucas Perez. Cedera Sanchez dan Bellerin diyakini bakal jadi kehilangan terbesar Arsenal.</isi>
	<link>http://www.viva.co.id/bola/read/846235-arsenal-terancam-tanpa-7-pemain-penting</link>
</artikel>