<artikel>
	<id>OLA_SB_10_1161</id>
	<judul>Ancelotti Buka Peluang Kembali ke Madrid dan Serie A</judul>
	<tanggal>03/09/16</tanggal>
	<kata_kunci>Real Madrid, bayern munich, carlo ancelotti, Serie A, </kata_kunci>
	<isi>VIVA.co.id - Pelatih Bayern Munich, Carlo Ancelotti, mengaku tidak menutup peluang untuk kembali melatih Real Madrid di masa depan nanti. Menurutnya, melatih Los Blancos adalah hal yang sangat berarti bagi karier kepelatihannya.
Ancelotti melatih Madrid selama periode 2013-2015 dan menghasilkan empat piala bergengsi. Namun, pelatih asal Italia ini akhirnya harus didepak dari kursi kepelatihan pada akhir musim 2014-2015,
Pemecatan tersebut tak lain karena gagal membawa klub ibu kota Spanyol tersebut meraih gelar La Liga. Walau begitu, dia mengaku tak kapok untuk kembali melatih tim yang bermarkas di Santiago Bernabeu tersebut.
"Tentu saja tak ada alasan untuk menolak itu. Sebab, menjadi pelatih Real Madrid adalah pengalaman yang berharga," kata Ancelotti kepada Marca.
"Saya harus berterima kasih kepada klub yang sudah mendatangkan saya dan memberi saya kesempatan untuk melatih Madrid. Saya melatih klub karena Presiden yang menginginkan saya untuk periode waktu tersebut," ujar pelatih asal Italia itu.
Pelatih yang terikat kontrak di Bayern hingga 30 Juni 2016 ini juga tidak menutup peluang kembali melatih tim Serie A, namun ia menegaskan tidak akan mengarsiteki tim nasional Italia. Ancelotti lebih senang dengan pekerjaan yang harus dikerjakan harian.
“Saya memiliki kans kembali ke Rossoneri tapi saya tidak berpikir itu waktu yang tepat. Apakah saya bisa kembali ke Serie A? Mungkin, saya orang Italia. Tapi saya tidak akan mengambil pekerjaan di timnas, saya lebih suka pekerjaan harian,” ujar mantan pelatih AC Milan ini.</isi>
	<link>http://www.viva.co.id/bola/read/817299-ancelotti-buka-peluang-kembali-ke-madrid-dan-serie-a</link>
</artikel>