<artikel>
	<id>OLA_SB_10_1004</id>
	<judul>Chelsea Permalukan City 3-1 di Manchester</judul>
	<tanggal>03/12/16</tanggal>
	<kata_kunci>manchester city, chelsea, city vs chelsea, </kata_kunci>
	<isi>REPUBLIKA.CO.ID, MANCHESTER -- Chelsea memastikan tetap berada di puncak klasemen setelah mengamankan tiga angka dari laga pekan ke-14 Liga Primer Inggris. The Blues mempermalukan Manchester City 3-1 di Stadion Etihad, Manchester, Sabtu (3/12).
Chelsea mengumpulkan nilai 34, unggul empat angka dari City. Posisi City di posisi ketiga dapat digusur Arsenal yang baru akan bermain melawan West Ham United pada Ahad (4/12) dini hari WIB.
Laga kedua tim sebenarnya berlangsung seimbang. Bola lebih banyak berkutat di daerah tengah karena pertahanan rapat yang digalang kedua tim. Andai bisa menembus sepertiga akhir, penyerang kedua tim tak leluasa menciptakan peluang emas karena ketatnya penjagaan bek lawan.
Chelsea tak beruntung menjelang babak pertama berakhir. Gary Cahill mencetak gol. Bermaksud menghalau umpan silang Jesus Navas di sisi kanan, Cahil justru mengarahkan bola ke sudut atas tiang jauh yang mustahil terjangka kiper Thibaut Courtois. Turun minum, Chelsea dalam posisi tertinggal 0-1.
Pada awal babak kedua, Chelsea tampaknya akan makin tertinggal setelah beberapa kali para pemain City berhasil menciptakan peluang. Salah satu yang terbaik adalah saat Jesus Navas menyambut bola silang menyusur rumput. Tapi sontekannya dari jarak dekat mengenai mistar yang membuat pelatih City Pep Guardiola tak percaya.
Keadaan berubah pada menit ke-60. Chelsea berhasil menyamakan kedudukan lewat Diego Costa. Menerima umpan lambung dari Cesc Fabregas, Costa dengan kekuatan fisiknya berhasil melewati Nicolas Otamendi yang menjaganya sebelum menaklukkan Claudio Bravo.
Spuluh menit berselang, Chelsea balik memimpin lewat serangan balik mematikan yang dituntaskan Willian. Serangan tersebut hanya berhitung detik setelah Chelsea berhasil mematahkan serangan tuan rumah.
City semakin merana setelah Eden Hazard memperbesar keunggulan City pada ment ke-90, kembali dari serangan balik. Jika Willian menjebol dari sisi kanan, Hazard menaklukkan Bravo dari sisi kiri.
Para pemain City frustrasi karena tak bisa menjebol gawang Chelsea. Pada injury time, Anthony Taylor mengeluarkan dua kartu kuning. Ia mengusir Sergio Aguero yang melanggar David Luiz dengan kasar serta Fernandinho.</isi>
	<link>http://www.republika.co.id/berita/sepakbola/liga-inggris/16/12/03/ohm69h348-chelsea-permalukan-city-31-di-manchester</link>
</artikel>