<artikel>
	<id>OLA_SB_10_547</id>
	<judul>Vietnam Mulai Lancarkan 'Psy War' pada Publik Indonesia</judul>
	<tanggal>02/12/16</tanggal>
	<kata_kunci>piala aff, piala aff 2016, timnas vietnam, </kata_kunci>
	<isi>VIVA.co.id – Melakoni laga krusial kala bertandang ke Indonesia dalam leg I semifinal Piala AFF 2016, tim nasional Vietnam datang dengan kepercayaan diri tinggi usai menjadi pemuncak klasemen penyisihan Grup B di Myanmar. Tekad besar pun kini mereka usung untuk membungkam Skuat Merah Putih di depan pendukung Indonesia.
Jelang bergulirnya duel sengit di Stadion Pakansari, Cibinong, Kabupaten Bogor, pada Sabtu 3 Desember 2016, publik Vietnam bahkan tak ragu-ragu mengumbar "Psy War" kepada Armada Garuda.
Media online Vietnam, bongdanet.vn, sempat membuat sebuah berita yang meremehkan timnas Indonesia. "Indonesia akan menangis mengetahui statistik luar biasa Xuan Truong," tulis media tersebut.
Sosok Luong Xuan Truong merupakan seorang playmaker andalan Skuat The Golden Stars yang telah dipersiapkan khusus untuk menghadapi Indonesia.
Meski demikian tim besutan Nguyen Huu Thang ini rupanya juga menyimpan kekhawatiran melihat agresivitas bomber sekaligus kapten Indonesia, Boaz Solossa. Dalam situs resmi Federasi Sepakbola Vietnam, mereka bahkan menjuluki penyerang Persipura itu "Jahe Pedas Tua".
Indonesia dituntut untuk merebut kemenangan di leg 1 semifinal ini demi mempermudah langkah Andik Vermansyah cs kala melakoni leg 2 di Hanoi, Vietnam, pada 7 Desember 2016. (one)</isi>
	<link>http://www.viva.co.id/bola/read/854859-vietnam-mulai-lancarkan-psy-war-pada-publik-indonesia</link>
</artikel>