<artikel>
	<id>OLA_SB_10_1189</id>
	<judul>Lagi, Liverpool Jadi 'Pelanggan Setia' Southampton</judul>
	<tanggal>22/11/16</tanggal>
	<kata_kunci>liverpool, juergen klopp, Southampton, </kata_kunci>
	<isi>VIVA.co.id – Meski era Brendan Rodgers di Liverpool sudah berakhir, namun ada "tradisi" dari Rodgers yang masih ingin "dilestarikan" Juergen Klopp. Yakni dalam hal menentukan "pasar" untuk beli pemain.
Sebelum datangnya Klopp, Liverpool sudah banyak membeli pemain dari Southampton. Sebut saja Rickie Lambert, Dejan Lovren, Adam Lallana dan Nathaniel Clyne.
Seolah belum puas, The Reds (julukan Liverpool) masih ingin membajak penggawa The Saints lagi di bursa transfer musim dingin mendatang. Tak tanggung-tanggung, dilansir The Sun, Liverpool akan membajak dua pemain sekaligus.
Dia adalah Virgil van Dijk dan Sam McQueen. Keroposnya lini belakang Liverpool membuat Klopp harus menemukan penambah kekuatan, dan dua nama tersebut dianggap layak untuk menjadi pengisi pos.
Liverpool memang menjadi tim yang difavoritkan juara musim ini karena performanya yang brilian. Namun, di balik keperkasaan tersebut, tersimpan satu kekhawatiran, yakni jumlah kebobolan mereka yang cukup banyak, yakni 14 gol dari 12 pekan.
Saat diboyong dari Celtic, Van Dijk memang menandatangani kontrak dengan durasi enam tahun. Namun itu bukan menjadi halangan bagi Klopp untuk bisa membawanya ke Anfield.
Sedangka McQueen, dipandang sebagai pemain yang layak mengisi posisi bek kiri. Sebab, kini posisi bek kiri kerap diisi James Milner, yang notabene seorang gelandang.
Hilangnya kepercayaan Klopp kepada Alberto Moreno, mengakibatkan Milner didapuk sebagai "bek bayangan" dalam skuat. McQueen, yang kini berusia 21 tahun, baru melakoni laga debut di Premier League di pertandingan melawan Burnley, sebagai pemain pengganti.
Dengan munculnya rumor ini, manajer Southampton, Claude Puel mengatakan "Kami akan melihat masa depan. Sekarang kami masih menikmati memiliki pemain seperti mereka (Van Dijk dan McQueen) di skuat kami, tentu di masa depan juga," ujarnya.
 </isi>
	<link>http://www.viva.co.id/bola/read/850924-lagi-liverpool-jadi-pelanggan-setia-southampton</link>
</artikel>