<artikel>
	<id>OLA_SB_10_562</id>
	<judul>Jokdri: AFF Sudah Setuju Semifinal di Pakansari</judul>
	<tanggal>29/11/16</tanggal>
	<kata_kunci>piala aff, Stadion Pakansari, timnasindonesia, </kata_kunci>
	<isi>VIVA.co.id – Stadion Pakansari, Cibinong, Kabupaten Bogor, sudah resmi ditunjuk PSSI sebagai panggung pertandingan semifinal Piala AFF 2016. Di stadion ini, Indonesia akan melakoni laga semifinal leg 1 kontra Vietnam, 3 Desember 2016 mendatang.
Dalam berita sebelumnya, Ketua Umum PSSI, Letjen TNI Edy Rahmayadi, sudah mengonfirmasi kepastian Stadion Pakansari akan dijadikan venue pertandingan Indonesia kontra Vietnam.
Edy juga mengungkap alasan memilih Pakansari, lantaran Stadion Gelora Bandung Lautan Api (GBLA) kondisinya masih rusak usai gelaran Pekan Olahraga Nasional (PON) 2016.
Selain Edy, Wakil Ketua Umum PSSI, Joko Driyono, juga menjelaskan alasan lainnya mengapa pihaknya menunjuk stadion kebanggaan masyarakat Bogor ini. Menurut Joko, pihak AFF juga sudah menyetujui untuk menggelar laga semifinal leg 1 di Pakansari.
Joko juga menambahkan, Pakansari juga memiliki akses yang mudah dijangkau dari Jakarta. Selain itu, stadion berkapasitas 30.000 ini juga standarisasi internasional.
"Kenapa kami pilih Stadion Pakansari, karena ini planning dan pilihan terbaik PSSI dan sudah disetujui AFF. Stadion yang masih baru, akses yang dekat dari Jakarta, juga menjadi nilai tambah," ujar Joko dalam rilis yang diterima VIVA.co.id.
"Kualitas dan fasilitas stadion ini juga bagus dan sesuai dengan standar. Lay out stadionnya juga bagus menurut kami," katanya.</isi>
	<link>http://www.viva.co.id/bola/read/853384-jokdri-aff-sudah-setuju-semifinal-di-pakansari</link>
</artikel>