<artikel>
	<id>OLA_SB_10_417</id>
	<judul>Dua Bek Indonesia Absen pada Leg Pertama Semifinal AFF</judul>
	<tanggal>28/10/16</tanggal>
	<kata_kunci>timnas indonesia, alfred riedl, piala aff 2016, </kata_kunci>
	<isi>REPUBLIKA.CO.ID, JAKARTA -- Dua pemain timnas sepak bola Indonesia, tak bisa bermain pada leg pertama babak semifinal melawan Vietnam di Piala AFF 2016, Sabtu (3/12) mendatang. Laman resmi AFF Cup 2016, mencatat, dua pemain bertahan skuat Garuda, mencatat akumulasi kartu kuning dari pertandingan penyisihan grup pekan lalu.
Dua pemain bertahan tersebut, yakni Yanto Basna dan Fachruddin Wahyudi Arianto. Pemain milik Persib Bandung dan Sriwijaya FC tersebut, diganjar kartu kuning saat membela timnas Garuda melawan kesebelasan Filipina di putaran kedua penyisihan grup A, Rabu (23/11). 
Keduanya kembali disanksi kartu kuning saat laga terakhir putaran grup melawan Singapura, Sabtu (26/11). Namun, kepalatihan Alfred Riedl, sudah menyiapkan pengganti dua pemain bertahan tengah tersebut. Jika menengok jumlah 23 pemain yang diboyong pelatih asal Austria itu selama Piala AFF, kepelatihan nasional masih punya tiga pemain bertahan pengganti Yanto dan Fachruddin.
Tiga pemain tersebut, yakni Manahati Lestuhen yang merupakan pemain milik PS TNI dan biasa bermain di posisi bek kanan tengah. Selain itu, ada juga Gunawan Dwi Cahyo milik Persija Jakarta ataupun Hansamu Yama Pranata dari Barito Putera. 
Untuk Manahati, Riedl pernah menurunkan pemain 22 tahun tersebut saat timnas Garuda mengatasi permainan Thailand dan Filipina di babak penyisihan Grup A, pekan lalu. Manahati juga diandalkan Riedl sebagai pemain gelandang bertahan selain fungsinya sebagai jangkar kanan tengah pertahanan timnas Garuda. 
Sedangkan Gunawan, selama Piala AFF, memang belum pernah turun lapangan. Pemain kelahiran 1989 itu, kerap dibangkucadangkan. Akan tetapi, kepelatihan timnas mempercayainya sebagai salah satu pemain bertahan terbaik milik Indonesia. Hansamu, pun sama nasibnya seperti Gunawan sebagai pemain lapis kedua. Tapi Hansamu, juga merupakan pemain bertahan murni yang bisa dipercaya mengisi pos kanan dan kiri maupun tengah.
Timnas Vietnam, juga tak diperkuat satu pemain gelandang utamanya di semifinal melawan Indonesia mendatang. Skuat asuhan pelatih Nguyen Huu Thang, dipastikan tak diperkuat Truong Dinh Luat lantaran disanksi larangan tampil dilaga selanjutnya, setelah diganjar kartu merah saat skuatnya melawan Kamboja, di putaran final Grup B, Ahad (27/11). 
Indonesia kontra Vietnam pada semifinal Piala AFF 2016, menjadi laga ketiga kalinya bagi kedua negara tahun ini. Kedua kesebelasan, punya pengalaman mengetahui kekuatan masing-masing. Sebelum kejuaraan sepak bola terbesar di Asia Tenggara itu digelar, kedua negara menjajal laga uji coba sebanyak dua kali. 
Uji coba pertama Agustus lalu, timnas Garuda berhasil menahan imbang Vietnam dengan skor 2-2, saat laga di stadion Maguwoharjo, Yogyakarta. Sedangkan saat laga uji coba selanjutnya di stadion My Dinh, Hanoi, awal November lalu, Indonesia kalah tipis 2-3 dari Vietnam.
 </isi>
	<link>http://www.republika.co.id/berita/sepakbola/liga-indonesia/16/11/28/ohcw7n409-dua-bek-indonesia-absen-pada-leg-pertama-semifinal-aff</link>
</artikel>