<artikel>
	<id>OLA_SB_10_1084</id>
	<judul>PSG Catatkan Kemenangan Ke-100 di Liga Champions</judul>
	<tanggal>20/10/16</tanggal>
	<kata_kunci>lucas moura, rekor psg, paris saint germain, </kata_kunci>
	<isi>REPUBLIKA.CO.ID, PARIS — Klub Prancis Paris Saint-Germain (PSG) berhasil mencatatkan kemenangan ke-100 di pentas Liga Champions Eropa. Kemenangan ke-100 ini lebih istimewa karena dicatatkan di kandang sendiri, Parc de Princes, Paris.
Kemenangan PSG yang ke-100 di pentas paling bergengsi di Benua Biru diraih saat menjamu FC Basel, Kamis (20/10) dini hari WIB. PSG mampu melumat Basel dengan skor telak 3-0. Tiga gol yang dicetak PSG disarangkan melalui kaki Angel Di Maria, Lucas Moura, dan Edinson Cavani.
Padahal, PSG sedikit kesulitan menghadapi Basel. Serangan tim asal Swiss merepotkan pertahanan PSG. Bahkan, Basel berulang kali hampir mencetak gol kalau tidak digagalkan tiang gawang. Di babak pertama, PSG berhasil mencetak satu gol. Selanjutnya di babak kedua, permainan PSG semakin bagus dan berhasil menyarangkan dua gol.
Dilansir dari situs resmi PSG, tim Ibu Kota Paris sampai saat ini sudah melakoni 195 laga di pentas Liga Champion Eropa. Dari semua pertandingan yang dilakukan mereka membukukan 100 kemenangan. Sisanya, dilalui dengan 47 hasil imbang dan 48 kekalahan melawan klub-klub di Eropa. 
(Baca juga: Emery Nilai PSG Tampil Sempurna Sebagai Tim)</isi>
	<link>http://www.republika.co.id/berita/sepakbola/liga-dunia/16/10/20/ofbrf7348-psg-catatkan-kemenangan-ke100-di-liga-champions</link>
</artikel>