<artikel>
	<id>OLA_SB_10_1194</id>
	<judul>Arsenal Tak Mainkan Bellerin di Laga Kontra MU</judul>
	<tanggal>17/11/16</tanggal>
	<kata_kunci>arsenal, Manchester United, Hector Bellerin, </kata_kunci>
	<isi>VIVA.co.id – Arsenal ditimpa musibah jelang laga panas melawan Manchester United, Sabtu 19 November 2016. Mereka harus kehilangan bek andalannya, Hector Bellerin, yang mengalami cedera pangkal paha.
Cedera tersebut didapat Bellerin saat tampil membela Arsenal dalam derby London Utara, menghadapi Tottenham Hotspur, 6 November 2016 lalu. Kala itu, dia dihantam Danny Rose.
Hasil pemeriksaan menyebutkan, cedera pemain asal Spanyol tersebut cukup parah. Setidaknya, dia harus absen selama empat pekan.
"Masalah yang menimpanya muncul 10 detik setelah hantaman Rose. Alhasil, dia harus absen empat pekan," kata manajer Arsenal, Arsene Wenger, seperti dilansir Soccerway.
Meski begitu, Wenger bisa sedikit bernafas lega karena ternyata Alexis Sanchez bisa dimainkan. Sanchez sempat dikhawatirkan tak bisa membela Arsenal saat menghadapi MU.
Ketika membela Timnas Chile, Sanchez sempat mengalami masalah pada hamstringnya. Hanya saja, Wenger tak mau terburu-buru mengambil keputusan.
The Professor akan berkomunikasi dengan tim medis demi memastikan kondisi Sanchez.
"Dia mengirimkan pesan kepada kami bahwa kondisinya fit setelah pertandingan. Tapi, kami harus menunggunya hingga besok. Saya harus mempertimbangkan risiko cedera karena dia bermain dengan masalah pada hamstringnya," ujar Wenger.</isi>
	<link>http://www.viva.co.id/bola/read/849151-arsenal-tak-mainkan-bellerin-di-laga-kontra-mu</link>
</artikel>