<artikel>
	<id>OLA_SB_10_533</id>
	<judul>Bek Sayap Indonesia Janji Tampil Agresif Lawan Vietnam</judul>
	<tanggal>03/12/16</tanggal>
	<kata_kunci>piala aff, piala aff 2016, timnas vietnam, timnasindonesia, </kata_kunci>
	<isi>VIVA.co.id – Tim nasional Indonesia bakal menjamu Vietnam dalam leg pertama semifinal Piala AFF 2016 di Stadion Pakansari, Cibinong, Sabtu 3 Desember 2016. Skuat Garuda wajib memanfaatkan momen menjadi tuan rumah dengan maksimal.
Kemenangan di pertandingan kandang setidaknya bisa dijadikan modal berharga saat melakoni leg kedua nanti. Tampil spartan jadi satu-satunya cara untuk mewujudkan impian tersebut.
"Kita harus main habis-habisan dan mencetak gol ke gawang Vietnam sebanyak-banyaknya biar di pertandingan kedua kita lebih mudah," kata bek timnas Indonesia, Abduh Lestaluhu kepada wartawan saat ditemui di Hotel Lorin Sentul.
Bermain di posisi bek sayap kiri, Abduh mendapat tugas berat. Dia harus mampu menjaga pertahanan dari pemain Vietnam yang memiliki akselesari di atas rata-rata dalam melakukan penetrasi.
Meski begitu, pemain asal Tulehu, Maluku itu enggan hanya bertahan. Dia berjanji akan lebih berimprovisasi melepaskan umpan silang ke kotak penalti lawan.
"Pasti saya akan coba agresif dan lebih sering kirim umpan silang. Di latihan kemarin saya komunikasi lebih dengan Rizki Pora," tutur Abduh.</isi>
	<link>http://www.viva.co.id/bola/read/855443-bek-sayap-indonesia-janji-tampil-agresif-lawan-vietnam</link>
</artikel>