<artikel>
	<id>OLA_SB_10_1164</id>
	<judul>Menanti Debut 6 Pelatih Top di Laga Internasional</judul>
	<tanggal>01/09/16</tanggal>
	<kata_kunci>timnas Spanyol, Timnas Brasil, timnas argentina, Timnas Inggris, timnas belgia, Timnas Italia, </kata_kunci>
	<isi>VIVA.co.id – Pertengahan pekan dan akhir pekan ini tak ada pertandingan di kompetisi klub Eropa. Sebagai gantinya, bakal ada pertandingan internasional yang melibatkan negara-negara tangguh dunia.
Menariknya, ada banyak negara besar yang akan dilatih oleh pelatih anyar. Laga di jeda internasional bakal menjadi debut sekaligus ujian sebagai kualitas mereka.
Siapa sajakah pelatih yang akan melakoni debut di jeda internasional kali ini? Berikut ulasannya, seperti dilansir dari berbagai sumber:
1. Julen Lopetegui (Spanyol)
Tugas berat menanti Julen Lopetegui di Spanyol. Mantan pelatih Porto ini menggantikan Vicente Del Bosque yang mempersembahkan satu gelar Piala Eropa dan satu Piala Dunia untuk La Furia Roja.
Keputusan berani dilakukan Lopetegui saat pertama kali membesut Spanyol. Dia tak memanggil kiper veteran, Iker Casillas yang punya banyak pengalaman bersama Spanyol.
Debut Lopetegui akan berlangsung di Stade Roi Baudouin, Kamis 1 September 2016 (Jumat dini hari WIB). Spanyol akan menghadapi tuan rumah Belgia di laga persahabatan.
2. Roberto Martinez (Belgia)

Duel Belgia melawan Spanyol dipastikan bakal berlangsung menarik. Sebab, laga ini mempertemukan negara yang ditukangi pelatih anyar.
Selain Lopetegui di Spanyol, Belgia juga ditukangi pelatih anyar. Mereka bakal dilatih Roberto Martinez, yang menggantikan posisi Marc Wilmots yang dipecat.
3. Giampiero Ventura (Italia)

Italia juga punya pelatih baru. Gli Azzurri sudah menunjuk Giampiero Ventura. Pelatih 68 tahun ini menggantikan posisi Antonio Conte yang memutuskan untuk melatih Chelsea.
ventura punya banyak pengalaman melatih klub-klub Italia. Dia pernah menjabat pelatih Napoli, Cagliari, Udinese, Sampdoria, Bari, dan Torino.
Bagaimana kiprah Italia di bawah kendali Ventura? Semua akan terjawab saat Italia menjamu Prancis di laga persahabatan di San Nicola, Bari, dini hari nanti.</isi>
	<link>http://www.viva.co.id/bola/read/816523-menanti-debut-6-pelatih-top-di-laga-internasional</link>
</artikel>