<artikel>
	<id>OLA_SB_10_1168</id>
	<judul>Timnas Portugal Buka Peluang Raih Medali Olimpiade Rio 2016</judul>
	<tanggal>11/08/16</tanggal>
	<kata_kunci>timnas portugal, timnas aljazair, olimpiade rio de janeiro, olimpiade 2016, </kata_kunci>
	<isi>VIVA.co.id - Tim nasional Portugal membuka peluang meraih medali di ajang Olimpiade Rio de Janeiro 2016. Skuad asuhan Rui Jorge berhak melaju ke babak 8 besar dengan predikat sebagai juara Grup D.

Dari hasil 3 pertandingan yang dilalui, Portugal membukukan 7 poin. Dalam pertandingan terakhir melawan Aljazair di Estadio Mineirao, Rabu 10 Agustus 2016 mereka bermain imbang 1-1.

Hasil tersebut cukup bagi mereka untuk menjadi pemuncak klasemen. Sebab, di pertandingan lain, Honduras sebagai pesaing terdekat juga bermain imbang 1-1 melawan Argentina.

Portugal lebih dulu membuka keunggulan di pertandingan ini melalui Goncalo Pacienca ketika pertandingan memasuki menit ke-25. Gol Goncalo tersebut lahir setelah Selecao dihadiahi penalti oleh wasit.

Selang 5 menit kemudian, Aljazair bangkit. Mereka sukses menyamakan kedudukan menjadi 1-1 melalui gol yang disumbangkan oleh Mohamed Benkablia.

Memasuki babak kedua, pertandingan tak banyak berubah. Portugal tetap mendominasi jalannya pertandingan. Akan tetapi, tak ada sebiji gol pun yang tercipta hingga wasit meniupkan peluit tanda pertandingan berakhir.

Susunan pemain

Portugal: Bruno Varela; Tiago Ilori, Edgar Ie, Paulo Henrique, Ricardo Esgaio (Fernando Fonseca 46'); Chico Ramos, Tomas Podstawski (Andre Martins 71'), Carlos Mane, Tiago Silva; Goncalo Paciencia (Salvador Agra 62'), Pite

Aljazair: Oussama Methazem; Sofiane Bendebka, Miloud Rebiai, Houari Ferhani, Abdelraouf Benguit; Zakaria Draoui, Mohamed Benkhemassa, Ben Tahar Meziane, Mohammed Benkablia (Zakarya Haddouche 85'); Baghdad Bounedjah, Oussama Darfalou</isi>
	<link>http://www.viva.co.id/bola/read/807636-timnas-portugal-buka-peluang-raih-medali-olimpiade-rio-2016</link>
</artikel>