<artikel>
	<id>OLA_SB_10_573</id>
	<judul>Persib Gagal Curi Poin Penuh di Markas Barito Putera</judul>
	<tanggal>04/12/16</tanggal>
	<kata_kunci>persib bandung, barito putera, torabika soccer championship tsc, </kata_kunci>
	<isi>VIVA.co.id – Meski sempat unggul di babak pertama, namun Persib Bandung akhirnya harus puas bermain imbang 1-1 melawan Barito Putera di pekan ke-32 Torabika Soccer Championship, Minggu 4 Desember 2016. Gol Persib dicetak Vladimir Vujovic, sedangkan gol Barito dicetak Yongki Aribowo.
Tim tamu membuka keunggulan saat pertandingan baru berjalan 2 menit. Sebuah pelanggaran yang dilakukan Imam Arief kepada Febri Hariyadi membuat wasit menunjuk titik putih.
Vlado (sapaan Vladimir Vujovic) yang ditunjuk sebagai eksekutor, sukses menjalankan tugasnya dengan baik. Arah bola sepakan pemain asal Serbia ini tak mampu ditebak oleh Imam Arief. Persib unggul 1-0.
Tertinggal, Barito Putera coba menyamakan kedudukan. Peluang emas didapat di menit 19 dari sepakan first time sang kapten. Sayang usahanya belum membuahkan hasil karena bola melebar.
Setengah jam jalannya laga, Persib terlihat bermain lebih santai. Sebaliknya, tuan rumah meningkatkan tempo serangan dan berani melancarkan direct shot. Tapi skor belum berubah.
Gempuran Barito Putera terus berlanjut hingga akhir babak pertama. Serangan mereka masih didominasi oleh sepakan langsung ke gawang. Namun hingga wasit Nusur Fadilah meniupkan peluit panjang, skor masih 1-0 untuk keunggulan Persib.
Di babak kedua, Barito Putera langsung mengambil inisiatif serangan. Menit 49, Ambrizal mengirimkan umpan crossing kepada Luis Carlos yang berhasil menjangkau bola dengan sebuah sundulan. Namun bola masih terlalu lemah dan bisa diamankan M. Natshir.
Guna meningkatkan serangan, pelatih Barito Putera, Yunan Helmi memasukkan Yongki Aribowo di menit 69. Keputusannya ini tepat, eks penggawa Arema Cronus ini mencetak gol penyama kedudukan, dua menit setelah masuk lapangan.
Mendapat umpan terobosan ke kotak penalti, Yongki mengoversi bola dengan tendangan setengah voli di tengah himpitan pemain belakang Persib. M. Natshir tak mampu menjangkau bola yang melintas di atas kepalanya. Skor imbang 1-1.
Melihat jumlah tembakan, Barito Putera memang unggul jauh, yakni 15 berbanding 5. Namun Persib memiliki keunggulan dalam akurasi operan sebesar 79 persen berbanding 72 persen. Skor 1-1 bertahan hingga akhir laga.
SUSUNAN PEMAIN:
Barito Putera: Imam Arief Fadilah, Thierry Ghatussi, Ambrizal, Lim Jun Sik, Amirul Mukminin, Adam Alis Setyano, Nazar Nurzaidin, Muhamad Aep Maulana (Dedy Hartono 83'), Luis Carlos Junior, Agi Pratama (Yongki Aribowo 69'), Tedi Berlian (Faisal Fahri 61').
Persib Bandung: M. Natshir Fadhil, Tony Sucipto, Jajang Sukmana, Vladimir Vujovic, DIas Angga Putra, Hariono, Kim Jeffrey Kurniawan, Febri Hariyadi, Tantan (Samsul Arif 62')), Atep (Taufiq 90'), Marcos Abel Flores Benard (Robertino Pugliara 75').</isi>
	<link>http://www.viva.co.id/bola/read/855727-persib-gagal-curi-poin-penuh-di-markas-barito-putera</link>
</artikel>