<artikel>
	<id>OLA_SB_10_1073</id>
	<judul>Muenchen Pastikan Langkah ke 16 Besar</judul>
	<tanggal>02/11/16</tanggal>
	<kata_kunci>robert lewandowski, bayern muenchen, psv eindhoven, </kata_kunci>
	<isi>REPUBLIKA.CO.ID, EINDHOVEN -- Dua gol dari Robert Lewandowski membawa Bayern Muenchen memastikan laju ke fase gugur Liga Champions. Sempat tertinggal, Muenchen berbalik memimpin 2-1 atas tuan rumah PSV Eindhoven pada laga keempat Grup D Liga Champions di Stadion Philips, Rabu (2/11) dini hari WIB.
Muenchen mengumpulkan sembilan angka dan lolos bersama pemuncak klasemen sementara Atletico Madrid. Los Rojiblancos mengoleksi 12 poin setelah mengalahkan Rostov 2-1 pada saat yang sama. PSV dan Rostov yang sama-sama baru mengumpulkan nilai satu akan bersaing memperebutkan tempat ketiga agar bisa berlaga di Liga Europa.
PSV unggul pada menit ke-14 lewat bek Santiago Arias yang menyambar bola tepisan Manuel Neuer dari tandukan Davy Proper. Tayang ulang memperlihatkan Arias berada dalam posisi offside.
Lewandowski membuat skor imbang 1-1 setelah mencetak gol pertama untuk Bayern pada menit ke-34 dari eksekusi penalti. Wasit Gianluca Rocchi memberikan penalti setelah gelandang PSV Andres Guardado handball di kotak terlarang.
Penyerang Polandia ini akhirnya mengemas gol penentu kemenangan pada menit ke-73 setelah dua kali percobaannya sepanjang laga mengenai mistar gawang.</isi>
	<link>http://www.republika.co.id/berita/sepakbola/liga-dunia/16/11/02/ofzj3m348-muenchen-pastikan-langkah-ke-16-besar</link>
</artikel>