<artikel>
	<id>OLA_SB_10_1077</id>
	<judul>Jadwal Pertandingan Keempat Grup Liga Champions</judul>
	<tanggal>01/11/16</tanggal>
	<kata_kunci>jadwal liga champions, liga champions, , </kata_kunci>
	<isi>REPUBLIKA.CO.ID, LONDON -- Pertandingan penyisihan grup Liga Champions kembali bergulir mulai Rabu (2/11) dini hari WIB. Berikut ini jadwal pertandingan keempat Liga Champions Eropa dikutip dari laman PSG.FR:
Rabu, 2 November 2016 pukul 02.45 WIB 
PFC Ludogorets Razgrad - Arsenal (Grup A) 
FC Basel 1893 - Paris Saint-Germain (Grup A) 
Besiktas JK - SSC Napoli (Grup B) 
SL Benfica - Dynamo Kiev (Grup B) 
VfL Borussia Mönchengladbach - Celtic FC (Grup C) 
Manchester City - Barcelona (Grup C) 
Atlético Madrid -  Rostov (Grup D) 
PSV Eindhoven - Bayern Muenchen (Grup D)
Kamis, 3 November 2016 pukul 02.45 WIB 
AS Monaco  -  CSKA Moskow (Grup E) 
Tottenham Hotspur  - Bayer 04 Leverkusen (Grup E) 
Borussia Dortmund - Sporting CP (Grup F) 
Legia Warsawa - Real Madrid (Grup F) 
FC Kopenhagen - Leicester City (Grup G) 
Porto - Bruges (Grup G) 
Sevilla - GNK Dinamo Zagreb (Grup H) 
Juventus - Olympique Lyonnais (Grup H)
     </isi>
	<link>http://www.republika.co.id/berita/sepakbola/liga-dunia/16/11/01/ofxtmm348-jadwal-pertandingan-keempat-grup-liga-champions</link>
</artikel>