<artikel>
	<id>OLA_SB_10_1113</id>
	<judul>Alasan Wenger Tak Mainkan Walcott Sebagai Starter</judul>
	<tanggal>24/11/16</tanggal>
	<kata_kunci>arsenal, Paris Saint Germain PSG, ligachampions, Theo Walcott, </kata_kunci>
	<isi>VIVA.co.id – Arsenal tidak memainkan bintangnya, Theo Walcott, sebagai starter ketika menghadapi Paris Saint Germain (PSG) di fase Grup Liga Champions, Kamis dini hari 23 November 2016. Wenger memberikan alasan atas kondisi tersebut. 
Walcott baru tampil di menit ke-80 setelah menggantikan peran dari Francis Coquelin. Wenger membeberkan jika cedera menjadi alasannya tidak memainkan Walcott sebagai starter. 
Dilansir Metro, pemain asal Inggris ini sebelumnya mendapat cedera di bagian jari kaki ketika Arsenal bentrok dengan Manchester United, 19 November 2016 lalu. Di laga tersebut kedua tim bermain imbang 1-1. 
"Walcott masih memiliki masalah dengan jari kakinya. Dan sekarang saya masih memiliki pemain yang bugar dan siap bermain di pertandingan," kata Wenger. 
"Jadi, saya mencoba untuk melakukan rotasi dan menjadi keseimbangan dalam tim. Dan saya memainkan Giroud di laga kontra PSG," tutur pria 67 tahun ini. 
Selanjutnya, The Gunners dijadwalkan menghadapi Bournemouth di pekan ke-13 Premier League. Laga tersebut akan dihelat pada Minggu 11 November 2016 mendatang. 

 </isi>
	<link>http://www.viva.co.id/bola/read/851615-alasan-wenger-tak-mainkan-walcott-sebagai-starter</link>
</artikel>