<artikel>
	<id>OLA_SB_10_1167</id>
	<judul>Argentina Terhindar dari Angkat Koper di Olimpiade 2016</judul>
	<tanggal>08/08/16</tanggal>
	<kata_kunci>olimpiade 2016, timnas argentina, timnas aljazair, </kata_kunci>
	<isi>VIVA.co.id - Argentina meraih kemenangan atas Aljazair dalam pertandingan Grup D Olimpiade 2016 di Brasil, Senin 8 Agustus 2016. Tim Tango menang 2-1, untuk bangkit dari kekalahan 2-0 yang diberikan Portugal, dalam pertandingan sebelumnya.

Penyerang Atletico Madrid Angel Martin Correa, mencetak gol pembuka pada menit 47. Aljazair sempat menyamakan kedudukan, lewat gelandang Hussein Dey, Sofiane Bendebka pada menit 64, tetapi Jonathan Calleri mampu meresposnnya dengan gol kedua Argentina.

Striker Sao Paolo itu memberikan gol kemenangan Argentina di menit 70, atau hanya enam menit, setelah Aljazair menyamakan kedudukan. Kemenangan ini, membuat Argentina mendapatkan poin yang sangat mereka butuhkan, untuk menjaga asa di Olimpiade.
Hasil imbang dipastikan bakal mengancam Albiceleste, untuk angkat koper lebih cepat dari Brasil. Argentina yang pernah meraih dua emas sepakbola Olimpiade itu memperoleh hasil memalukan dengan kalah dua gol tanpa balas melawan Portugal, sehingga terpuruk di dasar grup.
Sementara itu, kekalahan pagi ini menjadi kabar buruk bagi Aljazair. Mereka dikalahkan Honduras 3-2 pada pertandingan pembuka, sehingga kekalahan kedua membuat mereka menggantikan Argentina sebagai tim terbawah di Grup D. (asp)</isi>
	<link>http://www.viva.co.id/bola/read/806160-argentina-terhindar-dari-angkat-koper-di-olimpiade-2016</link>
</artikel>