<artikel>
	<id>OLA_SB_10_1193</id>
	<judul>Cech Ingin Akhiri Harapan MU</judul>
	<tanggal>18/11/16</tanggal>
	<kata_kunci>arsenal, Manchester United, Liga Inggris, Klasemen Liga Inggris, </kata_kunci>
	<isi>VIVA.co.id – Kiper Arsenal Petr Cech bertekad mengakhiri harapan Manchester United terlibat dalam perburuan gelar juara Premier League musim ini. Caranya dengan mengalahkan MU, akhir pekan ini.
"MU berada di belakang kami, jadi meninggalkan mereka tetap di belakang adalah tujuan kami," kata Cech seperti dilansir Soccerway, Jumat 18 November 2016. 
"Tujuan kedua adalah tetap mendekat dengan puncak klasemen," lanjut mantan kiper Chelsea itu.
Arsenal akan bertandang ke Old Trafford melawan MU dalam lanjutan Premier League, Sabtu 19 November 2016. MU harus menang untuk menjaga asa dalam perburuan gelar juara. 
MU saat ini masih tercecer di posisi enam klasemen sementara dengan 18 poin dari 11 laga. Terpaut delapan poin dari Liverpool yang duduk di puncak.
Sementara Arsenal juga butuh kemenangan guna memperbaiki posisi di papan klasemen. Arsenal saat ini berada di posisi empat, hanya unggul empat poin dari MU.
"Jika MU berpikir ingin memangkas selisih poin dan menjaga peluang bersaing dalam perebutan gelar juara, mereka harus meraih tiga poin (di laga ini)," katanya.</isi>
	<link>http://www.viva.co.id/bola/read/849254-cech-ingin-akhiri-harapan-mu</link>
</artikel>