<artikel>
	<id>OLA_SB_10_1149</id>
	<judul>Tampil Gemilang, Neymar Tetap Dikritik Pelatih Brasil</judul>
	<tanggal>07/10/16</tanggal>
	<kata_kunci>Timnas Brasil, timnas bolivia, Neymar, Kualifikasi Piala Dunia 2018, piala dunia 2018, </kata_kunci>
	<isi>VIVA.co.id – Neymar tampil gemilang saat Brasil menggasak Bolivia 5-0 di laga Kualifikasi Piala Dunia 2018 zona CONMEBOL, Jumat pagi WIB, 7 Oktober 2016. Penyerang Barcelona ini menyumbangkan satu gol dan dua assist dalam laga yang berlangsung di Arena das Dunas, Natal.
Namun, Neymar tetap tak lepas dari kritikan pelatih Brasil, Tite. Itu karena Neymar menerima kartu kuning di menit 36. Situasi yang membuat mantan pemain Santos ini menerima akumulasi kartu, dan tak bisa tampil saat bersua Venezuela. Tite berharap Neymar bisa semakin dewasa, dan menghindari hukuman kartu.
"Neymar dan saya, membutuhkan kedewasaan untuk memahami kami bisa menghadapi situasi semacam ini. Mengenai kartu kuning itu, pelanggaran itu secara emosional bisa mengguncang skuat dan memprovokasi situasi," kata Tite seperti dilansir Soccerway.
"Anda bisa bilang, oke, pelanggaran itu bagian dari permainan dan masalah wasit. Namun, tanggung jawab saya sebagai pelatih adalah membimbing pemain," lanjutnya.
Terlepas dari akumulasi kartu itu, Neymar harus mengalami cedera saat melawan Bolivia. Pemain 24 tahun ini digantikan oleh Willian di menit 69.
"Tim harus tetap kuat tanpa Neymar. Tidak manusiawi jika membebankan segala hal pada Neymar," tutur Tite. (one)</isi>
	<link>http://www.viva.co.id/bola/read/831776-tampil-gemilang-neymar-tetap-dikritik-pelatih-brasil</link>
</artikel>