<artikel>
	<id>OLA_SB_10_1159</id>
	<judul>Sampai Kapan pun, Ancelotti Takkan Mau Latih 2 Klub Ini</judul>
	<tanggal>04/09/16</tanggal>
	<kata_kunci>bayern munich, Real Madrid, Barcelona, carlo ancelotti, </kata_kunci>
	<isi>VIVA.co.id – Catatan manis ditorehkan Carlo Ancelotti saat masih berstatus pelatih Real Madrid. Pelatih berpaspor Italia ini sukses mendaratkan trofi Liga Champions dan Copa del Rey di musim 2013/2014.
Musim tersebut adalah musim perdana Don Carletto menangani Cristiano Ronaldo cs. Dengan segudang pengalaman dan status sebagai pelatih papan atas dunia, Ancelotti mampu mendongkrak performa armada Los Merengues di musim perdananya.
Selama dua musim menjadi nakhoda Madrid, Ancelotti merasakan persaingan hebat dengan dua kompetitor, Barcelona dan Atletico Madrid.
Sayangnya, kebersamaan Ancelotti bersama Madrid harus berakhir usai ia didepak dari jabatannya pada Mei 2015. Ancelotti harus menerima kenyataan setelah tak mampu memenangkan satu gelar pun di musim 2014/2015.
Meski demikian, kecintaannya kepada Madrid tidak memudar. Dalam sebuah wawancara dengan media Spanyol, Marca, Ancelotti menegaskan takkan menerima tawaran dari dua pesaing Madrid, Barcelona dan Atletico, seandainya ada tawaran dari dua klub tersebut.
Penolakan Ancelotti didasarkan kepada rasa hormatnya kepada Madrid, dan pengetahuannya tentang persaingan antara ketiga tim elite Spanyol tersebut.
"Tidak, saya tidak akan pernah melatih (Atletico atau Barcelona). Saya menghormati sejarah persaingan dengan cara yang sama. Saya juga tidak akan melatih Lazio atau Inter (Milan)," ujar mantan pelatih AC Milan ini.
"Ini adalah cerita saya dan sebuah penghargaan itu sangat penting. Saya sangat hormat kepada Atletico dan Barcelona. Tapi, saya tidak bisa melatih mereka karena sudah melatih Real Madrid selama dua tahun," kata Ancelotti.
Ancelotti saat ini sudah menjalani petualangan barunya bersama Bayern Munich di ajang Bundesliga. Dalam laga perdananya, Ancelotti sukses mengantar The Bavarians menang telak 6-0 atas Werder Bremen, pekan lalu.</isi>
	<link>http://www.viva.co.id/bola/read/817518-sampai-kapan-pun-ancelotti-takkan-mau-latih-2-klub-ini</link>
</artikel>