<artikel>
	<id>OLA_SB_10_459</id>
	<judul>Allegri Enggan Komentari Penjualan Pogba</judul>
	<tanggal>25/07/16</tanggal>
	<kata_kunci>massimiliano allegri, paul pogba, juventus, </kata_kunci>
	<isi>REPUBLIKA.CO.ID, TURIN -- Pelatih Juventus, Massimiliano Allegri, enggan membahas soal kemungkinan penjualan Paul Pogba. Saat mengumumkan bahwa Mehdhi Benatia, Miralem Pjanic, dan Roberto Pereyra akan bermain besok, Allegri menolak untuk memberikan penjelasan soal kemungkinan penjualan Pogba ke Real Madrid atau  Manchester United.

"Ini adalah argumen yang tidak ingin saya bicarakan. Kami di sini untuk berlatih dan bersiap-siap untuk musim mendatang. Yang bisa saya katakan ialah dari Turin mereka melakukan pekerjaan yang fantastis dan bursa tranfer yang fantastis," ujar Allegri kepada wartawan, dilansir dari Football Italia, Senin (25/7).

I Bianconeri akan menghadapi Tottenham Hotspurs dalam laga pra-musim besok Selasa (26/7) di Melbourne, Australia. Laga itu merupakan salah satu peluang pertama bagi sang pelatih untuk menguji pemain barunya.

"Besok Benatia, Pjanic, dan Pereyra akan bermain. Kami akan bermain dengan empat orang di lini pertahanan, dengan Alex Sandro atau pemain muda di sebelah kanan," jelasnya.

Pelatih berusia 48 tahun ini mengatakan ia akan mencoba untuk memberikan lebih banyak waktu bermain bagi mereka dimulai dari menit pertama. Pertandingan tersebut menurutnya akan menjadi laga berbeda sekaligus menjadi ujian penting untuk kesinambungan persiapan tim.

Pelatih asal Italia ini mengatakan tahun ini Nyonya Tua akan bermain melawan tim-tim besar dari awal musim. Karena itu, musim mendatang akan sulit jika mereka melakukan penampilan lebih buruk daripada tahun lalu, saat mereka mengambil satu poin di tiga laga.

"Anda tidak pernah bisa mengatakan di sepakbola. Di atas kertas, itu pasti awal musim yang lebih menantang, tapi akhirnya memenangkan kejuaraan berarti memenangkan sejumlah pertandingan, dan itulah yang akan kita coba dan lakukan," tambahnya.</isi>
	<link>http://www.republika.co.id/berita/sepakbola/liga-italia/16/07/25/oav8sj336-allegri-enggan-komentari-penjualan-pogba</link>
</artikel>