<artikel>
	<id>OLA_SB_10_1020</id>
	<judul>Fokus Pep Kembali ke Liga Primer Inggris</judul>
	<tanggal>24/11/16</tanggal>
	<kata_kunci>pep guardiola, manchester city, liga primer inggris, </kata_kunci>
	<isi>REPUBLIKA.CO.ID, LONDON – Pep Guardiola memuji performa pemain Manchester City setelah menahan imbang Borussia Monchengladbach 1-1 dalam laga Liga Champions, Kamis (24/11) dini hari WIB. Hasil tersebut membuat City memastikan memastikan lolos ke babak 16 besar. “Secara umum kami membuat kinerja yang baik. Jadi sekarang kami bisa fokus pada satu kompetisi, Liga Premier dan kami bisa begitu puas,” kata Guardiola seperti dikutip dari Sky Sports, Kamis (24/11). 
Guardiola merasa City kehilangan kendali permainan saat laga lawan Muenchengladbach. Meskipun begitu, dia tetap senang David Siva bisa mencetak satu gol sehingga berhasil menahan imbang tuan rumah. Menurutnya, laga pada babak kedua menjadi lebih baik setelah ia memasukkan Fernandinho.
Lolos ke babak 16 besar, Guardiola semakin oprimistis berkompetisi di Liga Champions. “Para pemain dan klub ini begitu baru di Eropa dan setiap kali kami bermain permainan seperti ini kita membaik,” ungkap Guardiola. Dia berharap bisa memiliki hasil yang juga menyenangkan di Liga Primer Inggris.
 </isi>
	<link>http://www.republika.co.id/berita/sepakbola/liga-dunia/16/11/24/oh4xp7409-fokus-pep-kembali-ke-liga-primer-inggris</link>
</artikel>