<artikel>
	<id>OLA_SB_10_1154</id>
	<judul>Iniesta Yakin ManCity akan Sukses Bersama Guardiola</judul>
	<tanggal>07/09/16</tanggal>
	<kata_kunci>Andres Iniesta, Josep Guardiola, Nolito, </kata_kunci>
	<isi>VIVA.co.id – Kemampuan hebat seorang Josep Guardiola dalam meramu kekuatan sebuah klub pastinya tak perlu diragukan lagi. Kualitas dan kapasitasnya bahkan kerap dipuji sejumlah bintang top dunia, salah satunya adalah playmaker Barcelona, Andres Iniesta.
Bagi Iniesta, sosok Guardiola merupakan orang yang sangat tepat untuk memimpin Manchester City dalam persaingan Premier League musim ini. Torehan kemenangan dalam 3 laga awal seolah menjadi bukti betapa impresifnya skuat The Citizens.
"Pep tahu bagaimana beradaptasi dan saya yakin dia akan melakukannya di Inggris. Dia juga punya staf seperti Mikel Arteta yang akan membantu proses itu, yang tahu liga," ungkap Iniesta, melalui The Guardian.
"Pemain belajar dari hari ke hari, dari pengalaman, rekan-rekan dan manajer saya belajar banyak dari Pep. Ia membantu saya untuk meningkatkan performa dan dia akan melakukan hal yang sama di City," tambahnya.
Tak cuma itu, Iniesta juga memuji langkah-langkah yang diambil City dalam jendela transfer musim panas lalu dengan memboyong pemain yang tepat.
"City telah mendatangkan sejumlah pemain yang tepat pada bursa transfer dan memiliki skuat yang sangat kompetitif. Saya tahu Nolito baik, karena ia adalah rekan setimnya di Barcelona dan dengan Spanyol. Dia memiliki awal yang baik, dan mudah-mudahan bisa terus berlanjut," jelas gelandang yang pernah diasuh Guardiola pada 2008 hingga 2012 lalu.
  (ren)</isi>
	<link>http://www.viva.co.id/bola/read/818873-iniesta-yakin-mancity-akan-sukses-bersama-guardiola</link>
</artikel>