<artikel>
	<id>OLA_SB_10_1199</id>
	<judul>Laga Inggris Vs Spanyol Sisakan Dendam antara Spurs dan MU</judul>
	<tanggal>16/11/16</tanggal>
	<kata_kunci>Tottenham Hotspur, Manchester United, premier league, </kata_kunci>
	<isi>VIVA.co.id – Gelandang Tottenham Hotspur, Eric Dier, bersumpah akan membalas dendam pada Ander Herrera. Bintang Manchester United, itu menyikut wajah Dier dalam laga persahabatan Inggris vs Spanyol, yang berakhir dengan skor 2-2 pada Rabu 16 Februari 2016.
"Kita akan segera bertemu lagi," kata Dier, seperti dikutip dari Mirror. Dia berjanji akan membalas apa yang dilakukan Herrera, saat timnya kembali bertemu MU di Premier League. Menurutnya sangat jelas apa yang dilakukan Herrera, dan sangat tidak menyukainya.
"Saya tidak keberatan, jika terjadi kontak diantara pemain, tapi yang dilakukannya sangat kotor dan tidak dibutuhkan. Saya mengoper bola, dan dia menyikut saya di wajah beberapa saat setelah itu. Saya tidak tahu mengapa dia melakukannya, buat saya itu konyol," ucapnya.
Ditanya apakah dia menuntut Herrera meminta maaf, Dier mengatakan tidak membutuhkannya. "Saya tidak meminta dia meminta maaf. Saya akan segara bertemu dengannya. Hal seperti ini terjadi, tapi saya tidak tahu mengapa dia melakukanya," kata Dier.
"Itu yang menyebabkan saya marah. Tindakannya aneh dan tidak menyenangkan," ucapnya. Tottenham Hotspur baru akan bertemu MU, saat mereka menjalani laga tandangan ke Old Trafford pada 11 Desember nanti.
  (ren)
 </isi>
	<link>http://www.viva.co.id/bola/read/848577-laga-inggris-vs-spanyol-sisakan-dendam-antara-spurs-dan-mu</link>
</artikel>