<artikel>
	<id>OLA_SB_10_1163</id>
	<judul>Kata Lopetegui Usai Bawa Spanyol Menang di Laga Debut</judul>
	<tanggal>02/09/16</tanggal>
	<kata_kunci>timnas Spanyol, timnas belgia, julen lopetegui, </kata_kunci>
	<isi>VIVA.co.id – Catatan manis ditorehkan Julen Lopetegui dalam laga debutnya menukangi Timnas Spanyol. Pelatih berusia 50 tahun ini sukses mengantar armada La Furia Roja mengalahkan Belgia dalam laga uji coba di King Baudouin Stadium, Jumat 2 September 2016 dini hari WIB.
Dua gol yang dibuat David Silva, sukses mengantar Spanyol menang atas tuan rumah Belgia 2-0 dalam laga tersebut. Ini merupakan kemenangan perdana yang diberikan oleh Lopetegui, usai menggantikan peran Vicente Del Bosque yang mundur dari jabatannya usai Piala Eropa 2016.
Lopetegui yang lebih memilih untuk memainkan banyak pemain muda, membuat keputusan untuk menyisihkan beberapa nama semisal Iker Casillas dan Cesc Fabregas dari timnya.
Hasilnya positif. Meski berhadapan dengan tim bertabur bintang sekelas Belgia, Alvaro Morata cs mampu mendominasi jalannya laga tersebut.
"Kami telah mencoba untuk bekerja lebih sebagai tim, baik saat menguasai bola atau saat tanpa bola. Kami berani menunjukkan bahwa ini adalah hal yang sangat membuat nyaman tim kami," ujar Lopetegui usai pertandingan dilansir Socccerway.
"Hari ini adalah waktu di mana kami bermain sangat baik. Kami mampu menjaga keseimbangan, kami tahu ada sedikit tekanan, kami bersyukur untuk permainan yang sangat baik," katanya.
Sementara itu, Lopetegui baru akan melakoni debut kompetitifnya bersama Spanyol dalam laga kontra Liechtenstein di ajang kualifikasi Piala Dunia 2018. Menurutnya, laga tersebut justru lebih penting daripada kemenangan yang baru saja diraihnya.
"Pertandingan ini sangat baik, tapi pertandingan berikutnya (melawan Liechtenstein) lebih penting, tak diragukan lagi," ucapnya.
 </isi>
	<link>http://www.viva.co.id/bola/read/816811-kata-lopetegui-usai-bawa-spanyol-menang-di-laga-debut</link>
</artikel>