<artikel>
	<id>OLA_SB_10_454</id>
	<judul>Persiba dan Semen Padang Berbagi Angka 1-1 di Babak Pertama</judul>
	<tanggal>29/07/16</tanggal>
	<kata_kunci>semen padang, persiba, persiba vs semen padang, </kata_kunci>
	<isi>REPUBLIKA.CO.ID, JAKARTA -- Babak pertama laga antara Persiba Balikpapan menjamu Semen Padang di Stadion Persiba, Balikpapan pada Jumat (29/7) harus berakhir dengan skor 1-1. Sempat tertinggal 0-1 melalaui gol Marcel, tim tuan rumah berhasil menyamakan kedudukan lewat solo run  Siswanto pada menit ke-33. Kedua kesebelasan bertanding pada lanjutan Indonesia Soccer Championship (ISC) A pekan ke-13.
Tim tamu membuka keunggulan pada menit ke-25, melalui tandukan sang striker Marcel Silva Sacramento. Gol pembuka berawal dari skema serangan balik cepat dari Riko Simanjutak yang menyisir sisi kiri pertahanan Persiba Balikpapan. Riko mengakhirinya dengan umpan silang ke arah Marcel yang  berdiri bebas tanpa pengawalan. Tanpa kesulitan Marcel menanduk umpan matang tersebut ke arah gawang Persiba Balikpapan. 
Empat menut kemudian Persiba Balikpapan memiliki kesempatan untuk menyamakan kedudukan lewat aksi Shohei Matsunaga. Bermula dari umpan silang Siswanto dari sisi kiri pertahanan Semen Padang. Sayangnya, umpan yang dikirim dari Siswanto masih belum bisa dimanfaatkan dengan maksimal oleh Matsunaga. Lantaran bola hasil sepakannya masih melambung tipis di atas mistar gawang.
Upaya tim tuan rumah untuk menyamakan kedudukan menuai hasil pada menit ke-33 lewat sepakan mendatar Siswanto. Gol balasan tim Beruang Madu terjadi berkat aksi solo run Siswanto yang menusuk ke kotak penalti Semen Padang. Sebelum memasuki kotak penalti, Siswanto berhasil mengecoh kiper Jandia Eka yang hendak menghalau bola dengan kakinya. Akhirnya tanpa kesulitan Siswa menceploskan bola ke arah gawang yang sudah tak berpenghuni.
Skor 1-1 membuat kedua tim meningkatkan permainan, jual beli serangan pun tak terelakkan. Namun hingga 45 menit pertama berakhir tak ada gol tambahan yang tercipta dari kedua kesebelasan. Walhasil mereka harus  puas mengakhiri babak pertama dengan hasil imbang 1-1. 
   </isi>
	<link>http://www.republika.co.id/berita/sepakbola/liga-indonesia/16/07/29/ob2mjq299-persiba-dan-semen-padang-berbagi-angka-11-di-babak-pertama</link>
</artikel>