<artikel>
	<id>OLA_SB_10_1054</id>
	<judul>Harapan Tinggi Candreva kepada Pioli</judul>
	<tanggal>13/11/16</tanggal>
	<kata_kunci>antonio candreva, inter milan, serie a, </kata_kunci>
	<isi>REPUBLIKA.CO.ID, VADUZ – Gelandang serang Inter Milan, Antonio Candreva optimistis prestasi klubnya akan membaik setelah kedatangan Stefanio Pioli sebagai pelatih. Candreva sudah paham betul dengan kualitas pelatih berusia 51 tahun tersebut karena musim lalu keduanya sama-sama bekerja sama di Lazio. “Inter yang baru akan dimulai. Saya punya harapan tinggi kepada Pioli,” kata Candreva, dikutip dari Football Italia, Ahad (13/11).
Gelandang berusia 29 tahun ini menanggapi tentang proses penunjukkan Pioli sebagai pelatih baru Inter sedikit ada persoalan dengan Lazio. Karena, Pioli harus menyelesaikan urusan administrasi untuk menghentikan aliran gaji yang masih diterimanya dari Biancocelesti pascapemecatan April silam. 
Menurut Candreva, Pioli sudah menyelesaikan semuanya dengan cara baik-baik. Ia yakin pelatihnya itu kini sudah fokus untuk membangkitkan semangat juang Inter yang masih terperangkap di papan tengah Serie A. “Sama sekali tidak ada masalah (dengan Lazio). Kini Inter akan berbeda dengan yang sebelumnya,” ucap Candreva. 
Candreva hampir dipastikan akan menjadi salah satu andalan Pioli di Inter. Pioli diprediksi akan menggunakan pola 4-3-3 untuk Inter. Formasi yang sama ketika ia masih menukangi Lazio. Musim lalu, Candreva adalah motor serangan mematikan Pioli di Lazio. Di mana ia diberi kebebasan bergerak dari sektor sayap menuju kotak penalti lawan.
 </isi>
	<link>http://www.republika.co.id/berita/sepakbola/liga-italia/16/11/13/ogkp7u409-harapan-tinggi-candreva-kepada-pioli</link>
</artikel>