<artikel>
	<id>OLA_SB_10_1146</id>
	<judul>Brasil Puncaki Klasemen, Argentina Terjun Bebas</judul>
	<tanggal>12/10/16</tanggal>
	<kata_kunci>timnas brasil, timnas argentina, Kualifikasi Piala Dunia 2018, </kata_kunci>
	<isi>VIVA.co.id – Brasil melanjutkan tren positif di kualifikasi Piala Dunia 2018 zona Conmebol dengan menekuk Venezuela di Olimpico Metropolitano de Merida, Rabu 12 Oktober 2016.
Meski tidak diperkuat Neymar Jr yang cedera, Brasil menang meyakinkan 2-0. Dua gol kemenangan Brasil dibukukan Gabriel Jesus di menit 8 dan Willian di menit 53.
Tambahan tiga poin ini membuat Brasil memuncaki klasemen sementara dengan 21 poin dari 10 laga. Dilansir Soccerway, ini menjadi kemenangan beruntun Brasil di empat laga terakhir kualifikasi.
Sementara itu, di saat yang sama, nasib sial dialami Argentina. Tim Tango tumbang 0-1 dari Paraguay. Argentina tercatat gagal meraih kemenangan di tiga laga terakhir (1 kalah, 2 imbang).
Rangkaian hasil buruk ini membuat Argentina terjun bebas ke posisi lima klasemen sementara setelah hanya membukukan 16 poin dari 10 pertandingan yang sudah dilakoni.
Fakta yang patut diperbaiki Argentina. Sebab hanya tim empat besar yang lolos langsung ke putaran final Piala Dunia 2018. Sedangkang, posisi lima harus melewati babak playoff. 
Argentina wajib bangkit di laga berikutnya. Tapi lawan berat sudah menanti Argentina. Sebab lawan terdekat adalah Brasil yang akan mereka hadapi pada 11 November 2016.
 </isi>
	<link>http://www.viva.co.id/bola/read/833766-brasil-puncaki-klasemen-argentina-terjun-bebas</link>
</artikel>