<artikel>
	<id>OLA_SB_10_578</id>
	<judul>Di Balik Selebrasi Popok Gelandang Persib</judul>
	<tanggal>02/12/16</tanggal>
	<kata_kunci>torabika soccer championship tsc, Persib, persib bandung, </kata_kunci>
	<isi>VIVA.co.id - Gelandang Persib, Taufiq melakukan selebrasi unik usai menjebol gawang Perseru Serui dalam lanjutan Torabika Soccer Championsip, di Stadion Si Jalak Harupat, Soreang, Kabupaten Bandung, Rabu 30 November 2016.
Setelah mencetak gol di menit ke 87, pemain berusia 30 tahun ini berlari ke pojok lapangan dan melakukan selebrasi menimang bayi dan membentangkan popok. Gol tersebut sekaligus membawa Persib menang 6-2 atas tim berjuluk Cenderawasih Jingga itu.
Taufiq mengaku selebrasi itu didedikasikan untuk sang buah hati yang baru berusia tiga bulan. Selain itu, kemenangan Persib menjadi kado indah Taufiq yang baru merayakan hari ulang tahun ke 30 belum lama ini.
"Yang penting kita menang itu yang utama, terus senang juga bisa buat gol buat anak pertama si kecil, kemudian kemarin baru ulang tahun juga," kata Taufiq.
Tentang selebrasinya, mantan pemain Persebaya Surabaya ini mengaku tak ada rencana merayakan seperti itu, dia hanya melakukannya secara spontan. "Tidak ada rencana, itu selebrasi refleks saja," katanya.
Lebih lanjut, Taufiq mengucapkan terimakasih kepada Bobotoh yang terus mendukung karirnya selama berkostum Maung Bandung. "Terima kasih buat Bobotoh yang selalu mendukung dalam keadaan bagimana pun," lanjut Taufq.
Selanjutnya, Maung Bandung melawat ke Banjarmasin guna melakoni laga melawan Barito Putera dipartai ke 30 TSC pada 4 Desember 2016. Persib sendiri saat ini berada di posisi tujuh klasemen sementara TSC dengan raihan 47 poin.</isi>
	<link>http://www.viva.co.id/bola/read/854877-di-balik-selebrasi-popok-gelandang-persib</link>
</artikel>