<artikel>
	<id>OLA_SB_10_585</id>
	<judul>Operator Lakukan Pendampingan pada Klub-klub TSC</judul>
	<tanggal>26/11/16</tanggal>
	<kata_kunci>pt gelora trisula semesta, torabika soccer championship tsc, bhayangkara fc, </kata_kunci>
	<isi>VIVA.co.id – Selama gelaran Torabika Soccer Championship (TSC) bergulir, PT Gelora Trisula Semesta (GTS) ternyata tak berhenti memberi pendampingan kepada setiap klub. Tujuannya agar ke-18 klub yang ada mampu membangun tim hingga mapan.
Pendampingan yang diberikan kepada setiap klub tidaklah sama. Contohnya seperti pada Persiba Balikpapan. Hampir tidak ikut serta dalam TSC, operator akhirnya turun tangan untuk membentuk tim dan manajemen baru.
Akan tetapi, setelah kompetisi bergulir dan klub berjuluk Beruang Madu sudah bisa berjalan sendiri, GTS pun mulai angkat kaki. "GTS tak mau dianggap memiliki klub sendiri karena netralitas," ujar Yeyen Tumena selaku perwakilan PT GTS kepada VIVA.co.id, Jumat 25 November 2016.
Sentuhan lain perwakilan GTS didapatkan oleh Bhayangkara FC yang membeli saham Surabaya United beberapa waktu lalu. Mereka dibantu untuk menyusun struktur organisasi hingga kepentingan lain terkait perpindahan kepemilikan.
Selain itu, tim marketing GTS juga berkeliling ke setiap klub TSC guna membantu meningkatkan performa dari sisi komersial. Di era industri, kepercayaan pihak sponsor tentu harus dipelihara sebaik mungkin oleh setiap klub.
"Tim marketing sudah jalan ke beberapa klub untuk melakukan pendampingan dari sisi perkembangan marketing. Terakhir mereka sudah ke Sriwijaya," tutur Yeyen.</isi>
	<link>http://www.viva.co.id/bola/read/852516-operator-lakukan-pendampingan-pada-klub-klub-tsc</link>
</artikel>