<artikel>
	<id>OLA_SB_10_544</id>
	<judul>Seribu Tiket Semifinal Piala AFF di Bogor Batal Dijual</judul>
	<tanggal>02/12/16</tanggal>
	<kata_kunci>timnasindonesia, piala aff, timnas vietnam, </kata_kunci>
	<isi>VIVA.co.id – Ribuan suporter Timnas Indonesia hari ini kecewa setelah panitia batal menjual tiket semifinal leg pertama Piala AFF 2016 di Stadion Persikabo Bogor. Beberapa suporter padahal rela menunggu sejak pagi hari.
Laga leg pertama semifinal Piala AFF 2016 antara Indonesia melawan Vietnam akan berlangsung di Stadion Pakansari, Cibinong, Kabupaten Bogor, Sabtu 3 Desember 2016. 
Melalui akun Twitternya, Kamis 1 Desember 2016 PSSI mengumumkan jika loket penjualan tiket juga dibuka pada pukul 08.00 WIB di Stadion Persikabo, Jumat 2 Desember 2016 untuk kategori tiga dengan harga Rp100.000.
Suporter sudah datang ke Stadion Persikabo untuk membeli tiket secara langsung. Tetapi penjualan tiket akhirnya dibatalkan.
"Saya kecewa. Sudah antri sejak pagi jam 07.00 WIB tapi malah tidak jadi dijual. Panitianya bagaimana sih," kata salah satu pemburu tiket, Syaefrudin, saat ditemui VIVA.co.id di lokasi.
Lain halnya dengan penonton lain bernama Ibnu. Meski PSSI telah mengumumkan pembatalan penjualan di Stadion Persikabo, ia tetap bertahan di stadion.
Menurut informasi dari PSSI melalui Twitternya, bahwa 1000 lembar tiket akan dijual melalui perwakilan suporter Kabomania.
"Saya mau nunggu sampai nanti ada info lagi. Kalau pun hari ini tidak dapat besok saya tetap ke stadion. Masak warga Bogor nonton timnas lewat televisi, padahal mainnya di Pakansari," jelas Ibnu.
Ibnu mengeluhkan sulitnya tiket didapat. Ia dan rekan-rekannya sempat membeli melalui online, namun tidak pernah berhasil.
Sementara itu, 10.000 lembar tiket yang dijual di loket tiket Senayan sudah habis sejak pukul 10.25 WIB.
  (ren)</isi>
	<link>http://www.viva.co.id/bola/read/855033-seribu-tiket-semifinal-piala-aff-di-bogor-batal-dijual</link>
</artikel>