<artikel>
	<id>OLA_SB_10_1012</id>
	<judul>Sakho Absen Bela West Ham Enam Pekan</judul>
	<tanggal>30/11/16</tanggal>
	<kata_kunci>diafra sakho, west ham united, manchester united, </kata_kunci>
	<isi>REPUBLIKA.CO.ID, LONDON -- Penyerang West Ham United Diafra Sakho bakal absen selama enam pekan setelah mengalami cedera di paha pada Ahad (27/11). Cedera di dapat saat bermain dalam pertandingan Liga Inggris kontra Manchester United yang berakhir imbang 1-1.
Pemain internasional Senegal ini menjadi pemain kunci West Ham dalam dua musim terakhir. Ia baru saja kembali bugar setelah menepi sejak awal musim karena mengalami cedera punggung.
Sakho mencetak gol pada menit-menit awal pertandingan sebelum kemudian ditarik keluar pada babak kedua.
"Pemindaian pada Selasa mengungkapkan bahwa cedera itu akan membuat dia keluar dari pertandingan sampai enam pekan," kata klub London melalui situsnya, www.whufc.com.
Sakho 26 tahun, akan bergabung dengan pemain sayap Gokhan Tore dan bek Sam Byram, Arthur Masuaku, dan Reece Oxford di meja perawatan West Ham.
The Hammers akan berlaga di Old Trafford lagi pada Kamis (1/12) dini hari ini menghadapi United pada perempat final Piala Liga sebelum menjamu Arsenal di Liga Primer Inggris akhir pekan ini.</isi>
	<link>http://www.republika.co.id/berita/sepakbola/liga-inggris/16/11/30/ohgq3a348-sakho-absen-bela-west-ham-enam-pekan</link>
</artikel>