<artikel>
	<id>OLA_SB_10_1063</id>
	<judul>Gareth Bale Sesalkan Hasil Imbang Lawan Warsawa</judul>
	<tanggal>03/11/16</tanggal>
	<kata_kunci>liga champions, bintang real madrid, gareth bale, </kata_kunci>
	<isi>REPUBLIKA.CO.ID, MADRID -- Salah satu mega bintang Real Madrid Gareth Bale menyesalkan hasil imbang 3-3 saat lawatan ke Polish Army Stadium markas Legia Warsawa dalam lanjutan kualifikasi Grup F Liga Champions.

Bale membawa Los Merengues unggul dulu dalam tempo kurang dari semenit, sebelum mereka memimpin 2-0 melalui gol tambahan Karim Benzema.
Tetapi tuan rumah secara mengejutkan sanggup bangkit dari tekanan dan berbalik unggul 3-2, melalui gol-gol Vaids Odjidja, Miroslav Radovic, dan Thibault Moulin sebelum akhirnya Mateo Kovacic menutup kran gol malam tadi di menit-menit akhir pertandingan yang membuat skor menjadi 3-3.

Bale sendiri mengaku merasa sedikit aneh, lantaran pertandingan semalam digelar di kandang Legia yang tidak boleh dihadiri oleh penonton.
"Saya merasa aneh bermain di stadion tertutup, namun tidak boleh ada alasan. Kami tidak senang dengan hasil ini. Kami harus bisa lebih baik ketika bertahan dan mengambil peluang yang ada. Terkait gol, itu adalah gol yang bagus, namun itu tidak bisa membuat kami menang, dan itulah yang terpenting," katanya dilansir laman resmi klub, Kamis (3/11).

Lebih lanjut pemain yang dijuluki sebagai the Welsh Wizard ini menambahkan bahwa seharusnya Madrid mampu mematahkan permainan lawan ketika mengamankan dua gol lebih dulu. "Kami harusnya bisa meningkatkan konsentrasi karena kami kemasukan gol konyol oleh Legia Warsawa. Kami harus menganalisanya dan terus berlatih."

Atas hasil tersebut Madrid terpaksa tergusur di posisi kedua oleh pesaing terdekatnya Borussia Dortmund yang pada pertandingan lain menang 1-0 lawan Sporting Lisbon. Sedangkan Warasawa masih menjadi juru kunci dengan raihan satu poin dari empat pertandingan yang telah dilakoni.</isi>
	<link>http://www.republika.co.id/berita/sepakbola/internasional-2/16/11/03/og1ln5301-gareth-bale-sesalkan-hasil-imbang-lawan-warsawa</link>
</artikel>