<artikel>
	<id>OLA_SB_10_1157</id>
	<judul>Messi Tak Berharap Putranya Jadi Pesepakbola</judul>
	<tanggal>05/09/16</tanggal>
	<kata_kunci>lionel messi, Barcelona, timnas argentina, </kata_kunci>
	<isi>VIVA.co.id – Menjadi pemain terbaik dunia lima kali adalah prestasi luar biasa yang hanya bisa diukir oleh seorang Lionel Messi. Dia menjadi kebanggaan bagi keluarga serta negara, Argentina.
Sayangnya, meski telah sukses besar di dunia sepakbola, Messi malah tidak ingin putranya, Thiago, mengikuti jejaknya. Malah sejak awal La Pulga berusaha menjauhkan anak pertamanya tersebut dari 'si kulit bundar'.
"Saya tidak membelikan Thiago bola atau memaksanya bermain. Saya lihat dia tidak terlalu menyukainya," kata Messi dikutip Goal.
Sikap Thiago sendiri berbanding terbalik dengan Cristiano Ronaldo Junior, putra Cristiano Ronaldo yang sejak awal sudah terlihat menggemari sepakbola. Dia sering terlihat berlatih bareng dengan sang ayah ketika berada di rumah.
Cristiano Junior juga hobi menyaksikan pertandingan. Dia rutin melihat CR7 tampil baik secara langsung atau lewat layar kaca.
Namun yang menarik, Cristiano Junior sempat mengakui bahwa dia kagum dengan sosok Lionel Messi dan merupakan salah satu fans bintang Barcelona itu. Keduanya pernah bertemu dalam acara Ballon d'Or dan Cristiano Junior malu-malu bersalaman dengan Messi.</isi>
	<link>http://www.viva.co.id/bola/read/817893-messi-tak-berharap-putranya-jadi-pesepakbola</link>
</artikel>