<artikel>
	<id>OLA_SB_10_511</id>
	<judul>LIVE MATCH: Babak I, Timnas Tertinggal dari Singapura</judul>
	<tanggal>25/11/16</tanggal>
	<kata_kunci>timnasindonesia, timnas singapura, piala aff, piala aff 2016, </kata_kunci>
	<isi>VIVA.co.id – Indonesia menghadapi Singapura dalam laga terakhir di Grup A Piala AFF 2016, Jumat 25 November 2016. Indonesia sementara tertinggal 0-1 dalam laga yang berlangsung di Rizal Memorial Stadium, Filipina.
Laga berjalan sengit sejak laga dimulai. Indonesia lebih menguasai jalannya pertandingan.
Indonesia hampir unggul pada menit 5 saat Stefano Lilipaly mengambil tendangan bebas. Sayang, kiper Singapura berhasil menepis dan bola hanya menyentuh tiang gawang. Boaz Solossa yang menyambar bola malah melambungkan bola ke luar lapangan.
Menit 13, Andik melakukan tendangan jarak jauh, namun belum mampu menembus gawang Hariss Harun karena hanya melayang tipis di atas mistar. Indonesia masih kesulitan membobol gawang Singapura.
Petaka untuk Tim Garuda datang pada menit 27. Memanfaatkan eksekusi tendangan pojok, Muhammad Khairul Amri Mohammad Kamal berhasil membobol gawang lewat tendangan salto.
Di sisa laga pertama, Indonesia terus berusaha menggempur pertahanan dari Singapura. Namun, Boaz Solossa cs masih belum bisa menyamakan kedudukan.
Sementara itu, di pertandingan lainnya, Thailand dan Filipina masih bermain imbang tanpa gol. Meski menguasai jalannya laga, Thailand yang menurunkan skuat lapis kedua masih belum mampu membuka keunggulan di babak pertama.
Susunan pemain
Singapura: Hassan Abdullah Sunny (GK); Muhammad Shakir Hamzah, Madhu M. Mohana, Mohammed Faritz Abdul Hameed, Daniel Mark Bennett; Muhammad Faris Ramli, Hariss Harun, Muhammad Safuwan Baharudin, Muhammad Yasir Hanapi, Anumanthan Mohan Kumar; Muhammad Khairul Amri Mohammad Kamal.
Indonesia: Kurnia Meiga Hermansyah (GK); Fachruddin Aryanto, Rudolof Yanto Basna, Muhammad Abduh Lestaluhu, Benny Wahyudi; Evan Dimas Darmono, Stefano Lilipaly, Rizki Rizaldi Pora, Andik Vermansyah, Bayu Pradana; Boaz Solossa.</isi>
	<link>http://www.viva.co.id/bola/read/852465-live-match-babak-i-timnas-tertinggal-dari-singapura</link>
</artikel>