<artikel>
	<id>OLA_SB_10_1059</id>
	<judul>Juventus Konfirmasi Barzagli Cedera Bahu</judul>
	<tanggal>07/11/16</tanggal>
	<kata_kunci>juventus, andrea barzagli, seri a, </kata_kunci>
	<isi>REPUBLIKA.CO.ID, VERONA – Bek senior Juventus, Andrea Barzagli dikonformasi mengalami cedera bahu saat membela timnya melawan tuan rumah Chievo Verona, di Stadion Bentegodi Ahad (6/11) malam WIB. Tim dokter Bianconeri menginformasikan, masih butuh waktu untuk memastikan detail cedera bek 35 tahun tersebut. “Andrea (Barzagli) langsung dilarikan ke rumah sakit karena cedera bahu. Belum diketahui akan berapa lama dia akan absen,” bunyi pernyataan resmi Juve, dikutip dari Football Italia, Senin (7/11).
Walau belum tahu kapan akan sembuh, hampir dipastikan Barzagli tak akan membela Italia melawan Liechstenstein dan Jerman pada pekan ini. Cedera Barzagli membuat pelatih Italia Giampiero Ventura memutar otak untuk lini pertahanan Gli Azzurri. Karena sebelumnya, tandem Barzagli Giorgio Chiellini juga mengalami cedera kambuhan. 
Kemungkinan untuk laga kualifikasi Piala Dunia 2018 melawan Liechstenstein dan uji coba melawan Jerman, Ventura akan memercayakan lini belakang kepada dua bek muda Alessio Romagnoli dan Daniele Rugani. Keduanya akan menjadi trio bersama bek senior, Leonardo Bonucci.
 </isi>
	<link>http://www.republika.co.id/berita/sepakbola/liga-italia/16/11/07/og9hlq409-juventus-konfirmasi-barzagli-cedera-bahu</link>
</artikel>