<artikel>
	<id>OLA_SB_10_1001</id>
	<judul>Hukuman untuk City, Berkah Bagi Pesaing</judul>
	<tanggal>06/12/16</tanggal>
	<kata_kunci>manchester city, sergio aguero, liga primer inggris, </kata_kunci>
	<isi>REPUBLIKA.CO.ID, MANCHESTER – Kabar buruk harus diterima oleh Manchester City. Asosasi Sepak Bola Inggris (FA) menghukum penyerang andalan mereka, Sergio Aguero. Pemain asal Argentina ini harus terkena larangan bertanding sebanyak empat laga. Aguero dihukum akibat perbuatan kasarnya ketika melakukan tekel kepada David Luiz dalam laga City kontra Chelsea akhir pekan lalu. 
Dengan sanksi tersebut, top skorer City (10 gol di Liga Primer Inggris) ini dipastikan absen pada laga lawa Leicester City, Watford, Arsenal, dan Hull City. Hukuman Aguero tergolong berat karena ini kali kedua dia berbuat ulah. Sebelumnya, pada Agustus lalu dia berbuat kasar saat menyikut bek West Ham United, Winston Reid. "Kami akan menunggu pembelaan dari City hingga 8 Desember," tulis FA dalam laman resminya dikutip Selasa (6/12).
Kabar buruk bagi City, tapi kabar baik bagi para kompetitor. Ini karena tak hanya Aguero yang terkena hukuman. Gelandang andalan pelatih City, Fernandinho juga mesti menerima larangan tampil dalam tiga laga setelah pada pertandingan kontra Chelsea melakukan perbuatan brutal dengan mendorong pemain lawan, Cesc Fabregas hingga terjatuh. Dalam laga itu sendiri, City keok 1-3 di kandang sendiri, Stadion Etihad.
Tentu ini jadi kerugian besar bagi the Citizens yang sedang tertatih. Digadang-gadang jadi kandidat utama juara liga, hingga pekan ke-14 mereka tercecer di peringkat keempat dengan 30 angka terpaut empat angka dari Chelsea di puncak klasemen.
 </isi>
	<link>http://www.republika.co.id/berita/sepakbola/liga-inggris/16/12/06/ohqvwd409-hukuman-untuk-city-berkah-bagi-pesaing</link>
</artikel>