<artikel>
	<id>OLA_SB_10_1007</id>
	<judul>Ranieri Minta Timnya Lupakan Kejayaan Musim Lalu</judul>
	<tanggal>02/12/16</tanggal>
	<kata_kunci>claudio ranieri, leicester, liga primer inggris, </kata_kunci>
	<isi>REPUBLIKA.CO.ID, LEICESTER – Manajer Leicester City, Claudio Ranieri meminta para pemainnya untuk melupakan kejayaan yang pernah mereka torehkan di kompetisi sepak bola Liga Inggris musim lalu. Ranieri meminta Riyadh Mahrez dkk fokus untuk bangkit dari posisi saat ini yang mendekati zona degradasi.
Leicester kini dua angka di atas zona degradasi, akan bertandang ke Sunderland, pada Sabtu (3/12). Ranieri pun berharap mencatat kemenangan pertama di luar kandang musim ini agar bisa mendongkrak posisi timnya. “Yakinlah, saya telah total melupakan apa yang dicatat musim lalu," kata Ranieri melalui laman resmi klub, Jumat (2/12).
“Ini musim yang baru, dan kami harus bangkit. Kami tahu Sabtu besok merupakan pertandingan yang sangat sangat berat. Dua angka (dari zona degradasi) adalah tidak memuaskan. Kami harus kuat, kompak dan berjuang bersama," ujar Ranieri. Leicester, yang mengantongi 13 angka, kini di urutan ke-14 klasemen Liga Primer setelah hanya meraih tiga kali kemenangan dari 13 laga.
 </isi>
	<link>http://www.republika.co.id/berita/sepakbola/liga-inggris/16/12/02/ohk7ao409-ranieri-minta-timnya-lupakan-kejayaan-musim-lalu</link>
</artikel>