<artikel>
	<id>OLA_SB_10_1119</id>
	<judul>Bale Jadi Tumbal Kemenangan Real Madrid</judul>
	<tanggal>23/11/16</tanggal>
	<kata_kunci>realmadrid, gareth bale, ligachampions, </kata_kunci>
	<isi>VIVA.co.id – Real Madrid menang tipis 2-1 atas Sporting Lisbon dalam lanjutan fase grup Liga Champions di Estadio Jose Alvalade, Rabu dinihari 23 November 2016.
Dua gol kemenangan Madrid dicetak Raphael Varane di menit 29 dan gol Karim Benzema di menit 87. Sementara gol tunggal tuan rumah dibukukan Adrien Silva di menit 80.
Kemenangan ini membuat Madrid memastikan lolos ke babak 16 besar. Meski demikian, El Real harus membayar mahal kemenangan ini dengan cedera sang megabintang, Gareth Bale.
Bale mengalami cedera setelah dihajar bek Sporting, Sebastian Coates di awal babak kedua. Alhasil, pemain internasional Wales itu pun ditarik keluar di menit 58.
"Bale mengalami masalah engkel. Dia masih membutuhkan tes lanjutan untuk mengetahui seberapa parah cederanya," kata pelatih El Real, Zinedine Zidane dilansir Soccerway.
"Terlalu dini menyebut dia akan absen cukup lama. Kita akan lihat perkembangannya, jadi kami belum tahu apakah dia bisa fit untuk El Clasico," ujar Zidane menambahkan.
Madrid memang akan melakoni laga krusial pada 11 hari mendatang. Skuad asuhan Zidane akan menghadapi Barcelona di laga bertajuk El Clasico dalam lanjutan La Liga, 3 Desember mendatang.
(mus)</isi>
	<link>http://www.viva.co.id/bola/read/851088-bale-jadi-tumbal-kemenangan-real-madrid</link>
</artikel>