<artikel>
	<id>OLA_SB_10_1065</id>
	<judul>Hasil Lengkap Pertandingan Keempat Grup Liga Champions</judul>
	<tanggal>03/11/16</tanggal>
	<kata_kunci>hasil liga champions, liga champions, , </kata_kunci>
	<isi>REPUBLIKA.CO.ID, LONDON -- Pertandingan keempat penyisihan grup Liga Champions telah berakhir pada Kamis (3/11) pagi WIB. Berikut ini hasil pertandingan keempat Liga Champions Eropa:
Rabu, 2 November 2016 pukul 02.45 WIB 
PFC Ludogorets Razgrad 2-3 Arsenal (Grup A) 
FC Basel 1893 1-2 Paris Saint-Germain (Grup A) 
Besiktas JK 1-1 SSC Napoli (Grup B) 
SL Benfica 1-0 Dynamo Kiev (Grup B) 
VfL Borussia Mönchengladbach 1-1 Celtic FC (Grup C) 
Manchester City 3-1 Barcelona (Grup C) 
Atlético Madrid 2-1  Rostov (Grup D) 
PSV Eindhoven 1-2 Bayern Muenchen (Grup D)
Kamis, 3 November 2016 pukul 02.45 WIB 
AS Monaco  3-0  CSKA Moskow (Grup E) 
Tottenham Hotspur  0-1 Bayer 04 Leverkusen (Grup E) 
Borussia Dortmund 1-0 Sporting CP (Grup F) 
Legia Warsawa 3-3 Real Madrid (Grup F) 
FC Kopenhagen 0-0 Leicester City (Grup G) 
Porto 1-0 Bruges (Grup G) 
Sevilla 4-0 Dinamo Zagreb (Grup H) 
Juventus 1-1 Olympique Lyonnais (Grup H)
     </isi>
	<link>http://www.republika.co.id/berita/sepakbola/liga-dunia/16/11/03/og1b23348-hasil-lengkap-pertandingan-keempat-grup-liga-champions</link>
</artikel>