<artikel>
	<id>OLA_SB_10_514</id>
	<judul>Plus dan Minus Singapura di Mata Andik Vermansyah</judul>
	<tanggal>25/11/16</tanggal>
	<kata_kunci>piala aff, timnasindonesia, timnas singapura, Andik Vermansyah, </kata_kunci>
	<isi>VIVA.co.id – Tim nasional Indonesia akan menghadapi Singapura dalam laga penentuan Grup A Piala AFF 2016 Jumat malam nanti, 25 November 2016. Penyerang Indonesia, Andik Vermansyah, menilai ada beberapa faktor yang bakal menentukan.
Menurut winger Timnas tersebut, Singapura memiliki pertahanan solid yang bahkan membuat tim sekelas Thailand baru bisa mencetak gol di menit ke-89. Hal itu patut jadi catatan tersendiri.
Tetapi, ada juga faktor minus dalam penyerangan Singapura yaitu selalu kesulitan dalam membangun serangan, dan hanya mengandalkan bola mati.
"Kami tahu mereka punya pertahanan bagus dan berbahaya dari bola mati, tapi mereka tak bisa mencetak gol dari open play. Saya yakin Indonesia bisa menang," ujar Andik pada situs resmi AFF.
Andik kembali mengenang kisah manisnya bersama Indonesia saat menghadapi Singapura di Piala AFF sekitar empat tahun silam. Tendangan bebas jarak jauh Andik berbuah tiga poin dari sang lawan.
Menghadapi laga malam nanti di Rizal Memorial Stadium, pemain yang baru berulang tahun ke-25 itu pun berambisi mengulangi suksesnya tersebut. Karena sadar, hanya kemenangan yang bisa membawa Indonesia ke semifinal.
"Saya harap bisa mengulang bermain bagus dan mencetak gol melawan Singapura di Kuala Lumpur. Sebelum itu, kami belum pernah mengalahkan Singapura dalam delapan pertandingan, jadi semuanya pasti mungkin," tegas kapten klub Liga Malaysia, Selangor FA, tersebut. (one)</isi>
	<link>http://www.viva.co.id/bola/read/852340-plus-dan-minus-singapura-di-mata-andik-vermansyah</link>
</artikel>