<artikel>
	<id>OLA_SB_10_1057</id>
	<judul>Ancelotti: Dybala Mampu Buat Sejarah Bersama Juventus</judul>
	<tanggal>10/11/16</tanggal>
	<kata_kunci>carlo ancelotti, paolo dybala, juventus, </kata_kunci>
	<isi>REPUBLIKA.CO.ID, MUNICH – Manajer Bayern Muenchen, Carlo Ancelotti memuji kualitas yang dimiliki oleh penyerang Juventus, Paulo Dybala. Ia juga menilai Dybla bisa membuat sejarah bersama Si Nyonya Tua. “Dybala adalah penyerang modern. Bakatnya memadukan kecepatan dan dinamisme sangatlah bagus, dia bisa saja membuat sejarah bersama Juventus selama sepuluh tahun ke depan,” papar Ancelotti kepada Tuttosport, dilansir Football Italia, Rabu (9/11).
Pelatih yang kerap disapa Don Carlo ini juga menerangkan tentang spekulasi kepindahan Marco Verratti dari Paris-Saint Germain (PSG) pada bursa transfer 2017 mendatang. “Verratti? Itu adalah ketentuan sang agen membuat trik dengan tujuan menaikan harga. Mengambil pemain dari klub top seperti PSG sangat lah sulit, Anda juga telah melihat begaimana itu terjadi dengan Blaise Matuidi,” sambungnya.
Tuttosport kemarin, mengklaim bahwa Verratti bisa saja ke Juventus Arena pada musim panas eropa tahun depan. Akan tetapi, Ancelotti menilai, mantan klubnya itu telah memiliki Miralem Pjanic di lini tengah. "Ia butuh waktu, dan sebagai pemain kualitasnya tidak perlu ditanyakan lagi,” kata Ancelotti, menambahkan.
 </isi>
	<link>http://www.republika.co.id/berita/sepakbola/liga-italia/16/11/09/ogdoke409-ancelotti-dybala-mampu-buat-sejarah-bersama-juventus</link>
</artikel>