<artikel>
	<id>OLA_SB_10_583</id>
	<judul>LIVE MATCH: Persipura Sementara Unggul atas MU di Babak I</judul>
	<tanggal>26/11/16</tanggal>
	<kata_kunci>torabika soccer championship tsc, Persipura Jayapura, madura united, </kata_kunci>
	<isi>VIVA.co.id – Persipura untuk sementara unggul 1-0 atas Madura United, dalam babak pertama pertandingan pekan ke-30 Torabika Soccer Championship, Sabtu 26 November 2016. Gol didapat Ricardo Silva De Almeida pada menit 23 melalui penalti.
Persipura seperti sudah diperhitungkan, bermain agresif sejak awal. Peluang pertama didapat lewat sepak pojok di menit ketiga, namun tidak berhasil menjadi ancaman serius. Hingga 10 menit laga berjalan, pertahanan Madura United terlihat sangat disiplin.
Beberapa kali Persipura selalu gagal melakukan penetrasi ke dalam kotak penalti. Namun, upaya MU melakukan serangan balik juga belum memberi titik cerah, walau pertahanan Persipura terlihat sangat longgar.
Persipura akhirnya unggul lewat titik putih di menit 23, setelah pelanggaran yang dilakukan Gilang Ginarsa terhadap Ricardo Silva De Almeida di menit 22. Para pemain MU sempat mengajukan protes saat wasit menunjuk titik putih. Mereka menganggap Ricardo sengaja menjatuhkan diri.
Melihat rekaman ulang, wasit tidak salah membuat keputusan. Ricardo memang seperti sengaja menjatuhkan diri, namun Gilang juga jelas melakukan pelanggaran. Ricardo Salampessy melakukan blunder pada menit 31, yang membuat bola bisa dikuasai MU di wilayah pertahanan Persipura.
Sayangnya, peluang bagus tidak bisa dikonversi jadi gol penyeimbang. Di menit 38 Persipura sangat beruntung. Yoo Jae Hoon yang jelas harus berterimakasih pada tiang gawangnya, karena menggagalkan sundulan Patrich Wanggai.
Jae Hoon meninggalkan gawangnya, bahkan keluar dari kotak penalti, untuk menghadang Elthon Maran yang menerima bola terobosan di sayap kanan. Tapi, Maran bisa melepaskan umpan silang ke tengah, di mana Wanggai berdiri bebas di belakang dua bek Persipura.
Gawang sudah kosong, dan Wanggai yang ada persis di tengah dua tiang gawang, tinggal sedikit menyentuh bola saja. Sayangnya, sundulan dia dari jarak sekitar dua meter terlalu ke kiri, sehingga mengenai tiang gawang.
Ketinggalan satu gol memang membuat MU tersengat, dan bermain sangat agresif. Berkali-kali penetrasi mereka menghadirkan ancaman serius bagi gawang Persipura, tapi gol tidak bisa mereka dapatkan hingga babak pertama berakhir.
Saksikan jalannya pertandingan melalui fasilitas LIVE MATCH VIVA.co.id dengan tautan ini.
Susunan pemain:
Persipura Jayapura: Yoo Jae Hoon; Yustinus Pae, Rony Beroperay, Muhammad Tahir, Paulin Pierre Bio; Ricardo Salampessy, Nelson Alom, Ricardo Silva De Almeida; Osvaldo Ardiles Haay, Yohanes Ferinando Pahabol, Edward Wilson Junior.
Madura United: Hery Prasetyol; Rendi Siregar, Munhar, Fabiano Beltrame, Gilang Ginarsa; Dane Milovanovic, Ahmad Maulana Putra, Engelberd Sani, Elthon Maran, Erick Weeks Lewis; Patrich Steve Wanggai.</isi>
	<link>http://www.viva.co.id/bola/read/852631-live-match-persipura-sementara-unggul-atas-mu-di-babak-i</link>
</artikel>