<artikel>
	<id>OLA_SB_10_588</id>
	<judul>Penonton Berkurang, Arema Cronus Pertimbangkan Ganti Nama</judul>
	<tanggal>23/11/16</tanggal>
	<kata_kunci>arema cronus, Arema, torabika soccer championship tsc, </kata_kunci>
	<isi>VIVA.co.id – Kandidat juara Torabika Soccer Championship (TSC), Arema Cronus mempertimbangkan untuk mengganti nama di kompetisi musim depan. Ide ini muncul karena menjadi salah satu faktor yang diperkirakan berkurangnya animo penonton untuk datang langsung ke stadion.
Diakui oleh General Manager Arema, Ruddy Widodo, jajaran manajemen melakukan evaluasi mengenai turunnya animo penonton. Selain karena masalah nama klub, status kompetisi TSC yang tidak resmi dan jam tayang televisi yang terlalu malam juga jadi pertimbangan.
(Baca juga: Bidik Juara TSC, Arema Diminta Fokus di 5 Laga Sisa)
"Mungkin juga nama Arema Cronus kurang dikenal di kalangan Aremania," ujar Ruddy saat berbicara kepada Arema FC TV. Terkait pergantian nama ini, nantinya manajemen klub berjuluk Singo Edan akan melakukan sayembara.
"Manajemen memutuskan melibatkan Aremania, nama apa yang sekiranya mewakili atau memberikan kebangaan supaya kawan-kawan Aremania lebih aktif nonton di stadion," ujarnya menambahkan.
Selain pergantian nama, nantinya ada juga sayembara untuk mengubah logo. Semua perubahan ini dilakukan karena manajemen Arema sadar kompetisi sepakbola Indonesia sedang dalam perjalanan menuju era industri yang butuh dukungan publik.
(Baca juga: 5 Laga Penentu Arema, MU & Persipura Menuju Gelar Juara TSC)
"Suporter merupakan pasar dari industri itu sendiri, dan kita ingin melibatkan agar rasa memilikinya ada. Nanti bagaimana rasa memiliki itu diaktualisasikan oleh mereka.”
(mus)</isi>
	<link>http://www.viva.co.id/bola/read/851529-penonton-berkurang-arema-cronus-pertimbangkan-ganti-nama</link>
</artikel>