<artikel>
	<id>OLA_SB_10_1177</id>
	<judul>Misi Guardiola Temukan Rahasia Sukses Conte dalam 6 Hari</judul>
	<tanggal>27/11/16</tanggal>
	<kata_kunci>Manchester City, chelsea, pep guardiola, </kata_kunci>
	<isi>VIVA.co.id – Menang 2-1 atas Burnley, Manchester City terus setia membuntuti sang pemuncak klasemen sementara Premier League, Chelsea, bersama Liverpool. Mereka kini kembali terpaut satu angka dengan The Blues.
Menariknya, pekan depan The Citizen bakalan menjamu Chelsea di Etihad Stadium. Itu pastinya akan menjadi duel perebutan tampuk pimpinan.
Mengingat betapa krusialnya laga tersebut, manajer ManCity, Pep Guardiola langsung mempersiapkan timnya. Dia mengaku akan mencari informasi sebanyak mungkin soal permainan tim asuhan Antonio Conte.
"Sekarang kami akan menghadapi tim terbaik. Dalam beberapa laga terakhir Chelsea bermain bagus," kata Guardiola.
"Kami akan berusaha menemukan rahasia Conte dan mengalahkan mereka. Masih tersisa enam hari, kami harus bisa memaksimalkan untuk persiapan," sambungnya dikutip Goal.
Chelsea diketahui tampil fenomenal dalam tujuh laga terakhir. Mereka meraih kemenangan beruntun dan cuma kebobolan sebiji gol.</isi>
	<link>http://www.viva.co.id/bola/read/852878-misi-guardiola-temukan-rahasia-sukses-conte-dalam-6-hari</link>
</artikel>