<artikel>
	<id>OLA_SB_10_1172</id>
	<judul>MU Raih Tiket Semifinal Usai Tumbangkan West Ham</judul>
	<tanggal>01/12/16</tanggal>
	<kata_kunci>piala liga inggris, Manchester United, west ham, </kata_kunci>
	<isi>VIVA.co.id - Manchester United sukses mengalahkan West Ham United pada babak perempat final Piala Liga Inggris di Old Trafford, Kamis 1 Desember 2016. Setan Merah mengunci kemenangan dengan skor 4-1.
MU langsung menggetarkan gawang West Ham kala laga baru berjalan dua menit. Gol pembuka Setan Merah ini dicetak oleh Zlatan Ibrahimovic, yang memanfaatkan umpan backheel dari Henrikh Mkhitaryan.
Ini menjadi gol ke-10 dari Ibrahimovic untuk MU di semua ajang. Mantan pemain Paris Saint-Germain dan Barcelona itu nyaris menggandakan kedudukan di menit 7, andai sepakannya tak digagal oleh kiper Adrian San Miguel.
West Ham benar-benar sulit keluar dari tekanan para pemain Setan Merah hingga pertengahan babak pertama. Mereka mendapat peluang lewat serangan balik, namun bola yang dikuasai Sofiane Feghouli berhasil diamankan Marcos Rojo.
Memasuki menit 35, West Ham akhirnya mampu menyamakan kedudukan menjadi 1-1 lewat Ashley Fletcher. Gol berawal dari tepisan David De Gea atas tendangan Dimitri Payet, bola muntah berhasil dimanfaatkan baik oleh Fletcher menjadi gol.
Skor imbang 1-1 pun tetap bertahan hingga turun minum. Pasukan Jose Mourinho berhasil unggul 2-1 pada menit 48 melalui gol Anthony Martial, yang lagi-lagi berkat umpan dari Mkhitaryan.
Martial berhasil mencetak gol keduanya di menit 62, sekaligus membawa MU unggul 3-1. Gol dari pemain asal Prancis ini tercipta berkat umpan dari Antonio Valencia.
MU berhasil memperlebar keunggulan menjadi 4-1 berkat gol dari Ibrahimovic di masa injuy time. MU pun berhasil keluar sebagai pemenang dan berhak meraih tiket ke semifinal.
Susunan Pemain
Manchester United: David De Gea, Marcos Rojo, Phil Jones, Luke Shaw (Daley Blind '46), Michael Carrick, Antonio Valencia, Henrikh Mkhitaryan (Marcus Rashford '90), Ander Herrera, Zlatan Ibrahimovic, Wayne Rooney, Anthony Martial (Bastian Schweinsteiger '86)
West Ham United: Adrian San Miguel, Angelo Ogbonna, Winston Reid, Aaron Cresswell (Arthur Masuaku '45), Dimitri Payet (Simone Zaza '76), Sofiane Feghouli, Chikhou Kouyate, Michail Antonio (Manuel Lanzini '58), Pedro Obiang, Edimilson Fernandes, Ashley Fletcher</isi>
	<link>http://www.viva.co.id/bola/read/854378-mu-raih-tiket-semifinal-usai-tumbangkan-west-ham</link>
</artikel>