<artikel>
	<id>OLA_SB_10_1025</id>
	<judul>Paruh Pertama, Messi Bawa Barcelona Unggul Tipis</judul>
	<tanggal>24/11/16</tanggal>
	<kata_kunci>liga champions, barcelona celtic, lionel messi, </kata_kunci>
	<isi>REPUBLIKA.CO.ID, GLASGOW -- Mega bintang Barcelona, Lionel Messi, membawa unggul timnya atas Celtic dengan skor 1-0 di Celtic Park, Kamis (24/11) dini hari WIB. Pada laga tersebut tim tamu mendominasi penguasaan bola di atas 60 persen. Sedangkan Celtic memilih untuk bertahan sambil menunggu Barcelona melakukan kesalahan. Namun hingga babak pertama selesai, tidak ada gol lagi yang diciptakan oleh kedua tim.

Meski demikian Celtic memiiki sejumlah peluang menjebol gawang Celtic untuk menyamakan kedudukan. Pada menit ke-35 Muenchen sukses menjebol gawang tim tuan rumah. Meski ada empat pemain lawan, Messi bisa menusuk ke kotak penalti lawan untuk menyambut umpan terukur dari Neymar dan Messi mencetak gol lewat tembakan kaki kirinya ke tiang dekat.

Pada menit ke-37 tim tuan rumah berpeluang menyamakan kedudukan. Namun tembakan Moussa Dembele masih bisa diantisipasi oleh kiper Barcelona, Marc-Andre Ter Stegen. Empat menit kemudian Barcelona hampir menggandakan keunggulan melalui tandukann Luis Suarez dari jarak dekat. Beruntung Gordon membuat penyelamatan luar biasa dngan satu tangan. Walhasil babak pertama harus puas diakhiri dengan skor 1-0.

Susunan Pemain

Celtic: Gordon; Lustig, Simunovic, Sviatchenko, Izaguirre; Armstrong, Brown; McGregor, Rogic, Sinclair; Dembele

Barcelona: Ter Stegen; Sergi Roberto, Pique, Mascherano, Alba; Rakitic, Busquets, Gomes; Messi, Suarez, Neymar</isi>
	<link>http://www.republika.co.id/berita/sepakbola/liga-dunia/16/11/24/oh46c9328-paruh-pertama-messi-bawa-barcelona-unggul-tipis</link>
</artikel>