<artikel>
	<id>OLA_SB_10_508</id>
	<judul>Kesalnya Pelatih BSU Usai Dikalahkan 10 Pemain Persipura</judul>
	<tanggal>06/08/16</tanggal>
	<kata_kunci>bhayangkara surabaya united, torabika soccer championship tsc, </kata_kunci>
	<isi>VIVA.co.id - Pil pahit ditelan Bhayangkara Surabaya United. Menjamu Persipura Jayapura di Stadion Gelora Delta, Sidoarjo, dalam pekan 14 Torabika Soccer Championship (TSC), BSU kalah dengan skor 1-2.

Kekalahan ini terbilang menyakitkan. Sebab, BSU unggul dalam jumlah pemain.

Menit 52, Persipura berhasil unggul lewat gol Marinus Mariyanto. Namun, Marinus melakukan tindakan konyol saat selebrasi.

Dia melepas bajunya dan berlari ke arah penonton. Wasit Thoriq Alkatiri langsung memberikannya kartu kuning. Ini adalah kartu kuning kedua Marianus, yang artinya, dia harus mandi lebih awal.

Saat unggul jumlah pemain, BSU terus menekan pertahanan Persipura. Namun, mereka kesulitan mencetak gol penyeimbang.

Gol yang ditunggu baru tercipta di menit 90 lewat sepakan Thiago Furtuoso. Sial bagi BSU, mereka kembali kebobolan, tak lama setelah Thiago menyamakan skor.

Kali ini, Boaz Solossa yang berhasil menjebol gawang Wahyu Tri Nugroho lewat sepakan kerasnya.

"Kekalahan ini sama dengan yang kami derita saat menghadapi Madura United beberapa waktu lalu. Penyebabnya sama, konsentrasi. Saat itu, kami kurang konsentrasi. Makanya, kami kalah," sesal pelatih BSU, Ibnu Grahan.

Ibnu pun berjanji akan segera memperbaiki level konsentrasi para pemainnya. Dia berharap saat menghadapi Semen Padang, kesalahan yang sama tak terulang.

"Ke depannya, konsentrasi, insting, dan mental pemain, harus lebih peka," kata Ibnu.

Kekalahan dari Persipura membuat BSU gagal menggusur Arema Cronus. Mereka tertahan di posisi ketiga klasemen sementara TSC dengan koleksi 26 angka.</isi>
	<link>http://www.viva.co.id/bola/read/805765-kesalnya-pelatih-bsu-usai-dikalahkan-10-pemain-persipura</link>
</artikel>