<artikel>
	<id>OLA_SB_10_1134</id>
	<judul>Mourinho Mengamuk Gara-gara MU Disusupi Mata-mata</judul>
	<tanggal>11/11/16</tanggal>
	<kata_kunci>Manchester United, Jose Mourinho, liga europa, </kata_kunci>
	<isi>VIVA.co.id – Ada kabar menarik muncul usai pertandingan Manchester United melawan Zorya Luhansk di ajang Liga Europa. Kabarnya, kubu MU disusupi oleh mata-mata.
Seperti yang dilansir dari Daily Mail, susunan pemain pilihan Jose Mourinho untuk pertandingan pekan lalu itu telah dibocorkan ke sejumlah media dari orang dalam beberapa hari sebelum laga.
Sejak saat itu, Mourinho tengah membuat misi untuk menemukan orang yang membocorkan susunan pemain tersebut ke media Inggris, meski akhirnya MU menang 1-0 atas Zorya.
Menurut surat kabar The Sun, mata-mata itu kabarnya seorang suporter yang memiliki akses kepada individu penting di dalam klub.
Meski orang itu tidak memiliki akses untuk membocorkan susunan pemain, tetapi adanya pihak ketiga yang akhirnya memfasilitasi media-media Inggris.
Mourinho diketahui sangat marah dan sedang berusaha mencari penyusup tersebut. Sosok mata-mata itu sendiri dikabarkan akhirnya sudah ditemukan dan situasinya sudah diselesaikan.</isi>
	<link>http://www.viva.co.id/bola/read/846659-mourinho-mengamuk-gara-gara-mu-disusupi-mata-mata</link>
</artikel>