<artikel>
	<id>OLA_SB_10_502</id>
	<judul>Semen Padang Ditahan MU di Babak I</judul>
	<tanggal>08/08/16</tanggal>
	<kata_kunci>torabika soccer championship tsc, madura united, SemenPadang, </kata_kunci>
	<isi>VIVA.co.id - Semen Padang bermain imbang 1-1 dengan Madura United pada babak pertama laga lanjutan kompetisi Torabika Soccer Championship (TSC) 2016 di Stadion haji Agus Salim, Senin, 8 Agustus 2016.

Duel berjalan sengit sejak awal. Tuan rumah tampil mendominasi, dengan melancarkan sejumlah serangan berbahaya.

Namun malah tim tamu yang berhasil unggul lebih dulu. MU membobol gawang Kabau Sirah melalui tandukan Fabiano Beltrame, memanfaatkan sebuah umpan tendangan bebas pada menit 17.

Tertinggal, Semen Padang mencoba bangkit. Mereka meningkatkan tempo permainan. Usaha mereka membuahkan hasil di menit 30. Marcel Sacramento menyamakan kedudukan melalui tendangan penalti setelah pemain bertahan MU melakukan handball di kotak terlarang.
Gol tersebut semakin melecut semangat Laskar Bukit Indarung. Mereka kembali menggempur pertahanan Laskar Sape Kerap. Beberapa peluang sempat tercipta, namun tidak ada yang membuahkan hasil konkret. Skor 1-1 bertahan sampai turun minum.
Susunan pemain:

Semen Padang: Rivki Mokodopit, Novan Setya Sasongko, Cassio Francisco, Handi Ramdan, Hengki Ardiles, Riko Simanjuntak, Vendry Mofu, Rudi, Irsyad Maulana, Nur Iskandar, Marcel Sacramento.

Madura United: Hery Prasetyo, Rendi Siregar, Munhar, Fabiano Beltrame, Gilang Ginarsa, Asep Berlian, Dane Milanovic, Slamet Nurcahyo, Engelberd Sani, Bayu Gatra, Elthon Maran.</isi>
	<link>http://www.viva.co.id/bola/read/806487-semen-padang-ditahan-mu-di-babak-i</link>
</artikel>