<artikel>
	<id>OLA_SB_10_1047</id>
	<judul>Tanpa Romagnoli, Risiko Kebobolan Milan Tinggi</judul>
	<tanggal>Thursday, 17 November 2016, 15:03 WIB</tanggal>
	<kata_kunci>alessio romagnoli, ac milan, serie a, </kata_kunci>
	<isi>REPUBLIKA.CO.ID, MILAN – Bek muda potensial AC Milan, Alessio Romagnoli kemungkinan besar akan absen pada laga derby Della Madonnina melawan Inter Milan, Senin (21/11) dini hari WIB. Romagnoli mendapatkan masalah saat membela Italia melawan Jerman tengah pekan kemarin. Pemain 21 tahun tersebut mendapatkan cedera pangkal paha. 
“AC Milan mengumumkan Alessio Romagnoli mengalami cedera pangkal paha saat pertandingan dengan Italia pada Selasa malam, ia akan menjalani pemeriksaan medis lebih lanjut dalam beberapa hari ke depan,” bunyi pernyataan resmi I Rossoneri, dikutip dari Football Italia, Kamis (17/11). Jika bekas bek AS Roma dan Sampdoria tersebut tak tampil, maka Milan akan khawatir dengan lini pertahanan mereka.
Opta mencatatkan perbandingan data Milan yang tampil bersama Romagnoli dan tanpa diperkuat Romagnoli. Ketika Il Diavolo Rosso diperkuat pemain asal Kota Roma itu, mereka kebobolan 1,1 gol tiap pertandingan. Jika Romagnoli absen, rasio kebobolan gawang Gianluigi Donnarumma naik menjadi 1,8 gol per pertandingan. 
Persentase kemenangan Milan pun turun tanpa Romagnoli. Jika dia absen persentase kemenangan Milan hanya 33 persen. Jika ia turun merumput, peluang Milan menang 48 persen.  
 </isi>
	<link>http://www.republika.co.id/berita/sepakbola/liga-italia/16/11/17/ogs12d409-tanpa-romagnoli-risiko-kebobolan-milan-tinggi</link>
</artikel>