<artikel>
	<id>OLA_SB_10_442</id>
	<judul>Pemain Sriwijaya FC Dicoret dari Timnas Lantaran Cedera</judul>
	<tanggal>06/10/16</tanggal>
	<kata_kunci>ichsan kurniawan, sriwijaya fc, timnas indonesia, </kata_kunci>
	<isi>REPUBLIKA.CO.ID, JAKARTA -- Kepelatihan timnas Indonesia mencoret salah satu pemainnya menjelang laga uji coba kontra Vietnam. Pelatih Alfred Riedl terpaksa tak memasukkan nama pemain gelandang milik Sriwijaya FC Ichsan Kurniawan lantaran cedera.
Dokter timnas Garuda Syarif Alwi menyampaikan, pemain 20 tahun itu mengalami cedera ligamen kaki kiri. Hasil rekam medis dari rumah sakit di Palembang, Sumatra Selatan (Sumsel) meyakinkan, pemain yang biasa mengenakan seragam bernomor punggung 24 tersebut, membutuhkan operasi.
"Butuh waktu enam bulan untuk kembali normal," kata dia, seperti dalam rilis resmi timnas yang diterima wartawan, Kamis (6/10).
Hilangnya nama Ichsan dari skuat timnas tak memengaruhi komposisi pemain asuhan Riedl. Namun, tanpa pemain kelahiran Ogan Komering Hulu tersebut mengurangi jumlah skuat utama yang direkrut Riedl. Semula, untuk menghadapi Vietnam, pelatih asal Austria tersebut membawa 26 pemain. 
Akan tetapi, tanpa Ichsan, Reidl tak merencanakan mencari penggantinya. Hanya, masih menurut rilis tersebut, Ichsan bukan hanya hilang kesempatan membantu Garuda menjamu Vietnam dalam laga uji coba tersebut. Ichsan, pun diyakini terlempar dari skuat utama Indonesia untuk gelaran Piala AFF 2016.
"Kemungkinan tipis sekali bisa masuk skuat timnas di ajang AFF nanti," sambung rilis tersebut.
Pertandingan uji coba timnas Indonesia melawan Vietnam, menjadi laga internasional kedua menjelang Piala AFF 2016 Desember mendatang. Laga tersebut bakal dilakoni di Stadion Maguwoharjo, Yogyakarta, Ahad (6/10). Pada laga uji coba pertama, timnas Garuda berhasil membuat malu skuat Malaysia 3-0. </isi>
	<link>http://www.republika.co.id/berita/sepakbola/liga-indonesia/16/10/06/oemmll348-pemain-sriwijaya-fc-dicoret-dari-timnas-lantaran-cedera</link>
</artikel>