<artikel>
	<id>OLA_SB_10_543</id>
	<judul>Juara One Pride MMA Prediksi Indonesia Vs Vietnam</judul>
	<tanggal>02/12/16</tanggal>
	<kata_kunci>One Pride MMA, Juara One Pride MMA, petarung One Pride, Mixed Martial Arts, timnasindonesia, piala aff, </kata_kunci>
	<isi>VIVA.co.id – Tak cuma jago bertarung, juara One Pride Mixed Martial Arts, Suwardi, ternyata memiliki pandangan yang tajam terkait kiprah timnas Indonesia di Piala AFF 2016. Suwardi pun mengeluarkan prediksinya terkait laga semifinal leg 1 Piala AFF antara Indonesia vs Vietnam di Stadion Pakansari, Cibinong, Sabtu 3 Desember 2016.
Suwardi mengaku selalu mengikuti kiprah Indonesia di Piala AFF. Menurutnya, permainan Boaz Solossa cs kian berkembang di setiap pertandingan.
"Ada peningkatan saya lihat. Tapi, ada juga kekurangan lain yang harus diperbaiki," kata Suwardi kepada VIVA.co.id.
Kekurangan yang dimaksud Suwardi adalah koordinasi di lini belakang. Memang, sektor belakang Indonesia menjadi salah satu titik lemah.
Sering kali, Indonesia kebobolan karena koordinasi buruk di sektor belakang. "Sektor depan juga harus lebih tajam lagi dalam memanfaatkan peluang. Main lebih pintar dan jangan individual," terang Suwardi.
Diperkirakan Suwardi, laga melawan Vietnam akan berjalan seimbang. Namun, dia yakin Pasukan Garuda akan meraih kemenangan.
"Saya kira menang 2-1. Indonesia kebobolan lebih dulu. Maklum, sedang euforia. Makanya, jangan sampai kelewat percaya diri. Tetap waspada," jelas petarung berjuluk Becak Lawu itu. (one)</isi>
	<link>http://www.viva.co.id/bola/read/855082-juara-one-pride-mma-prediksi-indonesia-vs-vietnam</link>
</artikel>