<artikel>
	<id>OLA_SB_10_450</id>
	<judul>Jamu MU, PSM Andalkan Titus Bonai</judul>
	<tanggal>11/11/16</tanggal>
	<kata_kunci>madura united, psm makassar, isc 2016, </kata_kunci>
	<isi>REPUBLIKA.CO.ID, MAKASSAR – PSM Makassar menyambut gembira kabar kesembuhan atau kembalinya Titus Bonai dan M Rahmat dalam latihan terakhir persiapan menghadapi Madura United di Stadion Gelora Andi Mattalatta Mattoanging Makassar, Sulawesi Selatan, Sabtu (12/11). Asisten Pelatih PSM, Syamsuddin Batola di Makassar, Jumat (11/11), mengatakan, kehadiran keduanya dalam tim Juku Eja memang begitu dibutuhkan mengingat kondisi tim yang saat ini tengah mengalami krisis pemain.
“M Rahmat dan Titus Bonai sudah bergabung bersama tim setelah sempat istirahat karena cedera. Kami berharap keduanya bisa tampil maksimal pada pertandingan nanti," ujarnya. Dua pemain yang bersangkutan sebelumnya memang terancam tidak dapat memperkuat tim PSM memghadapi Madura United seperti halnya dengan beberapa pemain yang lain karena mengalami cedera.
Untuk M Rahmat sendiri sebelumnya telah divonis mengalami cedera hamstring. Sementara, Titus Bonai yang juga sempat diragukan ternyata hanya mengalami kelelahan sehingga harus mendapatkan istirahat lebih. “Kami tentunya tidak ingin seri apalagi kalah saat menjamu Madura United di Makassar. Kami juga optimistis bisa memenangkan pertandingan karena lebih termotivasi usai meraih poin maksimal di kandang Persiba Balikpapan,” kata Syamsuddin.
Pelatih Kepala PSM Robert Rene Alberts mengaku, terus fokus memotivasi seluruh pemain agar lebih siap saat menjamu Madura United di Makassar. Pihaknya tidak ingin terus larut dalam kondisi harus kehilangan setengah tim utama saat menghadapi tim papan atas di klasemen sementara tersebut. Para pemain inti yang memang tidak dapat dimainkan nanti diantaranya Luiz Ricardo, Ronald Hikspoors, Rizky Pellu, Ferdinand Sinaga, Ahmad Hisyam Tolle, Zulvin Zamrun, dan Rasyid Bakri.
 </isi>
	<link>http://www.republika.co.id/berita/sepakbola/liga-indonesia/16/11/11/ogh82b409-jamu-mu-psm-andalkan-titus-bonai</link>
</artikel>