<artikel>
	<id>OLA_SB_10_1137</id>
	<judul>Direktur Manchester United Klaim Mereka Setara dengan Agama</judul>
	<tanggal>10/11/16</tanggal>
	<kata_kunci>Manchester United, premier league, Paul Pogba, </kata_kunci>
	<isi>VIVA.co.id – Managing Director Manchester United Richard Arnold, mengklaim klub kaya Premier League itu sama besarnya dengan agama. Setidaknya dalam urusan media sosial, karena tidak ada klub lain, atau bahkan selebriti yang bisa menyaingi pengikut mereka.
Dilansir dari Sports Mail, Kamis 10 November 2016, Arnold menyebut MU beroperasi pada level yang berbeda dengan pihak lain di dunia olahraga. Mereka merasa lebih besar ketimbang selebriti seperti Justin Bieber, Taylor Swift, atau pemimpin negara seperti Barack Obama.
Bicara dalam acara Web Summit 2016 di Lisbon, Arnlod mengatakan MU telah sampai pada tingkat, di mana kebesaran mereka bersaing dengan agama. Sebelumnya di Old Trafford, juga telah terpasang spanduk yang menyebut MU sebagai sebuah agama.
Ucapan kontroversial bukan hanya baru kali ini. John Lenon juga pernah menyebut bahwa The Beatles lebih besar dari Tuhan. Arnold mengatakan jumlah pendukung Setan Merah di media sosial, telah setara dengan agama-agama besar di dunia.
Figur kunci di bidang komersial MU, itu menambahkan klaimnya bahwa 80 persen stasiun televisi di dunia, memiliki program yang menampilkan pertandingan MU. Dia menyebut klubnya benar-benar menjadi bagian kunci, dari kultur budaya modern di seluruh dunia.
Dia mengklaim MU memiliki sedikitnya 659 juta pengikut di seluruh dunia. Arnold sesumbar bahwa MU dalam level yang berbeda dengan klub-klub lain di Premier League, bahkan di dunia. "Kami terbesar di dunia, mengalahkan sport atau tim mana pun," ujarnya.</isi>
	<link>http://www.viva.co.id/bola/read/845990-direktur-manchester-united-klaim-mereka-setara-dengan-agama</link>
</artikel>