<artikel>
	<id>OLA_SB_10_505</id>
	<judul>BSU Pindah Tempat Latihan ke Mojokerto</judul>
	<tanggal>10/08/16</tanggal>
	<kata_kunci>bhayangkara surabaya united, torabika soccer championship tsc, Ibnu Grahan, </kata_kunci>
	<isi>VIVA.co.id - Bhayangkara Surabaya United (BSU) akan memindahkan tempat latihan mereka ke Mojokerto, tepatnya di Stadion Gajah Mada, Kecamatan Mojosari, Kabupaten Mojokerto.
Ini karena adanya lima pemain BSU yang sedang mengikuti proses pendidikan di Sekolah Polisi Negara (SPN) di Mojokerto. Mereka adalah M Hargianto, Wahyu Subo Suto, M Fachturahman, Sahrul Kurniawan, dan I Putu Gede Juniantara.
  Pelatih BSU, Ibnu Grahan membenarkan hal itu. Menurutnya, pemindahan tempat latihan itu juga untuk penyegaran suasana latihan.
  “Supaya suasana latihan fresh lagi, dan anak-anak juga tidak mengalami kebosanan,” kata Ibnu.
  Namun, mengenai sampai kapan pemindahan tempat latihan itu akan dilakukan, Ibnu masih enggan mengatakannya. 
  “Selama kita masih merasa cocok latihan di sini ya akan kita lakukan. Nanti, kalau sudah selesai akan kembali lagi ke asal,” tuturnya.
  Ibnu berharap, dengan pemindahan lokasi latihan itu para pemainnya yang sedang menempuh pendidikan itu tetap fokus. “Karena lokasinya juga tidak terlalu jauh, sehingga tidak akan terlalu menguras fisik lantaran faktor jarak,” kata Ibnu.</isi>
	<link>http://www.viva.co.id/bola/read/807334-bsu-pindah-tempat-latihan-ke-mojokerto</link>
</artikel>