<artikel>
	<id>OLA_SB_10_523</id>
	<judul>Timnas Sudah Baca Strategi yang Bakal Digunakan Singapura</judul>
	<tanggal>24/11/16</tanggal>
	<kata_kunci>timnasindonesia, piala aff, timnas singapura, </kata_kunci>
	<isi>VIVA.co.id – Pelatih tim nasional, Alfred Riedl, siap tempur menghadapi pertandingan terbuka melawan Singapura pada laga penentuan Grup A Piala AFF 2016 hari Jumat, 25 November.
Indonesia dan Singapura memang sama-sama membutuhkan kemenangan, sekaligus mengharapkan Thailand menang atas Filipina, demi membuka peluang lolos ke babak semifinal.
Riedl pun mengaku sudah mengetahui gaya bermain khas Singapura di Piala AFF kali ini, yaitu pertahanan yang solid. Tetapi, The Lions diyakini bakal lebih menyerang demi mengejar tiga poin.
"Saya pikir mereka akan bermain mirip seperti saat mereka menghadapi Filipina. Tetapi, mereka pasti akan lebih ofensif karena mengejar gol," ujar Riedl, seperti dilansir Goal Singapura.
Singapura memang belum menunjukkan ketajamannya di lini depan, belum ada satu gol pun mereka ciptakan dalam dua laga. Kendati demikian, Riedl menegaskan anak asuhnya tidak boleh bersantai.
"Semua bisa terjadi di sepakbola, tapi mereka butuh kemenangan dan kami butuh menang. Jadi kami mengharapkan pertandingan terbuka. Sudah pasti kami sudah siap," ujar pelatih asal Austria tersebut.
(mus)</isi>
	<link>http://www.viva.co.id/bola/read/851820-timnas-sudah-baca-strategi-yang-bakal-digunakan-singapura</link>
</artikel>