<artikel>
	<id>OLA_SB_10_1074</id>
	<judul>Ini Susunan Pemain City Vs Barcelona, Aguero Ujung Tombak</judul>
	<tanggal>02/11/16</tanggal>
	<kata_kunci>manchester city, barcelona, city vs barcelona, </kata_kunci>
	<isi>REPUBLIKA.CO.ID, MANCHESTER -- Barcelona menjalani duel krusial pada laga keempat Grup C Liga Champions di kandang Manchester City, Rabu (2/11) dini hari WIB. Kemenangan di Stadion Etihad akan memastikan skuat asuhan Luis Enrique lolos ke babak 16 besar.
Hal sama juga terjadi pada sang tuan rumah. City tak boleh lagi dipermalukan oleh Barcelona seperti yang terjadi dua pekan lalu di Cmp Nou. Hanya unggul satu angka atas Borussia Moenchengladbach membuat City wajib memetik kemenangan atas Barcelona karena masih menyisakan pertandingan tandang ke markas wakil Jerman itu.
Andai gagal mengamankan tiga angka, hasil imbang akan sangat berharga mengingat ketatnya persaingan tiga tim di grup ini selain Barcelona.
Pelatih kedua hanya sedikit mengubah susunan pemain. Pelatih City Pep Guardiola memasukkan Sergio Aguero menggantikan Nolito dan memasang kiper Willy caballero karena Claudio Bravi dikartu merah pada laga sebelumnya. 
Sementara Enrique menurunkan Andre Gomes mengisi posisi yang ditinggalkan Andres Iniesta karena cedera. Di lini belakang, Sergi Roberto dan Lucas Digne menjadi starter karena Jordi Alba dan Gerard Pique cedera.  
Berikut susunan pemain kedua tim:
Manchester City (4-1-4-1)
Caballero; Zabaleta, Otamendi, Stones, Kolarov; Fernandinho; Sterling, De Bruyne, Guendogan, David Silva; Aguero
Pelatih: Pep Guardiola
Barcelona (4-3-3)
Ter Stegen; Vidal, Pique, Mascherano, Alba; Busquets, Rakitic, Turan; Messi, Suarez, Neymar 
Pelatih: Luis Enrique
Wasit: Viktor Kassai
    </isi>
	<link>http://www.republika.co.id/berita/sepakbola/liga-dunia/16/11/02/ofz9m7348-ini-susunan-pemain-city-vs-barcelona-aguero-ujung-tombak</link>
</artikel>