<artikel>
	<id>OLA_SB_10_1024</id>
	<judul>Hasil Pertandingan Kelima Fase Grup Liga Champions Kamis Ini</judul>
	<tanggal>24/11/16</tanggal>
	<kata_kunci>hasil liga champions, liga champions, , </kata_kunci>
	<isi>REPUBLIKA.CO.ID, JAKARTA -- Pertandingan kelima fase grup Liga Champions telahberakhir pada Kamis (24/11) pagi WIB. Sebanyak delapan pertandingan yang dimulai pada pukul 00.00 WIB ini menghasilkan dua tim tambahan yang lolos, yaitu Barcelona dan Manchester City dari Grup C. Berikut hasil pertandingannya:
Grup A
Arsenal  2-2 Paris Saint-Germain 
Gol: Olivier Giroud (45'-pen), Marco Verratti (60'-bunuh diri); Edinson Cavani (18'), Alex Iwobi (77'-bunuh diri)
Ludogorets Razgrad  0-0 Basel
Grup B 
Napoli 0-0 Dynamo Kiev  
Besiktas 3-3 Benfica 
Gol: Cenk Tosun (58'), Ricardo Quaresma (83'-pen), Vincent Aboubakar (89'); Goncalo Guedes (10'), Nelson Semedo (25'), Ljubomir Fejsa (31')
Grup C
Celtic 0-2 Barcelona 
Gol: Lionel Messi (24', 55'-pen)
Borussia Moenchengladbach 1-1 Manchester City 
Gol: Rafael (23'); David Silva (45')
Grup D
Atlético Madrid 2-0 PSV Eindhoven 
Gol: Kevin Gameiro (55'), Antoine Griezmann (66')
Rostov 3-2 Bayern Muenchen 
Gol: Sadar Azmoun (44'), Dmitriy Poloz (49'pen), Christian Noboa (66'); Douglas Costa (36'), Juan Bernat (52')
 </isi>
	<link>http://www.republika.co.id/berita/sepakbola/liga-dunia/16/11/24/oh495q348-hasil-pertandingan-kelima-fase-grup-liga-champions-kamis-ini</link>
</artikel>