<artikel>
	<id>OLA_SB_10_1070</id>
	<judul>Hasil dan Klasemen Grup C Liga Champions, City Tempel Barcelona</judul>
	<tanggal>02/11/16</tanggal>
	<kata_kunci>liga champions, hasil liga champions, klasemen liga champions, </kata_kunci>
	<isi>REPUBLIKA.CO.ID, JAKARTA -- Manchester City menempel ketat Barcelona di klasemen sementara Grup C Liga Champions usai rangkaian laga penyisihan, Rabu pagi WIB. City sukses membungkam Barcelona 3-1 di Stadion Etihad, Inggris, berkat permainan efektif yang dihasilkan tim besutan Pep Guardiola itu.
Tiga poin yang diraih membuat City kini mengoleksi tujuh poin dan berada di urutan kedua, terpaut dua poin dari Barcelona (9) yang tetap memuncaki klasemen walau kalah.
Pada laga lain di Stadion Borussia Park, Jerman, tuan rumah Borussia Moenchengladbach (4) harus puas ditahan imbang jawara Skotlandia, Celtic (2) dengan skor 1-1.
Gladbach yang sempat unggul lebih dulu lewat gol yang dicetak Lars Stindl pada menit ke-32, harus kehilangan seorang pemain dari lapangan lantaran kartu merah yang diterima Julian Korb pada menit ke-75.
Pelanggaran yang dilakukan Korb berbuah tendangan penalti untuk Celtics yang dieksekusi dengan tenang oleh Moussa Dembele demi memaksa hasil imbang 1-1.
Berikut hasil pertandingan penyisihan keempat Grup C Liga Champions, Rabu pagi, dikutip dari Antara:
Borussia Moenchengladbach 1 - 1 Celtic (Lars Stindl 32'; Moussa Dembele 76'-pen)
Manchester City 3 - 1 Barcelona (Ilkay Guendogan 39', 74', Kevin De Bruyne 51'; Lionel Messi 21')
Klasemen sementara (urutan, tim, main, menang, imbang, kalah, memasukkan-kemasukan, poin):
1 Barcelona 4 3 0 1 14-1 9
2 Manchester City 4 2 1 1 10-8 7
3 Borussia Moenchengladbach 4 1 1 2 4-7 4
4 Glasgow Celtic 4 0 2 2 2</isi>
	<link>http://www.republika.co.id/berita/sepakbola/liga-dunia/16/11/02/ofzwmw348-hasil-dan-klasemen-grup-c-liga-champions-city-tempel-barcelona</link>
</artikel>