<artikel>
	<id>OLA_SB_10_594</id>
	<judul>Madura United Harapkan Mukjizat di 4 Laga Pamungkas</judul>
	<tanggal>28/11/16</tanggal>
	<kata_kunci>madura united, torabika soccer championship tsc, achsanul qosasi, </kata_kunci>
	<isi>VIVA.co.id – Peluang Madura United menjuarai Torabika Soccer Championship kian tipis. Itu setelah mereka kalah dari Persipura Jayapura dengan skor 0-2, Sabtu 26 November 2016 lalu.
Dengan kondisi ini, MU harus rela turun peringkat ke posisi 2 klasemen sementara. Mereka kini terpaut tiga angka dari pemuncak klasemen sementara TSC, Arema Cronus.
Presiden MU, Achsanul Qosasi, yakin pasukannya masih bisa mewujudkan mimpi meraih gelar juara TSC. "Kami harus berjuang hingga akhir. Sebab, para pemain Madura memiliki karakter pantang menyerah," kata Achsanul.
Sebenarnya, MU memiliki peluang untuk juara TSC. Tapi, dengan berbagai catatan.
Arema terpeleset minimal di dua laga. Kemudian, Sapeh Kerap berhasil menyabet kemenangan di empat laga sisa.
"Kalau bisa menang terus, maka peluang kami juara terbuka," terang Achsanul.
Pencapaian MU di TSC memang terbilang mengejutkan. Berstatuskan pendatang baru, MU bisa melesat di putaran 1 dan menjadi juara paruh musim.
Sayangnya, mereka mengalami penurunan performa di putaran 2. Alhasil, Arema yang tampil konsisten, mampu menyalip mereka. (one)</isi>
	<link>http://www.viva.co.id/bola/read/853060-madura-united-harapkan-mukjizat-di-4-laga-pamungkas</link>
</artikel>