<artikel>
	<id>OLA_SB_10_1200</id>
	<judul>Bintang MU Ungkap Kekhawatiran Jelang Lawan Arsenal</judul>
	<tanggal>15/11/16</tanggal>
	<kata_kunci>Manchester United, arsenal, premier league, </kata_kunci>
	<isi>VIVA.co.id – Gelandang Manchester United Michael Carrick, mengatakan Arsenal bisa menjadi tim yang berbahaya, ketika semua pemain mereka bermain solid. MU akan menghadapi Arsenal di Premier League akhir pekan ini, dengan situasi yang sedikit menguntungkan Setan Merah.
Dilansir dari Squawka, Selasa 15 November 2016, performa MU tidak terlalu baik, dengan Jose Mourinho dinilai belum menemukan susunan starter ideal. Namun, permainan Setan Merah sudah mulai membaik, terutama dalam menentukan peran bagi Paul Pogba, serta pasangan yang tepat bagi pemain termahal dunia itu.
Kubu Arsene Wenger adalah salah satu yang difavoritkan, untuk memenangkan Premier League musim ini. Sayangnya, ada beberapa kabar buruk yang bakal membuat puisng Wenger, dengan cederanya beberapa pemain inti, seperti Hector Bellerin dan Alexis Sanchez.
Saat ini Arsenal juga tertahan di posisi empat klasemen sementara, selisih enam poin dari MU di peringkat enam. Carrick mengatakan sadar, bagaimana Arsenal bisa sangat berbahaya. "Mereka memiliki beberapa pemain yang sangat bagus. Saat padu, mereka sangat berbahaya," ujarnya.
"Mereka telah memperlihatkan di awal musim, bagaimana bisa berbahayanya mereka. Tapi, saya pikir kami juga bisa berbahaya, dan mungkin kami hanya belum cukup padu, yang dilihat dari sisi tertentu adalah hal bagus. Artinya, ada banyak hal positif yang masih dapat dilakukan," katanya.</isi>
	<link>http://www.viva.co.id/bola/read/848189-bintang-mu-ungkap-kekhawatiran-jelang-lawan-arsenal</link>
</artikel>