<artikel>
	<id>OLA_SB_10_1116</id>
	<judul>ManCity Harus Bermain Seperti Saat Kalahkan Barcelona</judul>
	<tanggal>23/11/16</tanggal>
	<kata_kunci>ligachampions, Manchester City, Borussia Monchengladbach, </kata_kunci>
	<isi>VIVA.co.id - Mancheste City akan bertandang ke markas Borussia Moenchengladbach di matchday ke-5 Grup C Liga Champions, Kamis 24 November 2016 dini hari WIB. Gelandang ManCity, Ilkay Guendogan, berharap timnya bisa mengulangi permainan saat lawan Barcelona.
Saat menjamu Barcelona di Etihad Stadium pada 2 November lalu, The Citizens menang dengan skor 3-1. Sempat tertinggal lebih dulu lewat gol Lionel Messi, ManCity berhasil membalikkan keadaan melalui gol Guendogan (2 gol) dan Kevin De Bruyne.
Menurut Guendogan, permainan ManCity tersebut benar-benar apik dengan mencetak banyak peluang. Gelandang berusia 26 tahun tersebut berharap, tim asuhan Josep Guardiola ini bisa menerapkannya kembali kala melawan Gladbach.
"Inilah yang sekarang diharapkan orang-orang dari kami dan dari saya. Mereka akan selalu mengingat laga melawan Barcelona, terutama di babak kedua di mana kami tampil sangat baik dan menciptakan banyak peluang serta punya banyak kesempatan," kata Guendogan.
"Tentu saja tujuan kami, target kami adalah untuk mengulang itu sebanyak mungkin, juga untuk laga besok (Kamis). Itu menunjukkan ke diri kami bahwa kami mampu bersaing dengan yang terbaik," ujarnya menambahkan.
ManCity saat ini menempati peringkat 2 klasemen sementara Grup C dengan raihan 7 poin. Sergio Aguero dan kawan-kawan hanya kalah 2 angka dari Barcelona yang berada di peringkat 1.
"Kalau Anda mau memainkan peran yang sungguh bagus di kompetisi ini, Anda perlu bersaing dengan yang terbaik," kata mantan pemain Borussia Dortmund ini, dilansir Manchester Evening News.
(mus)</isi>
	<link>http://www.viva.co.id/bola/read/851504-mancity-harus-bermain-seperti-saat-kalahkan-barcelona</link>
</artikel>