<artikel>
	<id>OLA_SB_10_1104</id>
	<judul>MU Kalahkan West Ham dengan Permainan Idaman Mourinho</judul>
	<tanggal>01/12/16</tanggal>
	<kata_kunci>west ham, Manchester United, piala liga inggris, Jose Mourinho, </kata_kunci>
	<isi>VIVA.co.id – Manchester United memastikan lolos ke semifinal Piala Liga Inggris. Mereka melaju usai mengalahkan West Ham United dengan skor 4-1.
Zlatan Ibahimovic dan Anthony Martial masing-masing menyumbang dua gol. Catatan tersebut ternyata langsung membuat manajer Jose Mourinho tersenyum puas.
Dengan tegas The Special One mengatakan kalau performa kontra West Ham adalah yang seharusnya diperlihatkan Setan Merah selama ini, terutama ketika bermain di kandang.
"Saya senang dengan banyak gol yang lahir. Bagi saya performa tadi adalah yang seharusnya diperlihatkan MU di kandang," kata Mourinho.
"Tim menemukan kepercayaan diri terutama di babak kedua. Mereka ingin meraih kemenangan dengan nyaman dan memainkan sepakbola menyerang yang indah, seperti harapan fans," sambungnya dikutip Sky Sport.
Di semifinal, MU akan menghadapi Hull City. Jika kembali menang, maka di final mereka bakal bertemu pemenang duel Liverpool kontra Southampton. (one)</isi>
	<link>http://www.viva.co.id/bola/read/854407-mu-kalahkan-west-ham-dengan-permainan-idaman-mourinho</link>
</artikel>