<artikel>
	<id>OLA_SB_10_469</id>
	<judul>Persib Kalahkan Semen Padang 1-0</judul>
	<tanggal>19/11/16</tanggal>
	<kata_kunci>persib bandung, semen padang, isc 2016, </kata_kunci>
	<isi>REPUBLIKA.CO.ID, BANDUNG – Persib Bandung mengalahkan Semen Padang 1-0 (1-0) pada lanjutan Indonesia Soccer Championship (ISC) 2016 yang digelar di Stadion Si Jalak Harupat Soreang Kabupaten Bandung, Sabtu (19/11). Gol kemenangan Persib dicetak oleh striker naturalisasi Sergio van Dijk pada menit ke-41. Van Dijk pun kini menjadi top skorer Persib dengan koleksi tujuh gol.
Disaksikan sekitar 30 ribu pendukung fanatiknya, Persib tampil mendominasi dan menunjukkan peningkatan performa pada laga ke-27 itu. Sepanjang pertandingan, Atep dkk mampu menguasai jalannya pertandingan dengan unggul di sektor tengah dan sayap. Persib juga berhasil melakukan revans atas kekalahan telak 0-4 saat berlaga di Padang pada putaran pertama. 
Kendati tim asuhan Nil Maizar menerapkan sistem pertahanan berlapis, Persib mampu bermain efektif mengamankan kemenangan. Satu gol cukup bagi tim asuhan Djajang Nurjaman untuk naik ke peringkat keenam klasemen sementara ISC 2016. Persib mengumpulkan nilai 44 hasil 12 kali menang, delapan seri, dan delapan kali kalah. Sebaliknya Semen Padang sementara harus turun ke peringkat kesembilan dengan nilai 42.
“Kemenangan ini sangat strategis dan membantu Persib untuk mendekati papan atas. Kami berharap bisa meningkatkan performance pada laga berikutnya. Pemain memberikan permainan sangat baik hari ini," kata Djajang, seusai laga. Djajang pun menargetkan Persib meninggalkan papan tengah dan menembus papan atas pada akhir kompetisi ISC 2016.
 </isi>
	<link>http://www.republika.co.id/berita/sepakbola/liga-indonesia/16/11/20/ogwdwt409-persib-kalahkan-semen-padang-10</link>
</artikel>