<artikel>
	<id>OLA_SB_10_538</id>
	<judul>Ini Modal Utama Vietnam untuk Hadapi Timnas Indonesia</judul>
	<tanggal>03/12/16</tanggal>
	<kata_kunci>piala aff 2016, piala aff, timnas vietnam, timnasindonesia, </kata_kunci>
	<isi>VIVA.co.id – Timnas Vietnam mengaku dalam kondisi mental bagus menghadapi Indonesia di leg pertama semifinal Piala AFF 2016. Meski begitu, mereka tetap enggan menyepelekan tuan rumah.
Kedua tim akan bersua di Stadion Pakansari, Sabtu, 3 Desember 2016. Vietnam datang dengan bekal rekor sempurna di babak penyisihan, mereka selalu mendulang kemenangan atas lawan-lawan di Grup B.
"Mentalitas dan semangat juang tim sangat tinggi. Itu yang membuat kami bisa lolos ke semifinal," kata pelatih Nguyen Huu Thang.
Walau begitu, Vietnam tetap tak mau memandang Indonesia sebelah mata.  Huu Thang mengatakan, tim asuhan Alfred Riedl sangat berbahaya, karena telah membuktikan mampu lolos ke semifinal.
"Besok akan menjadi pertandingan menarik, karena kedua tim sangat bagus. Indonesia telah membuktikan sangat berbahaya dalam pertandingan demi pertandingan di babak grup," ungkapnya.
Sementara Riedl selaku juru taktik pasukan Merah-Putih menuntut timnya meraih hasil maksimal dalam laga nanti. Dia berharap kemenangan di kandang bisa menjadi modal bagus untuk menghadapi leg kedua di markas musuh empat hari berselang.
Lihat analisa dan prediksi Jelang Laga Timnas Indonesia Vs Vietnam di video ini.
(mus)
 </isi>
	<link>http://www.viva.co.id/bola/read/855295-ini-modal-utama-vietnam-untuk-hadapi-timnas-indonesia</link>
</artikel>