<artikel>
	<id>OLA_SB_10_546</id>
	<judul>Ribuan Suporter Sudah Antre, Loket Tiket Timnas Masih Tutup</judul>
	<tanggal>02/12/16</tanggal>
	<kata_kunci>timnasindonesia, timnas vietnam, piala aff, </kata_kunci>
	<isi>VIVA.co.id – Loket penjualan tiket semifinal leg 1 Piala AFF antara Indonesia versus Vietnam, Sabtu 3 November 2016, mulai diserbu suporter. Ribuan orang sudah memadati area Stadion Persikabo, Bogor, demi mendapatkan tiket pertandingan.
Panitia pertandingan hanya menjual tiket kategori tiga dalam kesempatan ini. Jumlahnya pun dibatasi, hanya seribu lembar saja.
Alhasil, antrean sudah memanjang sejak pukul 06.00 WIB. "Jam 06.15 saya lihat sudah ada yang antre di depan loket penjualan. Kalau saya, mau beli empat tiket saja," kata salah satu suporter Timnas Indonesia, Agus.
Saking banyaknya yang mengantre, beberapa orang mulai khawatir tak kebagian tiket. Sejumlah cara mereka lakukan untuk mendapatkannya.
Endah, pendukung Timnas Indonesia asal Bogor, mengaku menitipkan pesanannya kepada suporter yang sudah ada di antrean paling depan. Kompensasinya, Endah membelikan satu tiket kepada suporter tersebut.
"Saya beli empat tiket. Orang yang dititipi, saya belikan satu. Saya dapat tidak ya. Sudah beli online, tapi susah," ujar Endah.
Meski sudah banyak yang mengantre, hingga sekarang loket penjualan di Stadion Persikabo belum buka. Suporter mulai gerah. 
Mereka mulai berteriak agar loket dibuka. Wajar, karena menurut jadwal, loket dibuka sejak pukul 08.00 WIB.</isi>
	<link>http://www.viva.co.id/bola/read/854938-ribuan-suporter-sudah-antre-loket-tiket-timnas-masih-tutup</link>
</artikel>