<artikel>
	<id>OLA_SB_10_1064</id>
	<judul>Zidane Salahkan Dirinya karena Madrid Ditahan Legia</judul>
	<tanggal>03/11/16</tanggal>
	<kata_kunci>zinedine zidane, real madrid, legia warsawa, </kata_kunci>
	<isi>REPUBLIKA.CO.ID, WARSAWA -- Klub asal Polandia, Legia Warsawa berhasil menahan imbang raksasa La Liga, Spanyol Real Madrid dengan skor 3-3 saat kedua kesebelasan bertemu Kamis (3/11) pagi WIB. Pelatih Madrid Zinadine Zidane menilai, timnya tak maksimal dalam pertandingan keempat penyisihan Grup F Liga Champions itu.
Tapi ia tak mau menyalahkan para pemainnya. Menurut Zidane, orang yang paling pantas disalahkan adalah dirinya.
"Ini salah saya," kata dia, seperti dilansir Football Espana.
Zidane mengatakan, laga yang berlangsung di Polish Army Stadium semestinya dimenangkan timnya. Menurut dia, banyak kesalahan para pemainnya yang menjadi sebab kegagalan membawa pulang tiga angka sekaligus memastikan langkah ke babak 16 besar.
"Ini hasil pertandingan yang aneh. Apa yang seharusnya kami harapkan tidak terjadi. Baik saat pertandingan atau juga dalam kinerja kami," ujar dia.
Pelatih asal Prancis itu pun menyadari, permainan keras kedua tim saat pertandingan, menjadi sebab hasil negatif klubnya kali ini.
Saat pertandingan kedua kesebelasan, Real Madrid tentunya diunggulkan atas Legia Warsawa. Kesimpulan tersebut terbukti saat Real Madrid membuka keunggulan lewat gol cepat di menit pertama pertandingan lewat gol milik Gareth Bale. Karim Benzema di menit ke-35, semakin menegaskan keunggulan tim tamu atas tuan rumah tersebut.
Akan tetapi, sebelum turun minum, pemain tuan rumah, Odjidja Ofoe, berhasil mengakhiri babak pertama dengan skor 1-2. Saat babak kedua, permainan tuan rumah mampu menekan Real Madrid. Pemain Legia, Radovic menyamakan kedudukan menjadi 2-2 di menit ke-58. 
Prediksi keunggulan tim tamu pun sempat patah setelah Thibault Moulin menjadikan skor 3-2 lewat golnya di menit ke-83. Tertinggal satu gol di menit-menit terakhir pertandingan, sempat membuat Rea Madrid panik. Akan tetapi, Real Madrid berhasil selamat dari kekalahan setelah Mateo Kavocic membuat gol di menit ke-85 dan menjadikan skor menjadi imbang 3-3. 
"Ketika kami sudah menang dua gol, seharusnya kami mulai tertutup. Tapi itu tidak terjadi dan mereka (para pemain Legia) berhasil mencetak gol," sambung Zidane. 
Hasil satu angka melawan Legia, kini membuat Real Madrid berada di posisi kedua klasemen Grup F dengan nilai delapan. Sementara bagi tuan rumah, hasil imbang tersebut menjadi nilai pertama klub tersebut di dua partai pertandingan fase grup yang tersisa. </isi>
	<link>http://www.republika.co.id/berita/sepakbola/liga-dunia/16/11/03/og1j2c348-zidane-salahkan-dirinya-karena-madrid-ditahan-legia</link>
</artikel>