<artikel>
	<id>OLA_SB_10_493</id>
	<judul>Riedl Panggil 27 Pemain Ikuti Pemusatan Latihan Timnas</judul>
	<tanggal>27/10/16</tanggal>
	<kata_kunci>timnas indonesia, pssi, alfred riedl, </kata_kunci>
	<isi>REPUBLIKA.CO.ID, JAKARTA – Tim kepelatihan sepak bola nasional menyiapkan 27 nama pemain untuk laga uji coba tandang di Myanmar dan Vietnam. Pelatih Alfred Riedl mulai memanggil nama-nama pemain pilihannya tersebut agar mengikuti pemusatan pelatihan (TC) timnas, mulai Sabtu (29/10) sampai Selasa (1/11) mendatang.
Rencananya, pemusatan pelatihan tersebut, akan dilakukan di Lapangan Sekolah Pelita Harapan (SPH), di Karawaci, Tangerang, Banten. Riedl bakal memfokuskan pemusatan pelatihan ketiga kali ini, untuk memperkuat fisik dan mempertajam strategi permainan skuat besutannya itu.
Sebanyak 27 pemain nasional yang mengikuti TC kali ini, kemungkinan menjadi skuat final timnas Indonesia untuk laga uji coba tandang mendatang melawan Myanmar pada 4 November dan melawan Vietnam pada 9 November. Dua laga tersebut, bagian dari persiapan Timnas Garuda menjelang Piala AFF 2016 di Manila, Filipina, 19 November mendatang.
Berikut 27 nama pemain yang dipilih Riedl mengikuti TC ketiga Timnas Garuda:
Penjaga Gawang: Andritany Ardhiyasa (Persija Jakarta), Dian Agus Prasetyo (Pusamania Borneo FC), Kurnia Meiga Hermansyah (Arema Cronus), Jandi Eka Putra (Semen Padang).
Pemain Belakang: Beny Wahyudi (Arema Cronus), Manahati Lestusen (PS TNI), Fachruddin Wahyudi Aryanto (Sriwijaya FC), Rudolof Yanto Basna (Persib Bandung), Hansamu Yama Pranata (Barito Putera), Dominggus Fakdawer (Persipura Jayapura), Abdul Rachman (Persiba Balikpapan), Muhammad Abduh Lestaluhu (PS TNI), Gunawan Dwi Cahyo (Persija Jakarta).
Pemain Tengah: Bayu Gatra Sanggiawan (Madura United), Septian David Maulana (Mitra Kukar), Evan Dimas Darmono (Bhayangkara FC), Dedi Kusnandar (Sabah FA Malaysia), Rizky Ahmad Sanjaya Pellu (PSM Makassar), Bayu Pradana Andriatmoko (Mitra Kukar), Stefano Lilipaly (Telstar FC Belanda), Zulham Malik Zamrun (Persib Bandung), Rizky Rizaldi Pora (Barito Putera), Andik Vermansah (Selangor FA Malaysia)
Pemain Depan: Irfan Haarys Bachdim (Hokkaido Consadole Sapporo), Boaz Theofillius Erwin Salossa (Persipura Jayapura), Lerby Eliandry Pong Babu (Pusamania Borneo FC), Ferdinand Alfred Sinaga (PSM Makassar).
 </isi>
	<link>http://www.republika.co.id/berita/sepakbola/liga-indonesia/16/10/27/ofpbpm409-riedl-panggil-27-pemain-ikuti-pemusatan-latihan-timnas</link>
</artikel>