<artikel>
	<id>OLA_SB_10_1184</id>
	<judul>Lawan Sunderland, Liverpool Waspadai 2 Pemain Ini</judul>
	<tanggal>25/11/16</tanggal>
	<kata_kunci>sunderland, premier league, liverpool, </kata_kunci>
	<isi>VIVA.co.id – Manajer Liverpool, Juergen Klopp, mengaku dia mewaspadai 2 pemain depan Sunderland, Victor Anichebe dan Jermain Defoe. Kedua pemain tersebut berpotensi besar merepotkan pemain bertahan The Reds ketika kedua tim bentrok di lanjutan Premier Laegue, Sabtu 26 November 2016 mendatang. 
Bukan tanpa alasan, kedua pemain tersebut merupakan pemain vital bagi The Black Cats. Tercatat, Anichebe sudah mecetak 3 gol dari 4 laga yang dilakoninya di ajang Premier League. Meski sempat mendapat cedera di awal bulan November ini, sang pemain dikabarkan sudah pulih dan siap kembali ketika berhadapan dengan The Reds. 
Sedangkan Defoe sudah mencetak 7 gol dari 12 laga di Premier League. Defoe menjadi top skor sementara Sunderland hingga pekan ke-12 Premier League. 
"Melawan Sunderland menjadi sangat sulit. Semua orang pasti mengenal Defoe, dia memiliki pengalaman dan sangat cepat. Dan khususnya Anichebe, dia adalah pemain yang kuat ketika di lapangan. Selain itu, Sunderland juga dalam permainan baik setelah menang lawan Hull City dan Boernemouth," kata Klopp, seperti dilansir Fourfourtwo. 
Sebelumnya, The Reds hanya bisa bermain dengan skor 0-0 kontra Southampton di pekan 12 Premier League, Sabtu 19 November 2016. 
 </isi>
	<link>http://www.viva.co.id/bola/read/852374-lawan-sunderland-liverpool-waspadai-2-pemain-ini</link>
</artikel>