<artikel>
	<id>OLA_SB_10_402</id>
	<judul>Arema Kembali Duduki Puncak Klasemen ISC</judul>
	<tanggal>06/11/16</tanggal>
	<kata_kunci>arema, indonesia soccer championship, isc 2016, </kata_kunci>
	<isi>REPUBLIKA.CO.ID, MALANG -- Arema kembali menduduki puncak klasemen sementara Indonesia Soccer Championship (ISC) 2016 setelah menaklukkan tamunya Persela Lamongan 3-0 di Stadion Kanjuruhan Kepanjen, Kabupaten Malang, Jawa Timur, Ahad (6/11) malam.
Sebelumnya Arema berada di posisi ketiga di bawah Madura United yang berada di puncak klasemen dengan raihan 52 poin dan Persipura Jayapura yang menempati posisi kedua dengan 50 poin. Sebenarnya raihan poin Arema sama dengan Madura United, namun Arema unggul head to head dengan Madura United.
Tiga gol Arema ke gawang Persela yang dikawal Dwi Kuswanto itu masing-masing dipersembahkan Cristian Gonzales pada menit ke-31, Hamka Hamzah menit ke-66 dan Esteban Vizcarra pada menit ke-79. Gol pembuka Arema diawali dari umpan Syaiful Indra Cahya yang tak disia-siakan Gonzales yang berdiri bebas di area kotak terlarang. Tandukan Gonzales tak mampu diselamatkan kiper Persela Dwi Kuswanto.
Arema yang menguasai pertandingan di babak pertama itu tak mampu menambah pundi-pundi golnya. Persela juga belum mampu menyamakan kedudukan hingga wasit M Agung meniup peluit panjangnya tanda babak pertama berakhir.
Serangan yang terus dilakukan Arema di babak kedua akhirnya membuahkan hasil. Gol kedua tercipta dari tandukan Hamka Hamzah yang memanfaatkan bola tendangan pojok yang dieksekusi Raphael Maitino pada menit ke-66.
Arema terus meningkatkan serangannya hingga beberapa menit menjelang usainya pertandingan. Serangan intensif itu akhirnya membuahkan hasil (gol) melalui tendangan dari luar kotak penalti yang dilesakkan EstebanVizcarra pada menit ke-79. Kedudukan berubah menjadi 3-0 hingga pertandingan berakhir.</isi>
	<link>http://www.republika.co.id/berita/sepakbola/liga-indonesia/16/11/06/og84sm257-arema-kembali-duduki-puncak-klasemen-isc</link>
</artikel>