<artikel>
	<id>OLA_SB_10_1173</id>
	<judul>Southampton Unggul Atas Arsenal di Babak I</judul>
	<tanggal>01/12/16</tanggal>
	<kata_kunci>piala liga inggris, arsenal, Southampton, </kata_kunci>
	<isi>VIVA.co.id - Arsenal tertinggal di babak pertama atas Southampton dalam laga perempat final Piala Liga Inggris di Emirates Stadium, Kamis 1 Desember 2016 dini hari WIB. Southampton berhasil unggul 2-0 atas Arsenal.
Southampton langsung mengejutkan pertahanan Arsenal lewat gol cepat Jordy Clasie di menit 13. Mendapat umpang silang dari Sofiane Boufal, Clasie dengan mudah meneruskan bola ke gawang Arsenal yang dikawal Damian Martinez.
Tertinggal 0-1, The Gunners langsung mencoba bangkit dan menekan pertahanan dari Southampton. Walau begitu, West Ham kerap memberikan ancaman lewat serangan balik yang cepat.
Southampton terlihat cukup santai unggul keunggulan ini, dan terus mengatur ritme permainan. Peluang bagi Arsenal di menit 29 lewat Aaron Ramsey, namun sayang bola masih jauh dari sasaran.
Tim asuhan Arsene Wenger masih terus mencari celah untuk membongkar pertahanan West Ham, yang tampil cukup disiplin. Alih-alih menyamakan kedudukan, Arsenal malah harus kembali kebobolan di menit 38.
Gol kedua dari Southampton ini dicetak oleh Ryan Bertrand, yang kembali merupakan assist dari Boufal. Unggul 2-0 atas Arsenal, membuat Southampton kian di atas angin.
Memasuki menit-menit akhir babak pertama, Arsenal masih belum bisa mendapat peluang yang berarti. Kedudukan 2-0 untuk Southampton pun tetap bertahan hingga turun minum.
Susunan Pemain
Arsenal: Damian Martinez, Kieran Gibbs, Gabriel Paulista, Carl Jenkinson, Rob Holding, Francis Coquelin, Aaron Ramsey, Mohamed Elneny (Granit Xhaka '43), Jeff Reine, Lucas Perez, Alex Iwobi
Southampton: Fraser Forster, Maya Yoshida, Ryan Bertrand, Cuco Martina, Virgin van Dijk, Steven Davis, Jordy Clasie, Sofiane Boufal, Harrison Reed, Samuel McQueen, Shane Long</isi>
	<link>http://www.viva.co.id/bola/read/854374-southampton-unggul-atas-arsenal-di-babak-i</link>
</artikel>