<artikel>
	<id>OLA_SB_10_575</id>
	<judul>Hadapi Persela, Pelatih MU Minta Pemainnya Tampil Ngotot</judul>
	<tanggal>04/12/16</tanggal>
	<kata_kunci>torabika soccer championship tsc, Persela Lamongan, madura united, </kata_kunci>
	<isi>VIVA.co.id – Madura United memiliki dua misi saat menjalani laga melawan Persela Lamongan, pada lanjutan Torabika Soccer Championship (TSC), Minggu, 4 Desember 2016 di Stadion Surajaya, Lamongan.
Misi pertama, Madura United membutuhkan kemenangan untuk tetap menempel ketat Arema Cronus dan Persipura Jayapura di klasemen sementara TSC.
Persipura dan Arema Cronus memiliki poin sama 59, di mana Mutiara Hitam memimpin klasemen sementara TSC. Sedangkan Madura United, di peringkat ketiga dengan 58 poin.
Misi kedua adalah, Madura United tentu saja tidak ingin tumbang di pertandingan sarat gengsi, karena merupakan derby Jawa Timur (Jatim).
Madura United pada musim ini seolah ingin membuktikan jika mereka merupakan salah satu tim terkuat di Jatim. Pelatih Madura United, Gomes de Olivera meminta anak asuhnya untuk bermain ngotot saat melawan Persela nanti.
"Kami membutuhkan semangat yang tinggi di setiap pertandingan, termasuk saat melawan Persela nanti," kata Gomes.
Gomes mencontohkan penampilan terbaik anak asuhnya saat mereka melawan Semen Padang beberapa waktu lalu. Saat itu, gol Patrich Wanggai membuatnya terharu.
"Tidak hanya saya, tapi saya kira kita semua juga menitikkan air mata, karena ada semacam ikatan," ujar Gomes.
Dengan semangat semacam itu, Gomes yakin Madura United, mampu meraih poin penuh saat melawan Persela nanti. 
"Tidak hanya saat melawan Persela saja, melainkan sisa pertandingan lainnya yang masih ada tiga pertandingan lagi, kami pasti bisa menang," ujar Gomes. (ase)</isi>
	<link>http://www.viva.co.id/bola/read/855585-hadapi-persela-pelatih-mu-minta-pemainnya-tampil-ngotot</link>
</artikel>