<artikel>
	<id>OLA_SB_10_1190</id>
	<judul>Kunjungi Kelab Striptis, Duo Liverpool Terancam Sanksi FA</judul>
	<tanggal>21/11/16</tanggal>
	<kata_kunci>liverpool, timnas inggris, adam lallana, jordan henderson, </kata_kunci>
	<isi>VIVA.co.id – Tindakan indisipliner dilakukan duo bintang Liverpool saat dipanggil untuk memperkuat tim nasional Inggris. Mereka adalah Jordan Henderson dan Adam Lallana.
Diberitakan The Sun, Hendo (sapaan Henderson) dan Lallana rela menempuh perjalanan jauh untuk mendatangi klub striptis yang bernama "For Your Eyes Only", sehari setelah mereka membela Inggris melawan Skotlandia. Untuk ke kelab tersebut, Hendo dan Lallana harus menempuh jarak 350 km.
Media Inggris tersebut mengatakan kalau Henderson dan Lallana tiba di klub striptis tersebut pada pukul 11 malam dan menghabiskan dua jam di sebuah kamar VIP. Lalu mereka pergi pukul 1 dini hari ke penginapan di The Grove, setelah meminum beberapa gelas bir.
Memang belum ada bukti autentik yang menyebut kalau kedua pemain ini benar mengunjungi tempat hiburan malam tersebut. Namun, jika terbukti, jelas mereka akan dikenakan sanksi, karena FA melarang keras pemain mengunjungi tempat hiburan selama dalam masa pemanggilan tim nasional.
Namun, seorang saksi yang mengaku melihat dua bintang Liverpool ini di kelab mengatakan, "Keduanya sangat menikmati waktu berpesta dan menyaksikan para wanita menari di podium."

"Semua yang ada di lokasi mengetahui keberadaan mereka dan sadar mereka akan memainkan laga persahabatan melawan Spanyol," ujarnya.
Kejadian ini sama persis ketika pemain Manchester United, Wayne Rooney, yang kedapatan mabuk dan merusak pesta pernikahan yang digelar di Hotel The Grove, tempat para pemain Inggris menginap.
Ketika itu, Rooney memaksa masuk ke pesta pernikahan. Dia juga berbincang dengan kedua mempelai dalam kondisi mabuk. Dari foto yang diunggah The Sun, terlihat  Rooney dalam keadaan mabuk berat.
Dalam foto tersebut juga, Rooney ditemani dua wanita seksi, yang diyakini merupakan tamu dalam pesta pernikahan. Mata Rooney terlihat sayu, sedangkan dua wanita yang menemani Rooney sedang tersenyum. (one)
 </isi>
	<link>http://www.viva.co.id/bola/read/850342-kunjungi-kelab-striptis-duo-liverpool-terancam-sanksi-fa</link>
</artikel>