<artikel>
	<id>OLA_SB_10_509</id>
	<judul>Riedl Nilai Pencapaian Timnas Indonesia Sensasional</judul>
	<tanggal>26/11/16</tanggal>
	<kata_kunci>timnas singapura, piala aff 2016, timnasindonesia, </kata_kunci>
	<isi>VIVA.co.id – Tim nasional Indonesia sukses mengalahkan Singapura dengan skor 2-1 dalam laga terakhir Grup A Piala AFF 2016 di Rizal Memorial Stadium, Manila, Filipina pada Jumat 25 November 2016. Kemenangan ini membawa Skuat Garuda lolos ke semifinal.

Bagi pelatih timnas Indonesia, Alfred Riedl, kemenangan ini menjadi pencapaian sensasional. Sebab, tim besutannya dibentuk dalam kondisi penuh keterbatasan, terutama sempat terhentinya kompetisi nasional karena polemik PSSI dengan Kemenpora.

"Saya pikir ini kemenangan spesial. Sangat sensasional bagi Indonesia karena baru saja kembali dari sanksi dan kompetisi sempat terhenti," ungkap Riedl kepada wartawan seusai pertandingan.

Sejak ditunjuk menjadi arsitek timnas Indonesia untuk Piala AFF 2016, Riedl sudah dihadang permasalahan. Klub-klub peserta Torabika Soccer Championship (TSC) hanya memperbolehkan dua pemain yang dipanggil ke Skuat Garuda.
 
Karena itulah Riedl berani meninggalkan pemain kaya pengalaman, dan beralih kepada talenta-talenta muda yang sedang bersinar.  "Kami beruntung punya segudang pemain talenta dan muda. Mereka adalah masa depan tim," ujarnya.

Untuk memastikan lawan di babak semifinal, Indonesia masih harus menunggu hasil pertandingan di Grup B yang baru akan berlangsung, Sabtu 26 November 2016. Sejauh ini, Vietnam masih dijagokan menjadi calon lawan, karena saat ini berada di puncak klasemen.</isi>
	<link>http://www.viva.co.id/bola/read/852511-riedl-nilai-pencapaian-timnas-indonesia-sensasional</link>
</artikel>