<artikel>
	<id>OLA_SB_10_1187</id>
	<judul>Alasan Gerrard Pensiun sebagai Pesepakbola Profesional</judul>
	<tanggal>24/11/16</tanggal>
	<kata_kunci>steven gerrard, liverpool, los angeles galaxy, timnas inggris, </kata_kunci>
	<isi>VIVA.co.id - Steven Gerrard akhirnya memutuskan untuk pensiun sebagai pemain sepakbola profesional. Mantan kapten Liverpool itu pun membeberkan alasannya gantung sepatu di usia 36 tahun.
Memulai karier profesionalnya pada 1998 di Liverpool, Gerrard melakoni 710 pertandingan bersama tim yang bermarkas di Anfield tersebut. Selama itu, dia sudah meraih 8 trofi, namun belum untuk gelar Premier League.
Pada 2015, Gerrard akhirnya melanjutkan karier bersama LA Galaxy. Kini, pria kelahiran 30 Mei 1980 itu memutuskan tidak memperpanjang kontraknya bersama tim asal Major League Soccer tersebut, dan memilih untuk pensiun.
"Tubuh Anda mulai bicara dengan Anda, penyakit dan rasa sakitnya semakin parah," ujar Gerrard kepada BT Sport, seperti dilansir Telegraph.
"Cara Anda merasakannya di sana, di lapangan berubah tahun demi tahun, saya merasakan diri saya sudah mulai melambat. Dan saya secara mendasar tak bisa memberikan yang biasanya bisa saya berikan (di lapangan)," ujarnya.
Untuk di timnas Inggris, Gerrard sudah bermain sebanyak 114 pertandingan. Bersama The Three Lions sudah 3 kali menjabat sebagai kapten dalam 6 turnamen besar yang diikutinya.
Gerrard mengaku bersyukur akan kariernya sebagai pesepakbola profesional. Khususnya Liverpool, yang mana menjadi awal kariernya bermain sebagai pesepakbola.
"Saya merasa sangat beruntung memiliki pengalaman yang begitu luar biasa selama karier. Saya memiliki karier menakjubkan dan saya amat bersyukur setiap momen saya bersama Liverpool," kata Gerrard.</isi>
	<link>http://www.viva.co.id/bola/read/852001-alasan-gerrard-pensiun-sebagai-pesepakbola-profesional</link>
</artikel>