<artikel>
	<id>OLA_SB_10_527</id>
	<judul>Bocah Suku Baduy Dipanggil Timnas Indonesia U-16</judul>
	<tanggal>24/11/16</tanggal>
	<kata_kunci>timnasindonesia, baduy, Kearifan Lokal Suku Baduy, </kata_kunci>
	<isi>VIVA.co.id – Siapa bilang anak suku pedalaman dan tinggal jauh dari kota dengan segala keterbatasannya tak mampu berprestasi. Justru dengan segala kekurangan yang ada, Awan (15), bocah Suku Baduy Luar masuk ke dalam skuat Timnas Indonesia U-16 dan akan bertanding dalam ajang Internasional Singa Cup 2016 U-16 di Singapura.
"Ini sudah luar biasa, menunjukkan bahwa anak-anak Baduy, selain bisa menjaga aturan adat, bisa juga berprestasi di bidang olahraga. Apalagi ini tingkat internasional," kata Andi S. Trisnahadi, manajer Baduy FC, Rabu 23 November 2016.
Pria berkacamata yang akrab disapa Andi Suhud ini, bercerita asal muasal anak Suku Baduy Luar dapat bergabung dengan Timnas U-16. Di mana, saat Awan berlatih bersama Baduy FC mampu menarik perhatian pencari bakat. Akhirnya, bocah Baduy itu diajak bergabung bersama Sekolah Bola Anak Indonesia (SBAI).
Bocah asal Kampung Kadu Jangkung, Desa Kanekes, Kecamatan Leuwi Damar, Kabupaten Lebak, Banten, itu kini tengah melakukan pemusatan pelatihan bersama Timnas U-16 di Tangerang. Meski begitu, dia kerap bolak balik ke Kanekes untuk tetap berlatih bersama Baduy FC di kawasan Suku Baduy Luar.
"Semoga keberhasilan Awan menjadi cambuk bagi remaja di Banten untuk terus berprestasi dan mengharumkan nama Banten," tutur Andi.</isi>
	<link>http://www.viva.co.id/bola/read/851570-bocah-suku-baduy-dipanggil-timnas-indonesia-u-16</link>
</artikel>