<artikel>
	<id>OLA_SB_10_1107</id>
	<judul>Mengacu Rekor, Southampton Bukan Lawan Mudah untuk Arsenal</judul>
	<tanggal>30/11/16</tanggal>
	<kata_kunci>arsenal, Southampton, piala liga inggris, </kata_kunci>
	<isi>VIVA.co.id – Arsenal akan bentrok dengan Southampton di lanjutan Piala Liga, Kamis dini hari 1 Desember 2016. Laga tersebut akan dihelat di Emirates Stadium. 
Kemenangan menjadi harga mati bagi kedua tim demi lolos ke babak semifinal Piala Liga. Mengacu dari komposisi pemain dari kedua tim, The Gunners difavoritkan menjadi pemenang di laga ini. 
Hal tersebut semakin dipertegas dengan catatan impresif Arsenal setelah tidak terkalahkan di 19 laga terakhirnya di berbagai ajang. 
Namun, dari segi rekor pertemuan kedua tim di lima laga terakhir, The Saints layak diperhitungkan. Tercatat dari lima laga terakhir yang mempertemukan kedua tim, Southampton dan Arsenal sama-sama meraih dua kali kemenangan dan sisanya berakhir dengan skor imbang. 
Terakhir kali kedua tim bertemu pada 10 September 2016 lalu. Tampil di Emirates Stadium, skuat Meriam London unggul tipis dengan skor 2-1. Dua gol Arsenal dicetak oleh Laurent Koscielny (29') dan Santi Cazorla (93'), sedangkan satu gol Southampton tercipta akibat gol bunuh diri Peter Cech di menit ke-18. 
Berikut lima pertandingan terakhir Arsenal vs Southampton, seperti dilansir Soccerway: 
10 September 2016: Arsenal 2-1 Southampton (Premier League)
3 Februari 2016: Arsenal 0-0 Southampton (Premier League)
27 Desember 2015: Southampton 4-0 Arsenal (Premier League)
1 Januari 2015: Southampton 2-0 Arsenal (Premier League)
4 Desember 2014: Arsenal 1-0 Southampton (Premier League)
 </isi>
	<link>http://www.viva.co.id/bola/read/854108-mengacu-rekor-southampton-bukan-lawan-mudah-untuk-arsenal</link>
</artikel>