<artikel>
	<id>OLA_SB_10_478</id>
	<judul>KONI Berharap Ketua Umum PSSI Terpilih dapat Buat Terobosan</judul>
	<tanggal>10/11/16</tanggal>
	<kata_kunci>kongres pssi, tono suratman, pssi, </kata_kunci>
	<isi>REPUBLIKA.CO.ID, JAKARTA -- Ketua Umum KONI Pusat Toto Soemarno berharap para pemilik suara dalam Kongres  PSSI memilih calon ketua umum yang dapat mendukung sistem organisasi PSSI. Ia juga berharap ketua umum PSSI yang terpilih nanti dapat melakukan banyak terobosan.
"Selain tugas yang sudah ada di dalam program juga harus mencari solusi apa saja tidak terpaku pada program, terobosan-terobosan apa saja karena kita sudah tertinggal jauh," katanya sehabis memberi sambutan di Kongres PSSI, di Hotel Mercure, Ancol, Jakarta Utara, Kamis (10/11).
Selain itu, ia berharap, ketua PSSI yang baru juga akan mempersiapkan atlet usia dini, memperbanyak klub di daerah serta membuat event-event kompetisi. Tono mengatakan kerja sama antara stakeholder olahraga nasional sudah mulai transparan.
"Baik KONI dan KOI sudah tahu fungsi dan tugasnya masing-masing," katanya.
Selain itu, katanya, pemerintah juga sudah memberikan peraturan-peraturan yang jelas. Yang terpenting saat ini, lanjutnya, harus ada kontribusi dari stakeholder tersebut terutama dalam prestasi. 
"Karena sudah tertinggal jauh," katanya. 
 </isi>
	<link>http://www.republika.co.id/berita/sepakbola/liga-indonesia/16/11/10/ogf4ps348-koni-berharap-ketua-umum-pssi-terpilih-dapat-buat-terobosan</link>
</artikel>