<artikel>
	<id>OLA_SB_10_532</id>
	<judul>Akses Ring Satu Stadion Pakansari Diperketat</judul>
	<tanggal>03/12/16</tanggal>
	<kata_kunci>piala aff 2016, piala aff, timnas vietnam, timnasindonesia, </kata_kunci>
	<isi>VIVA.co.id – Pertandingan leg pertama semifinal Piala AFF 2016 antara tim nasional Indonesia melawan Vietnam di Stadion Pakansari, Cibinong, Sabtu 3 Desember 2016. Meski baru akan dimulai pukul 19.00 WIB, namun sebagian penonton sudah berdatangan.
Alasan mereka datang lebih awal karena khawatir sulik mengakses masuk ke kawasan Pakansari. "Kita dari Jakarta pukul 12 siang. Untung cuma kena macet di tol Cibubur," kata Danu yang datang bersama keluarganya.
Mengingat pertandingan ini menyedot animo publik yang luar biasa, penjagaan pun diperketat. Bagian ring satu (ring road) Pakansari hanya boleh dimasuki oleh mereka yang memegang tiket.
Pantauan VIVA.co.id, sebagian penonton yang sudah hadir masih ada yang berdiri di depan pintu gerbang VVIP.  Melalui pengeras suara, aparat kepolisian yang berjaga meminta kepada para suporter yang sudah berada di pintu gerbang VVIP untuk masuk ke dalam stadion.
Para petugas gabungan dari kepolisian dan TNI pun banyak yang sudah siaga. Mereka membuat pagar betis agar para penonton bisa langsung diarahkan menuju gerbang masuk untuk penonton.</isi>
	<link>http://www.viva.co.id/bola/read/855460-akses-ring-satu-stadion-pakansari-diperketat</link>
</artikel>