<artikel>
	<id>OLA_SB_10_597</id>
	<judul>Semen Padang Menang Tipis Atas Persiba</judul>
	<tanggal>26/11/16</tanggal>
	<kata_kunci>SemenPadang, Persiba, torabika soccer championship tsc, </kata_kunci>
	<isi>VIVA.co.id – Semen Padang meraih kemenangan di pekan 30 ajang Torabika Soccer Champioship (TSC). Bertanding di Stadion Haji Agus Salim, Sabtu, 26 November 2016, 'Kabau Sirah' mengalahkan tamunya Persiba Balikpapan dengan skor tipis 1-0.
Di babak pertama kedua kubu tampil monoton. Meski begitu kubu tuan rumah lebih mendominasi penguasaan bola.
Tim asuhan Nilmaizar mampu memecah kebuntuan di menit 33. Marcel Silva Sacramento mencatatkan nama di papan skor.
Pemain yang kini bersaing di daftar teratas top scorer tersebut mendapatkan umpan di sisi kiri kotak penalti. Dikawal ketat dua pemain Persiba, namun dengan lihainya Marcel tetap mampu melepaskan tembakan keras ke tiang dekat dan tak bisa dibendung kiper lawan. Skor 1-0 untuk Semen Padang bertahan sampai turun minum.
Paruh waktu kedua laga kembali berlangsung ketat. Kedua tim masih-masih bermain terbuka. Beberapa peluang mampu dihasilkan kedua kubu.
Menit 60, Shohei Matsunaga nyaris membawa Persiba menyamakan kedudukan. Sayang tendangan bebasnya masih membentur mistar gawang.
Sejumlah pergantian pemain juga dilakukan oleh Semen Padang dan Persiba di sisa waktu pertandingan. Tapi usaha mereka tidak membuahkan hasil. Sampai laga usaia skor 1-0 buat Laskar Bukit Indarung tetap bertahan.
Dengan tambahan tiga poin sementara Semen Padang naik ke posisi tujuh klasemen dengan koleksi 45 angka, menggeser PSM Makassar. Sedangkan Persiba harus rela tertahan di posisi 13 dengan torehan 30 poin.
Susunan pemain:
Semen Padang: Jandia Eka Putra; Novan Sasongko, Hamdi Ramdhan, Cassio Francisco (Agung Prasetyo 46'), Fandry Imbiri; Lee Kil Hoon (Vendry Mofu 70'), Riko Simanjutak, Rudi, Muamer Svarka, Defri Riski (Irsyad Maulana 60') ; Marcel Sacramento.
Persiba Balikpapan: Beny Yoewanto; Fengky Turnando, Ledi Utomo (Gideon Way 80'), Dirkhir Kohn, Hanif Abdurrauf, Iqbal Samad; Aziz Lutfi Akbar, Adriano Teles, I Gusti Rustiawan; Shohei Matsunaga, Ade Kurniawan.</isi>
	<link>http://www.viva.co.id/bola/read/852679-semen-padang-menang-tipis-atas-persiba</link>
</artikel>