<artikel>
	<id>OLA_SB_10_1158</id>
	<judul>Messi Tertarik 'Pulang Kampung' ke Newell's</judul>
	<tanggal>05/09/16</tanggal>
	<kata_kunci>Barcelona, L Messi, lionel messi, </kata_kunci>
	<isi>VIVA.co.id – Impian Wakil Presiden Newell's Old Boys, Cristian D'Amico yang ingin melihat Lionel Messi kembali bermain, sepertinya bisa menjadi kenyataan. Penyerang Barcelona ini, rupanya punya keinginan kembali membela klub Argentina tersebut.
Messi kecil sempat memulai karier di Newell's pada 1994. Pada 2001, dia berlabuh di akademi Barca, La Masia, hingga berkembang menjadi salah satu pemain terbaik di dunia.
(Baca juga: Messi Bakal Pulang ke Newell's Usai Piala Dunia 2018?)
"Saya senang jika bisa kembali. Ini merupakan sesuatu yang terus saya pikirkan, karena (bermain sepakbola) adalah mimpi saya saat masih kecil," kata Messi dalam wawancara dengan Telefe's Polemica en el Bar di Argentina.
"Hidup saya mulai berubah. Namun, saya tak menyesal. Ini adalah hal yang saya pertimbangkan. Saya ingin bermain di Argentina dan Newell's, tempat di mana saya dibesarkan," tegas pemain 29 tahun ini.
Messi sempat memutuskan pensiun dari timnas Argentina, usai kalah dari Chile di final Copa America Centenario 2016. Kini, dia sudah menarik kembali keputusannya dan tampil saat bersua Uruguay di Kualifikasi Piala Dunia 2018. Messi mengaku, saat itu, dia sangat frustrasi sampai memutuskan penisun.
"Itulah perasaan saya saat itu. Saya merasa segalanya hancur, karena kami tahu kondisi tim saat itu, dan bagaimana kami bermain dalam setiap pertandingan," ucap Messi.
"Kami semua ingin menang. Saya telah berjuang dengan Seleccion, dan mimpi saya adalah merebut gelar. Kami sudah nyaris mendapatkannya. Gagal jadi juara membuat kami semua frustrasi," lanjutnya. (asp)</isi>
	<link>http://www.viva.co.id/bola/read/817762-messi-tertarik-pulang-kampung-ke-newell-s</link>
</artikel>