<artikel>
	<id>OLA_SB_10_1176</id>
	<judul>Chelsea yang Kian Tak Terbendung</judul>
	<tanggal>28/11/16</tanggal>
	<kata_kunci>chelsea, premier league, Klasemen Liga Inggris, </kata_kunci>
	<isi>VIVA.co.id – Hingga pekan 13 Premier League, Chelsea masih kokoh di puncak klasemen. 31 poin dikumpulkan pasukan besutan Antonio Conte. Mereka ditempel ketat Liverpol dan Mancheter City yang sama-sama mendulang tiga angka di pertandingan lain.
Tujuh kemenangan beruntun sudah dicatat The Blues. Terbaru mereka membuat Tottenham Hotspur bertekuk lutut dalam Derby London. Itu sekaligus menjadi kakalahan perdana The Lilywhites sepanjang musim.
Cuma sedikit cela, dalam laga itu gawang Chelsea akhirnya kembali kebobolan setelah sebelumnya mencetak enam clean sheet. Mereka kembali kebobolan usai 601 menit.
Catatan lain yang bisa dipetik dari kemenangan atas Tottenham adalah, Chelsea membuktikan bahwa mereka semakin matang secara permainan dan mental. Bayangkan, sempat ketinggalan oleh gol Christian Eriksen di menit 11, namun mereka bisa balik unggul dan memetik poin sempurna melalui lesakan Pedro Rodriguez dan Victor Moses.
Tak salah jika sekarang Chelsea semakin diperhitungkan dalam perburuan gelar. Terlebih, tim yang bermarkas di Stamford Bridge sekarang hanya fokus bermain di kompetisi domestik.
Semakin Tangguh
Conte seperti terbang ke bulan, dengan perkembangan luar biasa yang dialami Chelsea. Tak heran jika kini dia mulai sedikit sesumbar membanggakan kekuatan tim.
Dia menegaskan, Chelsea sekarang adalah tim berbeda dari yang dikalahkan Arsenal dan Liverpool pada September lalu. Kekalahan beruntun, itu bahkan sempat memicu isu pemecatan Conte.
Kesuksesan Chelsea bangkit sebagian besar terkait dengan keputusan Conte memodifikasi sistem tiga bek. Biasa mengusung pola 3-5-2 sejak di Juventus dan Timnas Italia, eks pelatih Bari itu lalu mulai menerapkan 3-4-3.
"Kami adalah tim berbeda. Saya senang dengan ini. Saya turut senang bagi para pemain. Kami telah banyak bekerja dan mereka menikmati tipe permainan ini," katanya. 
Walau demikian, hal tersebut tidak serta merta membuat Conte lupa daratan. Dia tetap mencoba membumi dengan mengatakan bahwa kompetisi masih panjang dan seluruh tim tetap punya kans sama seperti Chelsea untuk menjadi juara.
"Terlalu cepat jika membicarakan gelar juara. Liga berlangsung cukup ketat. Tottenham telah menunjukkannya, masih ada enam atau tujuh tim yang berpeluang meraih gelar juara," ungkap Conte lagi.
Selanjutnya ManCity
Bagaimanapun Chelsea tidak bisa tenang di puncak klasemen. Seluruh tim kini berjuang keras memburu mereka, termasuk ManCity, tim peringkat tiga yang pekan depan akan berhadapan dengan mereka.
Chelsea djadwalkan bertandang ke Etihad Stadium pada Sabtu, 3 Desember 2016. Itu akan menjadi kesempatan Chelsea merentangkan jarak dengan The Citizens, atau malah membuat mereka disalip sang seteru yang cuma ketinggalan satu angka saja sekarang.
Jauh hari jelang laga kubu lawan melakukan persiapan. Manajer ManCity, Pep Guardiola mengaku langsung fokus ke partai kontra Chelsea usai meraih kemenangan atas Burnley akhir pekan kemarin. Dia mengaku akan mencari informasi sebanyak mungkin soal permainan tim asuhan Antonio Conte.
"Sekarang kami akan menghadapi tim terbaik. Dalam beberapa laga terakhir Chelsea bermain bagus," kata Guardiola.
"Kami akan berusaha menemukan rahasia Conte dan mengalahkan mereka. Masih tersisa enam hari, kami harus bisa memaksimalkan untuk persiapan," tegasnya. </isi>
	<link>http://www.viva.co.id/bola/read/852920-chelsea-yang-kian-tak-terbendung</link>
</artikel>