<artikel>
	<id>OLA_SB_10_1140</id>
	<judul>Setelah Pogba, MU Mau Ajak 'Mantan' Lainnya untuk Balik</judul>
	<tanggal>09/11/16</tanggal>
	<kata_kunci>Manchester United, Jose Mourinho, premier league, </kata_kunci>
	<isi>VIVA.co.id – Krisis lini belakang yang dialami Manchester United, memaksa Jose Mourinho untuk memutar otak untuk menjaga keseimbangan kekuatan skuat. Salah satunya adalah opsi mengambil kembali pemain yang sudah dimiliki klub lain.
Setelah sukses "memulangkan" Paul Pogba di bursa transfer musim panas lalu, MU dikabarkan akan melakukan hal serupa di bursa transfer musim dingin. Pemain yang ingin direkrut kembali adalah bek Burnley, Michael Keane, dikutip futnsoccer.
Keane adalah pemain didikan akademi MU. Dia berhasil menembus skuat utama di tahun 2011 hingga 2015 dan bermain di satu pertandingan.
Tapi, dirinya terus tersisih dan harus menjalani masa pinjaman ke beberapa klub. Leicester City, Derby County, Blackburn Rovers pernah diperkuatnya.
Burnley, sebelum memiliki permanen juga didahului dengan masa pinjaman di musim 2014-2015. Bersama klub inilah Keane mampu menunjukkan peningkatan performa.
Musim 2014-2015, Keane dimainkan di 21 pertandingan, musim berikutnya Keane bermain di 44 laga dengan 5 gol. Dari 11 pekan Premier League musim ini, dia selalu dimainkan 90 menit dan sudah menyumbang satu gol.
Wajar jika MU ingin Keane berada di skuatnya lagi. Apalagi kini sang manajer, Jose Mourinho sedang mengalami keretakan hubungan dengan dua beknya, Chris Smalling dan Luke Shaw.
 </isi>
	<link>http://www.viva.co.id/bola/read/845522-setelah-pogba-mu-mau-ajak-mantan-lainnya-untuk-balik</link>
</artikel>