<artikel>
	<id>OLA_SB_10_139</id>
	<judul>Dua Kali Unggul, Indonesia Akhirnya Dikalahkan Vietnam 2-3</judul>
	<tanggal>08/11/16</tanggal>
	<kata_kunci>indonesia lawan vietnam</kata_kunci>
	<isi>




 - Meski sempat dua kali unggul, Indonesia harus menyerah saat berhadapan dengan Vietnam. Laga ujicoba tersebut tuntas dengan skor - untuk keunggulan tuan rumah.Di Nation Stadium, Hanoi, Selasa (//) malam WIB, Indonesia lebih dulu memimpin melalui Boaz Theofilus Erwin di menit . Namun sebelum turun minum Vietnam berhasil menyamakan kedudukan melalui Le Cong Vihn.Memasuki babak kedua, Indonesia kembali bisa lebih dulu memimpin. Kali ini melalui eksekusi penalti Irfan Bachdim setelah pemain bertahan Vietnam melalukan handball.Namun Indonesia gagal mempertahankan keunggulan tersebut. Vietnam mampu bangkit dan melesakkan dua gol balasan melalui Nguyen Cong Phuong pada menit  dan Nguyen Van Toan, delapan menit sebelum laga tuntas.Hasil ini membuat Indonesia gagal meraih kemenangan di dua laga ujicoba  yang digelar. Beberapa hari lalu skuat besutan Alfred Riedl berimbang - dengan Myanmar.Indonesia tampil dengan seragam kedua, kaus putih, celana hijau dan kaus kaki putih. Sementara Vietnam bermain dengan warna merah pada baju, celana dan kaus kaki.Vietnam memeragakan umpan-umpan pendek yang dikombinasikan dengan operan panjang untuk menyentak bek-bek Indonesia di menit-menit awal laga. Lebih banyak mengejar bola di menit-menit awal, Indonesia memberikan  pada setiap pemain Vietnam yang menguasai bola. Namun tekanan tersebut tak dilanjutkan jika bola sudah masuk sepertiga pertahanan Vietnam.Hingga  menit pertandingan, Indonesia masih lebih banyak mengejar bola. Sementara Vietnam terus berupaya menggedor pertahanan tamunya. Beberapa kali tusukan melalui sisi kanan pertahanan Indonesia berhasil mendekati kotak penalti. Tapi tidak ada yang sampai menghasilkan . pertama dalam laga ini terjadi di menit  saat tendangan Nguyen Trong Hoang jauh dari luar kotak penalti melayang tinggi. Tekanan Vietnam berlanjut melalui Nguyen Van Quyet saat dia berdiri bebas di tengah kotak penalti untuk menyambar umpan yang dilepaskan dari sisi kiri. Indonesia beruntung, tandukannya tidak akurat dan juga lemah. Tak lama berselang, Kurnia Meiga melakukan penyelamatan pertamanya saat dia memblok sepakan Nguyen van Toan dari sudut sempitIndonesia mendapatkan peluang pertamanya di menit  saat Boaz mencuri bola dari kaki bek Vietnam. Dalam posisi tiga pemain Indonesia melawan dua bek Vietnam, peluang itu gagal dituntaskan jadi gol. Boaz memilih menuntaskan serangan itu sendiri, namun tembakannya lemah sehingga mudah ditangkap kiper.Tak lama berselang Rizki Rizaldi Pora dapat ruang tembak di tepi kotak penalti. Tapi bola yang dia sepak melayang tinggi. Serangan Indonesia berlanjut melalui Irfan Bachdim saat sepakannya dari dalam kotak penalti melayang tipis di atas sasaran.Boaz gol! Indonesia mengungguli Vietnam pada menit . Melalui skenario serangan balik cepat, dua pemain Indonesia berhadapan satu bek Vietnam. Stefano Lilipaly menusuk ke jantung pertahanan Vietnam dan memutuskan menuntaskan serangan itu dengan melepaskan tembakan. Bola yang dia tendang berhasil diblok kiper Tran Nguyen Mahn.Namun dia gagal mengamankan dengan sempurna. Bola yang mental disambar Boaz. Indonesia unggul -.Kegagalan bek Indonesia melakukan sapuan membuat Vietnam nyaris menyamakan kedudukan. Tendangan Nguyen van Quet dari dalam kotak penalti mentah terkena tiang gawang.Satu menit sebelum turun minum Vietnam berhasil menyamakan kedudukan. Dari tendangan bebas yang dilakukan tak jauh dari tengah lapangan, bola melayang ke kotak penalti Indonesia. Di sana Le Cong Vihn menanduk ke arah belakang dan menyarangkan bola ke dalam gawang. Skor kini -.Di awal babak kedua Indonesia mendapat penalti. Wasit menunjuk titik putih di kotak penalti Vietnam setelah salah satu pemainnya menyentuh dengan tangan bola yang ditendang Rizky Pora. Maju sebagai eksekutor, tendangan Bachdim mengecoh kiper dan mengubah kedudukan jadi -.Tak lama berselang Boaz nyaris memperbesar keunggulan Indonesia saat tendangan kaki kanan yang dia lepaskan ditepis kiper ke luar lapangan.Lewat skenario yang sama speerti gol pertama, Vietnam hampir menyamakan kedudukan. Tendangan bebas yang mengarah ke dalam kotak penalti ditanduk oleh pemain Vietnam, namun kali ini arahnya melebar tipis. Di menit  Vietnam kembali menyamakan kedudukan. Menerima umpan tari dari sisi kiri, Nguyen Cong Phuong menjatuhkan dirinya sambil membelokkan bola ke dalam gawang. Bola yang bergulir masuk di tiang jauh mengubah skor jadi -.Kurnia Meiga menghindrakan Indonesia dari kebobolan untuk kali ketiga saat dia menghalau sepakan jarak dekat seorang pemain Vietnam. Namun dia tak kuasa untuk menghidarkan gawangnya kebobolan untuk kali ketiga pada menit .Menerima umpan panjang dari tengah lapangan, Nguyen Van Toan lolos dari kawalan dua bek indonesia dan melepaskan tembakan pelan yang masuk ke sudut bawah gawnag. Vietnam kini balik unggul -.Indonesia gagal memberi reaksi atas gol tersebut. Sebaliknya, di sisa waktu pertandingan gawang Meiga malah beberapa kali dapat ancaman.
						







</isi>
	<link>http://sport.detik.com/sepakbola/liga-indonesia/3340637/dua-kali-unggul-indonesia-akhirnya-dikalahkan-vietnam-2-3
</link>
</artikel>
