<artikel>
	<id>OLA_SB_10_667</id>
	<judul>'Mentalitas Pemain Indonesia Bagus, Fokus ke Laga Lawan Singapura'</judul>
	<tanggal>24/11/16</tanggal>
	<kata_kunci>piala aff, timnas indonesia</kata_kunci>
	<isi>




 - Indonesia belum mencatatkan kemenangan di laga Piala AFF . Namun, mental para skuat 'Garuda' disebut tetap dalam kondisi bagus.Indonesia saat ini ada di posisi paling bawah Grup A Piala AFF  setelah mengumpulkan satu poin, hasil dari dua kali bertanding. Raihan itu sama dengan koleksi poin Singapura, tapi Indonesia kalah selisih gol.Di pertandingan terakhir, Indonesia akan melawan Singapura. Agar bisa lolos tim 'Merah-Putih wajib memenangi pertandingan di stadion Rizal Memorial, Jumat (//), seraya berharap Filipina tak mengalahkan Thailand di Philippine Sports Stadium.Sehubungan dengan hal tersebut pelatih Indonesia Alfred Riedl menegaskan bahwa tim besutannya tidak mengalami masalah psikologis jelang laga penentu."Mentalitas pemain dalam kondisi bagus, suasana tim dalam kondisi bagus karena sejauh ini kami memainkan dua pertandingan dengan sangat baik," kata Riedl kepada pewarta di Manila."Saya bisa membandingkan dengan situasi di tahun  di Hanoi. Di laga pertama kami mendapatkan hasil imbang, di babak kedua kalah - dari Filipina. Tapi, saat itu kami tak melakukan persiapan dengan bagus. Para pemain sudah kelelahan dan tidak bugar."Saat ini kami sudah melakukan persiapan dengan baik, tapi ada halangan cuma dua orang dari setiap klub. Itu yang akhirnya menjadi masalah," tambah pelatih asal Austria itu.Pernyataan Riedl itu dikuatkan oleh Andik Vermansah. Pemain nomor punggung  itu bilang bahwa konsentrasi penggawa Indonesia sudah tertuju pada laga melawan Singapura."Teman-teman sudah melupakan hasil laga kemarin. Mereka sudah berkonsentrasi penuh untuk laga melawan Singapura," kata Andik kepada pewarta.








</isi>
	<link>http://sport.detik.com/sepakbola/liga-indonesia/3353290/mentalitas-pemain-indonesia-bagus-fokus-ke-laga-lawan-singapura
</link>
</artikel>
