<artikel>
	<id>OLA_SB_10_608</id>
	<judul>PSM Menang 1-0 di Markas Bhayangkara FC</judul>
	<tanggal>21/11/16</tanggal>
	<kata_kunci>psm lawan bhayangkara, tsc</kata_kunci>
	<isi>




 - Gol tunggal Rizky Pellu membawa PSM Makassar menang - di markas Bhayangkara FC dalam laga lanjutan Torabika Soccer Championship (TSC) A .Satu-satunya gol dalam pertandingan di stadion Gelora Delta Sidoarjo, Senin (//), lahir di menit ke-. Rizky Pellu memanfaatkan bola liar untuk membuat PSM unggul -.Satu menit sebelum itu PSM sebenarnya juga sempat mengancam Bhayangkara FC lewat serangan balik di menit ke-. Tapi tendangan keras Titus Bonai berhasil ditepis penjaga gawang Bhayangkara FC Wahyu Tri Nugroho.Di pertengahan babak kedua, Ilham Udin Armain lolos dari jebakan offside saat mendapat umpan dari Hargianto. Tapi bola yang ia sepak, dalam usaha Bhayangkara FC menyamakan kedudukan, masih diblok kiper.Sebelum injury time tuan rumah mengancam lagi. Namun, Hargianto gagal meneruskan umpan lambung Oravio Dutra. Skor tak berubah sampai wasit Mustafa Umarella meniup peluit panjang.Dengan hasil tersebut PSM kini mengoleksi  poin untuk duduk di posisi enam papan klasemen. Bhayangkara FC terpaku di posisi empat dengan  angka.








</isi>
	<link>http://sport.detik.com/sepakbola/liga-indonesia/3350866/psm-menang-1-0-di-markas-bhayangkara-fc
</link>
</artikel>
