<artikel>
	<id>OLA_SB_10_616</id>
	<judul>Indonesia Harus Langsung Tancap Gas Lawan Filipina</judul>
	<tanggal>21/11/16</tanggal>
	<kata_kunci>indonesia lawan filipina, piala aff</kata_kunci>
	<isi>





 - Kemenangan menjadi harga mati untuk tim nasional Indonesia saat melawan Filipina. Skuat 'Garuda' berniat langsung tampil menekan Di klasemen Grup A Piala AFF , Indonesia masih berada di posisi paling bawah. Kekalahan - melawan Thailand di laga pertama menjadi penyebabnya.Untuk menjaga peluang lolos ke babak semifinal, Indonesia wajib mendapatkan poin di partai kedua. Tim besutan Alfred Riedl itu akan berhadapan dengan tim tuan rumah, Filipina di pertandingan yang akan berlangsung di Phillipines Sports Stadium, Selasa (///) besok malam waktu setempat.Penggawa lini depan Indonesia, Andik Vermansah, sadar betul akan pentingnya raihan tiga angka di laga melawan tuan rumah ini. Dia pun ingin tim 'Merah Putih' langsung menekan sejak awal pertandingan."Kami harus menang. Ini merupakan kesempatan kami untuk mempermudah kesempatan kami lolos ke babak berikutnya," kata Andik kepada pewarta."(Kami harus segera) menekan mereka. Mereka sangat tenang jadi kami harus menekan mereka.""Tak penting setangguh apa bek kiri mereka, yang penting saya harus bermain sungguh-sungguh untuk Indonesia," imbuh pemain yang memperkuat Selangor FA itu.








</isi>
	<link>http://sport.detik.com/sepakbola/liga-indonesia/3350024/indonesia-harus-langsung-tancap-gas-lawan-filipina
</link>
</artikel>
