<artikel>
	<id>OLA_SB_10_099</id>
	<judul>Target Riedl dan Bachdim pada Myanmar Vs Indonesia</judul>
	<tanggal>03/11/16</tanggal>
	<kata_kunci>Alfred Riedl, Irfan Bachdim, hasil training camp, piala aff, myanmar, timnas indonesia</kata_kunci>
	<isi> YANGON, KOMPAS.com- Pelatih tim nasional Indonesia, Alfred Riedl, dan striker Irfan Bachdim mengutarakan target dari uji coba melawan Myanmar di Stadion Thuwunna, Yangon, Jumat (//). Laga ini merupakan persiapan menjelang Piala AFF yang berlangsung dari  November hingga  Desember . Untuk pertandingan nanti, Riedl mengaku cuma ingin melihat hasiltraining camp (TC) yang dijalani selama ini. Terakhir, dari  Oktober sampai  November , tim melakukan pemusatan latihan di Karawaci, Tangerang. "Pada pertandingan nanti, kami lebih ingin melihat perkembangan permainan tim yang sudah dipersiapkan selama ini," kata Riedl pada jumpa pers di Yangon Hotel, Kamis (//). "Kami mengakui persiapan Myanmar sudah matang. Namun, kami tidak gentar dengan itu dan siap tempur untuk laga nanti," ucap sang pelatih. Beda hal dengan penuturan Bachdim. Dia mengincar kemenangan meskipun laga cuma berstatus uji coba. "Saya tentu ingin memberikan kemenangan untuk tim nasional. Saya sudah mengenal Myanmar dan kami telah mempelajari permainan mereka lewat video," tutur Riedl. Setelah itu, Indonesia akan melawan Vietnam di Hanoi, Selasa (//).(Segaf Abdullah) </isi>
	<link>http://bola.kompas.com/read/2016/11/03/22060008/target.riedl.dan.bachdim.pada.myanmar.vs.indonesia
</link>
</artikel>
