<artikel>
	<id>OLA_SB_10_172</id>
	<judul>Andik Ingin Bawa Selangor Juara Lebih Dulu, Baru Fokus ke Timnas</judul>
	<tanggal>26/10/16</tanggal>
	<kata_kunci>timnas indonesia, andik vermansah</kata_kunci>
	<isi>




 - Andik Vermansah akan dihadapkan tugas besar usai membawa Selangor FA melangkah ke final Piala Malaysia. Setelah itu kontribusinya ditunggu untuk Skuat Garuda.Selangor FA dipastikan melaju ke babak final Piala Malaysia, setelah mengalahkan T-Team - dalam laga yang dilangsungkan Sabtu (/) lalu. Andik sukses menyumbangkan satu gol di masa  time.Alhasil, Selangor lolos berkat keunggulan agregat -. Selanjutnya di partai final, Selangor sebagai juara bertahan akan bertemu Kedah di Stadion Shah Alam, pada  Oktober mendatang.Di saat yang sama, nama Andik juga akan dipanggil oleh pelatih Alfred Riedl untuk mengikuti pemusatan latihan yang digelar mulai  Oktober mendatang. Namun eks Persebaya Surabaya ini kemungkinan besar akan telat bergabung."Saat ini saya fokus ke final Piala Malaysia dulu. Semoga Selangor bisa menjadi juara. Ini sangat penting bagi saya, setelah itu baru ke timnas," ujar Andik kepada , Rabu (/).Pemain kelahiran Jember ini mengaku membutuhkan waktu dua sampai tiga hari untuk , setelah tampil bersama Selangor pada  Oktober. Andik berharap kondisinya tak ada masalah sehingga bisa secepatnya bergabung dengan skuat besutan Alfred Riedl."Mungkin saya akan ke Myanmar langsung dari Malaysia. Tapi saya belum tahu. Kalau melawan Vietnam, saya bisa bergabung, tapi kalau seandainya dipanggil lagi," katanya.Indonesia memiliki dua jadwal ujicoba tandang, yaitu melawan Myanmar pada  November dan menjajal Vietnam pada  November.
						







</isi>
	<link>http://sport.detik.com/sepakbola/liga-indonesia/3330168/andik-ingin-bawa-selangor-juara-lebih-dulu-baru-fokus-ke-timnas
</link>
</artikel>
