<artikel>
	<id>OLA_SB_10_671</id>
	<judul>Pertama Kali, MU Andalkan Trisula Papua</judul>
	<tanggal>09/11/16</tanggal>
	<kata_kunci>Mu andalkan trisula papua, isc</kata_kunci>
	<isi> MADURA - Kekuatan Madura United (MU) belum komplet jelang laga kontra PSM Makassar dalam lanjutan Indonesia Soccer Championship (ISC) A , Sabtu (//). Keluar masuk pemain karena akumulasi kartu kuning masih terjadi. Kini, giliran Dane Milovanovic absen.Dane bergantian dengan Engelberd Sani yang sudah bisa bermain setelah sebelumnya istirahat dengan alasan sama. Selain Dane, masih ada Bayu Gatra yang masih tergabung di tim nasional, sedangkan Eric Weeks sudah tercantum dalam tim yang akan diberangkatkan ke Makassar, Kamis (//).Dengan absennya Dane Milovanovic, maka tugasnya akan diberikan pada Eric Weeks. Sektor ini juga masih mempunyai stok mencukupi, catat saja nama pemain lokal seperti Slamet Nur Cahyo, Ahmad Bustomi, Ahmad Maulana, dan Asep Berlian.Namun, akan ada yang menarik di lini depan, yakni untuk pertama kalinya MU bakal memainkan trisula Papua. Pelatih MU Gomes De Oliviera kemungkinan besar akan memainkan Patrich Wanggai, Elthon Maran, dan Engelberd Sani secara bersamaan.Ada alasan kuat ketiganya bakal dijadikan kekuatan utama di Makassar nanti. Patrich Wanggai dan Elthon Maran bermain impresif sekaligus mencetak gol ketika Sape Kerap menggilas Persegres Gresik United - pada laga akhir pekan lalu.Sedangkan Engelberd Sani adalah kekuatan inti sejak awal musim dan hanya absen ketika mendapat akumulasi kartu kuning. Lagipula, keputusan Gomes memainkan Rossi Noprihanis sebagai winger kurang begitu efektif."Ada kemungkinan saya memasang tiga pemain Papua secara bersamaan di lini depan. Mereka sedang dalam permainan terbaik saat ini. Tapi tentu masih menunggu perkembangan para pemain serta strategi yang akan kami bawa nanti," jelas Gomes De Oliviera.Meski ada perubahan komposisi pemain asing dibanding laga sebelumnya, dia optimistis kekuatan lokal yang ada bisa bermain optimal. Misalnya, Slamet Nur Cahyo yang menginspirasi kemenangan besar MU atas Persegres pada pertandingan sebelumnya."Dane Milovanovic bakal absen, tapi Eric Weeks sudah kembali dan bisa bermain. Saya tidak mengeluh dengan keadaan karena masih ada pemain yg absen, karena demua pemain Madura United terbukti bisa bermain memuaskan. Saya yakin soliditas masih bisa terjaga," demikian Gomes. (sha) dibaca .x </isi>
	<link>http://soccer.sindonews.com/read/1154050/58/pertama-kali-mu-andalkan-trisula-papua-1478688490
</link>
</artikel>
