<artikel>
	<id>OLA_SB_10_156</id>
	<judul>Satu Pemain Lagi Bakal Dicoret dari Pemusatan Latihan Timnas</judul>
	<tanggal>01/11/16</tanggal>
	<kata_kunci>laga ujicoba dengan myanmar dan vietnam</kata_kunci>
	<isi>




 - Timnas Indonesia akan membawa  pemain untuk menjalani dua laga ujicoba  melawan Myanmar dan Vietnam. Itu artinya, bakal ada satu pemain yang dicoret.Riedl telah memanggil  pemain pada pemusatan latihan timnas di Lapangan UPH, Karawaci, Tangerang. Dalam sesi latihan kali ini, Riedl memberikan beberapa fokus mulai dari taktik strategi dan fisik.Rencananya, timnas akan menjalani dua ujicoba melawan Myanmar pada  November dan menjajal Vietnam lima hari kemudian. Tim 'Merah-Putih' dijadwalkan berangkat pada besok, Rabu (/)."Kami akan berangkat dengan  pemain dari sini, jadi dari  pemain di sini akan ada satu yang dicoret. Nanti setelah latihan sore kami akan umumkan siapa orangnya," ujar Riedl usai latihan, Selasa (/).Terkait kekuatan dua lawannya itu, Riedl mengaku sudah melakukan pengamatan melalui rekaman video. Tapi, pelatih Riedl ini memilih untuk melihat permainan timnya sebelum tampil di Piala AFF ."Kami sudah tahu mereka telah melakukan persiapan selama , bulan karena liga mereka sudah selesai  Agustus, kami tahu ini akan berat," tuntas dia.








</isi>
	<link>http://sport.detik.com/sepakbola/liga-indonesia/3334371/satu-pemain-lagi-bakal-dicoret-dari-pemusatan-latihan-timnas
</link>
</artikel>
