<artikel>
	<id>OLA_SB_10_016</id>
	<judul>Timnas Indonesia Mencari Alternatif Strategi</judul>
	<tanggal>01/11/16</tanggal>
	<kata_kunci>piala AFF, taktik, formasi, timnas</kata_kunci>
	<isi> KARAWACI, KOMPAS.com- Asisten pelatih tim nasional (timnas) Indonesia, Wolfgang Pikal, menyatakan bahwa pasukannya masih menggodok opsi taktik untuk Piala AFF . Selama masa persiapan, Indonesia mengusung formasi --. Hasilnya tergolong memuaskan. Mereka menang - atas Malaysia,  September , dan menahan Vietnam -,  Oktober . Hanya, menurut Pikal, Indonesia tidak boleh bergantung pada satu skema saja. Mereka dinilai membutuhkan opsi lain yang bisa digunakan tergantung siapa lawannya. "Kami ingin menerapkan dua sistem agar lebih fleksibel di lini tengah," tutur Pikal di Hotel Yasmin, Karawaci, Senin (//). Diharapkan Pikal, anak-anak asuhnya bisa mewujudkan hal itu dalam dua partai uji coba berikutnya. Indonesia akan melawan Myanmar di Yangon, Jumat (//), dan Vietnam di Hanoi, Selasa (//). "Kami tentu ingin memenangi semua pertandingan. Namun, penting pula buat kami menunjukkan perkembangan dalam hal taktik," kata Pikal. KOMPAS IMAGES/VITALIS YOGI TRISNAPemain naturalisasi dari Belanda, Stefano Lilipaly mengikuti sesi latihan seleksi tim nasional Indonesia di Stadion Utama Gelora Bung Karno, Jakarta Selatan, Rabu (//). Pada laga yang berlangsung pada  Maret mendatang Indonesia akan ditantang Arab Saudi dalam laga kedua Pra-Piala Asia Australia . Rancangan taktik baru juga bisa mewadahi Stefano Lilipaly. Dia merupakan gelandang serang bernaluri ofensif dan diprediksi menjadi pesaingEvan Dimas. Atau, dengan menambah jumlah gelandang tengah, Lilipaly dan Evan bisa saja berduet. Adapun satu slot lain diperebutkan Bayu Pradana dan Dedi Kusnandar. "Saya berharap Stefano bugar dan bisa bermain bagus. Jadi, kami memiliki alternatif untuk strategi," ucap Pikal. Lilipaly sendiri belum pernah mengikuti uji coba atautraining camp(TC).Lilipaly belum dilepas oleh klubnya, Telstar, dan baru bergabung dengan timnas di Hanoi. </isi>
	<link>http://bola.kompas.com/read/2016/11/01/07060058/timnas.indonesia.mencari.alternatif.strategi
</link>
</artikel>
