<artikel>
	<id>OLA_SB_10_650</id>
	<judul>Antusiasme Teja Paku Alam Setelah Masuk Skuat Timnas Indonesia di Piala AFF</judul>
	<tanggal>18/11/16</tanggal>
	<kata_kunci>timnas indonesia, piala aff</kata_kunci>
	<isi>




 - Penjaga gawang Teja Paku Alam pertama kalinya masuk ke skuat timnas senior setelah dibawa untuk Piala AFF . Ia pun penuh antuasiasme.Pelatih timnas Alfred Riedl akhirnya memilih memanggil Teja Paku Alam, untuk menggantikan Jandia Eka Putra yang tidak datang dalam pemusatan latihan terakhir dan kabarnya memang tidak dilepas oleh Semen Padang.Teja mengaku sempat kaget bisa menjadi bagian di timnas senior. Meski telat bergabung, penjaga gawang Sriwijaya FC itu menilai tak ada masalah dengan adaptasi."Saya senang sekali, tidak menyangka juga bisa bergabung di timnas. Ini pengalaman pertama bagi saya," ujar Teja.Pemanggilan tersebut tentu dibarengi kemungkinan menjalani debut di timnas pada Piala AFF , meski ia harus bersaing dengan dua penjaga gawang lain yang lebih berpengalaman, yaitu Andritany Ardhyasa dan Kurnia Meiga.Namun demikian, Teja tak mau memikirkan hal tersebut. Dia berharap siapa saja yang diturunkan bisa memberikan penampilan terbaiknya."Yang pasti untuk mental dan kondisi sudah maksimal. Saya akan mencoba adaptasi dengan para pemain. Yang penting itu mental saja terlebih dahulu yang dipersiapkan," kata eks kiper timnas U- tersebut.








</isi>
	<link>http://sport.detik.com/sepakbola/liga-indonesia/3348493/antusiasme-teja-paku-alam-setelah-masuk-skuat-timnas-indonesia-di-piala-aff
</link>
</artikel>
