<artikel>
	<id>OLA_SB_10_746</id>
	<judul>Persipura Menang, MU Menjauh dari Puncak Klasemen</judul>
	<tanggal>26/11/16</tanggal>
	<kata_kunci>persipura, madura united, isc</kata_kunci>
	<isi> JAYAPURA - Terjadi perubahan posisi di papan atas klasemen Indonesia Soccer Championship (ISC). Madura United FC (MU) yang tadinya menempati posisi dua, kini harus turun satu peringkat usai dikalahkan Persipura Jayapura, Sabtu (//).Tampil di Stadion Mandala, MU sudah kebobolan saat laga berjalan  menit. Berawal dari pelanggaran di dalam kotak penalti, Ricardo Silva sukses menceploskan si kulit bundar. MU punya kesempatan untuk menyamakan kedudukan di menit . Hanya saja bola yang disundul Patrich Wanggai masih mengenai tiang gawang. Skor - bertahan hingga turun minum.Tim asuhan Gomes De Oliviera belum mengendurkan semangatnya di babak kedua. Mereka terus berusaha keras untuk menciptakan gol balasan.Tapi pertahanan Persipura sangat kokoh pada laga kali ini. Meski sering mendapat tekanan, barisan pertahanan yang dikomandoi oleh Bio Paulin tetap sulit ditembus oleh kubu Sape Kerap.Perjuangan MU seolah kandas di menit . Pasalnya gawang mereka kembali kecolongan dan kali ini gol diciptakan oleh Edward Wilson Junior. Memanfaatkan kemelut di depan gawang, sang pemain sukses memperbesar keunggulan Persipura jadi -.Skor tersebut bertahan hingga laga usai. Dengan kemenangannya ini, Persipura naik ke posisi dua karena sudah memiliki  poin. Sementara MU turun ke peringkat tiga dengan mengantongi  poin. Mereka tertinggal tiga angka dari Arema Cronus yang kokoh di puncak klasemen.Susunan pemainPersipura Jayapura: Yoo Jae Hoon; Yustinus Pae, Rony Beroperay (Ruben Sanadi '), Bio Paulin, Muhammad Tahir; Ricardo Salampessy, Nelson Alom, Ricardo Silva De Almeida (Ian Kabes '); Yohanes Pahabo, Edward Wilson Junior, Oslavdo Ardiles Haay (Lukas Mandowen ')Madura United FC: Hery Prasetyo; Gilang Ginarsa (Pablo Rodrigues Aracil '), Fabiano Beltrame, Munhar, Rendi Siregar; Dane Milovanovic, Ahmad Maulana; Engelberd Sani, Elthon Maran (Rishadi Fauzi '), Erick Weeks Lewis; Patrich Wanggai (bep) dibaca .x </isi>
	<link>http://soccer.sindonews.com/read/1158487/58/persipura-menang-mu-menjauh-dari-puncak-klasemen-1480153227
</link>
</artikel>
