<artikel>
	<id>OLA_SB_10_120</id>
	<judul>Babak I: Indonesia Ditahan Filipina 1-1</judul>
	<tanggal>22/11/16</tanggal>
	<kata_kunci>indonesia lawan filipina, piala AFF</kata_kunci>
	<isi>  BULACAN, KOMPAS.com - Indonesia untuk sementara bermain imbang - dengan Filipina pada pertandingan babak pertama lanjutan penyisihan Grup A di Philippine Sports Stadium, Selasa (//).Pelatih timnas Indonesia, Alfred Riedl, hanya melakukan satu perubahan dalam laga ini. Dia memainkan Evan Dimas yang pada laga sebelumnya tak dimainkan.Indonesia pun mampu melakukan star dengan baik dengan unggul terlebih dulu pada berkat gol bek Fachruddin Aryanto pada menit ke-.Dari tendangan bebas yang dieksekusi Stefano Lilipaly, Fachruddin melepaskan tandukan keras yang tak mampu dibendung kiper Roland Mueller. #FACTGol Fachruddin tadi adalah hasil kreasi Lilipaly. Ini adalah assist keduanya untuk timnas. Uniknya, assist pertamanya saat melawan ???????? ???? Click on the link to watch Fachruddin Diaryanto's opening goal!https://t.co/OAJbBZX#AFFSuzukiCup#INAvPHIpic.twitter.com/TUKtridw Setelah itu, gawang Indonesia nyaris  kali kebobolan andai saja kiper Kurnia Meiga tidak melakukan penyelamatan gemilang. Pada menit ke-, misalnya, Stephan Shrock  melepaskan tembakan dari luar kotak penalti. Beruntung bagi Indonesia, Meiga dengan sigap menepis bola.Tiga menit kemudian, Indonesia membalas ancaman tersebut melalui sepakan keras Boaz Solossa dari dalam kotak penalti. Akan tetapi, bola hasil tembakan Boaz masih bisa dibuang Jeffrey Christiaens yang berdiri tepat di bawah gawang Filipina.   Pada menit ke-, gawang Kurnia Meiga kembali terancam oleh tembakan keras Misagh Bahadoran. Namun, sepakan keras pemain bernomor punggung  tersebut masih melebar. Meiga kembali dibuat jatuh-bangun menghadang tembakan Younghusband pada menit ke-.  Namun, bola hasil tembakan Younghusband masih bisa ditepis Miega. The Azkals akhirnya benar-benar mencetak gol balasan. Adalah Bahadoran yang menggetarkan jalan gawang Indonesia memanfaatkan tendangan bebas Stephan Shrock pada menit ke-. Indonesia sempat mencetak gol kedua melalui Boaz Solossa. Namun, gol pemain Persipura Jayapura tersebut dianulir karenaoffside. Boaz kemudian berhasil melepaskan tusukan dari sisi kanan pertahanan tim tuan rumah. Namun, bola hasil tembakan Boaz masih bisa ditepis Mueller.    Setelah itu, kedua tim saling bertukar serangan tetapi tak ada gol tambahan dari kedua tim. Susunan Pemain Indonesia (--): -Kurnia Meiga; -Beny Wahyudi, -Yanto Basna, -Fachruddin Aryanto, -Abduh Lestaluhu; -Evan Dimas, -Stefano Lilipaly; -Andik Vermansah, -Rizky Pora; -Boaz Solossa, -Lerby EliandryPelatih:Alfred RiedlFilipina:-Roland Mueller; -Martin Steuble. -Amani Aguinaldo, -Jeffrey Christiaens, -Kevin Ingreso; -Misagh Bahadoran, -Manuel Ott, -Philip Younghusband, -Hikaru Minegishi; -Mike Ott; -Stephan ShrockPelatih:Thomas Dooley</isi>
	<link>http://bola.kompas.com/read/2016/11/22/19465018/babak.i.indonesia.ditahan.filipina.1-1
</link>
</artikel>
