<artikel>
	<id>OLA_SB_10_109</id>
	<judul>Usai Cetak Hat-trick ke Gawang Indonesia, Ini Komentar Teerasil Dangda</judul>
	<tanggal>19/11/16</tanggal>
	<kata_kunci>Thailand vs Indonesia, piala Aff</kata_kunci>
	<isi> BOCAUE, KOMPAS.comStriker sekaligus kapten Thailand, Teerasil Dangda, menjadi bintang dalam laga perdana Grup A Piala AFF , Thailand vs Indonesia. Dalam duel yang tersaji di Philippine Sports Stadium, Sabtu (//), itu Teerasil mencetakhat-trickke gawang skuat Garuda. Laporan langsung Kukuh Wahyudidari Bulacan, Filipina Hat-tricktersebut membawa Thailand menang - atas Indonesia. Kini, peluang mereka untuk melaju ke semifinal telah terbuka. Pemain berusia  tahun itu pun mengungkapkan kegembiraannya dengan hasil yang didapat. Saya tentu senang bisa memenangi laga ini. Hasil yang sangat bagus untuk kami," ucap Teerasil saat ditemui di pinggir lapangan seusai pertandingan. Pemain bernomor punggung  itu pun berharap bisa meraih tiga poin lagi di partai selanjutnya. Tetapi, ia tak terlalu berhasrat memborong gol lagi seperti ke gawang Indonesia. "Saya tak terlalu menginginkan mencetak gol, yang terpenting kami bisa menang," ujar Teerasil. Review lini belakang Timnas Indonesia kontra Thailand di laga Piala AFF .pic.twitter.com/IbEyIyYy  </isi>
	<link>http://bola.kompas.com/read/2016/11/19/09050432/Usai.Cetak.Hat-trick.ke.Gawang.Indonesia.Ini.Komentar.Teerasil.Dangda
</link>
</artikel>
