<artikel>
	<id>OLA_SB_10_708</id>
	<judul>Djadjang Nilai Realistis Tiga Poin di Kandang Persela</judul>
	<tanggal>24/11/16</tanggal>
	<kata_kunci>persib lawan persela, isc</kata_kunci>
	<isi> BANDUNG - Setelah sukses melakoni dua laga kandang kontra Persipura Jayapura dan Semen Padang dengan kemenangan, kekuatan Persib Bandung akan diuji dalam laga tandang melawan Persela Lamongan dalam lanjutan Indonesia Soccer Championship (ISC) A .Kedua tim dijadwalkan bertemu di Stadion Surajaya, Lamongan, Sabtu (//). Meski berstatus sebagai tim tamu, Maung Bandung menatap laga itu dengan optimisme tinggi. "Insya Allah kami menargetkan tiga poin dalam pertandingan nanti," kata pelatih Djadjang 'Djanur' Nurdjaman di Bandung.Untuk menunjang misi tersebut, racikan strategi sudah disiapkan selama latihan di Bandung. Berbagai kelemahan yang ada juga dipoles sedemikian rupa agar penampilan Persib bisa sesuai ekspektasi Bobotoh."Semuanya sudah kami persiapkan, bagaimana ketika kehilangan bola, bagaimana ketika mendapatkan bola, semuanya sudah disentuh, pemain juga sudah hapal (apa yang harus dilakukan)," jelasnya.Sementara menjelang laga itu, sejauh ini tidak ada pemain yang dalam kondisi diragukan tampil. Febri Hariyadi dan Jajang Sukmara yang sempat mengalami cedera ringan pun pulih.Soal kekuatan Persela, Djanur ogah menganggap enteng. Ia menilai tim berjuluk Laskar Joko Tingkir itu sebagai tim kuat, apalagi saat bermain di kandangnya sendiri. Kerja keras pun wajib dilakukan para pemain Persib agar bisa mengalahkan Persela dan otomatis memantapkan Persib di papan atas klasemen sementara.Persela diprediksi akan bermain penuh motivasi. Sebab mereka pasti tidak ingin kalah di hadapan publiknya sendiri. Apalagi mereka memiliki sosok pelatih yang patut diperhitungkan yakni Aji Santoso."Dia pelatih yang baik, terbukti (Persela) main di kandang bagus, artinya dia bisa menumbuhkan motivasi dengan baik," ungkap Djanur. (sha) dibaca .x </isi>
	<link>http://soccer.sindonews.com/read/1157799/58/djadjang-nilai-realistis-tiga-poin-di-kandang-persela-1479946159
</link>
</artikel>
