<artikel>
	<id>OLA_SB_10_142</id>
	<judul>Persija-Persib Berakhir Tanpa Gol</judul>
	<tanggal>05/11/16</tanggal>
	<kata_kunci>persija lawan persib</kata_kunci>
	<isi>




 - Duel Persija Jakarta kontra Persib Bandung tak memunculkan pemenang setelah tuntas dengan skor -.Pada laga yang dihelat di Stadion Manahan, Sabtu (//) malam WIB, Persija bertindak sebagai tuan rumah. Persib sendiri tampil lebih dominan dengan membuat total   empat di antaranya mengarah ke gawang. Sementara Persija bikin tujuh dengan duaDi menit ketujuh Persija mengancam duluan lewat sepakan voli Rodrigo Antonio Lombardo Tosi. Tapi bola sepakannya masih melambung di atas mistar gawang.Tiga menit berselang, Persija kembali mengancam melalui tendangan bebas Hong Soon Hak. Sayang sepakannya masih tipis di atas mistar gawang Persib.Di menit ke-, laga terhenti karena ada nyala kembang api di tribun stadion. Para pemain Persija pun coba menenangkan para suporter.Hingga turun minum, skor - tetap bertahan.Permainan langsung digelar dengan tempo tinggi di awal babak kedua dan kedua tim coba saling membuat peluang berbahaya di gawang lawan.Persib meski dominan namun tak bisa menjebol jala Persija. Di penghujung laga, Persija kehilangan Lombardo Tosi yang mendapat kartu kuning kedua.Persija tetap di posisi ke- dengan tambahan satu poin. Total poin mereka adalah  dari  laga. Sementara, Persib di posisi ke- dengan  poin.Dari pertandingan lainnya, PSM Makassar menang - dalam lawatannya ke markas Persiba Balikpapan di Stadion Persiba. Dua gol kemenangan 'Juku Eja' diciptakan Titus Bonai di menit ke- dan M. Rahmat di menit ke-.Sementara tuan rumah Persipura Jayapura gagal memaksimal partai kandang kontra Pusamania Borneo FC karena hanya main imbang -. Persipura tertahan di posisi kedua klasemen dengan  poin, selisih dua angka dari Madura United di puncak.Persija Jakarta: Daryono, Vava Mario Yagalo (Muhammad Idham Jauhari '), Maman Abdul Rahman (Syahroni '), Amarzukih, Ade Jantra, Hong Soon Hak, Novri Setiawan, Abrizal Umanailo (Rachmat Afandi '), Sutanto Tan, Emmanuel Kenmogne, Rodrigo Antonio Lombardo TosiPersib Bandung: M Natshir Fadhil, Tony Sucipto, Jajang Sukmara, Vladimir Vujovic, Diogo Alexandre Alves Ferreira, Kim Jeffrey Kurniawan, Taufiq, Febri Hariyadi, Samsul Arif (Atep '), Sergio van Dijk, Marcos Abel Flores Benard (Tantan ') 








</isi>
	<link>http://sport.detik.com/sepakbola/liga-indonesia/3338411/persija-persib-berakhir-tanpa-gol
</link>
</artikel>
