<artikel>
	<id>OLA_SB_10_773</id>
	<judul>Setelah Habisi MU, PSM Siap Jadikan Bhayangkara FC Korban Berikutnya</judul>
	<tanggal>14/11/16</tanggal>
	<kata_kunci>madura united, psm, bhayangkara</kata_kunci>
	<isi> MAKASSAR - PSM Makassar bertekad menjaga tren positif saat dijamu Bhayangkara FC pada pekan ke- Indonesia Soccer Championship (ISC) A  di Gelora Delta Sidoarjo, Senin (//). Juku Eja tak terkalahkan di tiga laga terakhir. Pasukan Robert Rene Alberts menahan imbang Persib Bandung -, lalu menang - di kandang Persiba Balikpapan, dan menekuk Madura United (MU) - di pada laga terakhir di Stadion Andi Mattalatta, Makassar, Sabtu (//). (Baca juga: PSM Makassar Tuntaskan Dendam Atas Madura United).Juku Eja berada di posisi ketujuh klasemen sementara ISC A  dengan  angka.  Syamsul Bachri dkk butuh kemenangan demi mencapai target lima besar di akhir kompetisi. Juku Eja wajib memaksimalkan enam laga sisa hingga Desember mendatang.Menghadapi Bhayangkara FC di Jatim, Juku Eja memiliki modal kepercayaan diri yang tinggi seusai menekuk kandidat juara Madura United. Meski Bhayangkara FC bukan tim yang mudah dikalahkan, tapi Juku Eja yakin bisa membalas kekalahan - pada pertemuan pertama di Mattoangin.Asisten Pelatih PSM Imran Amirullah menegaskan pasukannya wajib mempertahankan kinerja seperti laga sebelumnya. PSM butuh poin untuk bisa bersaing di papan atas ISC A . "Yang jelas, tren positif anak-anak harus tetap terjaga. Pemain muda kami juga harus lebih berkembang ke depannya," katanya.Imran menambahkan, setelah libur sehari, tim akan kembali latihan untuk mempersiapkan diri menjalani away ke Jatim nanti. "Rencananya Selasa sore tim kembali berlatih. Sebelumnya hanya recovery saja," ujarnya.Libur akhir pekan dimanfaatkan pemain untuk bersantai. "Kami menggunakan liburan jalan-jalan supaya lebih santai, sebelum persiapan kembali menghadapi Bhayangkara FC," ungkap winger PSM Ridwan Tawainella. (sha) dibaca .x </isi>
	<link>http://soccer.sindonews.com/read/1155222/58/setelah-habisi-mu-psm-siap-jadikan-bhayangkara-fc-korban-berikutnya-1479116290
</link>
</artikel>
