<artikel>
	<id>OLA_SB_10_131</id>
	<judul>Harapan Eduard Tjong untuk Pengurus Baru PSSI</judul>
	<tanggal>20/11/16</tanggal>
	<kata_kunci>Pengurus PSSI</kata_kunci>
	<isi> GRESIK, KOMPAS.com Setelah FIFA mencabut sanksinya terhadap Indonesia, dan PSSI telah memilih pengurus baru dengan Letnan Jenderal Edy Rahmayadi sebagai ketua umum baru, harapan pun terus bermunculan dari para pelaku sepakbola Nasional. Salah satunya dari pelatih Persegres Gresik United, Eduard Tjong. Ia berharap gerbong kepengurusan PSSI yang baru dapat mewujudkan kompetisi yang bagus dan tertata rapi, termasuk pembinaan usia dini.  Sebab, tim nasional yang kuat itukantidak langsung instan terjadi, tetapi dari awal kita harus menatanya. Makanya, saya berharap PSSI menyadari hal ini, jika memang kompetisi terstuktur harus dimulai dari usia muda,  tutur Edu, sapaan akrab Eduard Tjong, Sabtu (//). Edu menyatakan hal itu karena dirinya memiliki pengalaman sebagai arsitek timnas Indonesia U-. Kala itu, tidak adanya kompetisi usia muda yang mumpuni membuat Edu kesulitan dalam mencari dan menentukan pemain untuk skuad Garuda Muda.  Kalau sudah ada kompetisi yang berjenjangkanenak. Jadi, setiap pelatih yang nanti ditugasi dapat melihat bakat mana saja yang layak menghuni tim dari kompetisi tersebut. Oleh karena dibuat berjenjang, maka saya yakin regenerasi akan tumbuh dan pelatih tidak akan sulit lagi dalam menentukan pemain yang dikehendakinya,  kata Edu. Hanya saja, ia pun berharap, PSSI dalam menyelenggarakan kompetisi usia muda tersebut tidak sekadarnya, dan benar-benar mengelolanya dengan baik, seperti dalam hal pemilihan perangkat pertandingan yang berkualitas.  Di kompetisi itulah mental pemain dibentuk. Kalau di kompetisi usia dini saja mereka sudah mendapat perlakuan seperti itu (kepemimpinan wasit kurang mumpuni), bagaimana mereka akan berkembang dengan baik?  ucap dia.  Padahal, sebenarnya kualitas pemain kita tidak jauh berbeda dengan negara-negara lain. Namun, memang dibutuhkan pembinaan yang bagus agar mereka dapat berkembang dengan semestinya,  ujar Edu. Seusai menanganiTimnas U-, Edu memang memutuskan bergabung bersama skuad Persegres di ajang TSC . Saat ini, Edu dan juga para pemain tim Laskar Joko Samudro berangkat menuju Tenggarong, untuk meladeni tantangan tuan rumah Mitra Kukar dalam pertandingan yang akan dilaksanakan pada Senin (//) mendatang.</isi>
	<link>http://bola.kompas.com/read/2016/11/20/18342628/harapan.eduard.tjong.untuk.pengurus.baru.pssi
</link>
</artikel>
