<artikel>
	<id>OLA_SB_10_602</id>
	<judul>Head to Head Indonesia vs Filipina: 'Skuat Garuda' Unggul Mutlak</judul>
	<tanggal>22/11/16</tanggal>
	<kata_kunci>indonesia lawan filipina, piala aff</kata_kunci>
	<isi>




 - Indoneasia unggul telak dalam rekor head to head dengan Filipina. Tapi duel terakhir yang dilangsungkan dua tahun lalu, Skuat Garuda menelan kekalahan memalukan.Dua tahun lalu Indonesia dan Filipina saling berhadapan di laga kedua fase grup Piala AFF. Bermain di Hanoi, ketika itu, Indonesia takluk dengan skor -. Hasil laga tersebut ikut berpengaruh besar dalam kegagalan Indonesia lolos ke fase .Selasa (//) malam nanti pukul : WIB, Indonesia dan Filipina kembali berhadapan. Alfred Riedl dalam konferensi pers jelang laga sudah menekankan kalau apa yang terjadi di  tidak akan terulang kali ini. Setelah kalah - atas Thailand di pertandingan pertama, Indonesia wajib menang di duel ini demi menjaga kans lolos tetap terbuka.Meski pada pertemuan terakhir kalah telak, Indonesia masih unggul jauh atas Filipina dalam rekor . FIFA mencatat kalau kedua negara sudah berhadapan  kali di semua kompetisi.Dari jumlah pertandingan itu, Indonesia meraih  kemenangan. Sementara Filipina cuma dapat dua kemenangan, sementara dua pertandingan lainnya tuntas tanpa pemenang.Ketimpangan juga terjadi dalam jumlah gol yang berhasil dibuat. Total 'Skuat Garuda' berhasil melesakkan  gol, sementara Filipina cuma menghasilkan  gol.Di beberapa pertemuan, Filipina malah sering jadi bulan-bulanan Indonesia. Kemenangan-kemenangan terbesar Indonesia atas Filipina di antaranya adalah di Piala AFF  (-), Piala Presiden  (-), Piala Merdeka  (-). Meski begitu, dalam lima pertemuan terakhir Filipina berhasil menyulitkan Indonesia. Di kurun tersebut Indonesia cuma meraih tiga kemenangan, sekali imbang dan sekali kalah. Kemenangan yang didapat Indonesia pun diraih dengan skor ketat (-, -, dan -).Filipina saat ini juga unggul di rangking FIFA, mereka bertengger di posisi . Sementara Indonesia masih terlempar di urutan .








</isi>
	<link>http://sport.detik.com/sepakbola/liga-indonesia/3351236/head-to-head-indonesia-vs-filipina-skuat-garuda-unggul-mutlak
</link>
</artikel>
