<artikel>
	<id>OLA_SB_10_061</id>
	<judul>Pemain Persegres Kecam Gol Atep</judul>
	<tanggal>25/10/16</tanggal>
	<kata_kunci>persib bandung, TSC, persegres gresik, offside, Atep</kata_kunci>
	<isi>  GRESIK, KOMPAS.com  Kekalahan - dari tuan rumahPersib Bandungdalam pekan ke- TSC , pada Sabtu (//) lalu tampaknya masih belum bisa diterima oleh para pemain dan ofisial Persegres Gresik United. Hal itu dikarenakan gol pertama tim Maung Bandung yang dicetak Atep pada menit ke-, dianggap berbauoffside. Tidak hanyaoffside, tangan Atep juga dinilai sempat menyentuh bola saat membelokkan hasil tendangan Samsul Arif sebelum bola menggetarkan gawang Dimas Galih.  Ya, ituhandsball,  ucapstopperasing Persegres, Sasa Zecevic, dalam situs resmi klub, seusai menyaksikan rekaman gol yang dicetak Atep.  Saya yakin, dia (Atep) menyadari posisinyaoffside. Karena itu, dia mungkin malu melakukan selebrasi,  ujar pelatih kiper Persegres, M. Hadi. Gol yang dilesakkan Atep, itu dianggap kontroversial oleh para pemain Persegres sehingga meruntuhkan mental bertanding. Terlebih lagi, tim Laskar Joko Samudro harus bermain dengan  pemain sejak pengujung babak pertama lantaran Patrick da Silva dikeluarkan wasit seusai terlibat pertengkaran dengan Diego Ferreira.  Sebenarnya kami sudah sempat membuat Persib buntu. Namun, gol kontroversial Atep, merusak mental teman-teman,  kata pemain Persegres yang lain, Yusuf Efendi. Dengan mental yang sudah runtuh, plus kehilangan satu pemain, para pemain Persegres terlihat kesulitan dalam menghadapi serangan Maung Bandung. Hal itu membuat Febri Hariyadi berhasil menggandakan keunggulan Persib menjadi - pada menit ke-.  Saat kehilangan Patrick, saya menginstruksikan para pemain untuk lebih berhati-hati agar tidak banyak kebobolan gol,  ucap pelatih Persegres, Eduard Tjong. Kekalahan dari Persib, membuat misi Persegres untuk dapat mengakhiri tren minor saat menjalani laga di luar kandang belum dapat diwujudkan. Sampai saat ini, Persegres masih tertahan di peringkat ke- dari  kontestan.</isi>
	<link>http://bola.kompas.com/read/2016/10/25/04020028/pemain.persegres.kecam.gol.atep
</link>
</artikel>
