<artikel>
	<id>OLA_SB_10_701</id>
	<judul>Preview Persija vs Persib: Pincang di Tengah Duel Panas</judul>
	<tanggal>05/11/16</tanggal>
	<kata_kunci>persija lawan persib</kata_kunci>
	<isi> SOLO - Persib Bandung tidak ingin terkecoh dengan pemberitaan yang menyebut jika Persija Jakarta berada dalam kondisi pincang ketika kedua kesebelasan bertemu dalam laga lanjutan Indonesia Soccer Championship di Stadion Manahan, Solo, Sabtu (//). Itu sebagaimana disampaikan Djadjang Nurdjaman jelang duel klasik tersebut. Pada pertandingan bertajuk 'El Clasico' tersebut Persija dan Persib diketahui dalam situasi yang kurang baik. Tuan rumah dipastikan tidak akan diperkuat empat pemainnya yakni Gunawan Dwi Cahyo, Willian Pachecho, Ismed Sofyan dan Andik Rendika Rama. Sementara Maung Bandung ditinggal lima pemain, Purwaka dan Robertino Pugliara (cedera), Hariono (akumulasi kartu), sedangkan Zulham Zamrun dan Rudolof Yanto Basna dipanggil Alfred Riedl untuk membela timnas. Meski demikian, tensi di pertandingan nanti diprediksi tetap memanas. Diakui Djanur, meski Persija tidak diperkuat pemain andalannya di pertandingan ini, namun ia tetap mewaspadai permainan Persija. Apalagi Bambang Pamungkas dkk bertindak sebagai tuan rumah, di mana Jakmania akan hadir di Stadion Manahan Solo. "Beberapa pemain Persija absen tidak dijadikan ukuran mereka keropos. Kami selalu menempatkan Persija sebagai tim yang memiliki motivasi tinggi saat berhadapan dengan kami. Apalagi pertandingan akan disaksikan pendukungnya Jakmania," cetus Djanur.Demi menjaga harga diri melawan musuh bebuyutan, Djanur kemungkinan tetap mengandalkan formasi --- di pertandingan ini. Pelatih berkumis itu diprediksi menempatkan Kim Kurniawan dan Marcos Flores. Kedua pemain itu dianggap mampu memainkan peran kunci dalam penguasaan bola di lapangan tengah.Sementara Febri Hariyadi, Atep, dan Samsul Arif akan berperan menjadi perisai didepan dua gelandang yang lebih bertahan atau menyangga serangan masuk. Pada posisi pemain depan, Djanur tetap mempercayai Sergio van Dijk. Di bagian lain, pelatih Persija Muhammad Zein Alhadad tetap menampilkan permainan menyerang di pertandingan ini (--). Pria yang akrab disapa Mamak itu tak ingin pertandingan kali ini akan berakhir seperti empat pertemuan sebelumnya yang selalu berbagi satu angka."Kita sebagai tuan rumah tentunya punya keinginan merebut kemenangan, walau kita tahu Persib adalah tim yang cukup bagus dan pelatih Djadjang (Nurdjaman) pun bagus," ujar Mamak.Baca juga:Djanur Cemas Macan Kemayoran Akan Mengamuk di Stadion Manahan SoloLini Belakang Keropos, Persija Dituntut Kalahkan PersibPrakiraan susunan pemain kedua tim:Persija (--): Daryono; M Idham Jauhari, Vava Mario Yagalo, Maman Abdul Rahman, Novri Setiawan; Amarzukih, Hong Soon Hak, Abrizal Umanailo; Greg Nwokolo, Emmanuel Kenmogne, Bambang Pamungkas ©Persib (---): ‎ M Natshir (GK); Jajang Sukmara , Diogo Ferreira, Tony Sucipto, Vladimir Vujovic, Kim Kurniawan, Marcos Flores, Febri Hariyadi, Atep, Samsul Arif, Sergio van DijkRekor Pertemuan     Persib   vs   Persija   -     Persija   vs   Persib   -     Persib   vs   Persija   -     Persija   vs   Persib   -     Persib   vs   Persija   -     Lima Laga Terakhir Persija     Persija   vs   Pusamania Borneo   -     Sriwijaya   vs   Persija   -     Persija   vs   Arema Cronus   -     PS TNI   vs   Persija   -     Persija   vs   Barito Putera   -     Lima Laga Terakhir Persib     PSM Makassar   vs   Persib   -     Persib   vs   Persegres Gresik United   -     Mitra Kutai Kartanegara   vs   Persib   -     Persib   vs   Bhayangkara United   -     Madura United   vs   Persib   -       (sha) dibaca .x </isi>
	<link>http://soccer.sindonews.com/read/1152980/58/preview-persija-vs-persib-pincang-di-tengah-duel-panas-1478322787
</link>
</artikel>
