<artikel>
	<id>OLA_SB_10_611</id>
	<judul>Pelatih Filipina: Rizky Pora Pemain Indonesia Paling Berbahaya</judul>
	<tanggal>21/11/16</tanggal>
	<kata_kunci>piala aff, pelatih filipina</kata_kunci>
	<isi>




 - Pelatih Filipina, Thomas Doolay, menyebutkan satu pemain Indonesia yang akan amat diwaspadai dalam lanjutan babak Grup A Piala AFF . Dia adalah Rizky Pora. Indonesia memang kalah - saat menghadapi Thailand pada laga pertama Grup A Piala AFF . Selain dua pencetak gol Indonesia, Boaz Salossa dan Lerby Eliandry yang mencetak dua gol untuk pasukan Merah Putih, satu pemain lain yang memberikan kontribusi penting adalah Rizky Pora. Pemain bernomor punggung  itu menjadi kreator gol yang dibuat Boaz.Penampilan Rizky di laga melawan Thailand cukup oke. Dia mampu merepotkan sisi kanan pertahanan Thailand. Penampilan itu cukup menyita perhatian Dooley menatap laga Filipina melawan Indonesia, Selasa (//). "Nomor  (Rizky Pora) merupakan pemain terbaik Indonesia. Dia pemain sayap kiri yang cepat. Indonesia juga masih mempunyai Boaz yang harus selalu kami perhatikan. Di sisi lain juga ada Andik, dia pemain yang bagus," kata Dooley kepada Kecepatan sayap-sayap Indonesia itu juga mendapat perhatian lebih dari Dooley. Pelatih asal Amerika Serikat itu berencana untuk membatasi ruang gerak sisi sayap Indonesia."Mereka bermain sangat cepat, sangat-sangat ofensif. Ada pemain bagus di sisi sayap, dua pemain di sana sangat berbahaya. Harus ada penjagaan yang ketat jangan sampai ada banyak ruang," ujar Dooley."Mereka bisa menggiring bola, bisa melepaskan tembakan. Serangan mereka sungguh sangat kuat, tapi dengan begitu lini belakangnya juga menjadi sedikit lemah.""Saya harus memastikan pemain belakang kami siap melakoni laga ini. Saya sudah memberi tahu segala informasi mengenai pemain nomor , , , dan ," imbuh dia.








</isi>
	<link>http://sport.detik.com/sepakbola/liga-indonesia/3350365/pelatih-filipina-rizky-pora-pemain-indonesia-paling-berbahaya
</link>
</artikel>
