<artikel>
	<id>OLA_SB_10_006</id>
	<judul>18 Pemain Ikuti Latihan Perdana Timnas di Maguwoharjo</judul>
	<tanggal>20/10/16</tanggal>
	<kata_kunci>timnas, pelatnas, yogyakarta, Alfred Riedl</kata_kunci>
	<isi>  SLEMAN,KOMPAS.com - Timnas senior menjalani pemusatan latihan nasional atau pelatnas (TC) di Yogyakarta dan memulai latihan perdana di Stadion Maguwoharjo Sleman pada Kamis (//) sore. Latihan perdana ini diikuti  pemain dari  nama yang dipanggil oleh pelatih Alfred Riedl untuk mengikuti TC hingga  Oktober mendatang. Riedl mengatakan, ada beberapa pemain belum datang karena terkendala cuaca. Hal itu mengakibatkan pesawat yang mereka tumpangi harus mendarat di Solo Jawa Tengah dan belum bisa mengikuti latihan pertama. "Ada lima pemain (absen), mungkin latihan besok akan genap  pemain," ujar Riedl. Pelatih asal Austria ini menyampaikan, beberapa pemain yang akan datang menyusul. Dedi Kusnandar rencananya akan datang di Yogyakarta karena kompetisi di Malaysia sudah selesai. Sementara itu, Irfan Bachdim tidak bisa datang karena masih dalam proses penyembuhan. Dijelaskan Riedl, dalam latihan perdana, belum ada latihan fisik. Ia belum memberikan porsi latihan yang berat karena para pemain baru saja datang. "Latihan tetap serius, tetapi belum masuk materi inti. Materi latihan meliputi teknis hingga fisik, dan semua komponennya," ucapnya. Pada latihan perdana ini, tampak para pemain mendapatkan materi control danpassing. Setelah itu, materi latihan ditutup dengangame. Pemain yang mengikuti latihan perdana : Kiper : . Jandia Eka Putra (Semen Padang) . Kurnia Meiga Hermansyah (Arema) Belakang : . Manahati Lestusen (PS TNI) . Fachruddin Wahyudi Aryanto (Sriwijaya FC) . Beny Wahyudi (Arema Cronus) . Hansamu Yama Pranata (Barito Putera) . Dominggus Fakdawer (Persipura) . Rudolof Yanto Basna (Persib Bandung) . Muhammad Abduh Lestaluhu (PS TNI) . Ricky Fajrin Saputra (Bali United) Tengah : . Bayu Gatra Sanggiawan (Madura United) . Septian David Maulana (Mitra Kukar) . Bayu Pradana Andriatmoko (Mitra Kukar) .Evan DimasDarmono (Bhayangkara FC) .Muhammad Hargianto (Bhayangkara FC) . Syahroni (Persija Jakarta) . Rizky Rizaldi Pora (Barito Putra) Depan : . Boaz Solossa (Persipura )</isi>
	<link>http://bola.kompas.com/read/2016/10/20/21094228/18.pemain.ikuti.latihan.perdana.timnas.di.maguwoharjo
</link>
</artikel>
