<artikel>
	<id>OLA_SB_10_118</id>
	<judul>Riedl Anggap Indonesia Layak Menang atas Filipina</judul>
	<tanggal>22/11/16</tanggal>
	<kata_kunci>indonesia lawan filipina, piala AFF</kata_kunci>
	<isi> Laporan langsung Anju Christian dari Bocaue, Filipina BOCAUE, KOMPAS.com- Pelatih timnas Indonesia, Alfred Riedl, mengaku Merah Putih tidak beruntung hanya bermain - dengan Filipina pada lanjutan laga Grup A Piala AFF , Selasa (//). "Sungguh kurang beruntung," ujar Riedl kepadaKompas.comdan wartawan yang berkumpul seusai laga di Philippine Sports Stadium tersebut. Ia mengutarakan bahwa laga tersebut sangat menarik dengan momen laga yang naik-turun, dengan banyak peluang di kedua kubu.  Secara total, kedua kubu melepas  tembakan (Indoensia  dan Filipina ). "Sekalipun ada peluang, kami seharusnya bisa memenangi pertandingan dengan satu gol pembeda. Tetapi, serangan kami sempat membentur mistar gawang," lanjutnya. Riedl berbicara tentang delapan peluang tepat sasaran timnas yang hanya berbuah dua gol. Sementara di tribune timur, bendera merah putih dibentangkan oleh suporter Indonesia.#BanggaGarudaKitapic.twitter.com/PZBzdhpNT Hasil imbang tak lepas dari kontribusi brilian kiper lawan, Roland Mueller, yang pada laga ini mementahkan  peluang, termasuk dua tembakan ke pojok gawang dari Boaz Salossa pada babak pertama dan Ferdinand Sinaga pada babak kedua. "Begitulah sepak bola," ujarnya lagi. Riedl kemudian menatap laga harus menang kontra Singapura pada Jumat (//) jika ingin lolos dari grup. "Kami sekarang baru mempunyai satu angka, yang akan menjadikannya sulit buat kami untuk melaju ke babak berikutnya," tutur pelatih asal Austria tersebut.(Firzie Idris)</isi>
	<link>http://bola.kompas.com/read/2016/11/22/22040238/riedl.anggap.indonesia.layak.menang.atas.filipina
</link>
</artikel>
