<artikel>
	<id>OLA_SB_10_028</id>
	<judul>PSIS Ditahan PSPS di Semarang, PSS Sleman Menang Tandang</judul>
	<tanggal>30/10/16</tanggal>
	<kata_kunci>PSIS Semarang, PSPS Pekanbaru, PSS Sleman, TSC</kata_kunci>
	<isi> SEMARANG, KOMPAS.comPSIS Semarang harus mengalami kerugian karena gagal menang saat menjamu PSPS Pekanbaru, Minggu (//). Sedangkan PSS Sleman justru memenangi pertandingan tandang mereka. Pada lanjutan  besar Indonesia Soccer Championship (ISC) B , PSIS Semarang tergabung di Grup D. Pada laga perdana putaran keduanya, PSIS menjamu PSPS Pekabaru dan berakhir imbang tanpa gol. Hasil imbang ini membuat Grup A masih dikuasai Persekap Kota Pasuruan dengan nilai enam. Posisi dua sampai empat milik PSGC Ciamis, PSPS, dan PSIS. Mereka berbeda peringkat hanya karena produktivitas gol tiga klub itu. Baca juga: Sedangkan dari Grup B, PSS Sleman sukses menggeser Persita Tangerang dari pemuncak klasemen sementara. PSS naik ke urutan pertama setelah menang tipis - atas tuan rumah Persepam Madura Utama. Gol tunggal kemenangan PSS pada laga di Stadion Ahmad Yani, Sumenep dicetak Waskito Chandra. Gol itu tercipta pada menit ke-. Tambahan tiga poin membuat PSS mengumpulkan nilai . Mereka unggul satu poin atas Persita. Lalu, Persepam dengan poin empat di posisi tiga dan tim juru kunci adalah Kalteng Putra yang belum punya poin.  </isi>
	<link>http://bola.kompas.com/read/2016/10/30/07322932/PSIS.Ditahan.PSPS.di.Semarang.PSS.Sleman.Menang.Tandang
</link>
</artikel>
