<artikel>
	<id>OLA_SB_10_190</id>
	<judul>Imbang 2-2 vs Indonesia, Pelatih Filipina: Hasil yang Bisa Diterima Kedua Tim</judul>
	<tanggal>23/11/16</tanggal>
	<kata_kunci>indonesia lawan filipina, piala aff</kata_kunci>
	<isi>




 - Laga antara Filipina dengan Indonesia berakhir imbang. Pelatih The Azkals, Thomas Dooley, menilai hasil tersebut adil buat kedua tim. Dalam laga kedua babak Grup A Piala AFF  di Philippines Sports Stadium, Selasa (//) malam WIB, antara Filipina dengan Indonesia berakhir imbang. Meski Filipina smepat tertinggal dua kali, duel itu berakhir dengan skor -.Gol Indonesia tercatat atas nama Fachruddin Aryanto dan Boaz Solossa. Sementara balasan Filipina dibukukan oleh Misagh Medina Bahadoran dan Philip Younghusband.Pelatih Filipina, Thomas Dooley, menilai kedua tim menyuguhkan pertandingan yang menarik. Namun, tidak dengan hasil akhirnya. "Ini merupakan laga yang menarik untuk para penonton, tapi saya rasa tidak untuk para pelatih," kata Dooley seusai pertandingan."Secara keseluruhan hasil - cukup memuaskan. Mereka mempunyai lebih banyak peluang yang lebih baik daripada kami. Saya pikir imbang - merupakan hasil akhir yang bisa diterima kedua tim," tambahnya.Dengan hasil tersebut, ada tiga tim yang akan memperebutkan satu tiket ke semifinal Piala AFF dari Grup A. Filipina sudah mengumpulkan dua angka, sementara Singapura dan Indonesia sama-sama mengoleksi satu angka. Adapun Thailand dipastikan telah lolos babak empat besar sebagai juara grup. 








</isi>
	<link>http://sport.detik.com/sepakbola/liga-indonesia/3352042/imbang-2-2-vs-indonesia-pelatih-filipina-hasil-yang-bisa-diterima-kedua-tim
</link>
</artikel>
