<artikel>
	<id>OLA_SB_10_124</id>
	<judul>Filipina Punya Cara Kalahkan Indonesia</judul>
	<tanggal>22/11/16</tanggal>
	<kata_kunci>filipina lawan indonesia, piala AFF</kata_kunci>
	<isi> KOMPAS.com -Manajer tim nasional Filipina, Dan Palami, menyatakan timnya harus lebih tajam dalam penyelesaian akhir saat melakoni pertandingan lanjutan penyisihan Grup A Piala AFF  kontra Indonesia, di Philippine Sports Stadium, Selasa (//). Laga ini menjadi momentum kebangkitan bagi kedua tim setelah gagal meraih kemenangan pada pertandingan perdana. Sebagai tuan rumah, The Azkals-julukan Filipina-bermain imbang - dengan Singapura. Hasil ini tak memuaskan mengingat tim besutan Thomas Dooley tersebut unggul jumlah pemain sejak menit ke- atau setelah dikartumerahkannya Hafiz Sujad. Adapun Indonesia takluk - dari sang juara bertahan, Thailand. "Penyelesaian akhir menjadi masalah terbesar kami. Kami memiliki sejumlah peluang tetapi tidak bisa memanfaatkannya," kata Palami. "Kami gagal memanfaatkan peluang dalam laga melawan Singapura. Kami memiliki  peluang emas dan kami menyia-nyiakannya," ujar Palami lagi.Karena itu, Palami meminta tim untuk bermain lebih sabar dan tidak terlalu terburu-buru untuk mencetak gol pada laga nanti. "Menurut saya, kami perlu menggiring bola dengan cepat. Ada saatnya dalam pertandingan di mana gelandang kami bergerak sedikit tak beraturan," jelas Palami.Palami juga menyatakan bahwa mengalahkan Indonesia bukan pekerjaan mudah meskipun tim besutan Alfred Riedl tersebut kalah - dari Thailand."Indonesia adalah sebuah tim yang sangat bagus. Mereka sempat membuat Thailand kesusahan. Kami harus menunjukkan bagaimana bertahan melawan pemain cepat mereka. Kami mengevaluasi permainan yang mereka lakoni," ucap Palami. </isi>
	<link>http://bola.kompas.com/read/2016/11/22/15054088/filipina.punya.cara.kalahkan.indonesia
</link>
</artikel>
