<artikel>
	<id>OLA_SB_10_630</id>
	<judul>'Indonesia Kalah karena Kurang Fokus di Menit-Menit Akhir'</judul>
	<tanggal>19/11/16</tanggal>
	<kata_kunci>indonesia lawan thailand, piala aff</kata_kunci>
	<isi>




 - Timnas Indonesia harus mengakui keunggulan Thailand di laga pertama Grup A Piala AFF. Turunnya fokus di menit-menit akhir disebut menjadi penyebab kekalahan.Saat melakoni pertandingan di Phillipines Sport Stadium, Sabtu (//) sore WIB, Indonesia kalah dengan skor akhir -. Tim 'Merah-Putih' sudah ketinggalan dua gol di paruh pertama, usai Peerapat Notchaiya dan Teerasil Dangda membobol gawang yang dikawal oleh Kurnia Meiga.Indonesia lantas sempat menyamakan kedudukan lewat Boaz Solossa dan Lerby Eliandry di awal babak kedua. Tapi pada akhirnya tim 'Garuda' harus mengakui kemenangan Thailand, usai dibobol lagi oleh Dangda di menit  dan di masaDua gol penentu kemenangan Thailand itu dicetak dengan skema serangan balik cepat, memanfaatkan kelengahan para pemain Indonesia.Penggawa timnas Rizky Pora menilai bahwa tim sudah tampil maksimal, namun konsentrasi menurun memasuki fase akhir."Alhamdulillah kita sudah bermain bagus. Tapi, karena kami kurang fokus di menit-menit akhir maka kebobolan dua gol," kata Rizky Pora kepada pewarta."Mereka cepat saat melakukan serangan balik. Kita cuma kehilangan fokus, jadi mereka bisa kembali mencetak gol. Semua pemain sudah bermain maksimal," imbuhnya.
						







</isi>
	<link>http://sport.detik.com/sepakbola/liga-indonesia/3349529/indonesia-kalah-karena-kurang-fokus-di-menit-menit-akhir
</link>
</artikel>
