<artikel>
	<id>OLA_SB_10_096</id>
	<judul>Widodo Puas meski Sriwijaya FC Ditahan Imbang Semen Padang</judul>
	<tanggal>05/11/16</tanggal>
	<kata_kunci>persegres, madura united, Yusuf Efendi, Striker</kata_kunci>
	<isi> PALEMBANG, KOMPAS.com- Sriwijaya FC gagal meraih poin penuh di kandang pada ajang TSC . Tuan rumah ditahan imbang - oleh Semen Padang dalam laga di Stadion Gelora Sriwijaya Jakabaring, Jumat (//) malam. Tambahan satu poin ini membuat Sriwijaya FC gagal mendekati puncak klasemen. Laskar Wong Kito, julukan Sriwijaya FC, berada di urutan kelima dengan raihan  poin, terpaut  dari Madura United yang berada di posisi teratas. Semen Padang sempat unggul lebih dulu pada menit ke- lewat tendangan keras Rudi dari dalam kotak penalti. Alberto Gonsalves menjadi penyelamat berkat golnya dari titik putih pada menit ke (+). Pelatih Sriwijaya FC, Widodo Cahyono Putro, mengaku cukup puas dengan hasil tersebut. Sebab, timnya bermain dalam kondisi yang tidak ideal. "Meski imbang kami cukup puas dengan hasilnya karena banyak pemain kami mengalami gangguan," ujar Widodo usai pertandingan. Menurut mantan pemain Timnas Indonesia tersebut, gangguan itu tidak hanya absennya beberapa pemain andalan, tetapi juga pemain yang merumput di lapangan. "Saya lihat Firman Utina juga sedang batuk. Jadi saya sebagai pelatih sangat proteksi dengan pemain," katanya. Sebagai pelatih, dirinya mengetahui betul kebiasaan sehari-hari pemain. Dengan begitu, ia mencoba memasukkan pemain muda tetapi hasilnya belum maksimal. "Ya, pada laga selanjutnya kami perbaiki dan evaluasi semuanya," tuturnya. Sementara itu, pelatih kepala Semen Padang Nil Maizar mengapresiasi anak asuhnya dalam laga tersebut. "Secara permainan kami puas. Harusnnya kami bisa menang karena ada pelanggaran di dalam kotak penalti yang tidak di lihat wasit," ujarnya.</isi>
	<link>http://bola.kompas.com/read/2016/11/05/05160598/widodo.puas.meski.sriwijaya.fc.ditahan.imbang.semen.padang
</link>
</artikel>
