<artikel>
	<id>OLA_SB_10_011</id>
	<judul>Dedi Kusnandar Hafal dengan Timnas Singapura</judul>
	<tanggal>01/11/16</tanggal>
	<kata_kunci>Dedi Kusnandar, malaysia, singapura, training camp, kekuatan lawan</kata_kunci>
	<isi> KARAWACI, KOMPAS.com- Pengalaman Dedi Kusnandar membela Sabah di Malaysia Super League sangat berguna untuk tim nasional Indonesia menjelang Piala AFF . Melalui informasi dari Dedi, tim pelatih bisa mendapatkan gambaran tambahan tentang kekuatan lawan, terutama Singapura. Sebab, empat dari  anggota skuad Singapura saat ini merumput di Malaysia. Salah satunya yakni pemain belakang senior Singapura, Baihakki Khaizan. Dia membela Johor Darul Takzim. Belum lagi sektor tengah Malaysia yang bakal berbenturan dengan area main Dedi. Di situ, ada tiga pemain dari Malaysia, yaitu Hariss Harun, Shahril Ishak, dan Safuwan Baharudin. "Saya sempat melawan Baihakki sebanyak dua kali," kata Dedi saat ditemui di Hotel Yasmin, Karawaci, Senin (//). "Kami bisa mengetahui kualitas Singapura seperti apa. Terlebih lagi, mereka merupakan pemain utama di tim nasionalnya," ucap gelandang berusia  tahun itu. Alternatif Strategi Timnas, Wadah untuk Lilipaly?https://t.co/GlteqUTcopic.twitter.com/SnImjGLh Hanya, wawasan tentang lawan tidak lantas menjadi jaminan buat Dedi untuk masuk susunanstarter. Dia harus bersaing dengan Stefano Lilipaly,Evan Dimas, Rizky Pellu, dan Bayu Pradana. Dalam dua partai uji coba sebelumnya, Dedi harus bergantian dengan Bayu untuk berpasangan dengan Evan. Adapun Lilipaly belum pernah menjalanitraining camp, apalagi uji coba. "Saya melihat persaingan ini positif untuk tim dan menjadi motivasi untuk saya. Kalau pelatih memberikan kepercayaan, saya memberikan kesempatan maksimal," kata Dedi. Berikutnya, Indonesia akan melakoni partai uji coba melawan Myanmar di Yangon, Jumat (//), dan Vietnam di Hanoi, Selasa (//). </isi>
	<link>http://bola.kompas.com/read/2016/11/01/14232288/dedi.kusnandar.hafal.dengan.timnas.singapura
</link>
</artikel>
