<artikel>
	<id>OLA_SB_10_122</id>
	<judul>Dirigen Aremania hingga Pengibar Bendera di 55 Stadion Dukung Timnas di Filipina</judul>
	<tanggal>22/11/16</tanggal>
	<kata_kunci>suporter indonesia, piala AFF</kata_kunci>
	<isi> Laporan langsung Anju Christian dari Bulacan, FilipinaBULACAN, KOMPAS.com- Ada satu kelompok suporter Indonesia yang menarik perhatian selama Piala AFF  di Filipina. Mereka selalu menggunakan baju One Soul One Nation (OSON).Karena mereka, bendera merah putih berukuran x meter dan x meter berkibar di tribune timur Philippine Sports Stadium saat Indonesia melawan Thailand, Sabtu (//).Dibutuhkan lebih dari dari sepuluh orang untuk mengibarkan bendera tersebut. Jadi, OSON memberangkatkan  orang ke Filipina.Lantaran biaya yang dibutuhkan tidak murah, mereka pun melakukan urunan untuk mendukung timnas dalam laga tandang. Semacam subsidi silang karena tidak semua anggota berada di level ekonomi menengah ke atas."Kami ini berbeda-beda. Ada yang menjadi tukang parkir dan kerja di luar negeri. Saya sendiri main burung," ucap Yuli Sugianto alias Yuli Sumpil ketika ditemuiKompas.comdi Philippine Sports Stadium, Selasa (//).Yuli merupakan dirigen Aremania. Seperti halnya ketika memimpin Aremania, Yuli juga kerap mengomandoi yel-yel dan pengibaran bendera oleh suporter timnas pada Piala AFF.Salah satu penyokong dana yakni Harie Pandiono. Pria yang bekerja di salah satu perusahaan tambang di Afrika Selatan ini, sengaja meluangkan waktu dua pekan cuti untuk mendukung tim nasional. ANJU CHRISTIAN/KOMPAS.comRombongan One Soul One Nation berpose di depan Philippine Sports Stadium menjelang partai antara Indonesia dan Filipina pada lanjutan Piala AFF  di Philippine Sports Stadium,  November .Buat Harie, AFF  bukanlah awayday pertamanya. Dia bahkan mengklaim sudah mengunjungi  stadion di  negara.Jumlah tersebut bisa bertambah lagi karena Indonesia akan melakoni partai ketiga di Rizal Memorial Stadium, Manila, bukan Philippine Sports Stadium seperti pada laga pertama dan kedua."Selain turnamen ini, saya ikut mengibarkan bendera merah putih dan syal Arema Cronus pada final Piala Dunia , Piala Dunia Antarklub , dan Liga Champions ," tutur Harie.Di luar Yuli dan Harie, rombongan kecil itu turut menyertakan sebuah keluarga. Mereka adalah pasangan Romi dan Artika, yang membawa anaknya bernama Meylanie.Seperti sebagian besar anggota OSON, ketiga orang tersebut juga merupakan Aremania."Sudah menjadi panggilan hidup kami untuk mendukung Arema. Begitu juga terhadap Garuda, karena Arema menjadi bagiannya," ucap Artika."Semoga, perjuangan kami terbayar dengan kelolosan timnas ke semifinal," tutur perempuan berusia  tahun itu.</isi>
	<link>http://bola.kompas.com/read/2016/11/22/16545398/dirigen.aremania.hingga.pengibar.bendera.di.55.stadion.dukung.timnas.di.filipina
</link>
</artikel>
