<artikel>
	<id>OLA_SB_10_009</id>
	<judul>Pulang ke Persipura, Boaz Tinggalkan Timnas</judul>
	<tanggal>01/11/16</tanggal>
	<kata_kunci>Boaz Solossa, garansi, absen, latihan</kata_kunci>
	<isi>Tidak ada Boaz Solossa dalam sesi latihan tim nasional Indonesia di Lapangan Sekolah Pelita Harapan, Karawaci, Selasa (1/11/2016).
	Penyerang Persipura Jayapura itu meninggalkan tim sejak Senin (31/10/2016). Dia bertolak ke Jayapura.
	"Boaz ingin menghadiri pernikahan keluarganya. Dia akan berangkat ke Myanmar pada 2 November 2016," tutur asisten pelatih Wolfgang Pikal di Hotel Yasmin kepada KOMPAS.com, Selasa.	 
	Boaz memang tetap mendapatkan garansi untuk partai uji coba kontra Myanmar di Yangon, Jumat (4/11/2016). Selain dia, ada tiga striker lainnya, yaitu Ferdinand Sinaga, Irfan Bachdim, dan Lerby Aliandry.	 
	Seperti Boaz, Irfan berangkat langsung ke Yangon. Dia tidak mengikuti training camp (TC) di Karawaci. Begitu juga Andik Vermansah dan Stefano Lilipaly.	 
	Total 22 pemain berangkat dari Jakarta ke Yangon, Rabu (2/11/2016). Mereka dijadwalkan menjalani sesi latihan pada pagi harinya.</isi>
	<link>http://bola.kompas.com/read/2016/11/01/17022028/pulang.ke.persipura.boaz.tinggalkan.timnas
</link>
</artikel>
