<artikel>
	<id>OLA_SB_10_010</id>
	<judul>Hasil Lengkap Pekan Ke-26 TSC 2016, Tiga Teratas 49 Poin!</judul>
	<tanggal>01/11/16</tanggal>
	<kata_kunci>Kejuaraan Sepak Bola Torabika, 2016, hasil, poin</kata_kunci>
	<isi> KOMPAS.com- Tiga tim teratas mengumpulkan poin sama, , pada penutupan pekan ke- Kejuaraan Sepak Bola Torabika (TSC) . Unggul produktifitas gol, Arema Cronus berhak menjadi pemuncak di atas Persipura Jayapura dan Madura United. Madura United, sang pelanggan pemuncak klasemen, harus kehilangan tahtanya sementara. Tim asuhan Gomes de Olivera tersebut ditekuk Mitra Kukar - di Stadion Aji Imbut, Jumat (//) sore WIB. Sedangkan Arema Cronus menang - atas Semen Padang sekaligus memutus tren tidak terkalahkan Irsyad Maulana dkk di Stadion H Agus Salim, Padang, Jumat (//) WIB. DOK. PT GTSPenyerang Persipura, Feri Pahabol mencoba melakukan sepakan dan kiper Sriwijaya FC, Teja Paku Alam bersiap pada laga TSC di Stadion Mandala, Jayapura, Minggu (//). Pada Minggu (//), Persipura Jayapura dengan susah payah mengandaskan Sriwijaya FC - di Stadion Mandala, Jayapura. Hasil ini juga membuat tim Mutiara Hitam ikut menyengitkan bursa persaingan juara TSC. Sementara itu, laga pamungkas pekan ini ditutup oleh kemenangan Perseru Serui - atas Barito di Stadion Marora, Serui, Senin (//). Berikut hasil lengkap pekan ke- TSC : Jumat (//) -Mitra Kukar - Madura United(Victor Forcada ', Asri Akbar '; Munhar ') -Semen Padang - Arema Cronus(Irsyad Maulana ' [pen]; Raphael Maitimo, Hamka Hamzah ', Esteban Vizcarra ') Sabtu (//) -Bali United - Bhayangkara FC(Fadil Sausu ', I Made Wirahadi '; Ilham Udin Armaiyn ', Lee Yoo Joon ') -PSM Makassar -Persib Bandung(Titus Bonai ', Ronald Hikspoors '; Febri Hariyadi ', Kim Jeffrey Kurniawan ') -Persegres Gresik United - Persiba Balikpapan(Agus Indra ' [pen]; Hanif Sjahbandi ', Maycon Calijuri ') Minggu (//) -Persipura Jayapura - Sriwijaya FC(Edward Wilson Junior ') -Persela Lamongan - PS TNI(Steven Imbiri ', Dendi Sulistyawan ', Ivan Carlos '; Aldino Herdianto ', ') -Persija Jakarta - Pusamania Borneo FC(Edilson Tavares ', Rifal Lastori ') Senin (//) Perseru Serui - Barito Putera(Osas Saha ', ', Irfan Mofu '; Luis Carlos ') Klasemen pekan ke - #TSC selamat buat@AremafcOfficialyang menjadi pemuncak klasemen pekan ke - pic.twitter.com/VDRcfNyu</isi>
	<link>http://bola.kompas.com/read/2016/11/01/04123132/Hasil.Lengkap.Pekan.Ke-26.TSC.2016.Tiga.Teratas.49.Poin.
</link>
</artikel>
