<artikel>
	<id>OLA_SB_10_056</id>
	<judul>Aji Kecewa Persela Gagal Lanjutkan Tren Positif</judul>
	<tanggal>25/10/16</tanggal>
	<kata_kunci>Persela, Barito Putera, TSC</kata_kunci>
	<isi> LAMONGAN, KOMPAS.com Tren positif Persela Lamongan terputus saat menyerah - dari Barito Putera di Stadion  Mei, Banjarmasin, Senin (//). Padahal, Persela tak pernah kalah sejak dibantai Persipura Jayapura - pada pekan ke- TSC , Sabtu (//). Tak ayal, kekalahan pada pekan ke- tersebut membuat pelatih Persela Aji Santoso kecewa. Apalagi, Persela mendominasi pertandingan. "Menghadapi Barito kemarin, tidak seharusnya kami kalah karena secara keseluruhan, anak-anak lebih menguasai permainan ketimbang tuan rumah. Kami juga berhasil menciptakan beberapa peluang, hanya sayang tak ada yang berhasil dikonversikan menjadi gol," tutur Aji, Selasa (//). Aji pun mengulas soal gol tuan rumah yang dilesakkan oleh Luis Carlos Junior pada menit ke-. Menurutnya, gol itu terjadi karena mengendurnya konsentrasi barisan pertahanan tim Laskar Joko Tingkir. "Kami hanya kecolongan. Sekali serangan dibangun oleh Barito, mereka sukses menuntaskannya. Sementara kami, banyak peluang yang terbuang begitu saja,  kata dia. Dalam mengejar ketinggalan, Persela sempat bangkit pada babak kedua dengan melakukan gempuran. Tercatat, ada dua peluang emas di depan gawang Barito yang dalam laga tersebut dikawal Aditya Harlan. Namun, baik sepakan Steven Imbiri maupun sundulan Muhammad Agung Pribadi, gagal berujung terciptanya gol. "Ini tentunya menjadi evaluasi bagi saya dan semua pemain, agar dapat kembali bangkit pada pertandingan selanjutnya,  ucap Aji. Kekalahan dari Barito membuat peringkat Persela dalam klasemen sementara melorot ke urutan  dari  kontestan. Selanjutnya, mereka akan menjamu PS TNI, Minggu (//).</isi>
	<link>http://bola.kompas.com/read/2016/10/25/18140048/aji.kecewa.persela.gagal.lanjutkan.tren.positif
</link>
</artikel>
