<artikel>
	<id>OLA_SB_10_194</id>
	<judul>Tipisnya Peluang Indonesia untuk Lolos ke Semifinal</judul>
	<tanggal>22/11/16</tanggal>
	<kata_kunci>indonesia lawan filipina, semifinal piala aff</kata_kunci>
	<isi>




 - Hasil imbang melawan Filipina jelas merupakan kerugian besar untuk timnas Indonesia. Peluang 'Merah-Putih' untuk lolos ke semifinal Piala AFF  masih terbuka, tapi peluang itu tidaklah besar.Indonesia harus puas dengan hasil - melawan Filipina pada laga di Philippine Sports Stadium, Bocaue, Selasa (//). Tim besutan Alfred Riedl dua kali memimpin lewat gol-gol Fachrudin Aryanto dan Boaz Solossa, tapi Filipina dua kali pula menyamakan skor melalui Misagh Bahadoran dan Phil Younghusband.Dengan hasil tersebut, Indonesia belum beranjak dari posisi terbawah di klasemen Grup A. Indonesia baru meraih satu poin dari dua pertandingan, di bawah Thailand (), Filipina (), dan Singapura (). Singapura berada di atas Indonesia karena keunggulan selisih gol.Indonesia masih menyisakan satu pertandingan lagi di babak penyisihan grup, yaitu melawan Singapura pada Jumat (/) mendatang. Akan tetapi, memenangi laga tersebut tak menjamin Indonesia pasti lolos ke semifinal. Nasib Indonesia akan sangat bergantung pada hasil laga Filipina versus Thailand yang digelar pada saat bersamaan.Fakta bahwa Thailand sudah lolos dan bahkan dipastikan jadi juara Grup A tentu tak menguntungkan Indonesia. Thailand mungkin saja menyimpan kekuatan untuk babak semifinal dan akan memainkan tim pelapis saat bertemu Filipina.Untuk lolos ke semifinal, Indonesia wajib menang atas Singapura dan pada saat yang bersamaan Filipina gagal mengalahkan Thailand. Jika skenario ini terwujud, Indonesia akan menjadi runner-up grup dengan poin empat, sementara Filipina tersingkir karena cuma punya poin dua (jika kalah dari Thailand) atau tiga (jika imbang dengan Thailand).Jika hanya bermain imbang dengan Singapura, Indonesia akan tersingkir. Pasalnya, Indonesia kalah selisih gol dari Negeri Singa tersebut. Singapura bahkan bisa saja lolos meski bermain imbang dengan Indonesia, asalkan Filipina kalah dari Thailand dengan selisih dua gol atau lebih. Singapura juga akan lolos jika mengalahkan Indonesia dan pada saat bersamaan Filipina gagal mengalahkan Thailand.Sementara itu, Filipina pasti lolos jika bisa mengalahkan Thailand, apapun hasil laga Indonesia vs Singapura. Jika Filipina hanya memetik hasil imbang dengan Thailand, mereka juga tetap bisa lolos asalkan laga Indonesia vs Singapura juga berakhir imbang.








</isi>
	<link>http://sport.detik.com/sepakbola/liga-indonesia/3352024/tipisnya-peluang-indonesia-untuk-lolos-ke-semifinal
</link>
</artikel>
