<artikel>
	<id>OLA_SB_10_200</id>
	<judul>Kurnia Meiga atau Andritany, Siapa yang Dipilih Riedl?</judul>
	<tanggal>22/11/16</tanggal>
	<kata_kunci>kiper indonesia, piala aff</kata_kunci>
	<isi>




 - Gawang Indonesia jebol empat kali saat berhadapan dengan Thailand di laga pertama Piala AFF . Adakah hasil tersebut membuat Alfred Riedl mengganti Kurnia Meiga dengan Andritany?Dalam dua pertandingan terakhir, Indonesia selalu menelan kekalahan. Kurnia Meiga yang bertugas menjaga gawang 'Skuat Garuda'.Tak sekadar kalah, Indonesia juga sudah kebobolan tujuh gol. Tiga gol saat melawan Vietnam di laga uji coba. Sementara empat gol di laga pertama Grup A melawan Thailand di akhir pekan lalu.Di sisi lain, Andritany Ardhiyasa tampil cukup prima di bawah mistar gawang Indonesia. Saat kiper asal Persija Jakarta itu bermain, Indonesia menang sekali dan memetik hasil imbang dua kali.Dengan pertimbangan itu, para pecinta tim nasional pun meminta Riedl memberi kepercayaan pada Andritany."Indonesia tuh sering banget kalah kalo kipernya Kurnia Meiga Mending pasang Teja Paku Alam atau Andritany tadi #TimnasDay," kicau akun @CharonVineyard.Soal pilihan pemain di posisi penjaga gawang, Riedl memberi sinyal akan kembali memainkan Kurnia Meiga di pertandingan penentuan melawan Filipina, Selasa (//) malam pukul . WIB. Pelatih asal Austria itu juga mengungkapkan pertimbangannya."Kami memiliki  kiper dengan kualitas yg hampir sama. Namun, Meiga menjadi pilihan utama karena posturnya yg paling tinggi. Kami harus mengantisipasi bola atas Filipina. Meiga dalam kondisi yg fit dan siap tampil," tegas Riedl kepada pewarta.Indonesia harus menundukkan Filipina demi menjada kans lolos ke babak knock out. Saat Indonesia kalah di laga pertama, Singapura bermain imbang tanpa gol dengan Singapura.
						







</isi>
	<link>http://sport.detik.com/sepakbola/liga-indonesia/3351434/kurnia-meiga-atau-andritany-siapa-yang-dipilih-riedl
</link>
</artikel>
