<artikel>
	<id>OLA_SB_10_775</id>
	<judul>Bisa Kalahkan Persipura, Djanur Belum Puas</judul>
	<tanggal>14/11/16</tanggal>
	<kata_kunci>persib lawan persipura, djanur</kata_kunci>
	<isi> BANDUNG - Pelatih Djadjang Nurdjaman belum puas dengan performa Persib Bandung meski menang - atas Persipura Jayapura pada Sabtu (//). Ia menilai masih ada kelemahan dari permainan Vladimir Vujovic dan kawan-kawan."Belum. Saya selalu belum puas karena pemain kadang masih lupa (menjalankan strategi) atau kurang sigap sehingga masih banyak yang bocor," kata Djanur, sapaan akrabnya.Meski begitu, secara umum ia menyebut jika permainan Persib saat menghadapi Persipura adalah salah satu permainan yang terbaik. Sebab pemain sudah mendekati skema permainan yang diinginkannya. (Baca juga : Kalahkan Persipura, Persib Perpanjang Rekor di Kandang)"Secara menjalankan strategi itu paling pas. Kita meladeni lawan dengan disiplin tinggi dan melakukan penyerangan efektif. Saya pikir melawan Persipura adalah salah satu penampilan kami yang cukup baik," jelas Djanur.Dalam laga itu, Persib menampilkan disiplin tinggi. Lini belakang pun tampil taktis dalam menghadang setiap serangan lawan. Alhasil, para pemain Persipura tak berkutik sehingga tak mampu menjebol gawang Persib.Sebaliknya, Persib mencetak dua gol indah melalui Kim Jeffrey Kurniawan dan Sergio van Dijk. Dua gol yang bersarang pun berasal dari proses kerjasama tim. (Baca juga : Kim Kurniawan, Dulu Dicerca Sekarang Dicinta) (bbk) dibaca .x </isi>
	<link>http://soccer.sindonews.com/read/1155140/58/bisa-kalahkan-persipura-djanur-belum-puas-1479098053
</link>
</artikel>
