<artikel>
	<id>OLA_SB_10_731</id>
	<judul>GBPH Prabukusumo Buka Liga Futsal Perindo Region Yogyakarta</judul>
	<tanggal>20/11/16</tanggal>
	<kata_kunci>liga futsal perindo</kata_kunci>
	<isi> YOGYAKARTA - Ketua Komite Olahraga Nasional Indonesia (KONI) Daerah Istimewa Yogyakarta(DIY) GBPH Prabukusumo melakukan kick-off menandai dimulainya Liga Futsal Perindo  region Yogyakarta, Minggu (//).“Kami senang mendapat dukungan langsung dari beliau dan bisa hadir langsung saat pembukaan,” ungkap Ketua DPW Partai Perindo Yogyakarta Nanang Sri Roekmadi ketika dihubungi usai pembukaan Liga Futsal Perindo  di Yogyakarta.Nanang berharap kontribusi memajukan olahraga oleh partai yang didirikan  Oktober  itu bisa berjalan rutin dan menghasilkan atlet-atlet yang profesional. Dengan demikian, perlahan olahraga di Tanah Air semakin bergairah serta didukung pengaderan atlet-atlet muda dari berbagai daerah.“Ketua KONI juga mengapresiasi kegiatan ini, karena Partai Perindo care terhadap olahraga.  Melakukannya secara terstruktur dan intens di seluruh Indonesia,” tambah Nanang.Dia menambahkan, Liga Futsal Perindo tahun ke- ini diikuti oleh  klub se-Yogyakarta yang merupakan hasil penyaringan dari  klub. Dari kompetisi tersebut klub yang menang akan dikirim untuk kompetisi tingkat nasional di Jakarta.“Kami ingin mereka paling tidak bisa bergabung menjadi timnas. Memperkuat Indonesia sehingga prestasi futsal meningkat di kompetisi internasional,” jelasnya.  (sha) dibaca .x </isi>
	<link>http://soccer.sindonews.com/read/1156888/58/gbph-prabukusumo-buka-liga-futsal-perindo-region-yogyakarta-1479651607
</link>
</artikel>
