<artikel>
	<id>OLA_SB_10_797</id>
	<judul>Bali United Perpanjang Derita Persegres Gresik</judul>
	<tanggal>27/11/16</tanggal>
	<kata_kunci>bali united, persegres, isc</kata_kunci>
	<isi> GRESIK - Bali United memperpanjang rekor buruk Persegres Gresik dalam enam laga terakhir di Indonesia Soccer Championship (ISC) . Gol tunggal I Gede Sukadana jadi momok kekalahan Persegres.Anak asuh Eduard Tjong krisis kepercayaan diri saat menjamu Bali United di Stadion Petrokimia, Minggu (//). Sebab, dalam lima laga terakhirnya, Persegres cuma mampu memetik satu poin. Derita Persegres berlanjut saat menjamu Bali United di pekan ke- ISC . Setelah tertahan imbang - di babak pertama, gawang mereka kebobolan di menit ke- setelah I Gede Sukadana mencetak gol dari luar kotak penalti. Dengan hasil tersebut, Bali United tidak hanya memetik poin sempurna untuk menjaga posisi di papan klasemen ISC. Namun, skuat asuhan Indra Sjafri juga sukses mencetak kemenangan beruntun usai mengalahkan PS TNI pekan lalu. Di tabel klasemen, Bali United saat ini berada di peringkat  dengan koleksi  poin. Sementara Persegres Gresik mandek di posisi  dengan perolehan  poin dari  laga. (Baca juga: Hat-trick Pedro Warnai Kemenangan Besar PBFC) (bbk) dibaca .x </isi>
	<link>http://soccer.sindonews.com/read/1158681/58/bali-united-perpanjang-derita-persegres-gresik-1480248434
</link>
</artikel>
