<artikel>
	<id>OLA_SB_10_114</id>
	<judul>Menanti Pengganti Bachdim yang Tak Kunjung Tiba di Manila</judul>
	<tanggal>18/11/16</tanggal>
	<kata_kunci>timnas indonesia, pemain indonesia</kata_kunci>
	<isi> Pelatih tim nasional (timnas) Indonesia, Alfred Riedl, memastikan bahwa Muchlis Hadi tiba di Manila, Filipina, Sabtu (19/11/2016).
 
	Muchlis dipilih menggantikan posisi Irfan Bachdim yang cedera, untuk Piala AFF 2016. PSM Makassar sudah memberi restu kepada sang pemain guna bergabung dengan timnas.
	Hanya, hingga Jumat (20/11/2016), Muchlis belum terlihat di Novotel Araneta, Quezon City, tempat penginapan timnas.
	 
	Riedl pun tidak memungkiri bahwa Muchlis memang mendapatkan hambatan administrasi untuk menuju Filipina.
	 
	"Muchlis akan datang besok. Sebab, dia sempat tidak memegang paspornya. Jadi, dia kesulitan memesan tiket," ucap Riedl di Hotel Marco Polo, Manila, Jumat (18/11/2016)
	Adapun terkait sosok yang bakal menggantikan Bachdim di susunan starter timnas, Riedl masih merahasiakan.
	 
	"Kami akan menggantikan Bachdim. Namun, untuk sosok penggantinya, saya harus memberitahu kepada pemain bersangkutan sebelum ke media," ucap Riedl.
	 
	"Satu hal yang pasti, kami tidak akan mengubah cara bermain hanya karena seorang pemain," tutur pria asal Austria itu.
	 
	Indonesia akan melakoni partai pertama Grup A dengan melawan Thailand di Philippine Sports Stadium, Bulacan, Sabtu.</isi>
	<link>http://bola.kompas.com/read/2016/11/18/15382628/menanti.pengganti.bachdim.yang.tak.kunjung.tiba.di.manila
</link>
</artikel>
