<artikel>
	<id>OLA_SB_10_157</id>
	<judul>Riedl: Teknik, Fisik, dan Taktik Pemain Timnas Meningkat</judul>
	<tanggal>01/11/16</tanggal>
	<kata_kunci>taktik timnas indonesia</kata_kunci>
	<isi>




 - Selain berlatih taktik dan strategi menjelang Piala AFF , pelatih timnas Alfred Riedl juga menggeber fisik para pemain timnas. Setelah latihan beberapa hari, Riedl menyebut kondisi fisik pemainnya mengalami kemajuan.Timnas Indonesia telah menjalani pemusatan latihan di Lapangan UPH, Karawaci, Tangerang sejak  November kemarin. Total ada  pemain yang dipanggil.Sebelumnya, Riedl sempat mengeluhkan kondisi fisik para pemainnya saat latihan di Sleman Yogyakarta. Pelatih asal Austria itu bahkan sampai mengetes VO Max para pemain dan hasilnya kurang memuaskan.Tapi kini kondisi fisik dan stamina pemain kini disebutnya sudah membaik. "Untuk fisik sudah ada peningkatan, lebih bagus dari awal. Kami tekan keras fisik para pemain untuk dua pertandingan ujicoba besok, karena itu penting untuk pertandingan," ujar Riedl usai latihan."Hari ini kami juga latihan simulasi pertandingan, x menit, terutama untuk taktik, sekaligus untuk  fisik. Sore ini kami juga akan ada latihan fisik," Riedl pun mengaku cukup senang dengan skuatnya saat ini. Sebab secara keseluruhan timnya saat ini lebih baik dibandingkan  lalu."Kami melihat tim ini mengalami kemajuan, teknik, fisik, taktik, tim ini ada kemajuan. Kami senang, tapi tetap persiapan. Tim ini jauh lebih baik dari . Hanya satu (masalah), kami hanya bisa memilih dua pemain dari satu klub," lanjut dia.Pada latihan tadi pagi Boaz Salossa tak terlihat ikut berlatih bersama rekan-rekannya. Pemain Persipura Jayapura tersebut telah meminta izin pulang ke kampung halamannya karena ada acara keluarga.
						







</isi>
	<link>http://sport.detik.com/sepakbola/liga-indonesia/3334350/riedl-teknik-fisik-dan-taktik-pemain-timnas-meningkat
</link>
</artikel>
