<artikel>
	<id>OLA_SB_10_684</id>
	<judul>Hasil Lengkap dan Klasemen Pekan ke-27 ISC A 2016, 4-7 November</judul>
	<tanggal>07/11/16</tanggal>
	<kata_kunci>klasemen isc</kata_kunci>
	<isi> JAKARTA - Pekan ke- Indonesia Soccer Championship (ISC) A , ditandai dengan kembalinya Arema Cronus sebagai penguasa klasemen. Kudeta Arema dipastikan setelah menang - atas Persela Lamongan di Stadion Kanjuruhan, Minggu (//).Tiga gol Arema dikemas striker veteran Cristian Gonzales pada menit ke-, Hamka Hamzah (), dan Esteban Gabriel Vizcarra (). Singo Edan di puncak klasemen ISC A  dengan  poin setara dengan Madura United (MU) yang menduduki posisi runner-up karena kalah head-to-head. MU memetik kemenangan atas Gresik United -, Jumat (//). (Baca juga: Gasak Persela, Arema Cronus Ambil Alih Pimpinan Klasemen).Sementara duel klasik Persija Jakarta versus  Persib Bandung di Stadion Manahan, Solo, Sabtu (//), berakhir imbang -. Bukan pertandingan yang menjadi buah bibir laga ini, namun kematian seorang anggota The Jakmania dari Kooordinator Wilayah (Korwil) Kali Malang Harun Al Rasyid Lestaluhu (HRL) di Tol Palimanan, saat akan kembali ke Jakarta, Minggu (//). (Baca: Ini Kronologi Tragedi Tol Palimanan Versi The Jakmania).Laga penutup, Bali United kembali ke jalur kemenangan setelah mengalahkan tim juru kunci Barito Putera - dalam laga dramatis di Stadion Kapten I Wayan Dipta, Gianyar, Senin (//). Bali United bertengger di peringkat  dengan dengan  angka, sedangkan Barito Putera di peringkat  dengan poin . (Baca juga: Drama Lima Gol di Gianyar, Bali United Tekuk Barito).Berikut hasil lengkap dan klasemen Pekan ke- ISC A , - NovemberJumat,  November Madura United vs Gresik United -Sriwijaya FC vs Semen Padang -Sabtu,  November Persipura Jayapura vs Pusamania Borneo FC -Persiba Balikpapan vs PSM Makassar -Persija Jakarta vs Persib Bandung -Minggu,  November Bhayangkara FC vs Mitra Kukar -Arema Cronus vs Persela Lamongan -TNI vs Perseru Serui -Senin,  November Bali United vs Barito Putera -Klasemen ISC A       Pos   Tim    M   Mn   S   K   Gm-Km   P        Arema Cronus                -           Madura United               -           Persipura Jayapura                -           Bhayangkara FC               -           Sriwijaya FC               -           Pusamania Borneo FC                -           Mitra Kukar                -           Semen Padang               -           PSM Makassar                -           Persib Bandung                -           Perseru Serui                -           Bali United                   -           Persiba Balikpapan               -           Persija Jakarta                -           PS TNI                -           Persegres Gresik Utd                -           Persela Lamongan               -           Barito Putera               -                                              Ket:  * sumber: indonesiansc.com *M=Main, Mn=-Menang, S=seri, K=Kalah, Gm=Gol memasukkan, GK=Gol kemasukan, P=Poin  (sha) dibaca .x </isi>
	<link>http://soccer.sindonews.com/read/1153508/58/hasil-lengkap-dan-klasemen-pekan-ke-27-isc-a-2016-4-7-november-1478531326
</link>
</artikel>
