<artikel>
	<id>OLA_SB_10_040</id>
	<judul>Sriwijaya FC Bawa 18 Pemain Menuju Jayapura</judul>
	<tanggal>28/10/16</tanggal>
	<kata_kunci>Sriwijaya FC, Persipura Jayapura, TSC, Mauricio, M Facruddin</kata_kunci>
	<isi> PALEMBANG, KOMPAS.com- Sriwijaya FC akan melawat ke markas Persipura Jayapura untuk melakoni pekan ke- TSC  di Stadion Mandala, Minggu (//). Dua benteng pertahanan absen, yakni M Facruddin dan Mauricio. Sriwijaya FC memiliki modal bagus menjelang pertandingan sulit tersebut. Tim berjulukan Laskar Wong Kito ini menang - Persija Jakarta, Minggu lalu (/). Untuk menghadapi laga ini, Sriwijaya FC membawa  pemain. Pelatih Widodo Cahyono Putra pun memaklumi absennya dua pemain tersebut. Mauricio terkena akumulasi kartu kuning, sedangkan M Facruddin masih membela timnas senior. "Kami hanya bawa  pemain ke Jayapura. Keduanya kami maklumi karena alasan mereka tepat," kata Widodo. Selain kedua pemain belakang tersebut, Laskar Wong Kito juga kehilangan Alberto "Beto" Gonzalves akibat cedera hamstring. Kondisi tersebut membuat Widodo terpaksa harus memilih dua striker cadangan yakni Airlangga Sucipto dan T Abdul Musafri. "Mereka bisa jadi alternatif. Keduanya juga punya pengalaman dalam laga kandang jebol gawang lawan," kata Widodo. Mengenai strategi permainan, Widodo belum bisa membeberkan taktik. Pasalnya, rentan jika perlihatkan taktik karena Sriwijaya FC masih berada di peringkat ke- klasemen sementara, sedangkan Persipura berada di posisi kedua. "Yang pasti kami akan bermain menyerang meski di kandang lawan. Curi poin jadi target kami meski sulit capai kemenangan," ujarnya.</isi>
	<link>http://bola.kompas.com/read/2016/10/28/21060028/sriwijaya.fc.bawa.18.pemain.menuju.jayapura
</link>
</artikel>
