<artikel>
	<id>OLA_SB_10_748</id>
	<judul>Kompetisi Pijakan Prestasi, Linus dan Soeratin Solusi</judul>
	<tanggal>28/11/16</tanggal>
	<kata_kunci>isc, piala soeratin, liga nusantara</kata_kunci>
	<isi> JAKARTA - Prestasi tidak jatuh dari langit, juga tidak instan. Prestasi hasil dari proses. Intensitas pembinaan, pembiayaan, dan kompetisi jadi fondasi. Maka, gelaran Indonesia Super Championship (ISC) Liga Nusantara dan Piala Soeratin U-  selayaknya diapresiasi.Publik sepakbola di Tanah Air bersyukur karena PT Gelora Trisula Semesta (GTS) berinisiatif menggulir serangkaian kompetisi di sela PSSI vakum akibat dibekukan pemerintah yang menyebabkan Indonesia disanksi FIFA. Kerja nyata itu jelas penting dan bermanfaat.Tengok hasilnya. Selain kompetisi level profesional Indonesia Soccer Championship (ISC), ISC B, dan ISC U-  , PT GTS juga berkreasi di level amatir dengan mementaskan ISC Liga Nusantara dan Piala Soeratin U- . Sepakbola nasional pun kembali berdenyut."ISC Liga Nusantara dan Piala Soeratin U-  lengkapi kegembiraan sepakbola Indonesia, bahkan jadi bagian dari solusi pembinaan dan penegakkan sportivitas. Kami bersyukur beroleh dukungan pemerintah dan para volunteer," ungkap Ratu Tisha, Direktur Kompetisi PT GTS.Sejumlah pegiat sepakbola nasional pun mengapresiasinya. Aji Santoso (eks pelatih kepala timnas U- yang kini tangani Persela Lamongan) dan Gede Widiade (Direktur Operasional Springhills Property yang sempat jadi CEO Persebaya Surabaya) termasuk di antaranya.Aji menyebut kompetisi amatir seperti ISC Liga Nusantara dan Piala Soeratin U-  sebagai langkah jitu. Ia menilai  kompetisi itu sangat berguna bagi upaya memantapkan pembinan. "Semoga kualitasnya terus membaik agar kelak memunculkan talenta hebat," katanya.Lebih tajam, Gede menandaskan kompetisi amatir dan berjenjang adalah kerangka terbaik buat wujudkan kompetisi profesional dan timnas yang mumpuni. "Gelaran ini harus konsisten hingga jenjang terbawah. Pemerintah perlu berikan kemudahan terkait izin dan infrastuktur. Ini solusi dasar bagi upaya mencapai prestasi tinggi," ujar Gede. (sha) dibaca .x </isi>
	<link>http://soccer.sindonews.com/read/1158995/58/kompetisi-pijakan-prestasi-linus-soeratin-solusi-1480352029
</link>
</artikel>
