<artikel>
	<id>OLA_SB_10_163</id>
	<judul>Riedl Fokus Asah Taktik dan Finishing Pemain</judul>
	<tanggal>30/10/16</tanggal>
	<kata_kunci>latihan timnas</kata_kunci>
	<isi>




 - Timnas Indonesia sudah menjalani pemusatan latihan kembali. Pelatih Alfred Riedl pun memberikan berbagai menu latihan, terutama strategi dan Pada latihan yang dilakukan di Lapangan UPH (Universitas Pelita Harapan), Karawaci, Tangerang, Minggu (/), sebanyak  pemain yang dipanggil telah menjalani latihan. Ada tiga pemain yang absen di pemusatan latihan kali ini. Mereka adalah Andik Vermansah, Stefano Lilipaly dan Irfan Bachdim, ketiganya dijadwalkan langsung bertolak untuk menghadapi ujicoba melawan Myanmar pada  November.Ke- pemain tersebut dibagi menjadi dua kelompok. Kelompok pertama fokus latihan taktik dan strategi, semnatara kelompok kedua mengasah penyelesaian akhir."Semuanya kami berikan mulai dari taktik bertahan, menyerang, kiper juga mendapat arahan sendiri. Ini hanya skema latihan yang kami ulang-ulang saja sampai semua pemain paham dan mengerti secara otomatis," ungkap Riedl usai latihan. Terkait finishing, pelatih asal Austria ini berharap timnya bisa terus meningkat. Dengan begitu, lini depan timnas akan semakin tajam. "Kami latihan sudah bagus. Ya, memang pelatih jarang yang puas karena yakin akan lebih bagus. Kalau sudah bagus, hasil bisa luar biasa dan fantastis," sambungnya.








</isi>
	<link>http://sport.detik.com/sepakbola/liga-indonesia/3332897/riedl-fokus-asah-taktik-dan-finishing-pemain
</link>
</artikel>
