<artikel>
	<id>OLA_SB_10_051</id>
	<judul>Timnas Indonesia Jangan Dituntut Prestasi Dulu!</judul>
	<tanggal>26/10/16</tanggal>
	<kata_kunci>Danurwindo, piala AFF 2016, timnas</kata_kunci>
	<isi> JAKARTA, KOMPAS.com -Mantan pelatih tim nasional Indonesia, Danurwindo, berpendapat timnas masih memiliki peluang saat tampil di Piala AFF  yang digelar di Filipina pada  November- Desember . Indonesia berada di Grup A bersama tuan rumah Filipina, Thailand sebagai juara bertahan, dan Singapura. Sebagai persiapan untuk melakoni turnamen ini, tim besutan Alfred Riedl tersebut telah melakoni  pertandingan uji coba melawan Malaysia dan Vietnam. Indonesia kemudian dijadwalkan beruji coba melawan Myanmar ( November) dan Vietnam ( November). Dibandingkan dengan pesaing lain, persiapan  Indonesia juga terbilang minim karena sepak bola nasional baru lepas dari sanksi FIFA. Meski begitu, Danurwindo ogah mencoret peluang Indonesia saat tampil dalam turnamen  tahunan ini."Peluang pasti ada tetapi Thailand juga bagus. Filipina juga bagus. Pertandingan kita lawan Malaysia dan Vietnam sudah ada yang menjanjikan," kata Danurwindo, saat hadir sebagai pembicara dalam acara Forum Diskusi BOLA dengan tema "Mencari Arah Sepak Bola Indonesia" yang diselenggarakan di Kantor Redaksi BOLA, Palmerah, Jakarta, Rabu (//).Dengan persiapan yang singkat, pelatih berusia  tahun tersebut meminta publik tak menuntut gelar juara kepada Andik Vermansah dan kawan-kawan. Danurwindo menilai yang dilakukan Riedl saat ini adalah membentuk tim."Menurut saya, enggak usah berpikir juara. Pada turnamen selanjutnya, baru kita boleh menuntutnya," ujar Danurwindo."Kalau ngomong prestasi harus realistis. Sepak bola Indonesia belum lama lepas dari sanksi dan belum ada kompetisi. Pemain-pemain juga belum dalampeak performance-nya seperti ikut kompetisi," lanjutnya.Di balik itu, Danurwindo menganggap tim sudah bisa menyerap permainan yang diinginkan Riedl.   "Penampilan mereka cukup baik saat tertinggal - hingga mampu menyamakan kedudukan. Tapi itu belum jadi patokan," jelas pelatih yang pernah membesut Persija Jakarta itu.  "Namun, harapan Riedl untuk bermain agresivitas mulai kelihatan. Semoga dalam persiapan ini mereka bisa lebih baik lagi. Riedl juga terlihat lebih mumpuni. Lebih berwarna dalam taktik," tutur Danurwindo.Indonesia sendiri belum mampu menjadi juara sejak Piala AFF (dulu Piala Tiger) digelar pada . Pencapaian terbaik tim Merah Putih adalah  kali menjadi runner-up. Sampai pada penghujung acara, yaitu penyerahan cinderamata kepada  narasumber.#ForumDiskusiBOLApic.twitter.com/IHcQbyMd</isi>
	<link>http://bola.kompas.com/read/2016/10/26/21293178/timnas.indonesia.jangan.dituntut.prestasi.dulu.
</link>
</artikel>
