<artikel>
	<id>OLA_SB_10_654</id>
	<judul>Pahabol Tak Ikut, Indonesia Berangkat ke Piala AFF Bawa 22 Pemain</judul>
	<tanggal>17/11/16</tanggal>
	<kata_kunci>piala aff</kata_kunci>
	<isi>




 - Timnas Indonesia akan berangkat menuju Filipina untuk menjalani Piala AFF . Pelatih Alfred Riedl untuk sementara hanya membawa  pemain.Timnas Indonesia tiba di Bandara Soekarno, Kamis (/) siang. Mereka dijadwalkan terbang menggunakan pesawat Philipine Airlines (PR) pukul . WIB dan mendarat Manila pkl : waktu setempat. Dalam keberangkatan tersebut, Riedl hanya membawa  pemain. Sebab, Ferinando Pahabol yang sebelumnya dipanggil untuk menggantikan Irfan Bachdim tak diizinkan klubnya, Persipura Jayapura.Untuk mengisi posisi Pahabol yang batal gabung, telah dipilih striker Muchlis Hadi Ning Dia baru akan menyusul ke Filipina, besok."Ya, saya hanya membawa  pemain. Karena Pahabol tidak diizinkan klub. Muchlis akan menyusul langsung besok," ujar Riedl.Timnas Indonesia akan menjalani laga perdana menghadapi Thailand pada Sabtu (/). Riedl pun optimistis dengan peluang timnya di Piala AFF .
						







</isi>
	<link>http://sport.detik.com/sepakbola/liga-indonesia/3347618/pahabol-tak-ikut-indonesia-berangkat-ke-piala-aff-bawa-22-pemain
</link>
</artikel>
