<artikel>
	<id>OLA_SB_10_718</id>
	<judul>Lupakan Tenggarong, Eduard Tjong Ingin Jadikan Bali United Tumbal</judul>
	<tanggal>22/11/16</tanggal>
	<kata_kunci>bali united lawan persegres united, isc</kata_kunci>
	<isi> GRESIK - Persegres Gresik United bertekat menebus kekalahan di Tenggarong dengan target tiga angka saat menjamu Bali United pada pekan ke- Indonesia Soccer Championship (ISC) A  di Stadion Tri Dharma, Gresik,  November nanti.Persegres menderita kekalahan - di kandang Mitra Kukar, Stadion Aji Imbut, Tenggarong, pada Senin (//) malam. Pasukan Eduard 'Edu' Tjong pun pulang dengan pemikiran positif. Para pemain sudah menunjukkan performa maksimal dan tak ada yang perlu dikeluhkan.Eduard Tjong menilai timnya telah melakukan upaya maksimal dan bermain sesuai skenario yang dipersiapkan. Namun, Sasa Zecevic dkk tetap tak bisa mencegah dua gol tuan rumah sekaligus lemah dalam mengonversi peluang yang ada."Kami tetap positif dalam menyikapi kekalahan di kandang Mitra Kukar. Tim sudah bertarung dengan sangat baik, walaupun keberuntungan kurang berpihak ke Persegres. Saya tidak bisa mengeluh dengan apa yang terjadi di lapangan," ujar Edu.Malah dirinya memberikan pujian karena timnya sudah menerapkan strategi yang dipersiapkan sebelumnya. Paling tidak kekalahan di Stadion Aji Imbut bukan sebuah hal memalukan karena bagaimana pun kualitas Mitra Kukar lebih baik.Edu lebih pilih berpikir ke depan, yakni untuk pertandingan kandang kontra Bali United. Kebetulan pada laga tersebut komposisi pemainnya mulai pulih dengan kembalinya striker Patrick Da Silva seusai terkena skorsing di empat laga sebelumnya."Inkyun Oh sudah bermain lawan Mitra Kukar, sedangkan Patrick sudah bisa bermain di pertandingan berikutnya. Dengan semakin pulihnya tim, saya berharap Persegres bisa mendapatkan tiga angka di pertandingan kandang nanti," jelasnya.Memang, Inkyun Oh sudah bermain di Tenggarong setelah absen di beberapa laga sebelumnya. Pemain asal Korsel ini mengaku gembira karena susah bisa kembali ke tim dan bergabung bersama rekan-rekannya di pertandingan."Saya lega bisa kembali bermain setelah cedera. Soal hasil lawan Mitra Kukar, menurut saya bukan masalah karena bagaimana pun tim sudah menunjukkan usaha maksimal. Saya harap di pertandingan berikutnya Persegres akan mendapat hasil lebih baik," tutur pemain berposisi gelandang ini. (sha) dibaca .x </isi>
	<link>http://soccer.sindonews.com/read/1157320/58/lupakan-tenggarong-eduard-tjong-ingin-jadikan-bali-united-tumbal-1479802887
</link>
</artikel>
