<artikel>
	<id>OLA_SB_10_798</id>
	<judul>Suporter Makassar Berharap Edy Rahmayadi Bawa Perubahan Sepak Bola Indonesia</judul>
	<tanggal>11/11/16</tanggal>
	<kata_kunci>suporter makassar, edy rahmayadi</kata_kunci>
	<isi> MAKASSAR - Kelompok suporter Makassar mempunyai harapan besar pada Letnan Jenderal Edy Rahmayadi yang baru terpilih sebagai Ketua Umum PSSI periode -. Di tangan Edy, diharapkan sepak bola nasional bisa berubah lebih maju lagi. Seperti diketahui, Edy berhasil memenangkan pertarungan menuju kursi Ketua Umum PSSI dalam Kongres PSSI di Hotel Mercure Ancol, Jakarta, Kamis (/) lalu. Ia berhasil menyisihkan Moeldoko yang juga menjadi salah satu calon kuat. Kini nasib sepak bola nasional ada di tangan pria yang masih menjabat sebagai Pangkostrad itu. Nantinya ia akan dibantu Joko Driyono yang terpilih sebagai Wakil Ketua Umum PSSI serta  anggota Komite Eksekutif. Sekretaris Red Gank, Sadat RG mengatakan pihaknya berharap sepak bola Indonesia bisa lebih maju dengan nakhoda baru. "Kita tinggal lihat saja bagaimana ke depannya, yang jelas seluruh soporter hanya ingin sepak bola Indonesia lebih berprestasi," katanya.Dia menjelaskan, pemilihan ketua umum baru PSSI tersebut memang berjalan dengan lancar, meski ada dua calon yang bertarung. "Yang jelas diharapkan bisa membawa sepak bola Indonesia ini lebih baik," jelasnya.Pada pemilihan ini, memang seluruh voters hadir untuk memilih ketua baru induk organisasi sepak bola tersebut, bahkan dari perwakilan klub profesional Indonesia termasuk tim Juku Eja. Selain itu, eks manajer PSM Erwin Aksa juga meramaikan bursa pemilihan sebelum dia menyatakan mundur dari pencalonan.CEO PSM Munafri Arifuddin mengatakan pada pemilihan tersebut ada yang menang dan kalah. "Tentu yang menjadi ketua harus didukung dengan baik, supaya bisa memajukan sepak bola nasional," ungkapnya. (bbk) dibaca .x </isi>
	<link>http://soccer.sindonews.com/read/1154655/58/suporter-makassar-berharap-edy-rahmayadi-bawa-perubahan-sepak-bola-indonesia-1478860768
</link>
</artikel>
