<artikel>
	<id>OLA_SB_10_134</id>
	<judul>Indonesia Vs Filipina, Menanti Gol "Gila"</judul>
	<tanggal>21/11/16</tanggal>
	<kata_kunci>indonesia lawan filipina, piala aff</kata_kunci>
	<isi> Laporan langsung Anju Christian dari Manila, FilipinaMANILA, KOMPAS.com- Pelatih tim nasional (timnas) Filipina, Thomas Dooley, mengharapkan kesalahan di lini belakang Indonesia saat kedua tim bertemu pada partai lanjutann Grup A Piala AFF di Philippine Sports Stadium, Senin (//).Di belakang, Indonesia agak rentan. Mereka menderita dua gol akibat kesalahan pertahanan saat melawan Thailand pada laga pertama, Sabtu (//).Setelah pertandingan, pelatih Alfred Riedl sempat melontarkan frase dua "gol gila" terkait performa minor tersebut. Dua kata tersebut kembali digunakan Dooley ketika mengulas duel timnya melawan Indonesia."Dari video, saya memang menangkap ada sedikit kelemahan di barisan pertahanan mereka. Saya tentu berharap ada dua gol gila lagi," ucap Dooley kepadaKompas.comsetelah sesi jumpa pers di Novotel Araneta Center, Quezon City, Senin (//).Dua gol tersebut merupakan kesalahan dari Yanto Basna. Lantas, apakah Dooley menganggap Basna sebagai titik lemah? Atau, dia melihat sosok lain yang bisa dieksploitasi?"Anda bisa melihat kelemahan secara kolektif dan individu. Namun, saya tidak akan memberitahu Anda. Sebab, Anda akan menyampaikannya kepada dia (Riedl)," tutur Dooley.Laga kali ini bakal menjadi hidup mati buat Indonesia. Kekalahan bisa menutup peluang untuk lolos ke semifinal.Kini, Indonesia terbenam di dasar klasemen Grup A dengan koleksi nol poin. Di atasnya, ada Filipina dan Singapura berbekal satu angka.Adapun puncak tabel dikuasai juara bertahan Thailand dengan tiga angka berkat kemenangan atas Indonesia pada laga pertama.</isi>
	<link>http://bola.kompas.com/read/2016/11/21/17264328/indonesia.vs.filipina.menanti.gol.gila.
</link>
</artikel>
