<artikel>
	<id>OLA_SB_10_638</id>
	<judul>'Jalani Laga Perdana dengan Hadapi Thailand, Timnas Harus Pede!"</judul>
	<tanggal>19/11/16</tanggal>
	<kata_kunci>indonesia lawan thailand, piala aff</kata_kunci>
	<isi>




 - Timnas Indonesia akan menjalani ujian pertama Piala AFF  dengan jumpa Thailand. Mantan pemain timnas, Kurniawan Dwi Yulianto, meminta agar 'pasukan Garuda' tampil percaya diri.Timnas Indonesia akan meladeni Thailand di Philippine Sports Stadium, Bocaue, Sabtu (//) sore WIB. Pertandingan itu menjadi laga pertama di Grup A Piala AFF .Di atas kertas, Thailand memang jauh lebih diunggulkan. Selain berpredikat sebagai juara bertahan, mereka sudah melakukan persiapan cukup panjang.Tim besutan Kiatisuk Senamuang itu juga mempunyai bekal bagus sebelum tampil di Filipina ini. Mereka baru saja menahan imbang tim kuat, Australia, - pada lanjutan kualifikasi Piala Dunia .Kurniawan memprediksi pertandingan antara Indonesia melawan Thailand akan berlangsung menarik. Sebab, ini adalah laga perdana internasional bagi timnas setelah setahun lebih disanksi FIFA."Yang pasti akan seru karena biasanya pertandingan pertama akan selalu menyulitkan buat tim manapun di suatu event apapun itu. Jadi harap pemain-pemain kita bisa memanfaatkan itu dengan baik," ujar Kurniawan saat dihubungi, Sabtu (/).Eks striker timnas era -an itu menyadari memang Thailand adalah lawan yang cukup berat. Tapi Boaz Salossa dkk diyakini mempunyai motivasi tinggi dan itu harus dipertahankan."Walaupun kita tahu kalau persiapan Thailand sangat matang yah, tapi di sepakbola tidak ada yang tidak mungkin. Semoga para pemain tetap percaya diri dengan kekuatan tim dan rasa lapar yang mereka tunjukkan saat uji coba minimal di pertahankan karena itu bisa jd kekuatan yang akan sangat membantu mereka di lapangan," ujar dia. Soal prediksi skor, Kurniawan memprediksi akan berakhir imbang. Namun, dia tetap berdoa agar timnas bisa meraih kemenangan."Minimal imbang lah," katanya.Sebelumnya, pelatih Alfred Riedl juga mengatakan bahwa target dia adalah minimal bisa menahan imbang Thailand. Karena dia menyadari bahwa persiapan timnya tidak sesempurna lawannya itu.








</isi>
	<link>http://sport.detik.com/sepakbola/liga-indonesia/3349191/jalani-laga-perdana-dengan-hadapi-thailand-timnas-harus-pede
</link>
</artikel>
