<artikel>
	<id>OLA_SB_10_041</id>
	<judul>Kembalikan Performa, David Laly Tonton Video Arjen Robben</judul>
	<tanggal>28/10/16</tanggal>
	<kata_kunci>Persib bandung, PSM  Makassar, David Laly</kata_kunci>
	<isi> BANDUNG, KOMPAS.com- WingerPersib Bandung, David Laly, kembali dipercaya pelatih Djadjang Nurdjaman untuk masuk dalam skuad utama saat bertandang ke markas PSM Makassar, Sabtu (//). Sebelumnya, mantan pemain Pelita Bandung Raya itu jarang mendapat tempat di tim utama lantaran performanya yang tidak konsisten. Fluktuasi permainan David pun sempat mendapat kritik keras dari Djadjang. Kondisi tersebut turut diperparah dengan cedera yang ia dapat saat Persib kalah tipis - dari Bali United. Situasi tersebut menjadi pukulan telak bagi pemilik nomor punggung  tersebut. Salah satu cara yang ia lakukan untuk mengembalikan performanya yakni dengan banyak menonton video para aktor lapangan bola dari luar negeri. Menurutnya, hal itu bisa menambah motivasi untuk segera bangkit dari keterpurukan. "Paling saya sih untuk bisa kembali (ke top performa) banyak menonton video pemain bola luar, banyak nontonfeeling-nya. Saya paling suka Arjen Robben," ucap David di Bandung, Jumat (//). Dia menilai, winger FCBayern Muenchenitu merupakan salah satu pemain yang banyak terkena cedera, namun sangat cepat untuk kembali membangun mental bermain. "Pertama dia kan sama posisinya. Jadi cara main dia saya pelajari, dia pun beberapa kali cedera, tapi mentalnya cepat. Ini cedera pertama aku, termasuk lama selama karier," tuturnya. David pun turut mempelajari bagaimana ia mampu bangkit pasca-cedera. Salah satu cara yang ia contoh adalah dengan sering berlatih sendiri. "Bagaimana dia sembuh cedera dia latihan sendiri, jadi aku ambil bagaimana sikap dia setelah cedera dan bisa kembali ke top performa," ungkapnya. </isi>
	<link>http://bola.kompas.com/read/2016/10/28/19270028/kembalikan.performa.david.laly.tonton.video.arjen.robben
</link>
</artikel>
