<artikel>
	<id>OLA_SB_10_145</id>
	<judul>Madura United Hantam Gresik United 4-1</judul>
	<tanggal>04/11/16</tanggal>
	<kata_kunci>madura lawan gresik united, TSC</kata_kunci>
	<isi>




 - Madura United memetik kemenangan telak pada pekan ke- Torabika Soccer Championship (TSC). Menjamu Persegres Gresik United, Madura United menang dengan skor -.Dalam lanjutan TSC di Stadion Gelora Bangkalan, Bangkalan, Jumat (//), Madura United membuka skor pada menit ke- melalui gol Slamet Nurcahyo. Sundulan Slamet merobek gawang Gresik United yang dikawal oleh M. Irfan. Skor - untuk keunggulan tim tuan rumah bertahan hingga turun minum.Memasuki menit ke-, Patrich Wanggai menggandakan keunggulan Madura United. Sontekan Patrich mengubah kedudukan menjadi -.Madura United makin perkasa setelah Fabiano Beltrame mencetak gol pada menit ke-. Sepak pojok Slamet diteruskan Fabiano lewat sundulan kepala untuk membawa Madura United memimpin -.Madura United tak puas dengan keunggulan tiga gol. Mereka mencetak gol keempat lewat Elthon Maran pada menit ke-.Dua menit kemudian, Gresik United mencetak satu gol hiburan. Gol ini tercatat atas nama Hendri Satriadi.Dengan hasil ini, Madura United memuncaki klasemen TSC dengan perolehan  poin dari  laga. Mereka unggul tiga poin atas Persipura Jayapura yang baru main  kali. Adapun Gresik United berada di posisi ke- dengan  poin. 








</isi>
	<link>http://sport.detik.com/sepakbola/liga-indonesia/3337879/madura-united-hantam-gresik-united-4-1
</link>
</artikel>
