<artikel>
	<id>OLA_SB_10_629</id>
	<judul>Boaz: Lawan Filipina Akan Berbeda</judul>
	<tanggal>20/11/16</tanggal>
	<kata_kunci>indonsea lawan thailand</kata_kunci>
	<isi>




 - Boaz Solossa menyebut perjuangan timnas Indonesia pada laga melawan Thailand sudah maksimal. Kapten tim 'Merah-Putih' itu mengakui Thailand memang lebih baik.Indonesia mengawali kiprahnya di Piala AFF  dengan kekalahan - dari Thailand, Sabtu (//). Thailand memimpin dua gol lebih dulu lewat Peerapat Notchaiya dan Teerasil Dangda.Selepas turun minum, Indonesia bisa menyamakan skor menjadi - melalui gol Boaz dan Lerby Eliandry. Akan tetapi, dua gol Dangda di sisa waktu membuat Indonesia tak meraih poin dari laga ini."Thailand hebat, tapi saya dan teman-teman dapat memberikan perlawanan. Kami sudah ketinggalan -, tapi kami sukses mengejar," kata Boaz seusai pertandingan.Indonesia kini menempati posisi terbawah di Grup A dengan poin nol, di bawah Thailand (), Filipina (), dan Singapura (). Untuk menjaga peluang lolos ke semifinal, Indonesia harus bisa memaksimalkan laga berikutnya melawan tuan rumah Filipina, Selasa (/) mendatang."Kami masih ada dua pertandingan lagi. Saya rasa pertandingan kedua Filipina berbeda dengan Thailand. Thailand agak di atas, tapi semua di Piala AFF adalah tim yang hebat dan saya harap tim ini bisa menang," kata Boaz.








</isi>
	<link>http://sport.detik.com/sepakbola/liga-indonesia/3349550/boaz-lawan-filipina-akan-berbeda
</link>
</artikel>
