<artikel>
	<id>OLA_SB_10_662</id>
	<judul>Menunggu Skuat Final Timnas Indonesia untuk Piala AFF 2016</judul>
	<tanggal>14/11/16</tanggal>
	<kata_kunci>timnas indonesia, piala aff</kata_kunci>
	<isi>




 - Gelaran Piala AFF  tinggal dalam hitungan hari. Sampai saat ini pelatih Alfred Riedl belum memutuskan siapa-siapa saja pemain yang akan ia bawa ke Filipina.Meski dalam pernyataan terakhirnya Riedl mengatakan pihaknya sudah mengantongi nama  pemain, namun ia belum mau membocorkan skuat intinya. Ia hanya menyebut, kerangka tim sudah - persen.Timnas Indonesia telah menggelar pemusatan latihan di Karawaci, Tangerang, sejak  November lalu. Riedl pun sedang mematangkan taktik dan strategi untuk mengarungi Piala AFF . Namun tiga hari menjelang keberangkatan, dua penggawa timnas Evan Dimas dan Abdul Rachman mengalami sakit dan satu penjaga gawang, Dian Agus cedera hamstring."Hari ini kami latihan taktik. Dan dua pemain masih sakit, tapi mereka sudah dapat suntik lagi biar cepat sembuh. Sementara Dian Agus tidak bisa ikut latihan pagi ini karena cedera," ujar Riedl di Karawaci, Tangerang, Senin (/).Namun begitu, pelatih asal Austria ini terus memantau perkembangan pemain yang bakal dijadikannya kerangka tim. Dia tak mau terburu-buru menentukan  pemain hingga H- pertandingan."Sampai sekarang - persen sudah ada (kerangka tim inti), tapi belum pasti karena ada pemain yang cedera. Dan kami mau timbulkan persaingan sehat di tim untuk tiap posisi, idealnya setiap pemain siap untuk turun di posisi masing-masing," jelasnya."Sampai sekarang belum lagi (pemain baru yang dipanggil). Jika memang ada pemain yang sakit, cedera. Kita harus panggil lagi pemain dari  pemain yang didaftarkan. Tapi kita masih punya waktu daftarkan  pemain, sampai  hari sebelum pertandingan, berarti tanggal  November," katanya.Indonesia berada di Grup A bersama Thailand, Singapura, dan tuan rumah Filipina. Laga perdana "Garuda" adalah melawan Thailand pada  November.








</isi>
	<link>http://sport.detik.com/sepakbola/liga-indonesia/3344783/menunggu-skuat-final-timnas-indonesia-untuk-piala-aff-2016
</link>
</artikel>
