<artikel>
	<id>OLA_SB_10_615</id>
	<judul>Indonesia Takkan Cuma Andalkan Umpan Silang Lawan Filipina</judul>
	<tanggal>21/11/16</tanggal>
	<kata_kunci>indonesia lawan filipina</kata_kunci>
	<isi>




 - Timnas Indonesia sudah punya strategi menjelang pertandingan melawan Filipina. Skuat 'Garuda' akan melakukan kombinasi permainan untuk bisa menang.Indonesia akan berhadapan dengan The Azkals di pertandingan kedua Piala AFF . Laga itu akan berlangsung di Phillpines Sports Stadium, Selasa (//) malam waktu setempat.Saat takluk - melawan Thailand, dua gol Indonesia diciptakan lewat sundulan kepala dari skema serangan sayap dengan umpan silang.Gol pertama yang dicetak oleh Boaz Solossa merupakan buah dari Rizky Pora. Sementara gol kedua yang tercatat atas nama Lerby Eliandry berasal dari umpan silang Benny Wahyudi.Menatap pertandingan melawan Filipina, pelatih Indonesia, Alfred Riedl, sadar betul dengan keunggulan postur tubuh para penggawa tim tuan rumah. Mereka pun melakukan banyak latihan antisipasi bola crossing saat menjalani latihan di Xavier School, Minggu (/) kemarin.Kendati demilian, Riedl bilang bahwa umpan silang tak akan Menjadi satu-satunya senjata Indonesia dalam usaha membongkar pertahanan tim besutan Thomas Dooley itu."Kami juga mendapatkan banyak peluang di laga melawan Thailand, tanpa melakukan umpan silang. Itu seperti yang dicatatkan oleh Boaz dan pemain lain, itu bisa saja berhasil," ungkap Riedl kepada pewarta."Kami harus mengombinasikan cara bermain kami. Kami bermain dengan cross, umpan terobosan, driblling, dan yang lainnya," sambung pelatih yang juga pernah menangani PSM Makassar itu.








</isi>
	<link>http://sport.detik.com/sepakbola/liga-indonesia/3350032/indonesia-takkan-cuma-andalkan-umpan-silang-lawan-filipina
</link>
</artikel>
