<artikel>
	<id>OLA_SB_10_617</id>
	<judul>Madura United Kalahkan Persija, Papan Atas Ketat</judul>
	<tanggal>20/11/16</tanggal>
	<kata_kunci>madura united lawan persija, TSC</kata_kunci>
	<isi>




 - Madura United meraih kemenangan atas Persija Jakarta di pekan ke- Torabika Soccer Championship (TSC). Hasil tersebut membuat tiga tim kini bersaing ketat di papan atas klasemen TSC.Madura United menang - atas Persija di Stadion Pamekasan, Pamekasan, Minggu (//). Gol semata wayang tim tuan rumah diciptakan oleh Erick Weeks Lewis pada menit ke- lewat tembakan keras dari dalam kotak penalti.Tambahan tiga poin mengangkat Madura United ke posisi kedua di klasemen sementara TSC. Tim besutan Gomes de Olivera itu mengumpulkan  poin dari  pertandingan.Jumlah poin Madura United sama dengan milik Arema Cronus yang kini memuncaki klasemen. Tapi, Arema berhak menempati posisi yang lebih baik karena unggulDi bawah Arema dan Madura United ada Persipura Jayapura. Duduk di posisi ketiga, tim Mutiara Hitam kini mengoleksi  poin dan bisa kapan saja merebut posisi teratas jika dua tim di atas mereka terpeleset.Pada pertandingan lainnya, Bali United mengalahkan tuan rumah PS TNI dengan skor - di Stadion Pakansari, Cibinong. Empat gol Bali United diborong oleh Miftahul Hamdi pada menit kesembilan, , , dan . Sementara dua gol balasan PS TNI tercatat atas nama Pandi Lestaluhu pada menit ke- dan Erwin Ramdani pada menit ke-.Bali United kini duduk di peringkat ke- klasemen dengan  poin. Sementara itu, PS TNI tetap di posisi ke- dengan  poin.








</isi>
	<link>http://sport.detik.com/sepakbola/liga-indonesia/3349940/madura-united-kalahkan-persija-papan-atas-ketat
</link>
</artikel>
