<artikel>
	<id>OLA_SB_10_612</id>
	<judul>Lawan Filipina, Jacksen Yakin Indonesia Bisa Menang</judul>
	<tanggal>21/11/16</tanggal>
	<kata_kunci>indonesia lawan filipina, piala aff</kata_kunci>
	<isi>




 - Jacksen F. Tiago, mantan pelatih timnas Indonesia, yakin 'Skuat Garuda' akan mengalahkan Filipina dan kemudian lolos dari fase grup Piala AFF .Indonesia saat ini menempati posisi paling bawah klasemen Grup A Piala AFF  setelah kalah - dari Thailand di pertandingan pertama. Demi menjaga peluang lolos, tim Alfred Riedl wajib menang melawan Filipina, Selasa (//) besok.Di sisi lain, Filipina juga akan berusaha meraih poin penuh dalam merintis kelolosan, mengingat di laga pertama lalu mereka hanya mampu berimbang - lawan Singapura. Perjuangan Indonesia bertambah berat karena Filipina adalah tuan rumah."Kalau saya yakin Indonesia menang dan lolos. Kalau melihat performance dengan Thailand, Indonesia sudah tampil bagus. Mereka mampu mencetak dua gol dan membuat pelatih Kiatisuk Sinamuang mengubah strateginya," ujar Jacksen, Senin (/)."Semua masih bisa terjadi. Peluang itu masih ada dan di dua partai berikut akan menjadi penentu. Filipina, mereka mungkin unggul di jumlah suporter saja karena mereka adalah tuan rumah. Tapi secara materi dan permainan Indonesia tidak kalah kok," imbuhnya.








</isi>
	<link>http://sport.detik.com/sepakbola/liga-indonesia/3350253/lawan-filipina-jacksen-yakin-indonesia-bisa-menang
</link>
</artikel>
