<artikel>
	<id>OLA_SB_10_054</id>
	<judul>Kabar Baik dari Rizky Pora dan Lilipaly</judul>
	<tanggal>24/11/16</tanggal>
	<kata_kunci>Rizky Pora dan Lilipaly</kata_kunci>
	<isi>Pelatih tim nasional (timnas) Indonesia, Alfred Riedl, memberikan kabar baik tentang kondisi Rizky Pora dan Stefano Lilipaly pada sesi latihan di Rizal Memorial Stadium, Kamis (24/11/2016).
 
	Sebelumnya, kedua pemain diragukan tampil melawan Singapura pada lanjutan Grup A Piala AFF di stadion yang sama, Jumat (25/11/2016). Sebab, Rizky dan Lilipaly sempat mengalami cedera pada laga terakhir.
	 
	Mereka ternyata mampu pulih tepat waktu dan mengikuti sesi latihan Kamis. Atas dasar itu, Riedl memberikan "lampu hijau" kepada Rizky dan Lilipaly untuk menjadi starter seperti pada dua laga terakhir.
	 
	"Semua pemain bugar dan tidak ada cedera. Jadi, seluruh pemain tersedia untuk melawan Singapura," ucap Riedl setelah sesi latihan.
	 
	Penuturan Riedl tentu menjadi kabar baik untuk timnas. Tim Garuda membutuhkan kekuatan penuh untuk melakoni laga krusial melawan Singapura.
	 
	Timnas harus memenangi laga nanti, seraya berharap Filipina gagal mengalahkan Thailand pada waktu yang sama. Hanya dengan skenario itu, Indonesia bisa lolos ke babak selanjutnya.
	 
	Oleh karena itu, Riedl tetap menerapkan pendekatan ofensif seperti dua pertandingan sebelumnya.
	 
	"Kami harus memenangi pertandingan. Jadi, kami akan memeragakan permaian yang sama ketika bermain imbang dengan Filipina," ucap pria asal Austria itu.</isi>
	<link>http://bola.kompas.com/read/2016/11/24/20123058/kabar.baik.dari.rizky.pora.dan.lilipaly.
</link>
</artikel>
