<artikel>
	<id>OLA_SB_10_162</id>
	<judul>Persela Taklukkan PS TNI, PBFC Tundukkan Persija</judul>
	<tanggal>30/10/16</tanggal>
	<kata_kunci>persela lawan PS TNI, PBFC lawan persija</kata_kunci>
	<isi>




 - Persela Lamongan berhasil meraih poin penuh saat melawan PS TNI. Sementara itu, Pusamania Borneo FC (PBFC) menundukkan Persija dua gol tanpa balas.Pada pertandingan Torabika Soccer Championship (TSC) yang dihelat di Stadion Gelora Delta Sidoarjo, Minggu (//), Persela menang dengan skor tipis: -. Kemenangan tersebut sangat berarti buat Persela Lamongan, sebab tambahan tiga poin tersebut membawa mereka naik dari dasar klasemen.Persela langsung menggedor pertahanan PS TNI sejak awal babak pertama. Pada menit ke-, Persela pun membobol gawang PS TNI yang dijaga oleh Ravi Murdianto. Gol tersebut dicetak oleh Steven Andersen Imbiri.Setelah unggul satu gol, Persela tidak mengendurkan serangan. Pada menit ke-, Ivan Charlos Franca Coelho melakukan tendangan keras, namun tenadangannya ditepis Ravi Murdianto.Persela kemudian menggandakan keunggulan pada menit ke-. Tim berjuluk 'Laskar Joko Tingkir' tersebut unggul - lewat gol Dendy Sulistyawan usai menanfaatkan umpan dari Saddil Ramdani.Di babak kedua, kedua kesebelasan saling berbalas serangan. Namun, berulang kali pula serangan yang dibangun kedua tim kandas di pertahanan lawan masing-masing.Pada menit ke- barulah Coelho berhasil mencetak gol ketiga Persela. Kendati begitu, PS TNI tidak patah arang. Pada menit ke-, pemain depan PS TNI, Aldino Herdianto, berhasil memperkecil skor menjadi -. Lalu, berselang  menit, Aldino mencetak gol keduanya pada laga ini.Kendati begitu, tidak ada gol tambahan lagi tercipta. Dengan tambahan  poin, Persela kini berada di posisi ke- dengan nilai . Sedangkan PS TNI berada di posisi ke- dengan nilai .Pada laga lainnya di Stadion Manahan, Solo, Persija, yang kalah dominan dari PBFC, takluk -. Dalam catatan statistik situs resmi TSC, Persija hanya melepaskan  tembakan sepanjang laga dengan  di antaranya mengarah tepat sasaran. Sementara PBFC melepaskan  tembakan dengan  tepat sasaran.Bagi Persija, ini adalah kekalahan ke- musim ini. Gol-gol dari Edilson Tavares di menit ke- dan Rifal Ansori pada menit ke-, membuat 'Macan Kemayoran' tertahan di posisi ke- dengan nilai .Sedangkan PBFC berada di posisi ketujuh dengan koleksi nilai . Mereka tertinggal  angka dari pemuncak klasemen saat ini, Arema Cronus.








</isi>
	<link>http://sport.detik.com/sepakbola/liga-indonesia/3332959/persela-taklukkan-ps-tni-pbfc-tundukkan-persija
</link>
</artikel>
