<artikel>
	<id>OLA_SB_10_093</id>
	<judul>Lawan Persib, Pelatih dan Calon Kiper Debutan Persija Buka Mulut</judul>
	<tanggal>05/11/16</tanggal>
	<kata_kunci>persija, persib, Daryono, kiper</kata_kunci>
	<isi> SOLO, KOMPAS.com- Pelatih Persija Jakarta, M Zein Al Hadad, menyadari timnya tengah limbung dengan absennya lima pemain inti di lini belakang. Sementara itu, kiper keempat tim ibu kota, Daryono, termotivasi dalam debutnya kontraPersib Bandung, Sabtu (//). Namun, badai cedera tidak mengubah tekad Mamak, sapaan M Zein Al Hadad, untuk memenangi laga edisi ke- melawan Persib sejak . Persija harus kehilangan Andritany Ardhiyasa, Gunawan Dwi Cahyo, Willian Pacheco, Andik Rendika Rama, dan Ismed Sofyan. Andritany dan Gunawan tengah membela tim nasional (timnas) Indonesia. Willian dan Rama terkena sanksi larangan bermain karena akumulasi kartu kuning. Sedangkan Ismed masih bermasalah dengan pencernaannya. "Persija versus Persib selalu dinantikan. Kami sebagai tuan rumah tentu ingin menang meskipun Persib juga memiliki pemain dan pelatih yang bagus," ucap Mamak pada temu pers pralaga di Balai Persis, Solo, Jumat (//). "Selamat datang sahabat saya, coach Djadjang! Kami rival di atas lapangan, namun kembali menjadi sahabat seusai laga berakhir," katanya. Sementara itu, Daryono kemungkinan besar akan kembali dipasang sebagai kiper utama Persija dalam laga sarat gengsi tersebut. "Rivalitas kami dengan Persib selalu menjadi hal yang menarik. Antusiasme suporter tentu membuat kami termotivasi untuk menjaga harga diri Persija," kata Kiper yang juga tergabung dalam korps TNI AL (Angkatan Laut) itu. Pada pekan ke- Kejuaraan Sepak Bola Torabika (TSC) , Persija bakal menjamu Persib di Stadion Manahan, Solo, Sabtu (//) malam. Rencananya, partai yang selalui diprediksi berjalan ketat ini akan disiarkan langsung oleh SCTV mulai pukul . WIB. </isi>
	<link>http://bola.kompas.com/read/2016/11/05/04273232/Lawan.Persib.Pelatih.dan.Calon.Kiper.Debutan.Persija.Buka.Mulut
</link>
</artikel>
