<artikel>
	<id>OLA_SB_10_168</id>
	<judul>Arema Tundukkan Semen Padang 3-1</judul>
	<tanggal>28/10/16</tanggal>
	<kata_kunci>arema lawan semen padang</kata_kunci>
	<isi>




 - Arema Cronus meraih poin penuh pada pertandingan melawan tuan rumah Semen Padang. Tim berjuluk 'Singo Edan' itu menang - atas 'Kabau Sirah', Jumat (//).Kemenangan tersebut juga berarti penting untuk Arema. Dengan tambahan tiga poin, mereka kini menyamai perolehan poin sekaligus menyalip Madura United. Arema kini memuncaki klasemen Torabika Soccer Championship (TSC) dengan nilai , sama dengan nilai yang dimiliki Madura United. Kendati begitu, Arema unggul selisih gol (+) atas Madura United (+).Pada pertandingan yang berlangsung di Stadion H. Agus Salim, Padang, Arema sebenarnya tak banyak membuat percobaan untuk mencetak gol. Dalam catatan situs resmi TSC, Arema hanya melepaskan  attempts dengan  di antaranya tepat sasaran. Artinya, seluruh  attempts on target Arema berbuah jadi gol.Rekening gol Arema pada laga ini dibuka oleh Raphael Maitimo pada menit ke-. Tendangan Maitimo mengenai bek Semen Padang, Novan Setyo, sehingga bola pun berubah arah. Sembilan menit kemudian, Arema menggandakan keunggulan menjadi -.Gol kedua Arema dicetak oleh Hamka Hamzah melalui sebuah sundulan, menyusul tendangan bebas yang dilakukan oleh Ferry Aman Saragih. Skor - itu bertahan hingga babak pertama selesai.Di awal-awal babak kedua, tepatnya pada menit ke-, Ezteban Vizcarra mengubah skor menjadi - lewat sebuah sundulan memanfaatkan tendangan penjuru dari kanan. Skor - itu membuat Semen Padang kesulitan, padahal sebelumnya mereka tampil cukup agresif.Gol hiburan untuk Semen Padang baru hadir pada menit ke- melalui tendangan penalti Irsyad Maulana. Dengan kekalahan ini, Semen Padang tertahan di posisi ketujuh dengan nilai .Pada pertandingan sore hari tadi, Madura United kalah - dari Mitra Kukar. Mitra Kukar unggul - lebih dulu lewat gol-gol dari Victor Herrero pada menit ke- dan Asri Akbar pada menit ke-. Baru pada menit ke-, Madura United memperkecil skor lewat gol Munhar.Kekalahan Madura United itulah yang kemudian membantu Arema untuk naik ke puncak klasemen TSC.








</isi>
	<link>http://sport.detik.com/sepakbola/liga-indonesia/3332208/arema-tundukkan-semen-padang-3-1
</link>
</artikel>
