<artikel>
	<id>OLA_SB_10_141</id>
	<judul>Arema Libas Persela 3-0</judul>
	<tanggal>06/11/16</tanggal>
	<kata_kunci>arema lawan persela</kata_kunci>
	<isi>




 - Arema Cronus menang telak - atas Persela Lamongan di pekan ke- Torabika Soccer Championship. Kemenangan ini menempatkan Singo Edan di puncak klasemen sementara.Pada pertandingan di Stadion Kanjuruhan, Malang, Minggu (//), Arema membuka skor pada menit ke- melalui gol Cristian Gonzales. Sundulan striker veteran itu merobek gawang Persela yang dikawal oleh Dwi Kuswanto.Arema baru bisa menambah keunggulannya saat pertandingan memasuki menit ke-. Hamka Hamzah memaksimalkan sepak pojok Raphael Maitimo untuk mengubah skor menjadi -. Esteban Vizcarra memantapkan kemenangan tim tuan rumah lewat golnya pada menit ke-. Tembakan jarak jauh Vizcarra tak bisa dihentikan oleh Dwi dan menembus gawang Persela.Dengan tambahan tiga poin, Arema kini memuncaki klasemen TSC dengan perolehan  poin. Jumlah poin Arema sama dengan Madura United, tapi mereka unggul head-to-head. Adapun Persela menempati posisi ke- dengan  poin.Pada pertandingan lainnya, Bhayangkara FC menggilas tamunya, Mitra Kukar, dengan skor - di Stadion Gelora Delta, Sidoarjo. Thiago Furtuoso jadi bintang Bhayangkara FC lewat hat-trick yang dibuatnya. Dia menjebol gawang Mitra Kukar pada menit ke-, , dan . Satu gol lainnya disumbangkan oleh Rudi Widodo pada menit ke-.Bhayangkara FC kini menghuni posisi keempat di klasemen sementara dengan  poin. Mitra Kukar duduk di posisi ketujuh dengan  poin.








</isi>
	<link>http://sport.detik.com/sepakbola/liga-indonesia/3338733/arema-libas-persela-3-0
</link>
</artikel>
