<artikel>
	<id>OLA_SB_10_755</id>
	<judul>Persekap Tak Masalah Dianggap Sebagai Tim Penuh Keberuntungan</judul>
	<tanggal>16/11/16</tanggal>
	<kata_kunci>persekap, isc</kata_kunci>
	<isi> PASURUAN - Prestasi membanggakan dibuat Persekap Pasuruan. Tim asuhan Aris Budi Prasetyo tersebut berhasil lolos ke babak delapan besar Indonesia Soccer Championship (ISC) B, usai menyegel status runner up di babak penyisihan grup D.Persekap mampu mengoleksi sembilan poin menyamai torehan PSPS Pekanbaru. Kedua tim berhasil menyingkirkan PSIS Semarang dan juga PSGC Ciamis. Meski diwarnai keberuntungan, Persekap nyatanya mampu membuktikan diri hingga lolos ke babak delapan besar."Saya tahu, Persekap ditempatkan sebagai underdog karena banyak tim yang lebih meyakinkan. Tapi itu bukan sebuah kekhawatiran, karena kami akan bermain dengan lebih baik lagi di babak delapan besar. Saya yakin itu," ucap Aris, Rabu (//)."Persekap sebelumnya tidak diunggulkan bisa lolos dan jujur saja banyak yang lebih mengunggulkan Persik Kediri atau Persepam Madura Utama. Nyatanya Persekap berhasil ke babak delapan besar dan kami akan jauh lebih bersemangat," tegasnya.Di babak delapan besar nanti, Persekap akan bertemu lawan-lawan kuat. PSPS Pekanbaru, Martapura FC, Perserang Serang, PSS Sleman, Persita Tangerang, PSCS Cilacap dan Perssu Super Madura siap meramaikan persaingan untuk memperebutkan tiket ke fase semifinal. (bep) dibaca .x </isi>
	<link>http://soccer.sindonews.com/read/1155880/58/persekap-tak-masalah-dianggap-sebagai-tim-penuh-keberuntungan-1479293300
</link>
</artikel>
