<artikel>
	<id>OLA_SB_10_767</id>
	<judul>Antisipasi Jadwal Padat, Pelatih PSM Jaga Kondisi Pemain</judul>
	<tanggal>28/11/16</tanggal>
	<kata_kunci>psm makassar, isc</kata_kunci>
	<isi> MAKASSAR - Tim pelatih PSM Makassar tidak mempermasalahkan padatnya jadwal pertandingan di empat laga terakhir Indonesia Soccer Championship (ISC) A . Pelatih PSM Robert Alberts menyatakan sudah mengantisipasi ketatnya jadwal tersebut.Seusai menekuk Mitra Kukar - di pekan ke-, Juku Eja akan melakoni tiga laga dengan jeda tiga hari saja, yakni melawan Gresik United (//), kemudian laga tandang kontra Bali United (//), melawan Persija Jakarta di Makassar pada (//), dan dijamu Persipura Jayapura (//).  Sebelum itu, tim Juku Eja hanya melakoni pertandingan sekali dalam sepekan. Namun jelang akhir turnamen pertandingan dipadatkan karena ditargetkan pada Desember mendatang ajang ini sudah selesai. "Kondisi pemain harus dijaga dengan baik dengan program latihan," kata Robert Alberts.Saat ini, tim Juku Eja hanya melakukan latihan recovery, bahkan tim diliburkan sehari untuk mengembalikan kondisi kebugaran para pemain jelang melakoni laga away. Karena dua laga ini sangat penting untuk mempertahankan posisi tim saat ini.Juku Eja berada di posisi kelima klasemen sementara ISC A  setelah sebelumnya mengandaskan Mitra Kukar di markas sendiri. Empat laga tersisa berupaya dimaksimalkan dengan baik.Asisten Pelatih PSM Imran Amirullah mengatakan, pihaknya tetap menjaga kondisi para pemain sebelum melakoni away. "Tadi cuma berendam saja untuk mengembalikan kondisi mereka," ungkapnya.Terkait dengan padatnya jadwal pertandingan, Imran mengaku memang hal ini sudah diantisipasi oleh pelatih kepala. "Makanya kami harapkan tim bisa tetap dalam kondisi yang bagus," jelasnya.Empat Laga Terakhir PSM Makssar di ISC A -- Persegres Gresik United vs PSM Makassar-- Bali United vs PSM Makassar-- PSM Makassar vs Persija Jakarta-- Persipura Jayapura vs PSM Makassar (sha) dibaca .x </isi>
	<link>http://soccer.sindonews.com/read/1158945/58/antisipasi-jadwal-padat-pelatih-psm-jaga-kondisi-pemain-1480339565
</link>
</artikel>
