<artikel>
	<id>OLA_SB_10_657</id>
	<judul>Lawan Thailand, Ini Strategi yang Dipakai Riedl</judul>
	<tanggal>16/11/16</tanggal>
	<kata_kunci>indonesia lawan thailand, piala aff</kata_kunci>
	<isi>




 - Timnas Indonesia akan menghadapi Thailand di partai pertama Piala AFF . Menyebut Thailand sebagai lawan tangguh, Pelatih Alfred Riedl pun sudah menyiapkan strategi.Boaz Salossa dkk. bertanding melawan Thailand pada Sabtu (//) di Phillipine Sports, Bocaue. Inilah lawan pertama 'Skuat Garuda' di Grup A sebelum kemudian berhadapan dengan Filipina dan Singapura.Untuk laga ini Riedl menilai Thailand adalah salah satu lawan terkuat di Piala AFF , apalagi status mereka adalah juara bertahan. Namun Riedl terus mempelajari kelemahan lawannya itu."Kami akan bermain dengan formasi ---. Seperti itu. Thailand adalah tim lawan yang sangat kuat, dengan begitu banyak pemain bertahan. Kami perlu memainkan serangan balik," ucap Riedl usai memimpin latihan, Rabu (/).Menjelang keberangkatannya ke Piala AFF , timnas sempat diterpa badai cedera beberapa pemainnya. Irfan Bachdim yang menjadi andalan di lini depan harus dicoret, demikian pula kiper Dian Agus.Riedl pada akhirnya membawa tiga penjaga gawang, yaitu Andritany Ardhiyasa, Kurnia Meiga, dan Teja Paku Alam. Hilangnya Irfan juga menimbulkan sejumlah pertanyaan. Siapa yang akan dipilih Riedl untuk menjadi duet di lini depan bersama Boaz.Namun demikian, Riedl menyebut sudah memiliki gambaran susunan pemain yang bakal diturunkan di laga perdananya itu. Dia berharap kondisi timnya tak ada masalah."Dalam benak saya, tentu sudah saya pikirkan (soal ), tapi kami akan melihat kondisi sebelum pertandingan," katanya.








</isi>
	<link>http://sport.detik.com/sepakbola/liga-indonesia/3346964/lawan-thailand-ini-strategi-yang-dipakai-riedl
</link>
</artikel>
