<artikel>
	<id>OLA_SB_10_103</id>
	<judul>Bayu Gatra Kecewa Lihat Madura United</judul>
	<tanggal>02/11/16</tanggal>
	<kata_kunci>Bayu gatra, madura united, TSC 2016</kata_kunci>
	<isi> KARAWACI, KOMPAS.com- Bayu Gatra merasa kecewa melihat kiprah klubnya, Madura United, pada TSC . Tim asuhan Gomes de Olivera memang tengah mengalami tren minor. Mereka ditahan - oleh Bhayangkara FC,  Oktober , dan takluk - dari Mitra Kutai Kartanegara,  Oktober . Alhasil, Madura United terlempar dari puncak klasemen. Kini, mereka bertengger di peringkat ketiga dengan koleksi  poin atau kalah selisih gol dari Persipura Jayapura dan Arema Cronus. Ada sedikit sesal karena Bayu harus absen dalam dua pertandingan tersebut demi mengikutitraining centre(TC) bersama tim nasional. "Makanya, saya merasa berat meninggalkan klub. Saya merasa kecewa dalam dua pertandingan, tim cuma mendapatkan satu poin," tutur Bayu di Hotel Yasmin, Selasa (//). "Saya cuma bisa berdoa dan memberikan dukungan kepada rekan-rekan di Madura United," ucap pemain asal Jember itu. Top Scorer TSC  Bukan Hal Penting Bagi Pemain Tersubur Madura Unitedhttps://t.co/kTTdypic.twitter.com/XwppOuqc Bayu memang menunjukkan peran vital selama membela Madura United. Dia melakoni  pertandingan TSC yang dihiasi dua gol dan empatassist. Untuk jumlahassist, Bayu mengoleksi jumlah terbanyak atau bersanding dengan Rodrigues Aracil Pablo, Slamet Nurcahyono, dan Dane Milovanovic. </isi>
	<link>http://bola.kompas.com/read/2016/11/02/13273038/bayu.gatra.kecewa.lihat.madura.united
</link>
</artikel>
