<artikel>
	<id>OLA_SB_10_663</id>
	<judul>Arema Tumbang di Markas Perseru</judul>
	<tanggal>13/11/16</tanggal>
	<kata_kunci>arema lawan perseru, tsc</kata_kunci>
	<isi>




 - Arema Cronus tak mendapatkan poin dari laga tandang melawan Perseru Serui. Singo Edan ditumbangkan tim tuan rumah dengan skor -.Dalam lanjutan Torabika Soccer Championship di Stadion Marora, Serui, Minggu (//), Arema tak diperkuat empat pemain pilarnya, yakni Esteban Vizcarra, Ferry Aman Saragih, Goran Gancev, dan Cristian Gonzales.Tiga nama pertama terpaksa absen karena terkena akumulasi kartu kuning. Sementara itu, Gonzales tak bisa main lantaran mengalami cedera punggung.Arema kemasukan menjelang berakhirnya babak pertama. Perseru memimpin berkat gol yang dicetak oleh legiun asingnya, Amadou Gakou, lewat tendangan penalti pada menit ke-.Arema berusaha keras untuk menyamakan skor pada paruh kedua. Akan tetapi, upaya mereka tak membuahkan hasil hingga peluit panjang berbunyi.Dengan hasil ini, Arema masih memimpin klasemen sementara TSC dengan perolehan  poin dari  pertandingan. Akan tetapi, mereka menyia-nyiakan kesempatan untuk menjauh dari Madura United, yang saat ini berada di posisi kedua dengan jumlah poin sama.Sementara itu, Perseru duduk di posisi ke-. Mereka mengumpulkan  poin dari  laga.








</isi>
	<link>http://sport.detik.com/sepakbola/liga-indonesia/3344302/arema-tumbang-di-markas-perseru
</link>
</artikel>
