<artikel>
	<id>OLA_SB_10_132</id>
	<judul>Indonesia Vs Filipina, Pertemuan pada 2014 Bukan Acuan</judul>
	<tanggal>21/11/16</tanggal>
	<kata_kunci>indonesia lawan filipina, piala aff</kata_kunci>
	<isi> Laporan langsung Anju Christian dari Manila, FilipinaMANILA, KOMPAS.com- Pelatih tim nasional (timnas) Indonesia, Alfred Riedl, mengabaikan catatan sejarah menjelang partai kontra Filipina pada lanjutan Grup A Piala AFF  di Philippine Sports Stadium, Selasa (//).Timnas memang terlihat inferior apabila menilik pertemuan pada Piala AFF . Saat itu, tim yang juga diasuh oleh Riedl, takluk - dari Filipina pada partai kedua babak grup.Hanya, menurut Riedl, ada perbedaan situasi saat ini dibandingkan dua tahun lalu. pada pertemuan terakhir, timnas dianggap kelelahan sehingga tidak maksimal menjalani turnamen."Filipina sangat sulit dihadapi. Mereka menang karena bermain lebih cerdas dibandingkan kami saat itu. Kami sangat lelah karena kompetisi lokal masih berlangsung satu pekan sebelum turnamen," kata Riedl pada jumpa pers di Novotel Araneta Center, Senin (//)."Akan tetapi, jangan bandingkan dengan tim Indonesia saat ini. Kami sudah melakukan persiapan," tutur pria asal Austria itu.Pada , banyak anggota timnas berasal dari Persipura Jayapura dan Arema Cronus. Padahal, kedua tim beru bertanding pada final Indonesia Super League yang berlangsung satu pekan sebelum Piala AFF.Beda hal dengan persiapan menjelang edisi kali ini. Riedl menggelar pemusatan latihan dan serangkaian uji coba sejak Agustus .</isi>
	<link>http://bola.kompas.com/read/2016/11/21/18040018/indonesia.vs.filipina.pertemuan.pada.2014.bukan.acuan
</link>
</artikel>
