<artikel>
	<id>OLA_SB_10_138</id>
	<judul>Takluk dari Vietnam, Indonesia Tertekan di 15 Menit Terakhir</judul>
	<tanggal>08/11/16</tanggal>
	<kata_kunci>indonesia lawan vietnam, piala aff</kata_kunci>
	<isi>




 - Sempat dua kali unggul atas Vietnam, timnas Indonesia akhirnya menelan kekalahan. Pelatih tim 'Merah-Putih', Alfred Riedl, mengungkapkan alasannya.Di laga yang digelar di Nation Stadium, Hanoi, Selasa (//) malam WIB, Indonesia lebih dulu memimpin melalui Boaz Salossa saat pertandingan berjalan  menit. Vietnam berhasil menyamakan kedudukan melalui Le Cong Vihn sebelum turun minum.Memasuki babak kedua, Indonesia kembali bisa lebih dulu memimpin. Kali ini melalui eksekusi penalti Irfan Bachdim. Sebelumnya, pemain bertahan Vietnam melalukan handball di kotak  meter.Namun demikian, Indonesia gagal mempertahankan keunggulan tersebut. Vietnam mampu bangkit dan melesakkan dua gol balasan melalui Nguyen Cong Phuong pada menit  dan Nguyen Van Toan, delapan menit sebelum laga tuntas."Ini pertandingan yang cepat, kami saling jual beli serangan. Seperti yang saya katakan di konfrensi pers sebelum pertandingan, Vietnam cukup kuat dan punya daya juang yang tinggi," ujar Riedl usai laga."Timnas bukan tidak bermain baik, hanya tekanan Vietnam di  menit terakhir membuat sedikit kesulitan dan Vietnam mampu memanfaatkan itu," imbuh pelatih asal Austria itu.Setelah berujicoba melawan Vietnam, timnas akan kembali ke Indonesia untuk meneruskan persiapan Piala AFF . Di sisa waktu yang ada, pelatih asal Austria ini bakal fokus memperbaiki kelemahan-kelemahan timnya."Semoga cukup waktu tersebut untuk memperbaikinya. Yang pasti di pertandingan ini, kedua tim menampilkan kualitas yang lebih baik dibanding waktu di Yogyakarta," kata Riedl.Sebelum laga ini, Indonesia dan Vietnam pernah beruji coba pada  Oktober lalu. Pada laga yang dihelat di Stadion Maguwoharjo, skor akhirnya imbang -. Dengan hasil ini, Indonesia tak pernah menang dalam tiga laga ujicoba terakhir, di laga sebelumnya, skuat Garuda bermain imbang - melawan Myanmar.








</isi>
	<link>http://sport.detik.com/sepakbola/liga-indonesia/3340678/takluk-dari-vietnam-indonesia-tertekan-di-15-menit-terakhir
</link>
</artikel>
