<artikel>
	<id>OLA_SB_10_005</id>
	<judul>Sempat Tertinggal Dua Gol, Indonesia Akhirnya Imbangi Vietnam</judul>
	<tanggal>09/10/16</tanggal>
	<kata_kunci>timnas, uji coba, vietnam, imbang</kata_kunci>
	<isi>  SLEMAN, KOMPAS.com- Tim nasional (timnas) Indonesia meraih hasil imbang - saat menjamu Vietnam dalam laga uji coba di Stadion Maguwoharjo, Sleman, pada Minggu (//). Pada pertandingan ini, para pendukung Indonesia sempat dibuat terdiam. Pasalnya, Vietnam yang tak diperkuat oleh tiga pemain bintangnya, yakni Luong Xuan Truong, Nguyen Tua Anh, dan Nguyen Cong Phuong, berhasil unggul dua gol terlebih dahulu atas tuan rumah. Gol pertama Vietnam dibukukan oleh Le Van Thang saat laga baru berjalan empat menit. Striker berusia  tahun itu melepaskan sepakan yang tak mampu dihalau kiper Andritany Ardhiyasa. Delapan menit berselang, Vietnam kembali bersuka cita. Salah satu gelandang mereka, Vu Minh Tuan, menambah keunggulan menjadi -. Meskipun tertinggal dua gol, Indonesia enggan menyerah begitu saja. Di hadapan pendukung sendiri, tim asuhan Alfred Riedl berhasil menunjukkan tajinya. Indonesia memperkecil kedudukan pada menit ke- melalui gol cantik Zulham Zamrun. StrikerPersib Bandungini mencatatkan namanya di papan skor lewat tendangan bebas spektakuler ke pojok kanan atas gawang Vietnam.  Gol itu rupanya sukses melecut semangat para pemain Indonesia. Buktinya, dua menit setelah gol Zulham, Indonesia sukses menyamakan kedudukan menjadi - melalui Irfan Bachdim. Irfan, yang kini berkarier di Jepang bersama klub Consadole Sapporo, berhasil meneruskan sodoran Zulham ke gawang Vietnam dari jarak dekat.  Memasuki babak kedua, permainan Indonesia terlihat lebih baik. Mereka sanggup mendominasi permainan dan beberapa kali menebar ancaman terhadap pertahanan Vietnam. Masuknya pemain-pemain seperti Rizki Pora, Ferdinand Sinaga, dan Muhammad Abduh Lestaluhu juga menambah variasi serangan Indonesia. Akan tetapi, sejumlah peluang yang diciptakan Indonesia belum ada yang menemui sasaran. Kedudukan - pun menutup pertandingan ini. Indonesia - Vietnam (Zulham Zamrun ', Irfan Bachdim '; Le Van Thang ', Vu Minh Tuan ') Susunan Pemain Indonesia (--): Andritany Ardhiyasa; Abdul Rachman, Rudolof Yanto Basna, Fachrudin Wahyudi Aryanto, Benny Wahyudi; Dedi Kusnandar,Evan Dimas, Zulham Zamrun; Andik Vermansah, Boaz Solossa, Irfan BachdimPelatih: Alfred Riedl Vietnam (--): Tran Nguyen Manh; Au Van Hoan, Truong Dinh Luat, Dinh Tien Thanh, Sam Ngoc Duc; Vu Minh Tuan, Ngo Hoang Thinh, Nguyen Trong Hoang, Ph?m Thanh Luong; Le Van Thang, Nguyen Van QuyetPelatih: Nguyen Huu Thang</isi>
	<link>http://bola.kompas.com/read/2016/10/09/18454868/sempat.tertinggal.dua.gol.indonesia.akhirnya.imbangi.vietnam
</link>
</artikel>
