<artikel>
	<id>OLA_SB_10_193</id>
	<judul>'Filipina Pintar Manfaatkan Kans Lewat Tendangan Bebas'</judul>
	<tanggal>22/11/16</tanggal>
	<kata_kunci>indonesia lawan filipina, piala aff</kata_kunci>
	<isi>




 - Indonesia gagal memetik kemenangan saat melawan Filipina di laga lanjutan Piala AFF . The Azkals disebut memang piawai memanfaatkan peluang lewat bola mati.Saat melakoni pertandingan di Philippines Sports Stadium, Selasa (//) malam WIB, Indonesia bermain  melawan Filipina. Skuat 'Garuda' membuang dua keunggulan.Gol pertama dicetak oleh Fachruddin Aryanto di babak pertama, yang disamakan oleh Misagh Medina Bahadoran lewat sundulan kepala meneruskan umpan tendangan bebas.Indonesia kembali unggul lebih dulu pada babak kedua lewat Boaz Salossa. Phil Younghusband menjadi penentu kedudukan dengan sepakan bebas langsung.Bek kanan Indonesia, Benny Wahyudi, menyesali dua kali keunggulan yang terbuang itu. Dia juga mengakui Filipina memang lebih unggul dalam hal bola mati."Sayang kami gagal menang, padahal selalu unggul terus. Teman-teman sudah berjuang maksimal. Filipina beruntung memanfaatkan momen tendangan bebas tadi," kata Benny kepada pewarta.Soal laga melawan Singapura, Benny meminta dukungan penuh dari seluruh pecinta bola Indonesia, sembari punya keyakinan tinggi Indonesia masih bisa lolos."Selanjutnya kami fokus lawan Singapura. Mereka tim bagus, jadi kami harus lebih fokus lagi. Mohon doa dan dukungannya terus kepada kami. Insya Allah masih bisa lolos ke final," ujar pemain asal Arema Malang itu.








</isi>
	<link>http://sport.detik.com/sepakbola/liga-indonesia/3352023/filipina-pintar-manfaatkan-kans-lewat-tendangan-bebas
</link>
</artikel>
