<artikel>
	<id>OLA_SB_10_135</id>
	<judul>Indonesia Kurang Fokus pada Menit-menit Akhir</judul>
	<tanggal>20/11/16</tanggal>
	<kata_kunci>indonesia lawan thailand, piala aff</kata_kunci>
	<isi> Laporan langsung Anju Christian dari Bulacan, Filipina BULACAN, KOMPAS.com- Sayap kiri tim nasional Indonesia, Rizky Pora, mengevaluasi penampilan rekan-rekan setimnya saat takluk - dari Thailand pada partai pertama Grup A Piala AFF  di Philippine Sports Stadium, Sabtu (//). Thailand unggul dua gol terlebih dahulu lewat gol Peerapat Notchaiya dan Teerasil Dangda pada paruh pertama. Lalu, Indonesia menyamakan kedudukan berkat tandukan Boaz dan Lerby Eliandry. Baru pada sebelas menit terakhir, Teerasil menambah dua gol sekaligus mengubah skor menjadi - untuk kemenangan Thailand. Menurut Rizky, penurunan konsentrasi menyebabkan pasukan Alfred Riedl mengalami kemasukan dua gol. "Karena kurang fokus pada menit-menit akhir, kami kebobolan dua gol," kata Rizky dimixed zone, sebelum menuju bus tim. "Namun, seluruh pemain menunjukkan performa maksimal. Secara keseluruhan, kami sudah bermain bagus," ucap pemain Barito Putera itu. Statistik akhir laga#THA - #INA.#BanggaGarudaKitapic.twitter.com/sYvzFTZ Penuturan Rizky perihal konsentrasi turut diamini Lerby Eliandry, yang mencetak gol kedua Indonesia. Lerby cuma menjalani pertandingan hingga menit ke-. Lima menit setelah Lerby diganti oleh Zulham Zamrun, pasukan Alfred Riedl menderita gol ketiga. "Mungkin, teman-teman mengalami kelelahan sehingga mengalami kemasukan dua gol," tutur Rizky. Hasil ini membuat Indonesia tertahan di posisi buncit dengan koleksi nol poin. Sebaliknya, Thailand bertengger di puncak berkat raupan tiga angka. Berikutnya, Indonesia akan melawan Filipina pada partai lanjutan Grup A di Philippine Sports Stadium, Selasa (//). Inilah jadwal tanding Indonesia di Piala AFF #BanggaGarudaKitapic.twitter.com/uAnIuExCW</isi>
	<link>http://bola.kompas.com/read/2016/11/20/08040038/indonesia.kurang.fokus.pada.menit-menit.akhir</link>
</artikel>
