<artikel>
	<id>OLA_SB_10_074</id>
	<judul>Indonesia Kalah Tipis di Markas Vietnam</judul>
	<tanggal>08/11/16</tanggal>
	<kata_kunci>timnas indonesia, vietnam, uji coba, Boaz solossa, Irfan Bachdim, susunan pemain</kata_kunci>
	<isi> HANOI, KOMPAS.com- Tim nasional Indonesia kalah - dari Vietnam pada partai uji coba di Stadion My Dinh, Hanoi, Selasa (//). Pada babak pertama, kedua tim bermain imbang -. Indonesia unggul terlebih dahulu lewat lesakan Boaz Solossa yang memanfaatkan bola liar pada menit ke-. #FactNegara yang pernah dibobol Boaz Solossa selama berseragam tim nasional#Indonesia???????? senior????????????????????????????????????????????????????????#TimNasDay Dua belas menit berselang, Le Cong Vinh menyamakan kedudukan lewat tandukan menyambut tendangan bebas. Pada babak kedua, Indonesia kembali unggul. Kali ini, gol Indonesia dicetak oleh Irfan Bachdim via sepakan  pas. Indonesia dapat hadiah penalti setelah salah satu pemain Vietnamhandballdi kotak . Namun, Nguyen Cong Phuong menyamakan skor jadi - pada menit ke-. Tiga belas menit setelahnya, tuan rumah memastikan kemenangan lewat penyerang Nguyen Van Toan. (Estu Santoso) Statistik PertandinganFT#Vietnam????????  - #Indonesia????????Apa yang perlu dievaluasi dari penampilan tim nasional?#TimNasDaypic.twitter.com/sgCHNxjPZ Susunan pemain Vietnam:Tran Nguyen Manh; Truong Dinh Luat, Dinh Tien Thanh, Nguyen Trong Hoang, Le Cong Vinh, Nguyen Trong Hoang, Tran Dinh Dong, Vu Van Thanh, Dinh Thanh Trung, Luong Xuan Truong, Nguyen Van ToanPelatih:Nguyen Huu Tang Indonesia:Kurnia Meiga; Benny Wahyudi, Rudolof Yanto Basna, Fachruddin Wahyudi, Abduh Lestaluhu,Evan Dimas/Bayu Pradana, Stefano Lilipaly, Andik Vermansah/Zulham Zamrun, Rizky Pora, Irfan Bachdim/Lerby Eliandry, Boaz Solossa/Ferdinand SinagaPelatih:Alfred Riedl</isi>
	<link>http://bola.kompas.com/read/2016/11/08/21132408/indonesia.kalah.tipis.di.markas.vietnam
</link>
</artikel>
