<artikel>
	<id>OLA_SB_10_198</id>
	<judul>Kalahkan Singapura, Thailand Lolos ke Semifinal</judul>
	<tanggal>22/11/16</tanggal>
	<kata_kunci>thailand lawan singapura, piala aff</kata_kunci>
	<isi>




 - Thailand memastikan satu tempat di babak semifinal Piala AFF. Thailand melaju setelah menang - atas Singapura.Dalam pertandingan di Philippine Sports Stadium, Selasa (//) sore WIB, Thailand tampil dominan. ESPN FC mencatat penguasaan bola Thailand mencapai %.Sepanjang pertandingan, Thailand melepaskan  tembakan dengan empat di antaranya yang mengarah ke gawang. Sementara dari tujuh kali percobaan Singapura, hanya tiga yang tepat sasaran.Meski demikian, Thailand harus bersusah payah untuk membongkar pertahanan Singapura. Setelah bermain imbang tanpa gol di babak pertama, baru di menit ke- Thailand memecah kebuntuan.Theerathon Bunmathan mengirim umpan dari sisi kanan ke dalam kotak penalti Singapura. Umpan silang tersebut diteruskan Sarawut Masuk dengan sundulan yang mengarah ke pojok kiri atas gawang Singapura.Dengan kemenangan ini, Thailand memastikan diri lolos ke babak semifinal. Tim arahan Kiatisuk Senamuang itu memimpin klasemen Grup A dengan enam poin dari dua pertandingan. Sementara Singapura masih tertahan dengan satu poin.








</isi>
	<link>http://sport.detik.com/sepakbola/liga-indonesia/3351775/kalahkan-singapura-thailand-lolos-ke-semifinal
</link>
</artikel>
