<artikel>
	<id>OLA_SB_10_713</id>
	<judul>Dua Misi Penting Ingin Diwujudkan Arema Cronus</judul>
	<tanggal>23/11/16</tanggal>
	<kata_kunci>arema cronus, isc</kata_kunci>
	<isi> MALANG - Arema Cronus punya dua misi penting di pekan ke- Indonesia Soccer Championship (ISC). Kubu Singo Edan akan berusaha mewujudkan misinya tersebut saat menjamu PS TNI di Stadion Kanjuruhan, Malang, Jumat (//).Misi pertama Arema yakni membalas kekalahan dari PS TNI. Pada pertemuan pertama lalu, Arema dipaksa menyerah -.Misi berikutnya adalah merebut poin sempurna demi menjaga tempat di puncak klasemen ISC. Seperti diketahui, saat ini Arema masih memimpin persaingan dengan  poin. Jika kalah, Arema bisa dikejar Madura United FC ( poin) atau Persipura Jayapura ( poin)."Terlepas dari siapa lawan yang dihadapi, Arema harus tetap fokus untuk mendapatkan poin sempurna. Kebetulan PS TNI pernah mengalahkan Arema, jadi kami akan lebih bersemangat untuk membalas kekalahan di putaran pertama lalu," ungkap pelatih Arema, Milomir Seslija.Jelang pertandingan, Arema punya bekal positif. Akhir pekan lalu mereka sukses mencuri kemenangan - di markas Barito Putera. Sementara hasil berbeda diraih oleh PS TNI. Menjamu Bali United di Stadion Pakansari, mereka justru kalah -.Meski demikian, Milo (sapaan Milomir Seslija) tak ingin terpengaruh dengan hasil di laga sebelumnya. Ia yakin PS TNI bakal memberi kesulitan dalam bentrokan nanti."Setiap pertandingan punya tingkat kesulitan tersendiri. Jadi Arema tidak akan terpengaruh dengan prediksi," tegasnya. (bep) dibaca .x </isi>
	<link>http://soccer.sindonews.com/read/1157664/58/dua-misi-penting-ingin-diwujudkan-arema-cronus-1479896931
</link>
</artikel>
