<artikel>
	<id>OLA_SB_10_652</id>
	<judul>Ini Skuat Timnas Indonesia di Piala AFF 2016</judul>
	<tanggal>17/11/16</tanggal>
	<kata_kunci>pemain indonesia, piala aff</kata_kunci>
	<isi>




 - Pelatih timnas Indonesia Alfred Riedl telah menentukan  pemain inti di Piala AFF . Total  pemain sudah berangkat, satu lagi akan menyusul.Timnas telah bertolak ke Filipina, Kamis (//), pukul . WIB. Menggunakan Philipine Airlines (PR) dari Bandara Soekarno Hatta, terminal D, mereka akan mendarat di Manila pukul . waktu setempat. Rombongan menyertakan  pemain inti.Satu pemain lain, Muchlis Hadi Ning, akan menyusul hari Jumat (/) besok. Pemain PSM Makassar itu dipanggil di saat-saat terakhir untuk menggantikan Ferinando Pahabol yang tak dilepas oleh Persipura Jayapura. Pahabol sendiri baru dipanggil setelah Irfan Bachdim cedera.Berikut skuat Timnas di Piala AFF Kiper: Andritany Ardhiyasa (Persija Jakarta), Kurnia Meiga Hermansyah (Arema Cronus), Teja Paku Alam (Sriwijaya FC)Pemain belakang: Beny Wahyudi (Arema Cronus), Manahati Lestusen, Abduh Lestaluhu (PS TNI), Fachruddin Wahyudi Aryanto (Sriwijaya FC), Rudolof Yanto Basna (Persib Bandung), Hansamu Yama Pranata (Barito Putera), Abdul Rachman (Persiba Balikpapan), Gunawan Dwi Cahyo (Persija Jakarta)Pemain tengah: Bayu Gatra Sanggiawan (Madura United), Evan Dimas Darmono (Bhayangkara FC), Dedi Kusnandar (Sabah FA), Bayu Pradana Andriatmoko (Mitra Kukar), Stefano Lilipaly (Telstar FC), Zulham Malik Zamrun (Persib Bandung), Rizky Pora (Barito Putera), Andik Vermansah (Selangor FA).Pemain depan: Boaz Theofillius Erwin Solossa (Persipura Jayapura), Lerby Eliandry Pong Babu (Pusamania Borneo FC), Ferdinand Alfred Sinaga (PSM Makassar), Muchlis Hadi Ning (PSM Makassar)








</isi>
	<link>http://sport.detik.com/sepakbola/liga-indonesia/3347933/ini-skuat-timnas-indonesia-di-piala-aff-2016
</link>
</artikel>
