<artikel>
	<id>OLA_SB_10_693</id>
	<judul>Ditahan Persiraja, Peluang PSIM Lolos 8 Besar ISC B 2016 Kian Berat</judul>
	<tanggal>06/11/16</tanggal>
	<kata_kunci>persiraja,, psim, isc</kata_kunci>
	<isi> YOGYAKARTA - PSIM Yogyakarta membuang peluang saat menjamu tim juru kunci Persiraja Banda Aceh di Stadion Gemilang, Kabupaten Magelang, Sabtu (//). Pasukan Erwan Hendarwanto hanya menambah satu angka setelah bermain imbang -.Tentu saja hasil itu menipiskan peluang Laskar Mataram untuk lolos ke babak delapan besar Indonesia Soccer Championship (ISC) B . PSIM tercecer di peringkat  klasemen Grup A babak  besar dengan raihan  poin dari empat laga. Perssu Super Madura memimpin klasemen dengan  angka dari empat laga, di bawahnya PSCS Cilacap dengan delapan angka, dan Persiraja di posisi buncit dengan dua angka. PSIM akan dijamu PSCS Cilacap di  Stadion Wijayakusuma,  November. Sedangkan Persiraja menjamu Perssu Super Madura.Tidak ada pilihan selain menang atas PSCS, jika PSIM ingin lolos. "Amannya memang harus mengumpulkan  poin (untuk bisa lolos ke babak delapan besar ISC B). Mau tidak mau harus target poin penuh di laga sisa," ujar Pelatih Erwan Hendarwanto.Melihat performa anak asuhnya itu, mantan Arsitek Tunas Jogja ini pun berencana membenahi permainan mereka di semua lini. Tidak dipungkiri, vakumnya mereka selama sekitar satu bulan memengaruhi performa permainan. Di sisi lain, Sunni Hizbullah dkk sebenarnya masih memiliki kesempatan untuk memetik poin di dua laga sisa yang belum dilakoni. Selain laga tandang kontra PSCS Cilacap, juga laga kandang tunda kontra Perssu Super Madura yang hingga Minggu (//) belum ada informasi terkait dengan keputusan dari Komisi Disiplin (Komdis) ISC B.Laga kontra Perssu Super Madura sejatinya digelar  Oktober lalu, namun batal dihelat Panitia Pelaksana (Panpel) PSIM Yogyakarta karena tidak mendapatkan izin penyelenggaraan pertandingan dari Polres Bantul maupun Polres Sleman.Praktis, kini skuat Laskar Mataram tinggal menggantungkan harapan pada partai tandang terakhir. Mengingat ada kemungkinan PSIM mendapatkan sanksi kalah WO akibat tidak sanggup menyelenggarakan pertandingan di laga kontra Perssu Super Madura. Di sisi lain, tim ini juga akan melihat performa tim lain yang bisa saja terpeleset dalam pertandingannya. Terkait dengan laga kontra Perssu tersebut, hingga saat ini Manajemen PSIM Yogyakarta belum mendapatkan pemberitahuan resmi dari PT Gelora Trisula Semesta (GTS) selaku operator liga ISC B meskipun di laman resmi PT GTS, PSIM Yogyakarta telah dinyatakan kalah WO atas Perssu Madura."Sampai sekarang kami belum mendapatkan pemberitahuan resmi dari PT GTS tentang itu (sanksi kalah WO)," kata Sekretaris PSIM Jarot Sri Kastawa.Dalam laga kandang kontra Persiraja Banda Aceh pada Sabtu (//), PSIM bermain imbang -. Unggul lebih dahulu melalui sepakan Hendika Arga Permana pada menit ke-, namun kemudian kedudukan disamakan tim lawan melalui tendangan penalti Fahrizal Dillah, setelah sebelumnya pemain PSIM melakukan pelanggaran hansdball di kotak penalti.Sementara PSIM yang mendapatkan kado penalti di babak kedua akhir karena hal yang sama justru gagal dimanfaatkan dengan baik oleh Rangga Muslim. Tendangan penalti yang dilesatkan berhasil dihalau oleh kiper lawan Aulia Rachma Fachri.  (sha) dibaca .x </isi>
	<link>http://soccer.sindonews.com/read/1153197/58/ditahan-persiraja-peluang-psim-lolos-8-besar-isc-b-2016-kian-berat-1478432208
</link>
</artikel>
