<artikel>
	<id>OLA_SB_10_686</id>
	<judul>Sengaja Injak Pemain Persib, Hukuman Zulvin Zamrun Ditambah</judul>
	<tanggal>07/11/16</tanggal>
	<kata_kunci>psm makassar, persib, isc, hukuman zulvin</kata_kunci>
	<isi> MAKASSAR - Wing bek PSM Makassar Zulvin Zamrun masih harus menunggu dua pertandingan sebelum memperkuat Juku Eja di Indonesia Soccer Championship (ISC) A . Saudara kembar penyerang Persib Bandung Zulham Zamrun itu tak hanya harus menjalani hukuman kartu merah, juga kena sanksi disiplin.Zulvin mendapat kartu merah saat melanggar pemain Persib Bandung, Febri Hariadi, pada pekan ke- ISC A,  Oktober lalu. Pada laga tersebut, Zulvin diganjar kartu merah karena melakukan tekel keras sehingga harus diusir wasit Hamsir. Selain itu, Komdis PT GTS juga menilai pemain tersebut melakukan pelanggaran disiplin karena dengan sengaja menginjak pemain Persib yang sudah tergeletak.Selain Zulvin, sanksi disiplin juga dijatuhkan ke Achmad Hisyam Tolle. Pemain ini juga harus menepi pada dua pertandingan karena insiden keributan saat melawan PBFC. Pada pertandingan tersebut terjadi aksi perkelahian di lapangan hingga pemain ini diusir dari lapangan bersama Gerald Pangkali pemain PBFC.Media Officer PSM Ramli Manong mengatakan, jika melihat sanksi kartu merah seharusnya Zulvin sudah bisa main. "Tapi dia kena juga sanksi disiplin jadi belum bisa main lawan Madura United," katanya.Ramli menjelaskan, tim kepelatihan harus memaksimalkan pemain yang ada karena pihak manajemen sudah mendapat suratnya. "Jadi memang pemain yang ada harus lebih dimaksimalkan," ujarnya lagi. (sha) dibaca .x </isi>
	<link>http://soccer.sindonews.com/read/1153488/58/sengaja-injak-pemain-persib-hukuman-zulvin-zamrun-ditambah-1478527057
</link>
</artikel>
