<artikel>
	<id>OLA_SB_10_095</id>
	<judul>Tanpa Patrick dan Inkyun, Persegres Masih Kesulitan Imbangi Lawan</judul>
	<tanggal>05/11/16</tanggal>
	<kata_kunci>persegres, Patrick, Inkyun, kesulitan imbangi lawan</kata_kunci>
	<isi> GRESIK, KOMPAS.com Harus diakui, kehadiran Patrick da Silva dan Oh Inkyun cukup vital bagi Persegres Gresik United. Tanpa dua pemain asing tersebut, tim Laskar Joko Samudro kesulitan mengimbangi permainan lawan. Terbaru, Persegres harus mengakui keunggulan tuan rumah Madura United di Stadion Gelora Bangkalan dengan skor telak -, dalam pertandingan rangkaian pekan ke- TSC , Jumat (//) sore WIB. Harus saya akui, tanpa Patrick dan Inkyun yang selama ini menjadi tumpuan di lini depan, kami memang cukup sulit dalam membobol gawang lawan,  ucap pelatih Persegres Eduard Tjong saat dihubungi, Jumat (//). Dalam pertandingan tersebut, gawang Persegres bobol empat kali melalui aksi Slamet Nurcahyo pada menit ke-, Patrich Wanggai menit ke-, Fabiano Beltrame menit ke-, serta Elthon Maran di menit ke-. Sementara itu gol Laskar Joko Samudro dicetak pemain pengganti Hendri Satriadi pada masa injury time. Tetapi dengan kebobolan empat gol, selain permasalahan di lini depan, berarti pertahanan kami juga perlu dievaluasi, meski dalam pertandingan tersebut kami tidak bisa menurunkan Dimas (Galih Pratama) di bawah mistar gawang. Itu bukan alasan,  kata dia. Dimas harus rela melihat perjuangan rekan-rekannya menghadapi Madura United dari layar kaca, lantaran ia harus menjalani perawatan di Rumah Sakit Petrokimia Gresik, usai bertabrakan dengan Matsunaga Shohei dalam pertandingan sebelumnya kontra Persiba Balikpapan. Dalam pertandingan kontra Persiba, pada pekan ke- (//) tersebut, Persegres yang juga tanpa diperkuat Patrick dan Inkyun, dipaksa mengakui keunggulan tim tamu dengan skor tipis -. Ini yang akan menjadi evaluasi kami sebelum pertandingan selanjutnya. Karena jujur, gawang kami kebobolan terlalu mudah dari Madura, meski saya sudah pasang lima pemain bertahan untuk coba memaksakan hasil imbang, atau setidaknya tidak kebobolan terlalu banyak,  tutur Edu. Dalam pertandingan selanjutnya pad pentas TSC  pekan ke-, skuad Persegres dijadwalkan bakal bertindak sebagai tuan rumah. Mereka akan menjamu Bhayangkara FC, pada Sabtu (//) nanti.</isi>
	<link>http://bola.kompas.com/read/2016/11/05/06030018/tanpa.patrick.dan.inkyun.persegres.masih.kesulitan.imbangi.lawan
</link>
</artikel>
