<artikel>
	<id>OLA_SB_10_769</id>
	<judul>Hasil Lengkap dan Klasemen Pekan ke-28 ISC A 2016, 11-14 November</judul>
	<tanggal>14/11/16</tanggal>
	<kata_kunci>klasemen isc</kata_kunci>
	<isi> JAKARTA - Pekan ke- menjadi momen sulit bagi tim-tim papan atas Indonesia Soccer Championship (ISC) A . Arema Cronus, Madura United, dan Persipura Jayapura menelan kekalahan, sedangkan Bhayangkara United gagal memanfaatkan keuntungan setelah hanya bermain imbang tanpa gol dengan Persegres Gresik United, Sabtu (//).Arema masih memuncaki klasemen dengan  poin, dengan keunggulan head-to-head atas Madura United yang memiliki poin sama. Arema gagal menjauh dari MU setelah menyerah - di kandang Perseru Serui, Minggu (//). Gol penalti Amadou Gakou pada menit  dari titik putih memaksa Singo Edan pulang dengan tangan hampa.Sehari sebelumnya MU lebih dulu kalah dari PSM Makassar - di Stadion Andi Mattalatta Mattoangin. Juku Eja menang berkat gol telat Willem Jan Pluim pada menit ke-, memanfaatkan bola rebound dari sepakan Andri Faisal Amru. (Baca juga: PSM Makassar Tuntaskan Dendam Atas Madura United).Di Stadion Si Jalak Harupat, Kabupaten Bandung, Sabtu (//), Persib Bandung mengalahkan Persipura Jayapura -. Dua gol Persib dicetak Kim Jeffrey Kurniawan pada menit ke- dan Sergio van Dijk pada menit ke-. (Baca juga: Kalahkan Persipura, Persib Bandung Perpanjang Rekor di Kandang).Hasil itu memaksa Persipura gagal memancaki klasemen, dan tertahan di peringkat  dengan  poin. Sedangkan Maung Bandung di peringkat  dengan  angka, dengan tabungan satu pertandingan. Berikut hasil lengkap dan klasemen pekan ke- ISC A , - NovemberJumat,  November Semen Padang vs Pusamania Borneo FC -Persela Lamongan vs Sriwijaya FC -Sabtu,  November PSM Makassar vs Madura United -Persib Bandung vs Persipura Jayapura -Persegres Gresik United vs Bhayangkara FC -Minggu,  November Perseru Serui vs Arema Cronus -Barito Putera vs PS TNI -Persija Jakarta vs Persiba Balikpapan -Senin,  November Mitra Kukar vs Bali United -Klasemen ISC A       Pos   Tim    M   Mn   S   K   Gm-Km   P        Arema Cronus                -           Madura United               -           Persipura Jayapura                -           Bhayangkara FC               -           Sriwijaya FC               -           Mitra Kukar                 -           Semen Padang               -           PSM Makassar                -           Persib Bandung                -           Pusamania Borneo FC                -           Perseru Serui                -           Bali United                   -           Persiba Balikpapan               -           Persija Jakarta                -           Persegres Gresik Utd                -           PS TNI               -           Persela Lamongan               -           Barito Putera               -                                               Ket:  *Sumber: indonesiansc.com *M=Main, Mn=-Menang, S=seri, K=Kalah, Gm=Gol memasukkan, GK=Gol kemasukan, P=Poin  (sha) dibaca .x </isi>
	<link>http://soccer.sindonews.com/read/1155315/58/hasil-lengkap-dan-klasemen-pekan-ke-28-isc-a-2016-11-14-november-1479133915
</link>
</artikel>
