<artikel>
	<id>OLA_SB_10_674</id>
	<judul>Tanpa Boaz, Persipura Masih Menakutkan untuk Persib Bandung</judul>
	<tanggal>09/11/16</tanggal>
	<kata_kunci>persipura lawan persib</kata_kunci>
	<isi> BANDUNG - Boaz Salossa tidak akan tampil saat Persipura Jayapura melakoni laga tandang di markas Persib Bandung, Sabtu (//). Kapten Mutiara Hitam tersebut belum kembali usai memperkuat Timnas Indonesia di laga uji coba internasional.Meski demikian, absennya Boaz dinilai tidak mempengaruhi permainan Persipura. Karena itu skuat Persib diminta waspada saat meladeni lawannya di Stadion Si Jalak Harupat."Mereka memperlihatkan progres yang luar biasa, dengan atau tanpa Boaz sama saja. Mereka sudah buktikan beberapa kali bisa menang tanpa Boaz, jadi itu membuktikan bahwa Persipura tidak tergantung sama satu pemain," kata pelatih Persib, Djajang Nurjaman."Mereka masih banyak pemain lain yang bagus. Apalagi sekarang Edward Wilson Junior sudah mulai cetak gol. Tanpa Boaz jadi seperti tidak kehilangan. Mereka juga punya motivasi besar," tambahnya seperti dikutip dari situs klub.Tampil di depan pendukung sendiri jelas jadi kebangaan buat Maung Bandung. Namun mereka tetap disarankan agar tidak besar kepala. Sebab pada pertemuan pertama lalu, Persib sukses mencuri kemenangan - di markas Persipura. Karena itu, tim asuhan Angel Alfredo Vera diyakini bakal balas dendam di Stadion Si Jalak Harupat.Hingga pekan ke-, Persipura sudah mengumpulkan  poin. Mereka duduk di posisi tiga klasemen, unggul  angka dari Persib yang terpaku di urutan . (bep) dibaca .x </isi>
	<link>http://soccer.sindonews.com/read/1153977/58/tanpa-boaz-persipura-masih-menakutkan-untuk-persib-bandung-1478679217
</link>
</artikel>
