<artikel>
	<id>OLA_SB_10_030</id>
	<judul>Kondisi Zulham Zamrun Tidak Mengkhawatirkan</judul>
	<tanggal>30/10/16</tanggal>
	<kata_kunci>Zulham Zamrun, flu, latihan, Lapangan Sekolah Pelita Harapan</kata_kunci>
	<isi> KARAWACI, KOMPAS.com- Pelatih tim nasional Indonesia, Alfred Riedl, mengaku tidak khawatir dengan kondisi Zulham Zamrun. Zulham terlihat pada sesi latihan perdana tim nasional Indonesia di Lapangan Sekolah Pelita Harapan, Karawaci, Sabtu (//). Pemain berusia  tahun itu cuma duduk di tribune pada sesi pagi dan melakukan latihan terpisah pada sesi sore. Alasannya, Zulham kurang bugar dan mengalami flu. Cuaca yang panas pada sesi latihan pagi juga dianggap tidak menunjang untuk kondisi eks pemain Persipura Jayapura itu. Hanya, menurut Riedl, tidak ada hambatan besar buat Zulham kembali bergabung dengan rekan-rekan setimnya dalam waktu dekat. "Zulham baik-baik saja. Dia mungkin akan berlatih dengan kami besok," tutur Riedl setelah sesi latihan. "Kami bersikap optimistis terhadap kondisinya mencapai kebugaran. Dia akan berlatih ketika mencapai kebugaran seratus persen," ucap pria asal Austria itu. Kondisi kurang bugar juga dialami Hansamu Yama Pranata. Pemilik nama terakhir sempat mengikuti sesi latihan awal, lalu berpisah dengan rekan-rekan setimnya. Pada sesi latihan, ada tiga pemain yang absen, yaitu Andik Vermansah, Stefano Lilipaly, dan Irfan Bachdim. Mereka langsung bertolak ke Yangon untuk melakoni partai uji coba kontra Myanmar,  November . </isi>
	<link>http://bola.kompas.com/read/2016/10/30/10080088/kondisi.zulham.zamrun.tidak.mengkhawatirkan.
</link>
</artikel>
