<artikel>
	<id>OLA_SB_10_085</id>
	<judul>Jadi Sasaran Pemain Lawan, Febri Tetap Kalem</judul>
	<tanggal>07/11/16</tanggal>
	<kata_kunci>persija jakarta, persib bandung, Amarzukih, Febri Haryadi, kartu kuning</kata_kunci>
	<isi>  BANDUNG, KOMPAS.com -Hujan kartu mewarnai laga klasik antara Persija Jakarta kontraPersib Bandungdi Stadion Manahan, Solo, Sabtu (//) malam. Tingginya tensi permainan memaksa wasit Djumadi Effendi mengeluarkan empat kartu kuning dan satu kartu merah. Salah satu insiden yang paling disorot adalah aksi terjangan kapten Persija Amarzukih yang menghujam dada dari Febri Haryadi pada menit ke-. Kondisi itu membuat Febri terkapar dan harus mendapat perawatan medis. Seusai pertandingan, Febri sempat memperlihatkan luka lebam di bagian dadanya. Meski cedera itu tak begitu parah, ia menyayangkan wasit hanya memberi kartu kuning kepada Amarzukih. "Kalau (luka) seperti ini tidak apa-apa. Kata dokter memar saja, mudah-mudahan tidak apa-apa. Hanya, sedikit kecewa lantaran wasit cuma mengeluarkan kartu kuning (kepada lawan), padahal posisi kakinya terbuka kemarin," kata Bow, sapaan akrabnya, di Bandung, Minggu (//). Sejak dipercaya mengisi pos sayap kiri, pemilik nomor punggung  itu kerap menjadi sasaran lantaran akselerasinya kerap membahayakan lini pertahanan lawan. Kendati sering dilanggar, mantan jebolan Diklat Persib itu menganggap hal itu wajar terjadi dan sudah menjadi risiko dalam dunia sepak bola. "Pemain harus siap dan menerima risiko. Hati-hati perlu karena kami tetap ingin tampil maksimal, walaupun harus seperti ini hasilnya," ujarnya. </isi>
	<link>http://bola.kompas.com/read/2016/11/07/05510078/jadi.sasaran.pemain.lawan.febri.tetap.kalem
</link>
</artikel>
