<artikel>
	<id>OLA_SB_10_008</id>
	<judul>Riedl Pangkas Satu Kiper untuk Dua Partai Uji Coba</judul>
	<tanggal>01/11/16</tanggal>
	<kata_kunci>Jandia Eka Putra, kiper, timnas, istirahat</kata_kunci>
	<isi> TANGERANG, KOMPAS.com- Pelatih tim nasional (timnas) Indonesia, Alfred Riedl, tidak menyertakan Jandia Eka Putra untuk dua partai uji coba. Alhasil, tiga kiper bakal menghuni skuad timnas Indonesia untuk dua laga uji coba kontra Myanmar, Jumat (//), dan Vietnam, Selasa (//). Ketiga kiper itu antara lain: Kurnia Meiga (Arema Cronus), Andritany Ardhiyasa (Persija Jakarta), dan Dian Agus Prasetyo (Pusamania Borneo FC). Jandia Eka Putra kami istirahatkan. Dia tidak bisa berlatih  persen karena tengah bermasalah dengan lehernya,  ucap Alfred Riedl, sesuai memimpin latihan timnas di lapangan Sekolah Pelita Harapan (SPH), Karawaci, Tangerang, Selasa (//) sore. Jandia merupakan salah satu kiper bagus di Indonesia. Namun, kami harus mengambil keputusan ini," katanya. Meskipun begitu, Alfred Riedl menegaskan peluang Jandia untuk mendapatkan satu tempat di skuad timnas Indonesia pada Piala AFF  belum tertutup. Seusai pencoretan Jandia, total Alfred Riedl akan memboyong  pemain untuk dua laga latih tanding tersebut. Dua pemain langsung bergabung ke Myanmar yakni Irfan Bachdim dan Andik Vermansah. Sedangkan Stefano Lilipaly bakal bergabung di Vietnam. (Segaf Abdullah) </isi>
	<link>http://bola.kompas.com/read/2016/11/01/21392478/riedl.pangkas.satu.kiper.untuk.dua.partai.uji.coba
</link>
</artikel>
