<artikel>
	<id>OLA_SB_10_689</id>
	<judul>Ini Penyebab Kekalahan Telak Mitra Kukar</judul>
	<tanggal>07/11/16</tanggal>
	<kata_kunci>mitra kukar, isc</kata_kunci>
	<isi> SIDOARJO - Mitra Kukar hancur lebur di pekan ke- Indonesia Soccer Championship (ISC). Tim Naga Mekes dikalahkan - oleh Bhayangkara FC, Minggu (//).Gawang Mitra Kukar kawalan Gerri Mandagi dijebol Thiago Furtuoso menit  (penalti),  dan . Sementara satu gol tambahan dibuat Rudi Widodo pada penghujung babak kedua. Dengan kekalahannya ini, Mitra Kukar turun ke posisi tujuh klasemen sebab baru memiliki  poin. (Baca juga: Hat-trick Thiago Lumat Mitra Kukar)Menurut Jafri Sastra, kekalahan ini disebabkan karena mental anak didiknya sudah melorot sejak gol pertama. Selain itu, cedera Dedi Gusmawan dan Asri Akbar ikut mempengaruhi permainan tim asal Kalimantan ini."Hadiah penalti mengubah mentalitas secara tim. Ini bukan berarti saya menyalahkan penaltinya, namun anak-anak sepertinya tidak siap dengan gol penalti itu dan kami telat untuk bangkit," ucap Jafri seperti dilansir situs klub."Khususnya Dedi Gusmawan, dia sebenarnya tidak masuk dalam skema pergantian. Namun dia harus ditarik karena cedera sehingga berpengaruh terhadap permainan secara tim," tambahnya.Selanjutnya, Mitra Kukar bakal bermain di depan pendukungnya sendiri. Senin (//) mereka akan menjamu Bali United di Stadion Aji Imbut, Tenggarong."Mudah-mudahan mental pemain kembali pulih dan kita segera bangkit untuk menghadapi  laga tersisa," tegas Jafri Sastra. (bep) dibaca .x </isi>
	<link>http://soccer.sindonews.com/read/1153419/58/ini-penyebab-kekalahan-telak-mitra-kukar-1478512714
</link>
</artikel>
