<artikel>
	<id>OLA_SB_10_709</id>
	<judul>Tahun Depan Arema Ganti Nama</judul>
	<tanggal>24/11/16</tanggal>
	<kata_kunci>arema ganti nama</kata_kunci>
	<isi> MALANG - Keputusan besar dibuat manajemen Arema Cronus. Pada tahun depan, mereka berencana mengganti nama klub.Kata Cronus yang selama beberapa musim terakhir mengikuti nama Arema, rencananya bakal dihilangkan. Hingga kini ada dua pilihan nama yang terus dipertimbangkan manajemen, yaitu Arema Malang dan Arema FC. "Kami sudah menggelar rapat internal dan menyatakan bahwa kemungkinan musim depan nama Arema Cronus akan berubah menjadi Arema FC atau Arema Malang. Salah satu akan dipilih Aremania dan didaftarkan ke operator liga untuk musim ," ungkap Ruddy Widodo selaku General Manajer Arema.Menurutnya, banyak pertimbangan yang melatarbelakangi gagasan ini. Salah satunya karena jumlah penonton yang kian sedikit saat Arema menggunakan nama Cronus."Jadi memang ini hasil pembicaraan manajemen dengan Cronus Grup, agar kearifan lokal lebih ditonjolkan," tuturnya.Untuk menampung aspirasi Aremania, manajemen menggelar polling pemilihan nama hingga  Desember . Seperti diwartakan Wearemania, polling tersebut dapat digunakan melalui aplikasi Arema Access. (bep) dibaca .x </isi>
	<link>http://soccer.sindonews.com/read/1157922/58/tahun-depan-arema-ganti-nama-1479977134
</link>
</artikel>
