<artikel>
	<id>OLA_SB_10_033</id>
	<judul>Persebaya Pesta Lima Gol di Hadapan 15 Ribu Bonek</judul>
	<tanggal>29/10/16</tanggal>
	<kata_kunci>persebaya, persema, silvio escobar, thaufan hidayat, Akhmad Rosyidin</kata_kunci>
	<isi> SURABAYA, KOMPAS.comPersebaya Surabaya menang telak lima gol tanpa balas atas Persema Malang di Gelora Bung Tomo (GBT), Sabtu (//) sore. Sekitar  ribu bonek jadi saksi kemenangan tim idolanya itu. Penyerang asal Paraguay, Silvio Escobar membuka gol kemenangan Persebaya saat laga baru jalan enam menit. Lalu gol melaluiheadingKhabin Syukron menggandakan keunggulan tuan rumah pada menit ke-. Babak pertama lalu ditutup gol hasil dilesakkan Thaufan Hidayat yang tercipta pada menit ke-. Memasuki babak kedua, Mat Halil Cs masih mendominasi permainan. Silvio Escobar kembali membuat gol ke empat tim berjulukan Bajul Ijo. Escobar mencetak gol ini pada menit ke-. Sembilan menit sebelum berakhir babak kedua, Thaufan Hidayat mencetak gol penutup pada pesta Persebaya ini. ”Instruksi yang saya berikan berjalan. Pemain beradaptasi dengan baik, antara senior dan junior.” Pelatih Persebaya, Akhmad Rosyidin. Pesta gol Persebaya disambut baik pelatih Akhmad Rosyidin. Menurut Akhmad, kemenangan tersebut berkat latihan rutin yang selama ini dijalani Mat Halil Cs. ”Kami bersyukur diberi kemenangan. Meski hanya uji coba, tetapi kemenangan ini hasil dari latihan rutin yang dijalani dengan baik pemain yang ada di lapangan,” ujarnya. Baca juga: Rosyidin mengatakan, pemainnya bermain dengan semangat tinggi. Mat Halil Cs juga bertanggung jawab penuh dengan apa yang diinstruksikan sang pelatih, meski hanya uji coba. Kolaborasi antara pemain junior dan pesepak bola senior Persebaya sangat bagus. Mereka sangat cepat beradaptasi. ”Instruksi yang saya berikan berjalan. Pemain beradaptasi dengan baik, antara senior dan junior,” tutur Akhmad. ”Pemain asing (Silvio Escobar dan Antonio Toyo Claudio) juga bermain dengan bagus. Mereka profesional, jadi cepat beradaptasinya,” katanya. Selain sukses menang, sekitar  ribu bonek yang merupakan fans setia Persebaya juga terhibur dari uji coba ini. </isi>
	<link>http://bola.kompas.com/read/2016/10/29/09222832/Persebaya.Pesta.Lima.Gol.di.Hadapan.15.Ribu.Bonek
</link>
</artikel>
