<artikel>
	<id>OLA_SB_10_732</id>
	<judul>Liga Futsal Perindo DIY Berakhir, Tim Jilikis FC Bawa Pulang Rp 10 Juta</judul>
	<tanggal>21/11/16</tanggal>
	<kata_kunci>liga futsal perindo, tim jilikis fc</kata_kunci>
	<isi> YOGYAKARTA - Liga futsal yang digelar Pemuda Perindo DIY di Lapangan Futsal R, Jalan Parangtriris No  Yogyakarta, berakhir sudah. Dari tim yang berlaga, semangat sportifitas dijunjungi tinggi para pemain maupun panitia penyelengara.Ketua Pemuda Perindo DIY RM Jefferson Lanang Haryo Prakoso mengatakan hanya satu tim terbaik yang lolos mewakili Yogyakarta dalam liga futsal tingkat nasional selanjutnya. Tim terbaik yang menjadi juara pertama juga mendapat pedali dan uang pembinaan sebesar Rp  Juta."Untuk akomodasi pemain nanti dalam liga futsal selanjutnya ditanggung pusat (DPP Pemuda Perindo). Hanya ada satu tim terbaik yang mewakili Yogyakarta," kata Lanang, Senin (//). Tim terbaik itu jatuh pada Jilikis Futsal Club. Tim ini mampu bermain apik dengan menyingkirkan lawan-lawannya. Terdapat  tim futsal di bawah usia  tahun per  Desember  dalam event yang dihelat salah satu sayap Partai Perindo ini.Juara kedua diperoleh tim futsal AFK Bersinar. Tim ini juga mendapat medali, dan uang pembinaan sebesar Rpjuta. Sementara tim GPS Futsal harus puas diposisi ketiga. Tim ini juga berhak menerima pedali dan uang pembinaan sebesar Rp,juta.Wakil Ketua Bidang Hubungan Antar Lembaga Perindo, Erlando Eddy Wan, mewakili Ketua DPW Perindo DIY menyerahkan penghargaan dan hadiah pada pemenang. Penyerahan hadiah itu disaksikan penitia dari Pemuda Perindo DIY.Sebagaimana diketahui, liga futsal ini dibuka langsung oleh Ketua KONI DIY GBPH Prabukusumo pada , Minggu (//). Adik Sri Sultan Hamengku Buwono X ini melihat pertandingan ini cukup baik untuk mencari bibit-bibit pemain, khususnya futsal di Yogyakarta. Gusti Prabu -sapaan akrabnya- tidak mempermasalahkan event ini digelar oleh sayap salah satu partai politik. Menurutnya, kompetisi yang digelar lebih banyak memberi manfaat sehingga kehadirannya untuk memberi spirit bagi pemuda, baik penyelengara maupun pemain-pemainnya. "Kompetisi ini bisa menjadi salah satu bentuk pembinaan olahraga. Pertandingan-pertandingan seperti ini sangat baik untuk mencari pemain usia dini yang memiliki kemampuan," tandasnya. (bbk) dibaca .x </isi>
	<link>http://soccer.sindonews.com/read/1156962/58/liga-futsal-perindo-diy-berakhir-tim-jilikis-fc-bawa-pulang-rp-10-juta-1479701726
</link>
</artikel>
