<artikel>
	<id>OLA_SB_10_609</id>
	<judul>Hadapi Filipina, 'Skuat Garuda' Jangan Sampai Lengah</judul>
	<tanggal>21/11/16</tanggal>
	<kata_kunci>indonesia lawan filipina, piala aff</kata_kunci>
	<isi>




 - Tim nasional Indonesia akan melakoni laga penting melawan Filipina di lanjutan Piala AFF . Skuat 'Garuda' didesak jangan sampai lengah di pertandingan itu.Laga antara Indonesia melawan Filipina akan berlangsung di Phillipines Sports Stadium, Selasa (//) besok malam pukul : WIB. Laga itu menjadi partai hidup-mati untuk kedua tim.Indonesia belum mengumpulkan angka usai kalah dari Thailand. Sementara itu, Filipina baru mengumpulkan satu angka hasil dari bermain seri melawan Singapura.Di laga melawan Thailand, Indonesia kebobolan dua gol mudah. Koordinasi lini belakang yang kurang rapi menjadi penyebabnya. Tim 'Merah-Putih' sempat menyamakan kedudukan lewat Boaz Salossa dan Lerby Eliandry.Indonesia yang kehilangan fokus akhirnya kebobolan dua gol lagi di sisa pertandingan hingga kalah dengan skor akhir -.Penggawa lini belakang Indonesia, Rudolof Yanto Basna, bilang bahwa skuat asuhan Alfred Riedl tak boleh lengah agar bisa mendapatkan hasil yang bagus."Kami harus menang di laga lawan Filipina. Kondisi tim dalam keadaan bagus dan tidak masalah. Kami semua punya semangat dan tekad kuat meraih tiga angka besok," kata Yanto Basna kepada pewarta."Mohon doa dan dukungannya kepada kami semua. Kami harus lebih fokus lagi, dan jangan lengah lawan Filipina," imbuhnya.
						







</isi>
	<link>http://sport.detik.com/sepakbola/liga-indonesia/3350812/hadapi-filipina-skuat-garuda-jangan-sampai-lengah
</link>
</artikel>
