<artikel>
	<id>OLA_SB_10_692</id>
	<judul>Kans Juara Bhayangkara FC Terjaga, Hat-trick Thiago Lumat Mitra Kukar</judul>
	<tanggal>06/11/16</tanggal>
	<kata_kunci>bhayangkara lawan mitra kukar, isc</kata_kunci>
	<isi> SIDOARJO - Bhayangkara FC menemukan performa terbaiknya saat menjamu Mitra Kukar dalam lanjutan Indonesia Soccer Championship (ISC) A  di Gelora Delta Sidoarjo, Minggu (//). Pasukan Ibnu Gahan mengamankan poin sempurna setelah melumat Mitra Kukar -.Thiago Furtuoso mencuri pehatian pada laga tersebut. Penyerang kelahiran  Carapicuiba, Sao Paulo, Brasil,  Juni , itu mencetak tiga gol atau hat-trick pada menit ke- dari titik penalti, , dan . Sedangkan satu gol tambahan sumbangan Rudi Widodo pada injury time babak kedua.Kini, Thiago Furtuoso sudah mengoleksi  gol setara dengan Luis Carlos Junior (Barito Putera) di peringkat  daftar top skor. Penyerang Semen Padang Marcel Silva Sacramento masih di puncak daftar dengan koleksi  gol dan empat assist.  Hasil ini membuat kans Bhayangkara FC menjadi juara ISC A  tetapa terjaga. Otavio Dutra dkk bertengger di peringkat  dengan  poin. Hanya tertinggal lima angka dari pemuncak klasemen Madura United. Namun, Bhayangkara FC masih punya tabungan satu laga karena baru memaninkan  partai, sedangkan Madura United  laga.Sementara Mita Kukar, kekalahan memaksa skuat Jafri Sastra tertahan di peringkat  dengan  poin dari  laga. Kegagalan ini juga mengubur ambisi membalas kekalahan - yang terjadi di putaran pertama silam. Dengan demikian, Mitra Kukar tak berdaya dalam dua pertemuan di ISC A .Bagi Bhayangkara FC, kemenangan besar ini menjadi pembuktian tanpa sejumlah pilar seperti playmaker Evan Dimas, Ilham Udin, Indra Kahfi, dan Putu Gede, klub Surabaya ini tetap trengginas.Susunan PemainBhayangkara FC (---): Wahyu Tri Nugroho; Dany Saputra, Otavio Dutra, Fathur (Sahrul Kurniawan ), Suroso; Lee Yoo Joon, Zulfiandi, Khairallah Abdelkbir, Wahyu Subo (Rudi Widodo ), Fandi Eko Utomo (Antoni Putro Nugroho ); Thiago FurtuosoMitra Kukar (---): Gerri Mandagi, Dedi Gusmawan (Saepuloh Maulana ), Saepuloh Maulana, Abdul Gamal, Zikri Akbar, Muhammad Bahtiar, Asri Akbar (Yogi Rahadian ), Hendra Bayauw, Dinan Javier, Marlon Da Silva (Dinan Yahdian Javier ), Victor Pulga Herrero (sha) dibaca .x </isi>
	<link>http://soccer.sindonews.com/read/1153207/58/kans-juara-bhayangkara-fc-terjaga-hat-trick-thiago-lumat-mitra-kukar-1478436029
</link>
</artikel>
