<artikel>
	<id>OLA_SB_10_711</id>
	<judul>Tekad Lampaui Target 5 Besar, PSM Siap Jungkalkan Mitra Kukar</judul>
	<tanggal>24/11/16</tanggal>
	<kata_kunci>psm lawan mitra kukar, isc</kata_kunci>
	<isi> MAKASSAR - Perfoma mentereng PSM Makassar di empat pertandingan terakhir Indonesia Soccer Championship (ISC) A , membuat manajemen optimistis. Mereka yakin pasukan Rober Rene Alberts bisa melampaui target lima besar di akhir kompetisi. Sejauh ini, manajemen PT Persaudaraan Sepak Bola Makassar mematok target PSM ke papan atas klasemen dengan masuk di posisi kelima. Namun, pernampilan tim Juku Eja sangat menyakinkan mereka, sehingga Juku Eja sejatinya bisa memberikan lebih dari itu.Meski tim asuhan Robert Alberts ini masih harus melewati lima pertandingan berat, termasuk menjamu Mitra Kukar di stadion Andi Mattalatta Mattoanging, akhir pekan ini. Pertandingan ini cukup penting untuk menjukkan konsistensi tim Juku Eja dari lima laga yang dilakoninya yang belum pernah menelan kekalahan.Saat ini PSM berada di posisi ketujuh klasemen sementara dengan  poin. Hanya selisih satu poin saja dari peringkat kelima dan keenam yang ditempati Mitra Kukar dan Sriwijaya FC. PSM wajib menundukkan Mitra Kukar di pertemuan nanti agar bisa mengudeta posisi kelima.Chief Executive Officer (CEO) PSM Munafri Arifuddin mengatakan, melihat pencapaian tim sejauh ini pihaknya percaya tim bisa memberikan lebih. "Kami harap tim bisa seperti itu (melebihi target), mudah-mudahan semua bisa berjalan dengan baik," katanya.Selain itu, pria yang akrab disapa Appi ini mengaku, manajemen akan berusaha menjaga konsistensi tim dari empat pertandingan terakhir dengan memberikan yang terbaik. "Insya Allah kami akan menjaga konsistensi tersebut, supaya target masuk lima besar bisa terpenuhi," jelasnya.Lima pertandingan terakhir PSM yakni, menjamu Mitra Kukar akhir pekan ini, selanjutnya away ke Gresik United dan Bali United. Setelah itu, mereka akan melakoni laga kandang menjamu Persija Jakarta dan terakhir menghadapi Persipura Jayapura di stadion Mandala di akhir Desember mendatang.Asisten Pelatih PSM Imran Amirullah mengatakan, tim kepelatihan terus memaksimalkan potensi yang ada di dalam tim. Meski pada Desember nanti jadwal akan sangat padat. "Makanya tim pelatih berupaya memperbaiki konsistensi permainan," jelasnya. (sha) dibaca .x </isi>
	<link>http://soccer.sindonews.com/read/1157768/58/tekad-lampaui-target-5-besar-psm-siap-jungkalkan-mitra-kukar-1479922909
</link>
</artikel>
