<artikel>
	<id>OLA_SB_10_081</id>
	<judul>Persela Kalah, Aji Masih Belum Bisa Terima Keputusan Wasit</judul>
	<tanggal>07/11/16</tanggal>
	<kata_kunci>persela, Aji santoso, arema, TSC, Wasit, komisi disiplin</kata_kunci>
	<isi>  LAMONGAN, KOMPAS.com Pelatih Persela Lamongan, Aji Santoso, kecewa dengan kepemimpinan wasit saat timnya kalah dari Arema Cronus. Persela harus mengakui keunggulan tuan rumah Arema dengan skor - dalam laga pekan ke- TSC  yang dilaksanakan di Stadion Kanjuruhan, Malang, Minggu (//). Tiga gol Arema dibukukan Cristian Gonzalez, Hamka Hamzah, dan Esteban Viszcarra. Meski pertandingan sudah berakhir, pelatih Aji Santoso tampaknya belum bisa menerima keputusan wasit Mochammad Adung asal DKI Jakarta yang memimpin jalannya laga. Keputusan wasit Adung dinilai dia beberapa kali merugikan tim Laskar Joko Tingkir. Lihat saja pada pertandingan tadi malam, banyak keputusan wasit yang merugikan kami. Padahal, pertandingan sendiri sebenarnya cukup menarik untuk disaksikan. Sayang, pertandingan menarik itu harus ternoda dengan keputusan tidakfairwasit,  kata Aji, Senin (//). Ia lantas mencontohkan keputusan Adung saat gelandang asing Persela asal Korea Selatan, Choi Hyun-yoen, yang coba mempertanyakan keputusan wasit lantaran pelanggaran di kotak penalti Arema, justru mendapatkan kartu kuning pada menit ke-. Kartu kuning juga diterima Dendy Sulistyawan pada menit ke-. Padahal, menurut Aji, penyerang yang sempat dipanggil mengikuti seleksi timnas Indonesia dalam persiapan Piala AFF  tersebut tidak melakukan apa-apa. Terus terang, kekalahan kami bukan karena wasit, karena Arema juga main bagus. Hanya, tolong juga ada koreksi dan evaluasi kinerja wasit untuk pertandingan lebih bermutu. Jangan hanya pelatih dihukum saat coba mengatakan apa yang dilihatnya saat pertandingan. Saya berharap, kepemimpinan wasit juga diperhatikan,  ucap dia. Sebelumnya, Aji sempat mendapat hukuman dari komisi disiplin tidak boleh mendampingi tim asuhannya saat berhadapan dengan PS TNI pada pekan ke- TSC , Minggu (//) lalu. Sanksi diberikan setelah Aji dianggap menghina wasit Wendy Umar Senoaji yang memimpin jalannya pertandingan Persela versus Perseru Serui di Stadion Marora, pada  Oktober . Sementara dalam pertandingan kontra Arema, selain kartu kuning yang didapatkan Choi dan Dendy, pemain Persela lain yang terkena kartu kuning adalah Muhammad Agung Pribadi pada menit ke-, dan Paulo Eduardo Rodrigues Lima pada menit ke-.</isi>
	<link>http://bola.kompas.com/read/2016/11/07/17483168/persela.kalah.aji.masih.belum.bisa.terima.keputusan.wasit.
</link>
</artikel>
