<artikel>
	<id>OLA_SB_10_082</id>
	<judul>Pelatih Madura United Bilang Pemainnya Ini Layak Masuk Timnas</judul>
	<tanggal>07/11/16</tanggal>
	<kata_kunci>madura united, Gomes de Oliviera, Elthon Maran, timnas indonesia, TSC, Patrich</kata_kunci>
	<isi> BANGKALAN, KOMPAS.com- Pelatih Madura United, Gomes De Oliveira, memberikan pujian kepada salah satu anak asuhnya, Elthon Maran (). Menurut Gomes, Elthon sangat layak masuk timnas Indonesia dengan kemampuan yang ia miliki saat ini. Pujian tersebut dilayangkan oleh Gomes usai Elthon berperan besar dalam kemenangan - timnya atas Persegres Gresik United (//). Pemain asal Biak ini turut menyumbang satu gol di laga pekan ke- Torabika Soccer Championship (TSC)  ini. Berdasarkan statistik Labbola, selain mencatatkan empat gol, Elthon juga mempunyai persentase dribel sukses sebesar  persen, akurasi operan  persen, dan akurasi tembakan  persen. Elthon pemain yang bagus. Saya tidak pernah meragukannya. Dia sudah sejak lama menunjukkan kualitas yang ia miliki," buka Gomes. "Dia itu sebenarnya punya kualitas tidak hanya untuk Madura United tapi juga untuk timnas Indonesia. Sang pemain punya skillindividu, kecepatan, dan kepintaran yang luar biasa,  puji pelatih asal Brasil. Pujian tidak hanya diberikan kepada Elthon, aksi gemilang Patrich Wanggai juga tak luput dari sasaran pujian Gomes. Sang bomber dinilai sedang berada dalam performa yang bagus. Gol demi gol diharapkan oleh Gomes terus diciptakan oleh Patrich. "Penampilan Patrich terus naik. Ia percaya diri dan semangatnya tinggi. Dia sudah buktikan dua pertandingan sebelumnya bisa cetak gol. Begitu juga hari ini," sambungnya. Tak hanya secara individu, Gomes juga melihat Elthon dan Patrich punya koneksi yang bagus. Kedua pemain Papua ini sudah saling mengerti karakter masing-masing saat berada di atas lapangan. "Patrich dan Elthon sangat menonjol sejak di latihan. Sangat pantas untuk tampil sebagai pemain inti," ujar mantan pelatih Persela Lamongan ini. </isi>
	<link>http://bola.kompas.com/read/2016/11/07/02173332/Pelatih.Madura.United.Bilang.Pemainnya.Ini.Layak.Masuk.Timnas
</link>
</artikel>
