<artikel>
	<id>OLA_SB_10_632</id>
	<judul>Lerby Dedikasikan Gol ke Gawang Thailand untuk Irfan Bachdim</judul>
	<tanggal>19/11/16</tanggal>
	<kata_kunci>indonesia lawan thailand</kata_kunci>
	<isi>




 - Lerby Eliandry mencetak satu gol saat Indonesia takluk dari Thailand. Dia mempersembahkan gol itu untuk Irfan Bachdim.Skuat 'Garuda' memenelan kekalahan - saat melawan tim 'Negri Gajah Putih'. Dalam pertandingan yang berlangsung di Phillipines Sport Stadium, Sabtu (//) sore waktu Filipina, Teerasil Dangda mencetak - ke gawang Kurnia Meiga. Satu gol lainnya dibukukan Peerapat Notchaiya.Indonesia ketinggalan - sempat menyamakan kedudukan di awal-awal babak kedua. Satu gol Boaz Solossa dicetak di menit  lewat sundulan kepala. Tiga menit berselang, Lerby mencatatkan namanya di papan skor juga lewat heading.Bagi Lerby, gol ini berarti spesial. Ini merupakan gol pertamanya di pertandingan internasional bersama tim 'Merah Putih'. Gol itu sekaligus memupus keraguan publik saat namanya diumumkan masuk 'Skuat Garuda'. Sebelum tim Indonesia bertolak ke Filipina, tim 'Merah-Putih' kehilangan salah satu pemain utamanya, Bachdim. Dia cedera saat latihan karena berbenturan dengan Hansamu Yama Pranata. Lerby pun mempersembahkan gol itu untuk Bachdim."Itu salah satunya buat teman kami, Irfan Bachdim, yang tak bisa ikut ke sini," kata Lerby saat dijumpai di mixedzone.Lerby tak bisa bermain penuh di pertandingan melawan Thailand. Dia mengakui bahwa kondisi fisiknya sudah kepayahan."Tadi kram, tidak tahan makanya minta ganti. Sebenarnya, mereka memang tim yang kuat. Tapi, kami juga mempunyai kualitas untuk memberi perlawanan," ungkap pemain asal Pusamania Borneo FC itu."Mungkin (karena sudah lelah jadi kebobolan dua gol)," imbuhnya.








</isi>
	<link>http://sport.detik.com/sepakbola/liga-indonesia/3349511/lerby-dedikasikan-gol-ke-gawang-thailand-untuk-irfan-bachdim
</link>
</artikel>
