<artikel>
	<id>OLA_SB_10_178</id>
	<judul>Hanya Daftarkan Satu Pemain Naturalisasi ke AFF, Ini Alasan Riedl</judul>
	<tanggal>24/10/16</tanggal>
	<kata_kunci>pemain naturalisasi, piala AFF</kata_kunci>
	<isi>




 - Pelatih tim nasional Indonesia Alfred Riedl hanya mencantumkan satu pemain naturalisasi dalam skuatnya berisikan  pemain untuk Piala AFF --yang nanti akan diciutkan jadi  nama saja. Riedl punya alasan tersendiri.PSSI telah mengumumkan  nama pemain yang didaftarkan ke AFF. Dari  pemain, hanya ada satu pemain naturalisasi yang dipanggil, yaitu Stefano Lilipaly.Pemain Telstar SC itu pun sejatinya telah dipanggil dalam pemusatan latihan di Yogyakarta yang sudah dimulai sejak  Oktober lalu. Namun, Lilipaly tidak bisa bergabung karena terbentur jadwal kompetisi.Pemain yang pernah membela timnas Belanda U- dan U- itu rencananya baru akan bergabung sebelum timnas Indonesia berujicoba melawan Myanmar pada  November mendatang.[Baca juga: ]Riedl menjelaskan alasan memilih Lilipaly karena memang performanya sedang bagus. Bersama klubnya, Lilipaly kini menjadi salah satu pemain inti. Dia juga menjadi topskorer dengan delapan gol."Terkait pemain naturalisasi, memang banyak, tapi hanya Lilipaly yang kami panggil. Kami memang sengaja dan sudah berjanji bakal membawa pemain muda dan Lilipaly masuk dalam kriteria pemain yang dibutuhkan tim," ujar Riedl, Senin (//).Riedl menilai Lilipaly bisa menjadi alternatif di lini tengah, selain Evan Dimas yang selama ini kerap dimainkan. Namun, pelatih asal Austria ini tetap akan melihat dengan cermat penampilan pemainnya itu."Saya pernah memakai pemain naturalisasi, tapi mengecewakan. Selain itu pemain lainnya sudah lewat umur juga," katanya.Seperti diketahui, selain Lilipaly, Indonesia memiliki beberapa pemain naturalisasi di antaranya Sergio van Dijk, Greg Nwokolo, dan Victor Igbonefo. Tapi mereka tidak dipanggil oleh Riedl.








</isi>
	<link>http://sport.detik.com/sepakbola/liga-indonesia/3327997/hanya-daftarkan-satu-pemain-naturalisasi-ke-aff-ini-alasan-riedl
</link>
</artikel>
