<artikel>
	<id>OLA_SB_10_681</id>
	<judul>Persik Bakal Mati-matian di Laga Pamungkas</judul>
	<tanggal>08/11/16</tanggal>
	<kata_kunci>persik, isc</kata_kunci>
	<isi> KEDIRI - Persik Kediri bakal bertarung habis-habisan di partai penutup babak  besar ISC B . Setelah membuka peluang lolos dengan mengalahkan Martapura FC -, Persik harus memenangkan laga kontra Celebest FC akhir pekan nanti.Persik sendiri masih berada di peringkat tiga klasemen sementara Grup C dengan tujuh poin, atau terpaut satu poin dengan runner up Martapura FC. Sementara Perserang Serang sudah memastikan lolos ke babak delapan besar dengan koleksi  poin.Kemenangan di kandang Celebest FC sejatinya juga belum menjadi garansi Macan Putih bakal lolos ke babak berikutnya. Sebab jika di pertandingan lain Martapura FC bisa mengalahkan Perserang, maka dipastikan Persik bakal tersingkir.Jadi, peluang lolos Persik masih ditentukan oleh kemenangan sekaligus keberuntungan. Tim asuhan Kas Hartadi dan supporter Persik Kediri masih harus berdoa Martapura FC sebagai pesaing utama akan terpeleset saat menghadapi Perserang."Persik akan mati-matian di pertandingan terakhir di kandang Celebest FC. Kami harus menang, karena hanya itu yang akan membuat Persik lolos ke delapan besar. Saya yakin Persik masih bisa lolos," begitu optimisme Kas Hartadi.Kendati lolosnya Persik masih ditentukan keberuntungan alias hasil laga lain, Kas Hartadi tidak ambil pusing. Terpenting baginya adalah menyelesaikan laga di Palu dengan hasil maksimal, terlepas bagaimana hasil di pertandingan lainnya."Kami tidak berpikir bagaimana hasil pertandingan lain. Persik harus fokus pada pertandingan sendiri dan akan berjuang mendapatkan kemenangan. Soal bagaimana nanti klasemen akhir, yang terpenting kami sudah melakukan upaya terbaik," tambah dia.Pada pertemuan pertama dengan Celebest FC, tim kesayangan Persikmania hanya menang tipis - di Stadion Brawijaya FC. Tentunya Persik berharap Celebest FC yang sudah dipastikan tersingkir tidak lagi susah ditembus seperti di pertemuan pertama. (bbk) dibaca .x </isi>
	<link>http://soccer.sindonews.com/read/1153685/58/persik-bakal-mati-matian-di-laga-pamungkas-1478596375
</link>
</artikel>
