<artikel>
	<id>OLA_SB_10_618</id>
	<judul>Evan Dimas Sudah Siap Main Penuh, Mungkin Jadi Starter Lawan Filipina</judul>
	<tanggal>20/11/16</tanggal>
	<kata_kunci>indonesia lawan filipina</kata_kunci>
	<isi>




 - Kabar baik menghampiri timnas Indonesia menjelang laga melawan Filipina. Pilar lini tengah skuat 'Garuda', Evan Dimas Darmono, dinyatakan fit  persen.Saat Idonesia takluk - dari Thailand, Evan Dimas cuma masuk sebagai pemain pengganti. Dia masuk menggantikan Andik Vermansah di menit ke-. Pelatih Indonesia Alfred Riedl menjelaskan bahwa Evan Dimas sedang dalam kondisi tidak fit dalam satu pekan terakir.Menjelang pertandingan kedua melawan The Azkals di Phillipines Sports Stadium, Selasa (//) mendatang, ada kabar baik dari dokter tim nasional, Syarief Alwi."Semua pemain dalam kondisi fit, hanya sedikit kelelahan habis bermain kemarin," ungkap Syarief kepada pewarta."Evan Dimas juga sudah tidak masalah. Kalau dari kondisi terakhir, dia siap bermain penuh," tambahnya.Riedl pun mempertimbangkan Evan Dimas menjadi salah satu pemain yang akan menjadi  di pertandingan melawan tim tuan rumah nanti."Dia baik-baik saja. Kondisinya bagus. Dia merupakan salah satu orang yang mungkin akan memulai pertandingan (melawan Filipina)," ungkap pelatih asal Austria tersebut.








</isi>
	<link>http://sport.detik.com/sepakbola/liga-indonesia/3349909/evan-dimas-sudah-siap-main-penuh-mungkin-jadi-starter-lawan-filipina
</link>
</artikel>
