<artikel>
	<id>OLA_SB_10_772</id>
	<judul>Tiga Dipulangkan, Riedl Mantapkan Persiapan Skuat</judul>
	<tanggal>14/11/16</tanggal>
	<kata_kunci>latihan timnas</kata_kunci>
	<isi> KARAWACI - Tim nasional Indonesia melakukan pemusatan latihan terakhir di Lapangan Sekolah Pelita Harapan (SPH), Karawaci, Tangerang, - November. Pelatih Alfred Riedl memulangkan tiga pemain dan mulai memantapkan persiapan jelang menghadapi Thailand pada laga pembuka Piala AFF .Seusai melakoni dua laga uji coba tandang melawan Myanmar dan Vietnam, Riedl mulai fokus memantapkan komposisi skuat. Tiga pemain dicoret sekembalinya timnas dari Vietnam, yakni penyerang Mitra Kukar Septian David Maulana, bek Persipura Jayapura Dominggus Fakdawer, dan gelandang PSM Makassar Rizky Pellu.Ketiga pemain tersebut sebelumnya masuk dalam  pemain yang dipanggil Riedl untuk uji coba kontra Myanmar dan Vietnam. "Sekembalinya dari Vietnam kami melepas Septian David, Rizky Pellu yang masuk waiting list, dan Dominggus. Khusus Dominggus, terpaksa dicoret lantaran indisipliner," kata Riedl seperti dilansir laman resmi PSSI.Dalam persiapan menghadapi Piala AFF , Riedl melakukan empat kali uji coba, dua di kandang dan dua tandang. Dari empat uji coba tersebut, Indonesia menang sekali, dua kali imbang, dan kalah sekali. (Baca juga: Ditekuk Vietnam, Alarm Bahaya untuk Timnas Indonesia).Hasil  Laga uji Coba timnas Indonesia jelang Piala AFF . -- Indonesia vs Malaysia -. -- Indonesia vs Vietnam  -. -- Myanmar vs Indonesia -. -- Vietnam vs Indonesia  - Riedl mengaku senang dengan bergabungnya Stefano Lilipaly pada pemusatan latihan terakhir. Kehadiran Stefano akan memudahkannya meracik strategi untuk persiapan laga pembuka. "Keberadaan Stefano di sini (Karawaci) membuat kami semua senang," ujar Riedl. "Kami fokus latihan bertahan secara taktikal, yang lainnya berlatih finishing." Di Piala AFF  yang digelar di Myanmar dan Filipina,  November- Desember, Indonesia berada di Grup A bersama Thailand, Singapura, dan Filipina. Laga pembuka Indonesia melawan Thailand pada  November nanti. Rencananya, Indonesia bertolak ke Manila pada  November . Pemain Timnas Indonesia TC di Karawaci, - NovemberKiper: Andritany Ardhiyasa (Persija Jakarta), Dian Agus Prasetyo (Pusamania Borneo FC), Kurnia Meiga Hermansyah (Arema Cronus)Belakang: Beny Wahyudi (Arema Cronus), Manahati Lestusen, Abduh Lestaluhu (PS TNI), Fachruddin Wahyudi Aryanto (Sriwijaya FC), Rudolof Yanto Basna (Persib Bandung), Hansamu Yama Pranata (Barito Putera), Abdul Rachman (Persiba Balikpapan), Gunawan Dwi Cahyo (Persija Jakarta)Tengah: Bayu Gatra Sanggiawan (Madura United), Evan Dimas Darmono (Bhayangkara FC), Dedi Kusnandar (Sabah FA), Bayu Pradana Andriatmoko (Mitra Kukar), Stefano Lilipaly (Telstar FC), Zulham Malik Zamrun (Persib Bandung), Rizky Pora (Barito Putera), Andik Vermansah (Selangor FA)Depan: Irfan Haarys Bachdim (Consadole Sapporo), Boaz Theofillius Erwin Solossa (Persipura Jayapura), Lerby Eliandry Pong Babu (Pusamania Borneo FC), Ferdinand Alfred Sinaga (PSM Makassar) (sha) dibaca .x </isi>
	<link>http://soccer.sindonews.com/read/1155267/58/tiga-dipulangkan-riedl-mantapkan-persiapan-skuat-1479124363
</link>
</artikel>
