<artikel>
	<id>OLA_SB_10_184</id>
	<judul>PBFC Libas PSM 4-1</judul>
	<tanggal>21/10/16</tanggal>
	<kata_kunci>pusamania lawan psm, TSC</kata_kunci>
	<isi>




 - Pusamania Borneo FC meraih kemenangan telak saat menjamu PSM Makassar dalam lanjutan Torabika Soccer Championship (TSC). Tertinggal lebih dulu, PBFC akhirnya menang -.PSM lebih dulu memimpin pada pertandingan di Stadion Segiri, Samarinda, Jumat (//). Tim tamu unggul lewat gol Muchlis Hadi Ning pada menit ke-. Rasyid Bakri melakukan penetrasi ke kotak penalti dan kemudian memberikan umpan yang dituntaskan menjadi gol oleh Muchlis. Keunggulan PSM ini bertahan hingga berakhirnya babak pertama.Kedua tim bermain dengan sepuluh orang pemain sejak menit ke-. Gerald Pangkali (PBFC) dan Achmad Hisyam Tolle (PSM) dikartu merah gara-gara terlibat keributan di lapangan.Tiga menit setelahnya, PBFC menyamakan kedudukan melalui legiun asingnya, Flavio Beck Junior. Tendangan bebas Flavio merobek gawang PSM yang dikawal oleh Deny Marsel.PBFC berbalik memimpin - pada menit ke-. Lagi-lagi tendangan bebas Flavio berbuah gol untuk tim tuan rumah. Memasuki menit ke-, PBFC memperbesar keunggulannya menjadi -. Kali ini Terens Puhiri yang mencatatkan namanya di papan skor.PBFC mendapatkan hadiah penalti pada menit ke-. Kesempatan ini tak disia-siakan oleh Flavio. Pemain asal Brasil itu sukses mengonversi hadiah tendangan  pas menjadi gol untuk melengkapi hat-trick-nya. PBFC pun menang -.Tambahan tiga poin mengangkat PBFC ke peringkat ketujuh klasemen TSC dengan  poin dari  laga. PSM berada di peringkat kesembilan dengan  poin dari  laga.








</isi>
	<link>http://sport.detik.com/sepakbola/liga-indonesia/3326675/pbfc-libas-psm-4-1
</link>
</artikel>
