<artikel>
	<id>OLA_SB_10_702</id>
	<judul>Semen Padang Gagal Tundukkan 10 Pemain Sriwijaya</judul>
	<tanggal>05/11/16</tanggal>
	<kata_kunci>semen padang lawan sriwijaya, isc</kata_kunci>
	<isi> PALEMBANG - Semen Padang cuma bisa memungut satu poin dari markas Sriwijaya FC. Bertarung di pekan ke- Indonesia Soccer Championship (ISC), Jumat (//) kedua tim harus puas imbang -.Sebagai tim tamu, Semen Padang sebenarnya diuntungkan soal jumlah pemain. Sejak menit  Sriwijaya harus bermain dengan  orang lantaran wasit mengeluarkan kartu merah untuk Ngurah Wahyu. Bek Sriwijaya tersebut dianggap melakukan pelanggaran terhadap Riko Simanjuntak yang sedang punya peluang untuk mencetak gol.Namun kondisi tersebut gagal dimaksimalkan tim Kabau Sirah. Mereka bahkan sempat unggul lebih dulu di menit  lewat gol sepakan Rudi. Tapi dewi keberuntungan tidak merestui tim tamu untuk membawa pulang kemenangan. Alhasil Semen Padang harus gigit jari sebab sejumlah keuntungan yang mereka miliki gagal membuahkan poin sempurna.Meski dengan  pemain, Sriwijaya bisa menyamakan kedudukan di menit . Gol balasan lahir melalui tendangan penalti Alberto Goncalves. Penalti tersebut diberikan wasit sebab Novan Setya Sasongko melakukan pelanggaran terhadap Firman Utina di kotak terlarang.Pada babak kedua, Semen Padang meningkatkan intensitas serangannya. Mereka memainkan Vendry Mofu dengan harapan mampu mengubah kedudukan.Namun sayang, harapan tidak menjadi kenyataan. Hingga laga berakhir skor - tetap terpampang dan dengan hasil ini, Semen Padang terpaksa bercokol di urutan tujuh klasemen. Tim asuhan Nil Maizar mengantongi  poin, selisih lima angka dari Sriwijaya yang duduk di batas akhir top five.Susunan pemainSriwijaya FC: Teja Paku Alam; Zalnando, Mauricio Maciel, Ngurah Wahyu, Achmad Jufriyanto; Supardi Nasir, Firman Utina (Manda Cingi '), Hafit Ibrahim, Muhammad Ridwan (TA Musafry '); Hilton Moreira (Yohanis Nabar '), Alberto GoncalvesSemen Padang: Jandia Eka Putra; Novan Sasongko, Cassio Francisco, Handi Ramdhan (Agung Prasetyo '), Fandry Imbiri; Irsyad Maulana, Rudi (Vendry Mofu '); Riko Simanjuntak (Lee Kilhoon '), Muamer Svraka, Nur Iskandar; Marcel Silva Sacramento (bep) dibaca .x </isi>
	<link>http://soccer.sindonews.com/read/1152935/58/semen-padang-gagal-tundukkan-10-pemain-sriwijaya-1478283105
</link>
</artikel>
