<artikel>
	<id>OLA_SB_10_619</id>
	<judul>Riedl: Mental Pemain Tak Jatuh, Kini Fokus ke Filipina</judul>
	<tanggal>20/11/16</tanggal>
	<kata_kunci>mental indonesia lawan filipina</kata_kunci>
	<isi>




 - Kekalahan dari Thailand disebut tak mempengaruhi mental bertanding penggawa timnas Indonesia yang kini sudah langsung bersiap bangkit melawan Filipina.Skuat 'Garuda' menelan kekalahan saat berduel melawan Thailand di laga perdana Piala AFF . Pertandingan di Philippine Sports Stadium, Sabtu (//) kemarin, selesai dengan skor akhir -.Pelatih Alfred Riedl mengaku sudah banyak berbincang dengan para penggawa Indonesia usai pertandingan. Kekalahan dari Thailand sudah ditinggalkan di belakang dan fokus tim saat ini pada persiapan menatap laga kedua melawan Filipina, Selasa (/) mendatang."Saya pikir mental mereka tidak jatuh. Kami sudah melakukan pertemuan kemarin. Saya sudah banyak berbicara dengan para pemain dan juga para pelatih," Riedl kepada pewarta seusai memimpin latihan di Xavier Scholl, Minggu (/)."Pertandingan kemarin sudah selesai, kami tidak boleh terlalu memikirkan itu. Itu sudah selesai, kami harus menuju sesi latihan berikutnya, kami harus menuju pertandingan berikutnya," imbuhnya.Penggawa lini tengah Indonesia, Stefano Lilipaly, mengamini apa yang diungkapkan oleh pelatih asal Austria itu."Mental para pemain dalam kondisi bagus. Kami tidak tertekan setelah kekalahan kemarin. Kami sudah bangkit dan siap untuk menghadapi laga berikutnya. Semua pemain tidak ada masalah," tegasnya.








</isi>
	<link>http://sport.detik.com/sepakbola/liga-indonesia/3349896/riedl-mental-pemain-tak-jatuh-kini-fokus-ke-filipina
</link>
</artikel>
