<artikel>
	<id>OLA_SB_10_786</id>
	<judul>Susunan Pemain Persib Bandung vs Persipura</judul>
	<tanggal>12/11/16</tanggal>
	<kata_kunci>persib lawan persipura</kata_kunci>
	<isi> BANDUNG - Duel Persib Bandung vs Persipura Jayapura segera tersaji di Stadion Si Jalak Harupat, Kabupaten Bandung, Sabtu (//). Kick off dijadwalkan dilakukan pukul . WIB.Kedua tim menurunkan para pemain terbaiknya meski beberapa pemain harus absen karena cedera, akumulasi kartu, hingga memperkuat tim nasional.Di kubu Persib, kiper M Natshir tetap dipercaya menjadi pilihan utama pelatih Djadjang Nurdjaman. Di lini belakang, Vladimir Vujovic akan jadi komandan untuk membentuk pertahanan yang tangguh.Di lini tengah dan depan, beberapa pemain utama tidak mengalami perubahan, termasuk Febri Hariyadi. Hanya ada sosok Atep yang kembali bermain sejak menit pertama dan Robertino Pugliara.Sementara di kubu Persipura, kiper Yoo Jae Hoon tidak tergantikan dibawah mistar gawang. Ia akan dijaga lini pertahanan yang dikomandoi Ricardo Salampessy.Di lini tengah dan depan, para pemain bertipikal cepat dan haus gol siap memberikan ancaman bagi 'Maung Bandung', di antaranya Ia Louis Kabes, Imanuel Wanggai, dan Edward Wilson Junior.Berikut ini susunan pemain kedua tim:Persib Bandung: M Natshir (GK), Diogo Ferreira, Vladimir Vujovic, Tony Sucipto, Jajang Sukmara, Hariono, Atep (C), Febri Hariyadi, Robertino Pugliara, Sergio van DijkPersipura: Yoo Jae Hoon (GK), Muhammad Tahir, Ricardo Salampessy, Ruben Sanadi, Yohanis Tjoe, Yustinus Pae, Ia Louis Kabes, Imanuel Wanggai, Osvaldo Ardiles, Edward Wilson Junior, Ferinando Pahabol (mir) dibaca .x </isi>
	<link>http://soccer.sindonews.com/read/1154851/58/susunan-pemain-persib-bandung-vs-persipura-1478949932
</link>
</artikel>
