<artikel>
	<id>OLA_SB_10_067</id>
	<judul>Pelatih Persegres Mencari Sosok Striker Pengganti</judul>
	<tanggal>24/10/16</tanggal>
	<kata_kunci>persegres gresik, persib bandung, persiba, TSC, Patrick da Silva, Striker</kata_kunci>
	<isi>  GRESIK, KOMPAS.com  Sudah jatuh tertimpa tangga pula. Itulah yang dialami Persegres Gresik United saat bertandang ke markasPersib Bandungdi Stadion Wibawa Mukti, Cikarang, Sabtu (//) lalu. Pada pertandingan pekan ke- TSC  tersebut, tim Laskar Joko Samudro tidak hanya harus pulang dengan tangan hampa seusai menelan kekalahan - dari Persib. Mereka juga dipastikan tidak akan bisa diperkuat oleh striker Patrick da Silva pada partai selanjutnya lantaran mendapatkan kartu merah dalam pertandingan tersebut.  Memang sebuah kerugian kami tidak bisa diperkuat oleh Patrick dalam pertandingan selanjutnya. Namun, sepak bola permainan kolektif, yang tidak boleh hanya bergantung pada satu atau dua pemain,  ucap pelatih Persegres Eduard Tjong, Senin (//). Dalam pertandingan TSC  selanjutnya, Persegres dijadwalkan bakal menjamu Persiba Balikpapan di Stadion Petrokimia, Gresik, Sabtu (//).Coach du mengaku sudah mulai menyiapkan calon pengganti striker berkebangsaan Brasil tersebut.  Masih banyak pemain lain untuk diturunkan dalam pertandingan berikutnya. Kami masih punya Yusuf (Efendi), dia bisa didorong mengisi barisan depan, serta Gustavo Giron yang sudah bisa kembali dimainkan setelah kemarin absen,  kata dia. Selain itu, Edu juga masih memiliki opsi lain dalam menambal posisi lowong yang ditinggalkan Patrick. Yakni, dengan memainkan penyerang muda potensial miliknya Arsyad Yusgiantoro maupun Kushedya Heri Yudo,. Nama terakhir sempat melesakkan gol perdananya di pentas TSC  ke gawang Persela Lamongan.  Namun, saya ingin lihat dulu kesiapan para pemain, siapa saja yang pantas memperkuat tim saat menjamu Persiba, sampai jelang pertandingan,  ujar Edu. Terlepas dari itu, Edu mengaku, tidak mengetahui secara jelas kejadian yang membuat Patrick sampai mendapat kartu merah dari wasit Abdul Rahman Salasa.  Soal kejadiannya seperti apa, saya tidak tahu secara pasti. Saya berada jauh dan pandangan tidak jelas waktu itu. Namun, saya sudah sempat bertanya kepada Patrick. Dia melakukan hal itu karena terlebih dulu dipukul oleh Diogo Ferreira,  tuturnya. Dalam pertandingan tersebut, Patrick diusir keluar lapangan oleh wasit seusai terlibat pertengkaran dengan Diogo. Pemain Persib asal Brasil itu sempat menyatakan bahwa dirinya terlibat pertengkaran lantaran merasa diludahi oleh pemilikjerseybernomor  di Persegres tersebut.</isi>
	<link>http://bola.kompas.com/read/2016/10/24/14315808/pelatih.persegres.mencari.sosok.striker.pengganti.
</link>
</artikel>
