<artikel>
	<id>OLA_SB_10_161</id>
	<judul>Program Latihan Timnas: Dua Hari Full, Satu Hari Libur di Sesi Pagi</judul>
	<tanggal>31/10/16</tanggal>
	<kata_kunci>latihan timnas, piala aff</kata_kunci>
	<isi>




 - Timnas Indonesia proyeksi Piala AFF  pagi ini, Senin (/), tidak menggelar latihan. Pelatih Alfred Riedl memberikan jatah libur untuk para pemain agar beristirahat usai menjalani latihan berat. timnas, Bandung Saputra, menjelaskan bahwa program latihan tersebut sudah dirancang oleh Riedl: dua hari latihan penuh, satu hari libur di pagi harinya."Tapi nanti sore latihan lagi. Pagi ini semua pemain istirahat," ujar Bandung saat ditemui.Timnas Indonesia sudah menjalani pemusatan latihan di Lapangan UPH, Karawaci, Tangerang, sejak  Oktober kemarin. Rencananya, mereka akan mengikuti tujuh kali sesi latihan.Dengan begitu, masih ada tiga sesi latihan sebelum bertolak ke Myanmar pada  November mendatang. Setelah menghadapi Myanmar, Boaz Salossa dkk akan menjajal Vietnam pada  November.Selama menjalani latihan, Riedl memang memberikan beberapa menu latihan terutama tentang taktik dan strategi. Pelatih asal Austria ini juga mengenjot fisik dan stamina para pemainnya.








</isi>
	<link>http://sport.detik.com/sepakbola/liga-indonesia/3333120/program-latihan-timnas-dua-hari-full-satu-hari-libur-di-sesi-pagi
</link>
</artikel>
