<artikel>
	<id>OLA_SB_10_639</id>
	<judul>Pesta Sepakbola di Negeri Penggila Basket</judul>
	<tanggal>19/11/16</tanggal>
	<kata_kunci>piala aff, filipina tuan rumah</kata_kunci>
	<isi>




 - Untuk pertama kalinya, Filipina akan menjadi tuan rumah Piala AFF. Berlangsung di negeri penyuka bola basket, wajar kalau warga tak banyak yang tahu ajang ini.Filipina akan menghelat laga-laga Grup A Piala AFF . Di sana tergabung Filipina, Indonesia, Thailand, dan Singapura. Keempat tim bertanding pada - November mendatang.Ada dua stadion yang dipakai untuk menggelar pertandingan. Philippine Sports Stadium di Bocaue, dan Rizal Memorial Stadium di Manila.Skuat 'Garuda' akan memulai petualangannya di Piala AFF, Sabtu (//) sore WIB. Timnas Indonesia akan melangsungkan pertandingan melawan juara bertahan, Thailand, di Philippine Sports Stadium.Kendati AFF akan bergulir hari Sabtu (/) ini, ternyata masih tak banyak orang Filipina yang tahu akan perhelatan ini. Dari empat orang Manila yang berbincang dengan detikSport, cuma ada satu yang tahu mengenai ajang ini, dan bisa diajak ngobrol soal sepakbola."Kalian dari Jakarta datang ke sini untuk AFF Cup ? Tapi, saya tak tahu AFF Cup itu apa. Saya cuma sedikit tahu dari obrolan kalian tadi karena sedikit tahu bahasa Indonesia. Saya baru pulang dari Jakarta menjenguk teman saya," kata Joey, warga Manila yang satu pesawat dengan detiksport."Saya baru tahu itu adalah turnamen sepakbola," tambahnya lagi.Sama halnya dengan salah seorang petugas imigrasi yang bertugas di bandara Manila Ninoy Aquino. Dia malah meminta penjelasan lanjutan tentang apa itu Piala AFF."Ohh, itu kompetisi sepakbola. Saya baru tahu," katannya sambil melanjutkan pemeriksaan.Sama halnya dengan dua orang pertama, salah seorang SPG di gerai penyedia jasa telekomunikasi di kompleks bandara juga tak menyadari bahwa di Filipina sedang berlangsung bagian dari pesta sepakbola negara-negara Asia Tenggara."Kami tak sadar ada Piala AFF. Di sini, semua orang membicarakan soal bola basket," ujarnya sembari melayani pembeli paket layanan telepon seluler di gerainya.Rey, seorang sopir taksi yang ditumpangi detikSport menjadi satu dari empat orang yang tahu mengenai ajang Piala AFF . Dia juga mengaku menjadi pendukung The Azkals."Di sini, kami memang tak banyak yang menyukai sepakbola, memang tidak populer. Saya sendiri belum pernah menonton langsung ke stadion. Selama ini hanya menonton lewat televisi saja," ujar bapak dari tiga orang putri itu."Tiket menonton sepakbola di stadion di sini cukup mahal, apalagi juga berlangsung di stadion baru yang jauh dari pusat kota. Jadi, untuk Piala AFF ini, saya juga akan menonton dari televisi saja," tambah Rey.Persiapan Filipina menjadi tuan rumah Piala AFF  ini memang sempat mengalami kendala. Bulan Februari lalu, mereka sempat mundur karena mengalami masalah dengan venue pertandingan, tapi hal itu akhirnya bisa diselesaikan.Asosiasi sepakbola Filipina, PFF, akhirnya bisa mencapai kesepakatan dengan pengelola Philippine Sports Stadium, hingga konfederasi sepakbola Asia Tenggara, AFF, memberi lampu hijau untuk menggelar laga-laga Grup A.








</isi>
	<link>http://sport.detik.com/sepakbola/liga-indonesia/3349140/pesta-sepakbola-di-negeri-penggila-basket
</link>
</artikel>
