<artikel>
	<id>OLA_SB_10_721</id>
	<judul>Hasil Lengkap dan Klasemen Pekan ke-29 ISC A 2016, 18-21 November</judul>
	<tanggal>21/11/16</tanggal>
	<kata_kunci>hasil klasemen isc</kata_kunci>
	<isi> JAKARTA - Menyisakan lima laga, perburuan gelar juara Indonesia Soccer Championship (ISC) A  belum mengerucut pada satu klub. Persaingan sengit masih terjadi di puncak klasemen, bahkan Arema Cronus dan Madura United kembali memiliki poin sama setelah menang atas lawan masing-masing.Arema membungkam Barito Putera - lewat Gol semata wayang Hamka Hamzah pada menit ke- di Stadion  Mei, Banjarmasin, Sabtu (//). Arema mengemas poin sama  dengan Madura United yang juga menang - atas Persija Jakarta di Stadion Pamekasan, Minggu (//), lewat gol Erick Weeks Lewis pada menit ke-. (Baca juga: Bungkam Barito, Arema Pertahankan Takhta ISC A ) atau (Pecundangi Persija, Madura United Jaga Kans Juara ISC A).Persipura juga memanaskan perburuan gelar seusai menang meyakinkan - di kandang Persiba Balikpapan. Empat gol Mutiara Hitam dikemas Ricardo Silva de Almeida pada menit ke-, Ricardo Salampessy (), Osvaldo Ardiles Haay (), dan gol bunuh diri Hermawan (). Sedangkan gol Persiba dicetak Dirkir Kohn Glay saat laga baru berjalan empat menit. Tambahan tiga angka membuat Persipura meraup  angka di peringkat .Sementara di laga penutup, Mitra Kukar mengamankan tiga angka setelah menang - atas Persegres Gresik United di Stadion Aji Imbut, Tenggarong, Senin (//) malam. Dua gol Mitra Kukar dipersembahkan Marlon Da Silva de Moura menit ke-, dan Victor Herrero Forcada dari titik penalti pada menit ke-. Persegres membalas melalui Jusmadi (). Hasil ini membuat Mitra Kukar melonjak ke peringkat  dengan  poin.Berikut hasil lengkap dan klasemen pekan ke- ISC A , - NovemberJumat,  November Pusamania Borneo FC vs Persela Lamongan -Sabtu,  November Barito Putera vs Arema Cronus -Persiba Balikpapan vs Persipura Jayapura -Persib Bandung vs Semen Padang -Minggu,  November Perseru Serui vs Sriwijaya FC -PS TNI vs Bali United -Madura United vs Persija Jakarta -Senin,  November Bhayangkara FC vs PSM Makassar -Mitra Kukar vs Persegres Gresik United -Klasemen ISC A       Pos   Tim    M   Mn   S   K   Gm-Km   P        Arema Cronus                -           Madura United               -           Persipura Jayapura                -           Bhayangkara FC               -           Mitra Kukar                 -           Sriwijaya FC                -           PSM Makassar                -           Persib Bandung                -           Pusamania Borneo FC               -           Semen Padang               -           Perseru Serui                -           Bali United                   -           Persiba Balikpapan               -           Persija Jakarta                -           Persegres Gresik Utd                -           PS TNI               -           Persela Lamongan               -           Barito Putera               -                                               Ket:  *Sumber: indonesiansc.com *M=Main, Mn=-Menang, S=seri, K=Kalah, Gm=Gol memasukkan, GK=Gol kemasukan, P=Poin (sha) dibaca .x </isi>
	<link>http://soccer.sindonews.com/read/1157171/58/hasil-lengkap-dan-klasemen-pekan-ke-29-isc-a-2016-18-21-november-1479740732
</link>
</artikel>
