<artikel>
	<id>OLA_SB_10_176</id>
	<judul>Seri Nasional Liga Santri Nusantara Mulai Bergulir, Diramaikan 32 Tim</judul>
	<tanggal>24/10/16</tanggal>
	<kata_kunci>liga santri nasional</kata_kunci>
	<isi>




 - Liga Santri Nusantara (LSN) mulai memasuki seri nasional. Sebanyak  tim bakal bersaing merebutkan gelar juara di ajang yang sudah memasuki tahun keduanya itu.Seri nasional LSN bakal digelar mulai hari Senin (//). Ajang yang memperebutkan Piala Menteri Pemuda dan Olahraga itu berlangsung sampai  Oktober mendatang di Yogyakarta.Pembukaan babak  besar ini sendiri rencananya akan dilakukan di Stadion Sultan Agung, Bantul, nanti malam. Ada dua tim yang bakal bertanding, yaitu Nur Iman FC Mlangi Sleman melawan Darut Taibin, Tulungagung."Laga ini bakal dihadiri oleh ribuan suporter. Selain berbarengan dengan pembukaan, tuan rumah juga akan tampil," ujar Ketua LSN  Abdul Ghafar Rozin kepada wartawan.Dalam putaran seri nasional LSN, ada tujuh stadion yang akan digunakan. Selain Stadion Sultan Agung Bantul, ada pula Stadion Maguwoharjo Sleman, Stadion Tridadi Sleman, Stadion Dwi Windu Bantul, Stadion Baturetno Bantul, Stadion AAU Timur Bantul, dan Stadion AAU Barat Bantul. Sementara laga final akan dilaksanakan di Stadion Maguwoharjo, Sleman, akhir pekan nanti.LSN  merupakan turnamen sepakbola U- hasil kerjasama Kementerian Pemuda dan Olahraga (Kemenpora) dengan Asosiasi Pondok Pesantren se-Indonesia (RMI PBNU).








</isi>
	<link>http://sport.detik.com/sepakbola/liga-indonesia/3328070/seri-nasional-liga-santri-nusantara-mulai-bergulir-diramaikan-32-tim
</link>
</artikel>
