<artikel>
	<id>OLA_SB_10_699</id>
	<judul>Tren Kemenangan Dihentikan Pusamania, Persipura Gagal Tempel MU</judul>
	<tanggal>05/11/16</tanggal>
	<kata_kunci>persipura, pusamania, masura united, isc</kata_kunci>
	<isi> JAYAPURA - Persipura Jayapura gagal menundukkan Pusamania Borneo di pekan ke- Indonesia Soccer Championship (ISC)  di Stadion Mandala, Jayapura, Sabtu (//). Mutiara Hitam ditahan imbang tanpa gol yang membuat Ian Kabes dkk gagal menempel Madura United di puncak klasemen sementara.Bertanding di depan pendukung sendiri, Persipura malah tampil di bawah performa terbaiknya. Lebih banyak diserang dan minim menciptakan peluang membuat kesulitan menerpa mereka sepanjang babak pertama.Peluang pertama datang dari tim tamu. Pusamania mengancam gawang Persipura lewat tendangan bebas Flavio Beck di menit ke-. Namun kiper Yoo Jae Hoon masih sigap mengamankannya.Di menit ke-, Pusamania akhirnya bisa menjebol gawang Persipura. Pedro Javier yang sudah senang setelah mencatat namanya di papan skor, mesti berbalik kecewa lantaran golnya dianulir wasit Yudi Nurcahya lantaran terperangkap offside.Persipura tersentak lima menit berselang. Ricky Kayame yang diplot jadi ujung tombak, mengancam gawang Muhammad Ridho lewat sepakan keras dari luar kotak penalti. Namun, bola meluncur agak melebar dari gawang Pusamania. Kedua tim melanjutkan pertarungan sengit di lapangan tengah. Namun hingga babak pertama berakhir, skor kacamata tidak berubah.Paruh kedua dimulai, Persipura langsung meningkatkan intensitas serangan. Masuknya Edward Wilson dan Imanuel Wanggai membuat permainan tim asuhan Angel Alfredo Vera lebih 'menggigit'. Membalas strategi lawan, Pusamania menarik Jefri Kurniawan untuk memasukkan Rifal Lastori di menit ke-.Kedua tim saling jual beli serangan. Namun hingga peluit panjang berbunyi, tidak ada gol tercipta. Kedua tim mesti puas mengakhiri laga dengan skor -.Hasil ini membuat Persipura masih tertahan di peringkat dua dengan poin , tertinggal dua poin dari Madura United yang nyaman di puncak klasemen. Sementara tambahan satu poin setelah bisa menghentikan tren kemenangan Persipura, membuat Pesut Etam -julukan Pusamania- naik ke posisi enam dengan pon . Tim asal Kalimantan menggeser Mitra Kukar yang punya jumlah poin sama, namun agresivitas golnya masih lebih rendah.FT: Persipura Jayapura - Pusamania Borneo FC | Pesut Etam mampu curi point dari tanah Papua! #PBFCDay #JayalahPesutEtam— PBFC (@PusamaniaBorneo) November , Susunan PemainPersipura Jayapura: Jae Hoon, Salampessy, Tjoe, Tinus Pae, Sanadi, Alom, Ian Kabes(c) (Wanggai'), Ricardinho, Haay (Edward Wilson'), Kayame (Bio Paulin'), PahabolPusamania Borneo: Ridho, Zulkifli (Ricky Ohorella'), Latief, Firly, Diego Michels, Ponaryo, Flavio Beck, Jefri Kurniawan (Rifal Lastori'), Terens Puhiri, Edilson Tavares (Hendra Ridwan'), Pedro Javier (sha) dibaca .x </isi>
	<link>http://soccer.sindonews.com/read/1153023/58/tren-kemenangan-dihentikan-pusamania-persipura-gagal-tempel-mu-1478336889
</link>
</artikel>
