<artikel>
	<id>OLA_SB_10_714</id>
	<judul>Tujuh Tim Tatap Babak 16 Besar Liga Nusantara</judul>
	<tanggal>23/11/16</tanggal>
	<kata_kunci>liga nusantara</kata_kunci>
	<isi> BLITAR - Sebanyak tujuh tim dari delapan grup telah menatap babak  besar di Liga Nusantara . Keberhasilan ini mereka raih usai memetik dua kemenangan beruntun pada babak penyisihan grup.Selasa (//), Perseden Denpasar sukses membekuk PS Pop Asahan dengan skor -. Sebelumnya mereka membungkam Blitar United empat gol tanpa balas. Dengan hasil ini, Perseden cukup bermain imbang saat menghadapi PS Kodam II/Sriwijaya, Jumat (//).Di Grup B, Persikotas Tasikmalaya juga kumpulkan enam poin dari dua laga. Usai melibas Unhalu FC -, mereka melanjutkan kemenangannya atas Persma . Oleh Persikotas, Persma dihajar -.Penampilan gemilang juga dibuat Persikutim Kutai Timur. Setelah menang - atas Persikota Tangerang, mereka menaklukkan PS Gas Sawahlunto dengan skor -. Sementara di grup E, Persiku Kudus tidak terbendung. Mereka menang - atas Mamuju Utama FC dan - atas PS Belitung Timur.Delta Khatulistiwa juga tidak ternoda di babak penyisihan ini. Mereka menundukkan PS Boalemo - dan YSK  Karimun -. Begitu pula Persilat Lampung Tengah. Mereka meraih enam poin berkat kemenangan - atas PS Putra Palangkaraya dan - atas Nusa Ina FC.Di Grup H, PS Ngada menceploskan tujuh gol tanpa balas ke gawang PS Pelangi Utara. Selain itu mereka juga menang - atas Gama FC.Hasil Liga Nusantara, Selasa (//)GRUP ABlitar United - PS Kodam II/SriwijayaPS Pop Asahan - Perseden DenpasarGRUP BPersma  - Persikotas TasikmalayaUnhaslu FC - PS Urakan GRUP CPersiter Ternate - PSKT Sumbawa BaratRiau FC - PS Pidie Jayadibaca .x </isi>
	<link>http://soccer.sindonews.com/read/1157681/58/tujuh-tim-tatap-babak-16-besar-liga-nusantara-1479898558
</link>
</artikel>
