<artikel>
	<id>OLA_SB_10_078</id>
	<judul>Kekompakan Slamet Nurcahyo dan Patrich Wanggai di Lini Depan MU</judul>
	<tanggal>08/11/16</tanggal>
	<kata_kunci>madura united, persegres gresik, Slamet Nurcahyo, patrich</kata_kunci>
	<isi> BANGKALAN, KOMPAS.com - Satu catatan menarik dari pesta gol Madura United ke gawang Persegres Gresik United bebera waktu lalu adalah padunya duet Slamet Nurcahyo dan Patrich Wanggai di lini serang. Kerja sama kedua pemain ini sangat kompak meski jarang tampil bersama. Kekompakan keduanya bisa dilihat dari gol yang dibuat oleh masing-masing. Slamet mencetak gol pertama Madura United dari umpan Patrich. Sementara, gol kedua Madura United dicetak oleh Patrich lewat umpan yang disodorkan oleh Slamet.Tidak ada janjiandengan Patrich bahwa ketika dia cetak gol melaluiassistdari saya, kemudian harus memberikan sayaassist," ujar Slamet tentang aksi kompaknya dengan sang kolega. Menurut Slamet, apa yang terjadi hanya situasional di atas lapangan saja.Menurut dia, setiap pemain harus memberi bola kepada temanya yang memilik peluang mencetak gol lebih bagus. Tambahan gol ke gawang Persegres kini menbuat koleksi gol Slamet di Torabika Soccer Championship (TSC)  menjadi enam gol. Jumlah itu terbanyak kedua di tim Madura United di bawah Pablo Rodriguez yang sudah  kali membobol gawang lawan. "Tujuan dari tim ini adalah berusaha memenangi pertandingan. Siapa pun yang memiliki peluang besar untuk cetak gol, saya harus dahulukan, ujarnya.</isi>
	<link>http://bola.kompas.com/read/2016/11/08/10573432/Kekompakan.Slamet.Nurcahyo.dan.Patrich.Wanggai.di.Lini.Depan.MU.
</link>
</artikel>
