<artikel>
	<id>OLA_SB_10_787</id>
	<judul>Dihadang 4 Pekan Neraka, Pacuan Juara ISC A 2016 Membara</judul>
	<tanggal>28/11/16</tanggal>
	<kata_kunci>isc</kata_kunci>
	<isi> MADURA - Setelah menelan kekalahan di kandang Persipura Jayapura, perjalanan Madura United (MU) masih cukup rumit di lanjutan Indonesia Soccer Championship (ISC) A . Dalam pekan ini tim berjuluk Sape Kerap bakal melakoni jadwal keras jika melihat padatnya pertandingan.Sesuai jadwal laga, MU bakal menjamu Semen Padang pada Kamis (//) di Stadion Pamellengan, Pamekasan. Hanya berjarak dua hari saja, yakni Minggu (//), tim arahan Gomes De Oliviera sudah harus menjalani laga di kandang Persela Lamongan.Dekatnya jadwal pertandingan tersebut membuat Gomes was-was pemainnya bakal 'kehabisan bensin' dan tidak optimal dalam bermain. Mau tidak mau, pelatih harus merancang recovery khusus untuk tim agar tidak drop."Saya rasa jadwalnya kurang menguntungkan karena hanya berjarak dua hari saja. Saya khawatir dengan stamina pemain. Tim dituntut untuk cepat melakukan recovery setelah pertandingan lawan Semen Padang, agar tidak drop lawan Persela," ungkap Gomes.Soal target, pelatih asal Brasil ingin pasukannya menuntaskan dua laga ke depan dengan tiga angka. Dia masih optimistis peluang timnya untuk mengejar juara ISC  masih sangat terbuka, asalkan bisa menyelesaikan semua laga sisa dengan sempurna."Apa pun situasinya, saya tidak akan mengubah target. Madura United tetap berupaya dengan maksimal untuk menyelesaikan pertandingan dengan kemenangan. Peluang juara masih ada, kita lihat bersama bagaimana nanti kondisinya," tukas Gomes.Gomes mewanti-wanti timnya agar tidak patah arang dulu setelah mencatat tren terburuk di laga tandang selama keterlibatan di ISC . Kekalahan di kandang Persipura menjadi salah satu bukti bahwa mental tim loreng kurang begitu tangguh mendekati akhir musim.Sejatinya, bukan hanya MU yang akan menghadapi tantangan sulit di empat laga sisa. Pemuncak klasemen Arema Cronus menghadapi lawan berat di empat pertandingan sisanya. Setelah dijamu Bali United, Sabtu (//), Singo Edan menjamu Sriwijaya FC, Kamis (//), lalu dijamu Pusamania Borneo FC, dan ditutup laga kontra Persib Bandung.Sedangkan runner-up Persipura Jayapura menjamu tim kuat Bhayangkara FC, Kamis (//), lalu dijamu Mitra Kukar, dijamu Persegres Gresik United, ddan ditutup dengan laga kontra PSM Makassar di Stadion Mandala.Berikut Jadwal  Laga Sisa Tiga Tim Teratas ISC A Jadwal Arema Cronus (Peringkat ,  Poin) -- Bali United vs Arema Cronus-- Arema Cronus vs Sriwijaya FC-- Pusamania Borneo FC vs Arema Cronus-- Arema Cronus vs Persib BandungPersipura Jayapura (Peringkat ,  Poin) -- Persipura Jayapura vs Bhayangkara FC-- Mitra Kukar vs Persipura Jayapura-- Persegres Gresik United vs Persipura Jayapura-- Persipura Jayapura vs PSM MakassarMadura United (Peringkat ,  Poin) -- Madura United vs Semen Padang-- Persela Lamongan vs Madura United-- Madura United vs Perseru-- Barito Putera vs Madura United (sha) dibaca .x </isi>
	<link>http://soccer.sindonews.com/read/1158874/58/dihadang-4-pekan-neraka-pacuan-juara-isc-a-2016-membara-1480325723
</link>
</artikel>
