<artikel>
	<id>OLA_SB_10_645</id>
	<judul>Ikhlas Lepas Muchlis dan Ferdinand ke Timnas, PSM: Semoga Pulang Jadi Juara</judul>
	<tanggal>18/11/16</tanggal>
	<kata_kunci>timnas indonesia, psm</kata_kunci>
	<isi>




 - Setelah Ferdinand Sinaga, PSM Makassar juga melepas Muchlis Hadi Ning ke Timnas. Kubu Juku Eja berharap kedua pemainnya itu tak cuma jadi penghias bangku cadangan.Ferdinand Sinaga sudah sejak awal masuk skuat timnas untuk tampil di Piala AFF . Kondisi berbeda dialami Muchlis Hadi Ning yang berangkat ke Filipina sebagai pemain pengganti.Muchlis disertakan ke Piala AFF setelah Ferdinando Pahabol tidak dilepas Persipura masuk timnas. Pahabol sendiri statusnya adalah pengganti Irfan Bachdim yang terpaksa absen karena cedera. Muchlis sebelumnya dicoret dari pemusatan latihan karena tak lolos seleksi."Muchlis saat ini sudah berada di bandara Hassanudin, dia sedang dalam perjalanan ke Jakarta. Rencananya dari sana langsung ke Filipina," kata Direktur klub PT PSM, Sumirlan lewat sambungan telepon dengan wartawan, Jumat (//).Melepas Muchlis dan Ferdinand ke timnas bukan langkah yang mudah buat PSM. Soalnya mereka juga harus bertarung di Kompetisi ISC, apalagi beberapa pilar PSM kini tengah cedera. Mereka adalah Titus Bonai, Ahmad Hisyam, dan Rasyid Bakrie.Sudah dipanggil memperkuat Timnas, Muchlis dan Ferdinand diharapkan dapat kesempatan main. Meski kekuatannya berkurang, PSM rela dan mendoakan Skuat Garuda jadi juara."Semoga mereka dikasih kesempatan tampil dan bukan hanya pelengkap kursi pemain. Karena kami ikhlas untuk tim nasional dan semoga tim nasional kita bisa sukses dan juara," lanjut dia."Kami menyayangkan pemanggilan Pahabol yang ditolak manajemen (Persipura). Bagaimana Exco dan GTS, kenapa dibiarkan? Harusnya siapa saja yang tidak memenuhi panggilan sesuai komitmen awal harus dihukum. Kami tunggu gebrakan Exco PSSI.Kalau tidak kub lain akan melakukan yang sama," cetus Sumirlan, menyoal ada pemain yang masih dilarang oleh klubnya membela timnas.
						







</isi>
	<link>http://sport.detik.com/sepakbola/liga-indonesia/3348784/ikhlas-lepas-muchlis-dan-ferdinand-ke-timnas-psm-semoga-pulang-jadi-juara
</link>
</artikel>
