<artikel>
	<id>OLA_SB_10_733</id>
	<judul>Liga Futsal Perindo Region Kepri Jaring Atlet Potensial untuk Timnas</judul>
	<tanggal>20/11/16</tanggal>
	<kata_kunci>liga futsal perindo</kata_kunci>
	<isi> BATAM - Olahraga futsal di Kepulauan Riau (Kepri) semakin menggeliat terutama di kalangan anak-anak muda. Liga Futsal Perindo  Region Kepri pun digelar untuk mewadahi antusiasme tersebut sekaligus menjaring pemain berbakat untuk bergabung ke tim nasional (timnas).“Mudah-mudahan ada yang ditarik sebagai atlet profesional di level lebih tinggi. Bisa menjadi timnas lewat ajang Liga Futsal Perindo ini,” ungkap Ketua DPW Partai Perindo Kepri Andi Kusuma saat pembukaan Liga Futsal Perindo di Batam, Kepri, Minggu (/).Andi menjelaskan, antusiasme atlet-atlet muda Kepri mengikuti Liga Futsal Perindo  luar biasa. Mereka berasal dari klub-klub lima kabupaten (Bintan, Karimun, Kepulauan Anambas, Lingga dan Natuna) serta dua kota (Batam dan Tanjungpinang). “Peminatnya banyak sekali. Sehingga kita harapkan hasilnya nanti juga lebih bagus,” tambah Andi.Pada pembukaan tersebut, Andi membuka langsung kompetisi yang rencananya berlangsung hingga empat hari mendatang. Sebanyak  klub bertarung mendapatkan tiket ke Jakarta untuk mengikuti Liga Futsal Perindo tingkat nasional.“Sebanyak  klub yang mengikuti kompetisi ini yang terbaik di Kepri. Kami berharap mereka bisa bertanding dengan semangat tinggi dan menjunjung sportivitas,” kata Andi.Ikut hadir dalam acara pembukaan tersebut di antaranya Ketua DPW Pemuda Perindo Kepri Benheser Manik, perwakilan DPD dan sayap Partai Perindo se-Kepri serta  Dinas Pemuda dan Olahraga setempat. (sha) dibaca .x </isi>
	<link>http://soccer.sindonews.com/read/1156872/58/liga-futsal-perindo-region-kepri-jaring-atlet-potensial-untuk-timnas-1479646583
</link>
</artikel>
