<artikel>
	<id>OLA_SB_10_133</id>
	<judul>Hadapi Filipina, Evan Dimas Bisa Main sebagai Starter</judul>
	<tanggal>20/11/16</tanggal>
	<kata_kunci>pemain indonesia, indonesia lawan filipina</kata_kunci>
	<isi> Laporan langsung Anju Christian dari Manila, Filipina MANILA, KOMPAS.com- Pelatih tim nasional Indonesia, Alfred Riedl, menyatakan bahwaEvan Dimasbisa menjadi starter saat timnya melawan Filipina pada partai lanjutan Grup A Piala AFF  di Philippine Sports Stadium, Selasa (//).   Riedl sempat mengambil keputusan mengejutkan dengan mencadangkan Evan saat melakoni partai pertama kontra Thailand, Sabtu (//). Evan baru masuk pada menit ke- untuk menggantikan Andik Vermansah. Alasannya, Evan berada dalam kondisi kurang bugar setelah sempat menderita tifus pekan lalu. Kini, gelandang berusia  tahun itu sudah siap untuk menjalani pertandingan sejak menit pertama. "Evan Dimasberada dalam kondisi sangat bagus sekarang," ucap Riedl setelah sesi latihan di Lapangan Sekolah Xavier, Manila, Minggu (//). "Dia merupakan salah satu pemain yang dipertimbangkan untuk menjadi starter saat melawan Filipina," kata pelatih asal Austria itu. Syarif Alwi selaku dokter timnas juga mengamini penuturan sang pelatih. "Sudah tidak ada masalah. Saya sudah menyerahkan laporan bahwa dia siap bermain penuh. Keputusan tentu bergantung strategi pelatih nantinya," kata Syarif. Evan merupakan salah satu pemain tidak tergantikan di lini tengah timnas. Dia selalu menjadi starter dalam empat partai uji coba yang dilakoni pasukan Riedl menjelang Piala AFF.</isi>
	<link>http://bola.kompas.com/read/2016/11/20/18244798/hadapi.filipina.evan.dimas.bisa.main.sebagai.starter
</link>
</artikel>
