<artikel>
	<id>OLA_SB_10_117</id>
	<judul>Boaz Solossa: Kami Kurang Beruntung</judul>
	<tanggal>22/11/16</tanggal>
	<kata_kunci>indonesia lawan filipina, piala AFF</kata_kunci>
	<isi> Laporan langsung Anju Christian dari Bocaue, Filipina BOCAUE, KOMPAS.com- Kapten tim nasional (timnas) Indonesia, Boaz Solossa, merasa kurang beruntung saat ditahan - oleh Filipina pada partai kedua Grup A Piala AFF  di Philippine Sports Stadium, Selasa (//). Indonesia unggul dua kali berkat gol Fachruddin Aryanto pada menit ke- dan Boaz pada menit ke-. Adapun Filipina membalas lewat Misagh Bahadoran pada menit ke- dan Phil Younghusband pada menit ke-. Perlu dicatat, dua gol Filipina berasal dari bola mati, yaitu tendangan bebas tidak langsung dan langsung. Prosesnya berawal dari pelanggaran tidak perlu dari Benny Wahyudi. Tidaklah mengherankan apabila Boaz menilai, timnya bisa menang asalkan tidak melakukan kesalahan. "Kami kurang beruntung dan seharusnya bisa memenangi pertandingan. Namun, inilah sepak bola. Apa pun bisa terjadi," ucap Boaz setelah pertandingan. Statistik akhir laga #INA - #PHI. #BanggaGarudaKita pic.twitter.com/tYAbFuPg   Akibat hasil ini, Indonesia tertahan di posisi buncit dengan koleksi dua poin dari dua laga. Di atasnya, ada Singapura yang unggul selisih gol. Adapun Filipina bertengger di peringkat kedua berkat raupan dua poin atau terpaut empat angka dari Thailand, yang sudah memastikan tempat ke semifinal. Artinya, untuk lolos ke babak selanjutnya, Indonesia wajib memenangi partai terakhir kontra Singapura sambil berharap Filipina gagal mengalahkan Thailand, Jumat (//). "Kami fokus saja melawan Singapura. Kesempatan lolos belum tertutup," ujar penyerang milik Persipura itu. Laga terakhir nanti bakal digelar bersamaan. Indonesia dan Singapura bermain di Rizal Memorial Stadium, Manila, sedangkan Filipina dan Thailand tidak berpindah dari Philippine Sports Stadium.  </isi>
	<link>http://bola.kompas.com/read/2016/11/22/22141718/boaz.solossa.kami.kurang.beruntung
</link>
</artikel>
