<artikel>
	<id>OLA_SB_10_680</id>
	<judul>Kurnia Meiga Jadi Pilihan Utama Skuat Garuda Hadapi Vietnam</judul>
	<tanggal>08/11/16</tanggal>
	<kata_kunci>indonesia lawan vietnam, uji coba</kata_kunci>
	<isi> HANOI - Penjaga gawang Kurnia Meiga diplot sebagai starter saat Timnas Indonesia melakoni laga uji coba di kandang Vietnam, Selasa (//) petang WIB. Selama uji coba tandang Skuat Garuda jelang Piala AFF , ini merupakan kali pertama Meiga tampil. Keputusan Alfred Riedl untuk memasang Meiga sebagai penjaga gawang utama Timnas Indonesia didasari pada faktor kebugaran pemain. Sebelumnya, Meiga memang disebut baru pulih % pasca-cedera kala memperkuat Arema Cronus. Pada tiga laga uji coba terakhir, gawang Timnas Indonesia selalu dijaga Andritany Ardhiyasa. Catatan penjaga gawang  tahun kelahiran Jakarta itu adalah dua kali clean sheet dan dua kali kebobolan, tepatnya ketika bermain imbang - melawan Vietnam di Solo. Sekadar informasi, jika memenangkan pertandingan kontra Vietnam, Indonesia akan mendapatkan kemenangan perdana di laga ujicoba tandang pasca-hukuman FIFA. Sebab, dalam lawatan sebelumnya menghadapi Myanmar, Boaz dkk ditahan imbang -.Setelah menghadapi Vietnam di Hanoi, Skuat Garuda dijadwalkan kembali ke tanah air pada  November  untuk melakukan pemusatan latihan di Tangerang, kemudian mereka bakal bertolak menuju Manila pada  November  guna mengikuti Piala AFF . (Baca juga: Preview Vietnam vs Indonesia: Waspadai Serangan Cepat Tuan Rumah) Susunan pemain Indonesia,  Timnas Indonesia: Kurnia Meiga (GK), Benny Wahyudi, M Abduh, Fachruddin, Yanto Basna, Rizki Pora, Stefano L, Andik Vermansah, Evan Dimas, Boas Solossa, Irfan Bachdim. Starting , Timnas Indonesia: Kurnia M (GK): Benny W, M Abduh, Fachruddin, Y Basna: Rizki Pora, Stefano L, Andik V, Evan D: Boas S, Irfan B— PSSI - FAI (@pssi__fai) November ,  (bep) dibaca .x </isi>
	<link>http://soccer.sindonews.com/read/1153691/58/kurnia-meiga-jadi-pilihan-utama-skuat-garuda-hadapi-vietnam-1478597634
</link>
</artikel>
