<artikel>
	<id>OLA_SB_10_626</id>
	<judul>Menpora Minta PSSI Bersikap Tegas pada Klub yang Tidak Lepas Pemain ke Timnas</judul>
	<tanggal>20/11/16</tanggal>
	<kata_kunci>piala aff, timnas indonesia, menpora, pssi</kata_kunci>
	<isi>




 - Menteri Pemuda dan Olahraga Imam Nahrawi menyesalkan klub yang tidak melepas pemainnya untuk memperkuat timnas. Ia juga mengapresiasi hasil Indonesia di laga pertama Piala AFF . ketika berhadapan dengan Thailand di Philippine Sports Stadium, Bocaue, Sabtu (//) sore WIB, setelah sebelumnya sempat tertinggal - dan menyamakan kedudukan."Timnas kita sudah menampilkan performa terbaiknya melawan Thailand. Sudah pasti harus dievaluasi di mana titik lemah tim sehingga lebih hebat lagi menghadapi saat menghadapi Singapura dan Philipina pada pertandingan berikutnya," kata Imam lewat pesan singkatnya kepada detikSport.[Baca juga: ]"Yang saya sesali kenapa permintaan pelatih timnas kepada Semen Padang dan Persipura untuk melepas pemainnya tidak dikabulkan. Padahal bisa jadi itu akan memperkuat timnas dan pasti jadi cita-cita semua pemain," lanjutnya.Sehubungan dengan itu, Menpora pun mengimbau PSSI agar bersikap tegas. "Karenanya saya minta kepada PSSI agar tegas kepada siapapun yang menolak demi timnas," sebutnya.[Baca juga: ]








</isi>
	<link>http://sport.detik.com/sepakbola/liga-indonesia/3349635/menpora-minta-pssi-bersikap-tegas-pada-klub-yang-tidak-lepas-pemain-ke-timnas
</link>
</artikel>
