<artikel>
	<id>OLA_SB_10_648</id>
	<judul>Bagaimana Sikap PSSI terhadap Klub yang Tak Lepas Pemainnya ke Timnas?</judul>
	<tanggal>18/11/16</tanggal>
	<kata_kunci>pssi, timnas indonesia</kata_kunci>
	<isi>




 - Pelatih timnas Indonesia Alfred Riedl sempat mengeluhkan klub-klub yang tidak melepas pemainnya. Wakil Ketua Umum PSSI Joko Driyono pun memberi tanggapan.Seperti diberitakan sebelumnya Riedl merasa kurang leluasa meracik tim untuk dibawa ke Piala AFF , secara khusus karena pemain yang ingin ia masukkan ke skuat tidak dilepas oleh klubnya tempat bernaung.[Baca juga: ]Pada dasarnya, kendala Riedl itu juga tidak lepas dari kesepakatan antara PT GTS (Gelora Trisula Semesta), selaku operator Torabika Soccer Championship (TSC), dengan klub-klub yang hanya bisa melepas dua pemain ke timnas.Dalam satu kasus Riedl gagal membawa Ferinando Pahabol (Persipura Jayapura). Merujuk pada aturan restriksi dua pemain per klub, di atas kertas baru ada satu pemain Persipura lain di skuat yakni Boaz Salossa--Dominggus Fakdawer sempat dipanggil tapi telah dicoret.Joko Driyono, yang juga masih menjabat sebagai direktur utama PT GTS, menyatakan bakal bersikap tegas menyikapi permasalahan yang mengganggu persiapan timnas itu. Ia akan membawa masalah tersebut ke rapat Komite Eksekutif guna mengambil keputusan."Ini bukan hal sederhana dan bukan sekedar masalah ISC dan GTS. Ini akan jadi agenda PSSI untuk segera melakukan rapat Exco," ujar Joko saat dihubungi, Jumat (//)."Membela negara atau garuda adalah panggilan bukan paksaan. Timnas harus diisi oleh mereka yang memberikan hatinya untuk merah putih," tuturnya.Sebelum ini PT GTS menyatakan klub yang menolak melepas pemain ke dalam daftar  pemain timnas akan dihukum, dengan sanksi terberat bahkan tak boleh ikut berkompetisi. Terkait itu Joko belum mau membahas potensi sanksi terhadap Jayapura karena saat ini PSSI disebutnya ingin lebih dulu fokus untuk mendukung timnas di Piala AFF ."Mari kita berikan dukungan kepada skuat terbaik bersama Riedl yang saat ini berada di Filipina," katanya.








</isi>
	<link>http://sport.detik.com/sepakbola/liga-indonesia/3348514/bagaimana-sikap-pssi-terhadap-klub-yang-tak-lepas-pemainnya-ke-timnas
</link>
</artikel>
