<artikel>
	<id>OLA_SB_10_152</id>
	<judul>Indonesia Ujicoba dengan Myanmar dan Vietnam, Ini Target Alfred Riedl</judul>
	<tanggal>02/11/16</tanggal>
	<kata_kunci>laga uji coba, myanmar lawan vietnam</kata_kunci>
	<isi>




 - Timnas Indonesia akan menghadapi dua ujicoba tandang melawan Myanmar dan Vietnam. Pelatih Alfred Riedl pun menargetkan untuk bisa mendapatkan gambaran starting eleven di laga perdana Piala AFF .Timnas Indonesia telah bertolak ke Yangon, Myanmar, Rabu (/) hari ini pukul . WIB. Dari Bandara Soekarno Hatta, Tangerang, mereka terbang menggunakan pesawat Thaiairways. Dari tanah air, Riedl hanya membawa  pemain. Akan ada tiga pemain akan menyusul yaitu Andik Vermansah, Stefano Lilipaly dan Irfan Bachdim.Untuk ujicoba pertama, Indonesia akan lebih dulu melawan Myanmar pada  November di Yangon, lalu menjajal Vietnam pada  November di Hanoi.Riedl menilai Myanmar dan Vietnam memiliki kekuatan yang berbeda. Namun, pelatih asal Austria ini menekankan bahwa target utamanya adalah melihat perkembangan serta mencari komposisi terbaik untuk starting eleven Piala AFF ."Mereka (Myanmar) tentu sangat termotivasi, karena mereka yang menjadi tuan rumah dan mereka mempunyai persiapan yang panjang. Akan menjadi sulit bagi kami dalam laga ini tentunya. Namun, saya harap kami mampu memberikan hasil yang baik," ujar Riedl sebelum berangkat."Untuk menghadapi Vietnam seperti apa, akan kami persiapkan nanti. Tapi menurut pendapat saya yang terpenting bagaimana kami dapat menghadapi lawan yang lebih kuat di laga tandang nanti.""Namun yang jelas targetnya adalah untuk menentukan starting eleven untuk laga pertama di Manila (PIala AFF) dan juga melihat kemajuan para pemain dan tentu saja ingin mendapatkan hasil yang baik," paparnya.Pada laga perdana Piala AFF , timnas Indonesia akan menghadapi Thailand pada  November di Philippine Sports Stadium, Bocaue. Selain Thailand, skuat 'Garuda' juga tergabung bersama Filipina dan Singapura di Grup A.Soal adaptasi beberapa pemain baru yang telat bergabung, Riedl mengaku tak khawatir. Dia menyakini pemainnya bisa cepat beradaptasi dengan taktik dan strateginya. Dari tiga pemain yang menyusul, hanya Irfan Bachdim yang kondisi terakhirnya mengalami cedera."Saya rasa tidak membutuhkan waktu lama untuk mereka memahaminya. Saya rasa tidak akan ada masalah. Saya harap mereka akan segera fit," katanya.
						







</isi>
	<link>http://sport.detik.com/sepakbola/liga-indonesia/3335566/indonesia-ujicoba-dengan-myanmar-dan-vietnam-ini-target-alfred-riedl
</link>
</artikel>
