<artikel>
	<id>OLA_SB_10_090</id>
	<judul>Arema Ingin Kalahkan Persela dan Kembali ke Puncak Klasemen</judul>
	<tanggal>05/11/16</tanggal>
	<kata_kunci>arema, persela, puncak klasemen</kata_kunci>
	<isi>  MALANG, KOMPAS.com -Arema Cronus optimistis bakal memenangi pertandingan saat menjamu Persela Lamongan dalam lanutan TSC  di Stadion Kanjuruhan, Kabupaten Malang, Minggu (//) besok. Andai kemenangan itu terwujud, tim Singo Edan besutan Milomir Seslija bakal kembali ke puncak klasemen sementara. Arema sempat bertengger di puncak klasemen sementara seusai mengalahkan Semen Padang - di Stadion H Agus Salim pada Jumat (//) lalu. Arema menggusur posisi Madura United sebagai pemuncak klasemen, meski sama-sama mengoleksi  poin. Namun Arema kembali tertinggal setelah Madura United mampu menekuk Persegres dengan skor - di Stadion Gelora Bangkalan pada Jumat (//). Mereka pun unggul tiga angka atas Arema. Melihat jarak tiga poin dengan Madura United, nyali pemain Singo Edan terlecut untuk kembali menguasai puncak klasemen dengan mengalahkan Persela Lamongan yang akan bertandang ke markasnya. "Kami ingin menang. Kami akan berusaha supaya di atas lagi," kata gelandang Arema Cronus, Ferry Aman Saragih dalam konferensi pers di kantor Arema Cronus, Sabtu (//). "Kami targetkan menang karena percaya diri. Hal itu muncul lantaran kami menang melawan Semen Padang dan kekompakan tim," tuturnya lagi. Meski demikian, posisi klasemen sementara bukanlah target utama dari Arema karena perjalanan kompetisi masih panjang.</isi>
	<link>http://bola.kompas.com/read/2016/11/05/23125728/arema.ingin.kalahkan.persela.dan.kembali.ke.puncak.klasemen
</link>
</artikel>
