<artikel>
	<id>OLA_SB_10_060</id>
	<judul>Persela Kembali Diperkuat Sejumlah Pemain Pilar</judul>
	<tanggal>24/10/16</tanggal>
	<kata_kunci>Persela Lamongan, Dwi Kuswanto, Barito Putera, Aang Suparman, Hedipo Gustavo</kata_kunci>
	<isi>  LAMONGAN, KOMPAS.com  Guna menghadapi tantangan tuan rumah Barito Putera dalam lanjutan TSC  pekan ke-, skuad Persela Lamongan telah bertolak menuju Banjarmasin pada Sabtu (//) kemarin, dengan berkekuatan  pemain. Menghadapi Barito Putera, Persela mendapat angin segar dengan kembali bergabungnya Edy Gunawan, Choi Hyun Yeon, dan Dendy Sulistyawan, yang sebelumnya sempat absen menghadapi Perseru Serui, pada  Oktober  lalu. Hanya, kini giliran penjaga gawang Dwi Kuswanto yang harus absen. Ia tidak dibawa menuju Banjarmasin lantaran mengalami cedera pinggul saat memperkuat Persela menghadapi Perseru. Padahal, Dwi yang dipercaya menggantikan Choirul Huda sebagai kiper utama dalam tiga pertandingan terakhir, belum sekalipun kebobolan.  Dwi sedang mengalami cedera pinggul seusai bertabrakan dengan salah satu pemain Perseru. Meskipun tanpa Dwi, kami tetap bertekad ingin bisa mendapatkan poin di markas Barito,  tutur pelatih Persela Aji Santoso saat dihubungi, Minggu (//). Absennya Dwi membuat opsi penjaga gawang utama besar kemungkinan akan kembali diberikan kepada Huda yang sebelumnya hanya dipercaya menghangatkan bangku cadangan, seusai kebobolan lima gol saat jumpa Persipura Jayapura pada pekan ke-.  Saya sudah berusaha melupakan momen kebobolan lima gol lawan Persipura. Kalau memang dipercaya mengawal gawang Persela saat jumpa Barito, saya sudah siap,  ucap Huda saat dihubungi secara terpisah.  Selain Dwi, pemain lain tim Laskar Joko Tingkir yang tidak akan bisa turun menghadapi Barito adalah Aang Suparman dan Hedipo Gustavo. Aang tidak bisa ikut dalam rombongan lantaran hukuman akumulasi kartu. Sementara Hedipo yang sebenarnya turut dalam rombongan, harus balik ke Lamongan lantara cederanya kambuh.  Hedipo Gustavo harus pulang untuk menjalani terapi penyembuhan cedera otot paha. Bagi kami, itu tidak masalah karena pemain pengganti sudah kami persiapkan,  kata Aji. Pada putaran pertama TSC , Persela yang mendapat kesempatan lebih dulu dalam menjamu Barito Putera. Saat itu, di Stadion Surajaya, Lamongan, Persela menang dengan skor -. Dua dari empat gol kemenangan tim Laskar Joko Tingkir waktu itu dilesakkan oleh Dendi pada menit ke- dan menit ke-. Dua gol lainnya dicetak Herman Dzumafo Epandi yang kini tak lagi bersama tim Laskar Joko Tingkir pada menit ke- dan menit ke-.</isi>
	<link>http://bola.kompas.com/read/2016/10/24/06230008/persela.kembali.diperkuat.sejumlah.pemain.pilar.
</link>
</artikel>
