<artikel>
	<id>OLA_SB_10_018</id>
	<judul>40 Tim Ikuti BSS Cup 2016</judul>
	<tanggal>31/10/16</tanggal>
	<kata_kunci>BSS CUP, 2016, tim</kata_kunci>
	<isi>  JAKARTA, KOMPAS.com -Sebanyak  tim mengikuti turnamen kelompok umur BSS CUP  digelar di Lapangan Legenda Football Arena (LFA) Kota Bekasi, Sabtu-Minggu (- Oktober ). Turnamen ini digelar oleh Brazilian Soccer School (BSS).Turnamen kelompok umur yang memperebutkan piala dan piagam dari BSS itu digelar mulai di bawah usia  tahun (U-), U-, U-, dan U-. Pesertanya adalah tim sekolah sepak bola (SSB) dan sekolah umum.Direktur pelatih BSS, Aiken, mengatakan turnamen ini merupakan kegiatan tahunan dari BSS yang menyediakan wadah kompetisi anak kelompok umur."Kami menyediakan kegiatan positif dengan membuat satu wadah kompetisi sepak bola kelompok usia muda untuk membangun karakter dan mendidik anak bemain sportif," kata Aiken dalam rilis kepadaKompas.com, Senin (//).Direktur Tim BSS LFA, Maxi Hidayat mengatakan pihaknya bekerjasama dengan manajemen BSS dalam menyelenggarakan turnamen ini. Kerjasama ini dilakukan lantaran kesamaan visi yang diusung antara BSS dengan LFA."Karena sama-sama fokus pada pengembangan usia muda makanya kami memutuskan untuk kerjasama dengan mengusung klub BSS LFA," ujarnya.Tim LFA merupakan wakil Indonesia yang bertarung di kejuaraan Internasioal Iber Cup U- di Estoril, Portugal Tahun . Tim ini terbentuk hasil seleksi dari Turnamen HOS Tjokroaminoto Cup yang memperebutkan Piala Menpora. </isi>
	<link>http://bola.kompas.com/read/2016/10/31/15390558/40.tim.ikuti.bss.cup.2016
</link>
</artikel>
