<artikel>
	<id>OLA_SB_10_730</id>
	<judul>Tantang Bhayangkara FC, PSM Makassar Siapkan Rencana B</judul>
	<tanggal>20/11/16</tanggal>
	<kata_kunci>bhayangkara fc lawan psm makassar, isc</kata_kunci>
	<isi> MAKASSAR - Tim pelatih PSM Makassar menyiapkan rencana B saat menantang Bhayangkara FC pada pekan ke- Indonesia Soccer Championship (ISC) A  di Stadion Deltra Sidoarjo, Senin (//) sore.Juku Eja menyiapkan Andri Faisal Amru untuk mengantisipasi kondisi Titus Bonai. Meski pemain asal Papua ini dibawa pada tur kali ini, namun kondisi terakhir jelang pertandingan masih harus diperhatikan.Pemain yang akrab disapa Tibo tersebut menderita cedera pinggul. Meski sudah bisa bermain namun tim pelatih tidak mau mengambil risiko lebih besar jika memaksakannya tampil. Pasalnya, masih ada sejumlah pertandingan penting yang harus dilalui Juku Eja.Pada tur ke Sidoarjo, tim pelatih membawa  pemain terbaiknya untuk meraih hasil maksimal dipertandingan tersebut. Termasuk Tibo. Pemain depan andalan PSM ini turut di bawa karena tinggal dirinya yang merupakan striker karena sejumlah pemain dipastikan absen seperti Muchlis Hadi, Ferdinand Sinaga, dan Luiz Ricardo.Asisten Pelatih PSM. Imran Amirullah mengatakan, pihaknya masih menunggu kondisi terakhir Tibo, karena kehilangan Ferdinand dan Muchlis memang berdampak pada lini depan. "Kalau pun Tibo tidak bisa tampil, kami sudah disiapkan pemain muda," kata dia.Dia menjelaskan, pihaknya tidak mau larut dengan kondisi tersebut, bahkan tim kepelatihan sudah menyiapkan sejumlah hal. "Yang jelas tim sudah siap menjalani pertandingan," jelasnya.Peran Tibo di lini depan cukup penting, bahkan pemain asal Papua ini sudah mencetak empat gol sejak menggantikan Ferdinand Sinaga yang dipanggil timnas. Sehingga, Tibo diberikan peran baru menjadi goal getter.Asisten Fisioterapi PSM Wahyu mengatakan, sebenarnya kondisi Tibo sudah bisa tampil di pertandingan nanti. "Kondisinya sudah bagus, dia siap tampil dilaga nanti," jelasnya. (sha) dibaca .x </isi>
	<link>http://soccer.sindonews.com/read/1156889/58/tantang-bhayangkara-fc-psm-makassar-siapkan-rencana-b-1479652369
</link>
</artikel>
