<artikel>
	<id>OLA_SB_10_119</id>
	<judul>Dua Kali Unggul, Indonesia Ditahan Filipina</judul>
	<tanggal>22/11/16</tanggal>
	<kata_kunci>indonesia lawan filipina, piala AFF</kata_kunci>
	<isi>  BULACAN, KOMPAS.com -Sempat  kali unggul, Indonesia dipaksa bermain imbang - dengan Filipina pada pertandingan lanjutan penyisihan Grup A di Philippine Sports Stadium, Selasa (//). Hasil ini membuat Indonesia tetap berpeluang lolos ke semifinal meskipun baru mengoleksi  poin dari  laga. Tetapi, skuad Garuda harus melakoni laga hidup dan mati melawan Singapura pada pertandingan terakhir, Jumat (//). Singapura juga mengoleksi  poin. Indonesia harus menang atas Singapura, seraya mengharapkan Filipina dikalahkan Thailand. Pelatih timnas Indonesia, Alfred Riedl, hanya melakukan satu perubahan padastarting elevendalam laga ini. Dia memainkanEvan Dimasyang pada laga sebelumnya tak dimainkan.Indonesia pun mampu melakukan start dengan baik karena unggul terlebih dulu pada menit ke- berkat gol bek Fachruddin Aryanto.Dari tendangan bebas yang dieksekusi Stefano Lilipaly, Fachruddin melepaskan tandukan keras yang tak mampu dibendung kiper Roland Mueller. #FACTGol Fachruddin tadi adalah hasil kreasi Lilipaly. Ini adalah assist keduanya untuk timnas. Uniknya, assist pertamanya saat melawan ???????? ???? Click on the link to watch Fachruddin Diaryanto's opening goal!https://t.co/OAJbBZX#AFFSuzukiCup#INAvPHIpic.twitter.com/TUKtridw Setelah itu, gawang Indonesia nyaris  kali kebobolan andai saja kiper Kurnia Meiga tidak melakukan penyelamatan gemilang.Pada menit ke-, misalnya, Stephan Shrock melepaskan tembakan dari luar kotak penalti. Beruntung bagi Indonesia, Meiga dengan sigap menepis bola.Tiga menit kemudian, Indonesia membalas ancaman tersebut melalui sepakan keras Boaz Solossa dari dalam kotak penalti. Akan tetapi, bola hasil tembakan Boaz masih bisa dibuang Jeffrey Christiaens yang berdiri tepat di bawah gawang Filipina.   Pada menit ke-, gawang Kurnia Meiga kembali terancam oleh tembakan keras Misagh Bahadoran. Namun, sepakan keras pemain bernomor punggung  tersebut masih melebar. Kurnia Meiga kembali dibuat jatuh-bangun menghadang tembakan Younghusband pada menit ke-. Namun, bola hasil tembakan Younghusband masih bisa ditepis Kurnia Miega. The Azkals, julukan Filipina, akhirnya bisa mencetak gol balasan. Adalah Bahadoran yang menggetarkan jalan gawang Indonesia memanfaatkan tendangan bebas Stephan Schrock pada menit ke-. Indonesia sempat mencetak gol kedua melalui Boaz. Namun, gol pemain Persipura Jayapura tersebut dianulir karenaoffside. Boaz kemudian berhasil melepaskan tusukan dari sisi kanan pertahanan tim tuan rumah. Namun, bola hasil tembakan Boaz masih bisa ditepis Mueller.  Setelah itu, kedua tim saling bertukar serangan tetapi tak ada gol tambahan dari kedua tim. Selepas jeda, Filipina memegang kendali permainan. Ancaman pertama langsung dilepaskan Schrock. Akan tetapi, bola hasil tembakan bernomor punggung  tersebut masih gagal mengenai sasaran. Di balik tekanan tersebut, Indonesia menyelipkan ancaman melalui tembakan Lilipaly tetapi bola masih bisa ditepis Mueller pada menit ke-. Mueller kembali melakukan penyelamatan gemilang saat menangkap bola dari sepakan kerasEvan Dimaspada menit ke-. Indonesia berusaha menjaga konsistensi serangan. Semenit kemudian, giliran Andik yang melepaskan tembakan. Sayang, bola hasil tembakan Andik membentur tiang. Team StatisticsIndonesia : Philippines#INAvPHI#AFFSuzukiCuphttps://t.co/EFPKkjRfpic.twitter.com/OjuILcCtby Usaha keras Indonesia akhirnya membuahkan hasil setelah Boaz menciptakan gol pada menit ke-. Boaz mencetak gol dengan memaksimalkan bola liar dari tendangan Andik yang membentur tiang.  Filipina berusaha bangkit. Sebuah tendangan bebas dari Younghusband nyaris menjadi malapetaka bagi Indonesia andai Kurnia Meiga tidak sigap menepis bola. Usaha Filipina akhirnya tidak sia-sia. Mereka mampu menyamakan kedudukan - berkat gol Younghusband pada menit ke-. Sang kapten mencetak gol dari tendangan bebas yang dieksekusinya. Bola sepakan keras Younghusband bersarang ke sisi kanan atas gawang Indonesia. Setelah kebobolan, Riedl memasukkan Ferdinand Sinaga. Penyerang PSM Makassar tersebut diharapkan bisa menjadi keberuntungan. Ferdinand melepaskan ancaman pertama dengan menendang bola dari luar kotak penalti pada menit ke-. Namun, Ferdinand harus gigit jari karena bola masih bisa ditepis Mueller.    Susunan Pemain Indonesia (--): -Kurnia Meiga; -Beny Wahyudi, -Yanto Basna, -Fachruddin Aryanto, -Abduh Lestaluhu; -Evan Dimas, -Stefano Lilipaly; -Andik Vermansah (Zulham Zamrun ), -Rizky Pora; -Boaz Solossa, -Lerby Eliandry (Ferdinand Sinaga )Pelatih:Alfred RiedlFilipina:-Roland Mueller; -Martin Steuble. -Amani Aguinaldo, -Jeffrey Christiaens, -Kevin Ingreso; -Misagh Bahadoran, -Manuel Ott, -Philip Younghusband, -Hikaru Minegishi (Ramsay ); -Mike Ott; -Stephan SchrockPelatih:Thomas Dooley</isi>
	<link>http://bola.kompas.com/read/2016/11/22/21001228/dua.kali.unggul.indonesia.ditahan.filipina
</link>
</artikel>
