<artikel>
	<id>OLA_SB_10_057</id>
	<judul>Liga Santri Modal Perbaikan Masa Depan Sepak Bola Nasional</judul>
	<tanggal>25/10/16</tanggal>
	<kata_kunci>Liga Santri Nusantara, Muhaimin Iskandar, Nur Iman Sleman, Daruttaibin</kata_kunci>
	<isi>  JAKARTA, KOMPAS.com -Seri Nasional Liga Santri Nusantara  telah dibuka di Stadion Sultan Agung Bantul Yogyakarta pada Senin (//). Sejumlahtokoh santri nasional dan sekaligus Ketua Umum PKB H.A Muhaimin Iskandar, Ketua RMI sekaligus Ketua Panitia Nasional LSN KH. Abdul Ghafar Rozin, Anggota DPR RI Agus Sulis, Pemerintah Daerah Bantul, dan DPRD, hadir dalam acara pembukaan tersebut. Dalam sambutannya Rozin menyatakan bahwa gelaran LSN akan menjadi salah pembinaan sepak bola nasional yang akan diperhitungkan olehstakeholdersepak bola di Indonesia. "Ada sedikit kemajuan pelaksanaan LSN dari tahun kemarin yang hanya diikuti  pesantren menjadi  pesantren pada tahun ini," ujar Gus Rozin dalam rilis kepadaKompas.com, Selasa (//). Di sisi lain, Ketua Umum PKB sekaligus tokoh santri Muhaimin Iskandar menyatakan bahwa pelaksanaan LSN saat ini sudah cukup pesat kemajuannya secara kualitas. "Saya yakin liga santri akan menjadi modal terhadap perbaikan masa depan sepak bola nasional," tutur Muhaimin. Sepak mula seri nasional yang diikuti oleh  tim dimulai dengan tendangan simbolis oleh Muhaimin jelang laga pembuka antara tuan rumah PP Nur Iman Sleman melawan Darut Taibin Jatim II. Dalam laga tersebut, Nur Iman Sleman berhasil memenangi laga dengan skor -. Gol dicetak oleh Ari Pambudi pada menit ke- dan ke-. Sementara gol Daruttaibin yang mewakili region Jatim II, dicetak Moh Alim Alvin pada menit ke- melalui tendangan bebas. Pada laga kedua Selasa (//) pagi, Nur Iman menaklukkan DDI aballang Sulsel dengan skor telak -. Dengan hasil ini, Nur Iman memimpin klasemen sementara dengan enam poin dan memastikan lolos ke babak berikutnya.</isi>
	<link>http://bola.kompas.com/read/2016/10/25/16375008/liga.santri.modal.perbaikan.masa.depan.sepak.bola.nasional
</link>
</artikel>
