<artikel>
	<id>OLA_SB_10_191</id>
	<judul>Riedl Jelaskan Kondisi Andik dan Evan Dimas</judul>
	<tanggal>23/11/16</tanggal>
	<kata_kunci>pemain indonesia</kata_kunci>
	<isi>




 - Andik Vermansah dan Evan Dimas diganti saat Indonesia bermain imbang - dengan Filipina. Mereka berdua cedera dan pelatih Alfred Riedl punya penjelasan terkait kondisi mereka.Andik ditarik keluar di menit ke- pada pertandingan di Philippine Sports Stadium, Bocaue, Selasa (//). Dia digantikan oleh Zulham Zamrun.Berselang dua menit, giliran Evan Dimas yang meninggalkan lapangan. Gelandang milik Bhayangkara FC itu digantikan oleh Bayu Pradana."Andik mengalami cedera, dia sudah kesakitan sejak babak pertama. Kami harus menggantinya karena sudah sangat kesakitan.  Kami memaksanya dengan menggunakan pain killer, tapi dia sudah tidak kuat lagi maka kami harus menariknya karena dia pun sudah banyak tersiksa di lapangan," jelas Riedl seusai pertandingan."Kami saat ini belum begitu tahu bagaimana kondisi Evan Dimas sekarang, tapi dia sangat kesakitan karena mendapat masalah di pinggangnya. Kami khawatir ada sedikit retak di tulangnya, memang kami mendapat lawan yang bermain kasar hari ini," katanya.Hasil imbang dengan Filipina menyulitkan upaya Indonesia untuk lolos ke semifinal Piala AFF . Indonesia belum beranjak dari posisi terbawah di klasemen Grup A karena baru meraih satu poin dari dua pertandingan, di bawah Thailand (), Filipina (), dan Singapura (). Indonesia masih menyisakan satu pertandingan lagi di babak penyisihan grup, yaitu melawan Singapura pada Jumat (/) mendatang.
						







</isi>
	<link>http://sport.detik.com/sepakbola/liga-indonesia/3352043/riedl-jelaskan-kondisi-andik-dan-evan-dimas
</link>
</artikel>
