<artikel>
	<id>OLA_SB_10_625</id>
	<judul>Jelang Lawan Filipina, Indonesia Berlatih untuk Antisipasi Crossing</judul>
	<tanggal>20/11/16</tanggal>
	<kata_kunci>indonesia lawan filipina, piala aff</kata_kunci>
	<isi>




 - Timnas Indonesia langsung berlatih lagi usai pertandingan pertama Grup A Piala AFF. Tim 'Merah-Putih' menjalani latihan ringan.Berjalan di lapangan Xavier School, San Juan City, Minggu (//) pagi waktu Filipina, sesi ini dipimpin langsung oleh pelatih timnas Indonesia Alfred Riedl.Timnas tiba di lapangan pukul .. Tim yang menjadi starter di laga melawan Thailand cuma menjalani sesi recovery. Sementara tim cadangan menjalani latihan dipandu asisten pelatih, Wolfgang Pikal.Sebelum latihan dimulai, Riedl melakukan pengarahan lebih dulu sekitar  menit. Suasana latihan berjalan santai.Salah seorang penggawa timnas, Rizky Pora, terlihat agak pincang saat menjalani pemanasan. Dia lalu jogging sendirian. Saat latihan selesai paha kanan pemain Barito Putra itu dikompres dengan es.Tim cadangan difokuskan melakukan latihan , sekaligus untuk mengantisipasi bola silang Filipina. Latihan selesai sekitar pukul .."Untuk latihan kali ini, pemain yang bermain melawan Thailand cuma menjalani recovery selama  menit. Sementara yang lainnya menjalani banyak latihan crossing dan antisipasinya karena laga melawan Filipina pasti akan banyak umpan silang. Beberapa pemain memang kami siapkan untuk itu," kata Riedl seusai latihan kepada pewarta. atas Thailand dalam pertandingan pertamanya. Pasukan Riedl sempat ketinggalan -, bangkit dan menyamakan kedudukan, walaupun akhirnya menelan kekalahan. 'Skuat Garuda' berikutnya akan menghadapi tuan rumah Filipina pada hari Selasa (/).








</isi>
	<link>http://sport.detik.com/sepakbola/liga-indonesia/3349639/jelang-lawan-filipina-indonesia-berlatih-untuk-antisipasi-crossing
</link>
</artikel>
