<artikel>
	<id>OLA_SB_10_077</id>
	<judul>Tidak Tahu Petisi Bonek, Manajemen Persebaya Konsentrasi dengan Tim</judul>
	<tanggal>08/11/16</tanggal>
	<kata_kunci>Persebaya, kongres PSSI, Chusnul Farid</kata_kunci>
	<isi> SURABAYA, KOMPAS.com- Manjemen Persebaya memilih untuk konsentrasi pembentukan tim ketimbang ;menanggapi petisi yang dibuat para bonek agar Persebaya menjadi voters pada kongres PSSI  November nanti. Manajer Persebaya, Chusnul Farid, mengatakan bahwa dirinya tidak tahu jika Bonek membuat petisi untuk menggalang dukungan agar tim berjuluk Bajul Ijo ini menjadi voters di kongres mendatang. "Saya tidak tahu jika Bonek membuat petisi itu" singkatnya saat dihubungi via telepon. Meski tidak berkomentar banyak, manajer yang juga pemilik SSB Internal Persebaya ini menyambut dengan baik langkah suporter membuat petisi untuk mengawal jalannya kongres PSSI. "Kami mendukung mereka. Selain itu, kami sudah bersyukur Persebaya masuk Divisi Utama musim depan. Doakan kami ;bisa kembali berprestasi," terangnya. Saat ditanya agenda uji coba selanjutnya, Farid menyatakan bahwa ia sudah membuat agenda uji coba setelah kongres PSSI. "Kami sudah membuat jadwal ;siapa saja ;tim yang kami undang untuk uji coba tapi pasca-kongres," ujar ;pengusaha asli Surabaya ini. </isi>
	<link>http://bola.kompas.com/read/2016/11/08/01223432/Tidak.Tahu.Petisi.Bonek.Manajemen.Persebaya.Konsentrasi.dengan.Tim
</link>
</artikel>
