<artikel>
	<id>OLA_SB_10_087</id>
	<judul>Bermain di Kandang Arema, Persela Hanya Pasang Target Imbang</judul>
	<tanggal>06/11/16</tanggal>
	<kata_kunci>persela, Aji Santoso, skor imbang, arema</kata_kunci>
	<isi> MALANG, KOMPAS.com- Persela Lamongan akan bertandang ke Stadion Kanjuruhan, Kabupaten Malang, untuk melawan Arema Cronus dalam lanjutan laga TSC , Minggu (//). Bermain di kandang lawan, Persela tidak menaruh target tinggi. Pelatih Persela, Aji Santoso, mengakui bahwa Arema merupakan tim yang cukup kuat dengan materi pemain yang merata. Oleh karenanya, ia hanya mentargetkan skor imbang. "Semua orang pasti tahu bagaimana kekuatan Arema. Kerena sampai saat ini menurut saya Arema masih menjadi salah satu kandidat juara di turnamen ini. Kalau bisa kami menahan Arema di sini sudah bagus. Syukur kalau bisa mengalahkannya," ujar Aji saat konfrensi pers di kantor Arema, Malang, Sabtu (//). Sayang, beberapa pilar penting Persela tidak bisa ikut bermain dalam laga nanti karena beberapa alasan. Conceicao Hedipo Gustavo mengalami cedera hamstring, kemudian M Zainal Haq, Victor Pae dan Saddil Ramdani tengah mengikuti Popda di Jember. Namun begitu, Aji sudah menyiapkan pemain andalannya untuk menahan laju serangan Arema. Di sektor bek kanan ada Eky Taufik Febrianto dan Aang Suparman sebagai stopper. Striker Persela, Dendy Sulistyawan, mengaku tidak takut meski bermain di kandang Arema. Menurutnya, bakal banyak suporter Persela yang datang untuk mendukung mereka. "Tidak masalah sih, karena suporter dari Lamongan juga banyak yang datang," katanya. Dia berjanji akan mempersembahkan yang terbaik buat timnya. Bahkan Dendy memasang target untuk mencetak gol dan mencuri poin di kandang Arema. "Melawan Arema, kami sebaik mungkin menjalankan taktik dari pelatih Aji. Semoga nanti kami memberikan penampilan yang terbaik dan bisa mencuri poin," ungkapnya.</isi>
	<link>http://bola.kompas.com/read/2016/11/06/10250048/bermain.di.kandang.arema.persela.hanya.pasang.target.imbang
</link>
</artikel>
