<artikel>
	<id>OLA_SB_10_022</id>
	<judul>Riedl: Hasil Tes VO2 Max Kemarin Sangat Buruk!</judul>
	<tanggal>22/10/16</tanggal>
	<kata_kunci>Alfred Riedl, VO2, training camp</kata_kunci>
	<isi> SLEMAN, KOMPAS.com- Pelatih Timnas Indonesia, Alfred Riedl, mengaku tidak puas dengan hasil tes VO Max para pemain pada Jumat (//). Menurutnya, hasil tes tersebut sangat buruk. Pelatih asal Austria ini mengatakan hal tersebut usai memimpin latihan pagi di Stadion Maguwoharjo Sleman, Sabtu (//). Diakuinya, hasil tes itu sangat obyektif dan tidak mungkin salah. "Pemain datang dari klub ke kami dalam kondisi buruk. Hanya ada dua, tiga pemain saja yang kondisinya bagus," ucapnya. Selanjutnya, Riedl akan memantau perkembangan para pemain hingga dua minggu ke depan. Setelah itu, akan dilakukan lagi tes VO Max untuk melihat perkembangan stamina para pemain. "Kami lihat dua minggu ke depan dan akan kami lakukan tes lagi untuk melihat perkembangannya," ujar Riedl. Timnas sedang menjalani training center (TC) di Yogyakarta hingga  Oktober . Usai TC di Yogyakarta , Timnas akan menjalani rangkaian uji coba di luar negeri melawan Myanmar dan Vietnam.</isi>
	<link>http://bola.kompas.com/read/2016/10/22/17042898/riedl.hasil.tes.vo2.max.kemarin.sangat.buruk.
</link>
</artikel>
