<artikel>
	<id>OLA_SB_10_760</id>
	<judul>Banyak Pemain Cedera, Juku Eja Pusing Racik Skema</judul>
	<tanggal>16/11/16</tanggal>
	<kata_kunci>psm makassar, isc</kata_kunci>
	<isi> MAKASSAR - Tim pelatih PSM Makassar tengah kepusingan meracik skema. Banyaknya pemain cedera membuat mereka harus memutar otak kala tim berjuluk Juku Eja meladeni perlawanan Bhayangkara FC dalam lanjutan Indonesia Soccer Championship (ISC)  pada  November mendatang. Dengan kondisi yang ada, PSM harus memaksimalkan pemain yang ada. Kekalahan jelas tak diinginkan mereka mengingat saat ini PSM masih berada di posisi  besar klasemen. Pelatih Robert Rene Alberts pun mengaku tak bisa membeberkan strategi dan taktik apa yang akan digunakan saat bertandang ke kandang Bhayangkara FC. "Terlalu dini untuk menentukan sekarang, kita masih harus lihat pemain," katanya, Rabu (//). Terbaru Ronald Hikspoors menambah pemain cedera dan dia pun harus dipulangkan ke Belanda untuk mengobati cedera engkelnya. Sebelumnya, PSM sudah kehilangan Titus Bonai dan Rasyid Bakri yang dirawat oleh tim fisioterapi karena mengalami masalah kebugaran.Sebenarnya Alberts  sudah terbiasa dengan kondisi tim yang pincang. Bahkan dilaga terakhir PSM berhasil menekuk Madura United dengan skor -. Alberts mengatakan, untuk kondisi pemain yang cedera dirinya masih harus melihat hingga jelang keberangkatan. "Kita juga diuntungkan, karena pertandingan digelar di awal pekan nanti," ungkapnya.Sementara itu, asisten pelatih Imran Amirullah mengatakan tim kepelatihan masih mencari komposisi terbaik tim. "Kita masih terus latihan persiapan, termasuk melihat kondisi pemain yang siap dibawa," katanya.Dia menjelaskan, setelah melakoni latihan di lapangan futsal, tim akan menjalani latihan di stadion hingga berangkat nanti. "Kondisi pemain harus dilihat, karena yang paling siap akan dibawa," jelasnya. (sha) dibaca .x </isi>
	<link>http://soccer.sindonews.com/read/1155834/58/banyak-pemain-cedera-juku-eja-pusing-racik-skema-1479288126
</link>
</artikel>
