<artikel>
	<id>OLA_SB_10_148</id>
	<judul>Menjamu Mitra Kukar, Bhayangkara FC Incar Gol Cepat</judul>
	<tanggal>03/11/16</tanggal>
	<kata_kunci>BFC lawan mitra kukar</kata_kunci>
	<isi>




 - Bhayangkara FC mengincar kemenangan saat menjamu Mitra Kukar dalam lanjutan ISC. Demi memuluskan target tiga poin, tuan rumah butuh mencetak gol cepat.Pertandingan BFC lawan Mitra Kkukar dalam laga lanjutan Torabika Soccer Championship (TSC) A  yang akan di gelar di stadion Gelora Delta Sidoarjo pada Minggu (//) petang."Setelah kami melakukan lawatan dari Bali United saat ini anak-anak dalam kondisi siap tampil, main lawan Mitra Kukar karena main di kandang sendiri kita berupaya menang," Kata pelatih Bhayangkara FC, Ibnu Grahan, usai pimpin latihan, Kamis (//)."Pada menit-menit pertama kami berupaya menciptakan gol, untuk itu pada sore ini kita melakukan latihan finishing, shooting ke gawang. Seperti pada saat BFC lawan Bali United, pada menit pertama kita bisa membobol gawan Bali United," imbuhnya.Target menang Bhayangkara FC akan dapat tantangan berupa absennya beberapa pemain pilar. Indra Kahfi Ardhiyaksa, I Putu Gede Juniantara, dan Evan Dimas Darmono dipastikan absen. Pun begitu dengan Ilham Udin Armain yang sedang sakit. Namun Ibnu Grahan tidak risau karena dia sudah menyiapkan pengganti pemain-pemain tersebut."Pertandingan besok itu ada beberapa pemain Bhayangkara FC yang tidak bisa tampil, di antaranya Indra Kahfi Ardhiyaksa dan I Putu Gede Juniantara terkena akumulasi kartu, sementara Evan Dimas Darmono memperkuat Timnas, serta nIlham Udin Armaain yang sedang sakit. Namun kita sudah menyiapkan pemain pengganti," ucap Ibnu Grahan.Kemenangan akan memastikan Bhayangkara FC bertahan di posisi empat besar. Peluang tersebut tidak akan dilewatkan, terlebih mereka bermain di kandang sendiri."Demi mengamankan target tersebut kita terus memotivasi skuat Bhyangkara FC agar bermain semaksimal mungkin. Kerjasama tim diutamakan dan jangan menganggap remeh lawan," tegas dia.Dengan  poin Bhayangkara FC duduk di posisi empat klasemen (P W D L). Sementara Mitra Kukar berada dua anak tangga di bawahnya dengan koleksi poin  (P W D L).
						







</isi>
	<link>http://sport.detik.com/sepakbola/liga-indonesia/3336795/menjamu-mitra-kukar-bhayangkara-fc-incar-gol-cepat
</link>
</artikel>
