<artikel>
	<id>OLA_SB_10_066</id>
	<judul>Hari-hari Terakhir Pelatnas, Alfred Riedl Tekankan Latihan Strategi</judul>
	<tanggal>24/10/16</tanggal>
	<kata_kunci>training centre, Alfred Riedl, Pelatnas, strategi</kata_kunci>
	<isi>  SLEMAN,KOMPAS.com -Memasuki hari keempat pemusatan latihan atautraining centre (TC), tim nasional Indonesia mematangkan taktik permainan dengangamesatu lapangan penuh. Latihantactical di Stadion Maguwoharjo Sleman ini berlangsung kurang lebih dua jam. Dua hari menjelang berakhirnya TC di Yogyakarta, para pemain timnas mendapatkan porsi latihangameyang didalamnya terdapat materi taktik dan strategi. Di dalam latihan ini, pelatih Alfred Riedl membagi pemain dalam dua tim untukgamesatu lapangan penuh. Riedl tampak sering menghentikan permainan. Pelatih asal Austria ini terlihat memberikan instruksi dan arahan bagaimana membangun serangan dan bertahan. "Pagi ini kami latihan pertandingan dengan ada sedikit strategi dan taktik di dalamnya," ujar Riedl seusai memimpin latihan di Stadion Maguwoharjo Sleman, Senin (//). Riedl menyampaikan, materi latihan ini memang menjadi salah satu fokus pada hari-hari terakhir TC di Yogyakarta. Terlebih, TC kali ini menjadi kesempatan terakhir untuk melihat permainan para pemain yang dipanggil. Menurut dia, seusai di Yogyakarta, TC akan kembali digelar di Jakarta. Saat TC di Jakarta inilah nantinya Riedl akan melakukan pencoretan terhadap beberapa pemain. "Di Jakarta akan ada beberapa pemain yang dicoret karena skuad saat ini terlalu banyak," tuturnya lagi. Turut serta dalam latihan ini, Dedi Kusnandar yang pada hari Minggu (//) kemarin sudah datang ke Yogyakarta. Total ada  pemain yang saat ini mengikuti TC di Yogyakarta. </isi>
	<link>http://bola.kompas.com/read/2016/10/24/14460208/hari-hari.terakhir.pelatnas.alfred.riedl.tekankan.latihan.strategi.
</link>
</artikel>
