<artikel>
	<id>OLA_SB_10_146</id>
	<judul>Debut Pertama Lawan Persija, Deden Tak Mau Bikin Kesalahan</judul>
	<tanggal>04/11/16</tanggal>
	<kata_kunci>kiper persib, persib melawan persija</kata_kunci>
	<isi>




 - Kiper Persib Bandung Muhammad Natsir akan menjalani debutnya melawan Persija Jakarta. Meski diakuinya laga tersebut akan menguras emosi, dia mengaku tetap tenang.Deden, panggilan akrab Natsir, kemungkinan besar akan diturunkan menjaga gawang Persib saat bertandang melawan Persija di Stadion Manahan Solo, Sabtu (/). Momen ini sekaligus menjadi laga pertamanya bertemu Persija.Persib sempat bertemu dengan Persija pada putaran pertama Torabika Soccer Championship (TSC). Namun ketika itu, Deden duduk dibangku cadangan karena kiper utama dipegang oleh I Made Wirawan."Perasaanya ya biasa-biasa saja seperti laga sebelumnya. Saya tetap fokus dan tidak tegang. Semoga saya bisa menjalani tugas ini sebaik-baiknya," ujar Deden saat dihubungi, Jumat (/).Eks kiper timnas U- ini menilai pertandingan melawan Persija ini memang akan berlangsung sengit dan ia harus ekstra waspada. Mengingat 'Macan Kemayoran' memiliki dua striker berbahaya, Greg Nwokolo dan Emmanuel Kenmogne. Tapi Deden tak mau terlalu fokus akan hal itu saja, dia ini menjaga pertahanan Persib sebaik mungkin dan membawa pulang poin."Laga ini pasti menguras emosi. Sebagai benteng terakhir, saya tidak boleh tegang. Harus tetap santai. Itu agar saya bisa tampil tanpa kesalahan yang merugikan tim," katanya.Berdasarkan rekor pertemuan kedua tim, laga Persib dan Persija selalu berakhir imbang - dan -. Persib mencatatkan kemenangan terakhir kali atas Persija pada  Maret  di Stadion Siliwangi, Bandung, dengan skor -.








</isi>
	<link>http://sport.detik.com/sepakbola/liga-indonesia/3337326/debut-pertama-lawan-persija-deden-tak-mau-bikin-kesalahan
</link>
</artikel>
