<artikel>
	<id>OLA_SB_10_603</id>
	<judul>Arema Anggap 5 Laga Sisa sebagai Final, Ingin Sapu Bersih Poin</judul>
	<tanggal>22/11/16</tanggal>
	<kata_kunci>arema, tsc</kata_kunci>
	<isi>




 - Arema Cronus bertekad meraup poin maksimal dari laga-laga sisa, yang seluruhnya dianggap "final", dalam usaha menjuarai Torabika Soccer Championship (TSC).Arema saat ini masih memimpin klasemen sementara TSC dengan  poin, sama dengan Madura United yang menempel di bawahnya. Sementara posisi ketiga ditempati oleh Persipura Jayapura dengan  poin. Ketiganya sudah menjalani  pertandingan.Artinya, masih ada lima pertandingan tersisa. Arema pun bertekad bisa melewati kesemuanya dengan kemenangan."Kami masih memiliki lima pertandingan lagi, ada  poin di depan kami harus bisa mengamankan semua poin itu. Caranya, para pemain tidak boleh lengah. Mereka harus menganggap bahwa semua laga itu final," ungkap pelatih Arema Milomir Seslija, Selasa (//).Di lima laga sisa Arema akan menjamu PS TNI, bertandang ke markas Bali United, kedatangan Sriwijaya FC, mendatangi Pusamania Borneo FC, dan terakhir disambangi Persib Bandung.Sementara itu Madura United dan Persipura malah akan terlibat big match pada pekan  di Stadion Mandala, Jayapura, Sabtu (/) mendatang.








</isi>
	<link>http://sport.detik.com/sepakbola/liga-indonesia/3351165/arema-anggap-5-laga-sisa-sebagai-final-ingin-sapu-bersih-poin
</link>
</artikel>
