<artikel>
	<id>OLA_SB_10_698</id>
	<judul>Taklukkan Persiba, Kado Istimewa PSM Makassar</judul>
	<tanggal>05/11/16</tanggal>
	<kata_kunci>persiba lawan psm makassar, isc</kata_kunci>
	<isi> BALIKPAPAN - PSM Makassar mendapat kado istimewa di ulang tahun ke- yang jatuh  November lalu. Bertandang ke markas Persiba Balikpapan, Juku Eja menang - pada pekan ke- Indonesia Soccer Championship (ISC) A , Sabtu (//).Dua gol kemenangan PSM diciptakan Titus Bonai menit ke- dan M Rahmat (). Hasil ini membawa skuat Robert Alberts ke peringkat sembilan klasemen sementara ISC A  dengan mengoleksi  poin. Sedangkan Persiba tertahan di peringkat  dengan  angka.Juku Eja mengimbangi permainan Persiba meski tuan rumah bermain agresif. Baru  menit pertandingan berjalan, PSM mendapat petaka, gelandang impor Ronald Hikspoors tidak bisa melanjutkan pertandingan setelah berbenturan dengan pemain Persiba Gideon V Way. Robert Alberts memasukan pemain bertahan Reva Adi Utama sebagai penganti.Juku Eja nyaris kebobolan pada menit ke-, setelah peluang tendangan sudut berhasil di maksimalkan, namun wasit lebih dahulu melihat terjadi pelanggaran.Peluang terbaik PSM tercipta melalui kerja sama Tibo dan Rahmat pada menit ke- di area pertahanan Persiba. Tibo yang mengirimkan umpan matang ke Rahmat berhasil masuk ke jantung pertahanan, sayang umpan tarik yang di berikan ke mulut gawang Persiba gagal dimanfaatkan Ridwan Tawainella.Menit ke-, Titus Bonai berhasil membawa unggul PSM setelah berhasil memanfaatkan umpan panjang Ridwan Tawainella dari tengah lapangan. Tibo yang berhasil lolos dari pengawalan pemain belakang berhadapan langsung dengan penjaga gawang, dan dengan mudah pemain asal Papua ini menceploskan bola. Skor - untuk PSM bertahan hingga jeda.Memasuki babak kedua, tuan rumah langsung melakukan tiga pergantian pemain yakni, memasukkan Siswanto, Maicon Rogerio, dan Rahel Radiansyah, dan menarik keluar I Gusti Rustiawan dan Fengki Turnando.Dengan memasukkan sejumlah pemain ini Persiba langsung mengambil alih serangan. Peluang pun tercipta pada menit ke- melalui heading Hanif Abdulrauf, namun belum berbuah maksimal. Pesiba malah kecolongan pada menit ke-, Rahmat menjadi aktor gol kedua tim Juku Eja setelah mendapat umpan lambung dari Willem Jan Pluim, pemain bernomor punggung  ini memanfaatkan kecepatannya dengan menusuk pertahanan kanan Persiba sebelum mempedaya kiper Yoewanto Benny.Peluang Persiba tercipta di menit ke- melalui tendangan bebas, Sohei yang menjadi eksekutor nyaris menjebol gawang PSM, sayang sepakan melengkungnya dari sektor kanan pertahanan masih tipis melebar di atas mistar gawang Syaiful.Penyerang muda PSM Muchlis Hadi nyaris menambah keunggulan Juku Eja, setelah lolos dari jebakan offside di menit ke-. Pemain  tahun ini langsung berhadapan dengan kiper, namun terlambat menendang bola dan langsung dicocor pemain belakang Persiba. Hingga peluit penjang skor tetap - untuk keunggulan PSMSusunan pemainPersiba Balikpapan (---): Yoewanto Benny (GK), Abdul Azis, Absor Fauzi, Asep Budi Santoso, Asnawi Mangku Alam Bahar, Dirkir Glay, Hanif Abdul Rauf, Franky Tornando, Gideon Vikto Way, I Gusti Rustiawan, Shohei MatsunagaCadangan: Kuniawan Kartikan (GK), Hermawan, Ledi Utomo,l Rachel Radiansyah, Siswanto, Heri Susanto, Maicon RogerioPelatih: Jaino MatosPSM Makassar (--): Syaiful (GK), Hendra Wijaya, Kwon Jun, Wasiat Hasbullah, Ardan Aras, Ronald Hikspoor, Rasyid Bakri, Wiljan Pluim, Ridwan Tawainella, M Rahmat, Titus BonaiCadangan: Deny Marcel (GK), Ivan Wahyudi, Reva Adi utama, Andri, Muchlis HadiPelatih: Robert Rene Alberts (sha) dibaca .x </isi>
	<link>http://soccer.sindonews.com/read/1153062/58/taklukkan-persiba-kado-istimewa-psm-makassar-1478348672
</link>
</artikel>
