<artikel>
	<id>OLA_SB_10_794</id>
	<judul>Pelatih Persipura Ingatkan Ketum Baru PSSI</judul>
	<tanggal>11/11/16</tanggal>
	<kata_kunci>persipura, pssi</kata_kunci>
	<isi> JAKARTA - Pelatih Persipura Jayapura Angel Alfredo Vera menggantungkan harapan besar kepada ketua umum PSSI periode - Edy Rahmayadi. Juru taktik asal Argentina itu juga mengingatkan Edy agar pembinaan dilakukan berjenjang dan tidak ambil jalan pintas.Edy Rahmayadi terpilih sebagai Ketua Umum PSSI periode - dalam pemilihan di Kongres PSSI yang berlangsung di Hotel Mercure, Ancol, Jakarta, Kamis (//). Edy menang telak dengan mendulang  suara, unggul atas Moeldoko yang meraih  suara. (Baca juga: Sah, Edy Rahmayadi Ketua PSSI -)."Harapannya semua bisa kerja kompak, kompetisi bisa jadi lebih bagus, timnas lebih bagus, dan pembinaan pemain muda juga harus lebih bagus," kata Alfredo di Graha Persib, Kota Bandung, Jumat (//).Alfredo pun berharap prestasi timnas Indonesia semakin baik. Namun, dia mengingatkan bahwa hal itu tidak bisa diraih secara instan. Ada berbagai pembenahan yang perlu dilakukan. Perbaikan kompetisi di tingkat senior, adanya kompetisi junior, serta beragam sarana-prasarana pendukung juga harus disiapkan secara matang."Semuanya butuh proses. Target juara juga perlu proses. Semua harus bekerja keras dan memulainya dari bawah," jelas Alfredo.Pentingnya melakukan pembinaan pemain dari berbagai jenjang juga disampaikan pelatih berusia  tahun tersebut. Sebab, dari proses pembinaan yang bagus akan lahir bibit pesepak bola mumpuni. Bahkan, tidak menutup kemungkinan bibit pesepak bola Indonesia itu kelak akan membawa Indonesia merajai sepak bola, setidaknya di kawasan Asia."Semuanya harus dimulai dari pembinaan pemain muda. Karena itu tidak akan maju dan tidak akan ada target (terwujud) kalau tidak dimulai dari sana," ungkapnya. (sha) dibaca .x </isi>
	<link>http://soccer.sindonews.com/read/1154729/58/pelatih-persipura-ingatkan-ketum-baru-pssi-1478879041
</link>
</artikel>
