<artikel>
	<id>OLA_SB_10_607</id>
	<judul>Riedl: Kekalahan di Vietnam Takkan Terulang</judul>
	<tanggal>21/11/16</tanggal>
	<kata_kunci>indonesia lawan filipina, piala aff</kata_kunci>
	<isi>




 - Pelatih timnas Indonesia, Alfred Riedl, percaya diri akan menuai hasil bagus melawan Filipina. Dia yakin kekalahan di Piala AFF dua tahun lalu takkan terulang.Indonesia akan berhadapan dengan Filipina di pertandingan kedua Piala AFF . Laga itu akan berlangsung di Philippines Sports Stadium, Selasa (//) malam waktu setempat.Di pertemuan terakhir melawan , Indonesia kalah telak dengan skor akhir empat gol tanpa balas. Laga itu berlangsung di My Dinh National Stadium, Hanoi, Vietnam, pada laga Piala AFF  silam.Riedl yakin bahwa persiapan timnya kali ini jauh lebih baik. Oleh sebab itu, dia bilang bahwa Boaz Salossa cs. akan lebih siap untuk menghadapi pertandingan."Tentu akan menjadi pertandingan yang sulit lagi. Tapi di tahun , tim saya memiliki fisik yang lemah karena hanya mempunyai persiapan satu minggu setelah menjalani musim yang panjang dan sangat kelelahan," kata Riedl saat konfrensi pers di Novotel Araneta Center, Quezon, Senin (/)."Tapi, kita tidak bisa membandingkan kekuatan Filipina saat ini dengan dua tahun lalu dan begitu juga Indonesia. Karena saya percaya tim kami saat ini lebih siap dari tim Indonesia dua tahun sebelumnya," tambah pelatih asal Austria itu.Skuat 'Merah Putih' saat ini berada di posisi buncit klasemen Grup A tanpa angka, menyusul kekalahan - dari Thailand, yang menempati peringkat teratas. Filipina dan Singapura di posisi kedua dan ketiga dengan mengoleksi satu poin.








</isi>
	<link>http://sport.detik.com/sepakbola/liga-indonesia/3350916/riedl-kekalahan-di-vietnam-takkan-terulang
</link>
</artikel>
