<artikel>
	<id>OLA_SB_10_111</id>
	<judul>Buatlah Alfred Riedl Tersenyum ...</judul>
	<tanggal>19/11/16</tanggal>
	<kata_kunci>piala AFF,, timnas indonesia</kata_kunci>
	<isi> Laporan langsung Anju Christian dari Manila, Filipina MANILA, KOMPAS.com- Komplain berkali-kali terlontar dari mulut pelatih tim nasional (timnas) Indonesia, Alfred Riedl, selama berada di Filipina. Dimulai sejak rombongan tiba di Bandara Internasional Ninoy Aquino, Manila, Kamis (//). Riedl sempat terlihat jengkel karena para pemain meninggalkan kopernya dan langsung menuju bus. Setelah Riedl berteriak, para pemain kembali ke pinggir jalan untuk mengangkut barangnya masing-masing. Pemain sempat "ngeluyur" ke bus. Pelatih Alfred Riedl pun marah dan meminta mereka untuk mengangkut barang masing-masing. #BanggaGarudaKitapic.twitter.com/dxcAywPMI Kekesalan Riedl tidak sampai di situ. Sehari berselang atau ketika jumpa pers para pelatih di Hotel Marco Polo Ortigas, Jumat (//), pria asal Austria itu lagi-lagi bersungut-sungut. Turut disaksikan oleh tiga koleganya yaitu Kiatisuk Senamuang (Thailand), Thomas Dooley (Filipina), dan V Sundramoorthy (Singapura), Riedl mengutarakan minimnya dukungan klub-klub Indonesia terhadap tim nasional. "Masa persiapan kami tidak normal. Negara kami fokus kepada liga, bukan tim nasional," tutur Riedl. Pertemuan Kiatisuk Senamuang dan Alfred Riedl...#BanggaGarudaKitapic.twitter.com/sUdYFahLT Sebuah hal lumrah Riedl mengatakan begitu lantaran seolah "dijegal" untuk menyusun tim terbaik. Dia cuma boleh mengambil dua pemain dari setiap klub TSC. Pada praktiknya, beberapa klub mengabaikan kesepakatan tersebut. Semen Padang enggan melepas Jandia Eka Putra untuk mengisi slot tiga penjaga gawang. Adapun Persipura Jayapura tidak bersedia mengirimkan Yohanes Ferinando Pahabol ketika timnas krisis penyerang setelah cederanya Irfan Bachdim. Padahal, baru ada satu pemain Persipura di timnas, yaitu Boaz Solossa. Riedl tidak melulu menggerutu. Ada perasaan senang ketika membandingkan skuad saat ini dibandingkan dua periode kepelatihan Riedl terdahulu. "Kami hanya memiliki satu masalah kedisiplinan. Sisanya berada sejalur dengan proyek tim, dalam hal ini Piala AFF," ujar Riedl kepada sejumlah wartawan dari Indonesia seusai sesi jumpa pers. "Mereka menunjukkan hasrat besar saat berlatih dan tidak pernah mengeluh. Semoga, mereka bisa membuat saya tersenyum saat melawan Thailand," ucap dia. Juara bertahan Thailand akan menjadi lawan pertama Indonesia pada partai Grup A Piala AFF di Philippine Sports Stadium, Bulacan, Sabtu (//). Bisakah para pemain mengubah serangkaian keluhan Riedl menjadi senyuman? Semoga ... Inilah jadwal tanding Indonesia di Piala AFF #BanggaGarudaKitapic.twitter.com/uAnIuExCW</isi>
	<link>http://bola.kompas.com/read/2016/11/19/07320058/buatlah.alfred.riedl.tersenyum.
</link>
</artikel>
