<artikel>
	<id>OLA_SB_10_749</id>
	<judul>Hasil Lengkap dan Klasemen Pekan ke-30 ISC A 2016, 25-28 November</judul>
	<tanggal>28/11/16</tanggal>
	<kata_kunci>klasemen isc</kata_kunci>
	<isi> JAKARTA - Pekan ke- Indonesia Soccer Championship (ISC) A  diwarnai sukses besar Persipura Jayapura membungkam Madura United (MU) pada bigmatch di Stadion Mandala, Sabtu (//). Kemenangan - sekaligus menggeser posisi MU di papan klasemen.Dua gol Persipura dikemas Ricardo Silva dari titik penalti pada menit ke- dan Edward Wilson Junior (). Tambahan tiga poin, Persipura mengoleksi  angka, tertinggal dua poin dari Arema Cronus yang memuncaki klasemen dengan  poin. (Baca juga: Persipura Menang, MU Menjauh dari Puncak Klasemen ISC A ).Arema mempertahankan takhta setelah menang - atas PS TNI di Stadion Kanjuruhan, Jumat (//). Cristian Gonzales mencetak gol dari titik penalti pada menit ke-, dan Hamka Hamzah (), yang hanya dibalas Aldino Herdianto (). (Baca juga: Pecundangi PS TNI, Arema Tatap Gelar ISC A ).Laga lainnya, Persib Bandung menuai kekalahan tandang saat tampil di markas Persela Lamongan, Sabtu (//). Gol Persela dicetak Stevan Imbiri () dan Ivan Carlos Franca Coelcho () yang hanya dibalas Persib lewat Sergio Van Dijk ().Sedangkan laga pemungkas, Sriwijaya FC gagal meraup poin sempurna saat menjamu Barito Putera di Gelora Sriwijaya Jakabaring, Palembang, Sriwijaya FC ditahan -, Senin (//). (Baca juga: Kelelahan, Sriwijaya FC Diimbangi Barito Putera).Berikut hasil lengkap dan klasemen pekan ke- ISC A , - NovemberJumat,  November Arema Cronus vs PS TNI -Sabtu,  November Persipura Jayapura vs Madura United -Semen Padang vs Persiba Balikpapan -Persela Lamongan vs Persib Bandung -Minggu,  November PSM Makassar vs Mitra Kukar -Pusamania Borneo FC vs Perseru Serui -Persegres Gresik United vs Bali United -Persija Jakarta vs Bhayangkara FC -Senin,  November Sriwijaya FC vs Barito Putera -Klasemen ISC A        Pos   Tim    M   Mn   S   K   Gm-Km   P        Arema Cronus                -           Madura United               -           Persipura Jayapura                -           Bhayangkara FC               -           PSM Makassar                -           Sriwijaya FC                -           Pusamania Borneo FC               -           Mitra Kukar                 -           Semen Padang               -           Persib Bandung                -           Perseru Serui                -           Bali United                   -           Persija Jakarta                -           Persiba Balikpapan               -           Persela Lamongan                -           Persegres Gresik Utd                -           Barito Putera               -           PS TNI                -                                           Ket:  *Sumber: indonesiansc.com *M=Main, Mn=-Menang, S=seri, K=Kalah, Gm=Gol memasukkan, GK=Gol kemasukan, P=Poin  (sha) dibaca .x </isi>
	<link>http://soccer.sindonews.com/read/1158977/58/hasil-lengkap-dan-klasemen-pekan-ke-30-isc-a-2016-25-28-november-1480346018
</link>
</artikel>
