<artikel>
	<id>OLA_SB_10_739</id>
	<judul>Gol Tunggal Van Dijk Tentukan Kemenangan Persib Bandung</judul>
	<tanggal>19/11/16</tanggal>
	<kata_kunci>persib bandung lawan semen padang, isc</kata_kunci>
	<isi> BANDUNG - Persib Bandung membuktikan mereka mampu mengalahkan Semen Padang dalam lanjutan Indonesia Soccer Championship , Sabtu (//). Gol tunggal Sergio Van Dijk jadi permbeda dalam laga tersebut. Menjamu Semen Padang di Stadion Si Jalak Harupat, Persib sebetulnya dibayangi catatan rekor impresif Semen Padang. Namun sebelum laga, kapten mereka, Atep, menyebut timnya tidak boleh tenggelam dalam rapor pertemuan. Persib langsung menekan lini bertahan Semen Padang sehingga Muhammad Nur Iskandar terpakasa di ganjar kartu kuning di menit ke-. Tuan rumah baru bisa mencetak gol di menit ke- melalui Sergio Van Dijk. Gol tersebut bertahan hingga babak pertama berakhir. Di babak kedua, pelatih Semen Padang Nil Maizar memasukkan Defri Riski (') dan Adi Nugroho (') dengan harapan mampu menyamakan skor. Namun hingga peluit panjang dibunyikan, skor - tetap bertahan. Dengan hasil tersebut, Persib Bandung memperpanjang rekor tak terkalahkan mereka dalam lima pertandingan terakhir. Berikut susunan pemain kedua tim. Persib Bandung (--); -M Natshir (GK); -Alves Ferreira, -Jajang Sukmara, -Tony Sucipto, -Vladimir Vujovic, -Atep (C), -Febri Hariyadi, -Haryono, , Kim Jeffrey Kurniawan, -Marcos Abel, -Serginho Van DijkSemen Padang (--): -Jandia Eka Putra (GK), -Cassio Fransisco De Jesus, -Fandry Imbiri, -Handi Ramdhan, -Novan Setya Sasongko, -Muamer Svraka, -Muhammad Vendry, -Rudi, -Arsyad Maulana, -Marcel Silva Sacramennto, -Muhammad Nur Iskandar (C). (sha) dibaca .x </isi>
	<link>http://soccer.sindonews.com/read/1156701/58/gol-tunggal-van-dijk-tentukan-kemenangan-persib-bandung-1479564789
</link>
</artikel>
