<artikel>
	<id>OLA_SB_10_628</id>
	<judul>Indonesia Yakin Finis Runner-up Grup</judul>
	<tanggal>20/11/16</tanggal>
	<kata_kunci>indonesia finish runner-up, piala aff</kata_kunci>
	<isi>




 - Timnas Indonesia memang kalah dari Thailand di laga pertama Grup A Piala AFF. Meski begitu skuat 'Garuda' punya keyakinan tinggi untuk finis sebagai Saat melakoni pertandingan di Phillipines Sports Stadium, Sabtu (//), Indonesia kalah dengan skor akhir -. Gawang yang dikawal oleh Kurnia Meiga, dibobol tiga kali oleh Teerasil Dangda dan satu lainnya Peerapat Notchaiya.Indonesia yang ketinggalan dua gol lebih dulu, sebenarnya cukup mampu memberikan perlawanan dan sempat menyamakan kedudukan - di awal babak kedua. Boaz Salossa dan Lerby Eliandry menjadi pencetak golnya.Namun kurangnya konsentrasi dinilai membuat tim 'Merah-Putih' kebobolan dua gol di sisa pertandingan. Mereka pun pada akhirnya harus mengakui kemenangan tim besutan Kiatisuk Senamuang.Sementara itu, Filipina dan Singapura bermain tanpa gol di pertandingan lain yang berlangsung setelahnya.Melihat penampilan tim besutan Alfred Riedl, timnas Indonesia di Piala AFF, Iwan Budianto, mempunyai keyakinan tinggi mengenai kans Indonesia untuk lolos.Indonesia akan berhadapan dengan Filipina di Phillipines Sports Stadium, Selasa (/). Tiga hari setelahnya, Indonesia akan melakoni laga pamungkas Grup A melawan Singapura."Kita sudah berusaha maksimal. Sempat ada harapan saat kedudukan -. Tapi, Thailand terus meningkatkan intensitas," kata Iwan Budianto kepada pewarta."Insya Allah kita akan mampu berbuat lebih baik di dua pertandingan berikutnya, karena dengan permainan di pertandingan hari ini kita punya kans untuk laga berikutnya," ujar pria yang menjabat sebagai wakil ketua umum PSSI itu optimistis.Indonesia sementara ini ada di posisi terbawah Grup A dengan belum memetik poin. Thailand memimpin dengan tiga angka, diikuti Filipina dan Singapura yang sama-sama mengumpulkan nilai satu.
						







</isi>
	<link>http://sport.detik.com/sepakbola/liga-indonesia/3349605/indonesia-yakin-finis-runner-up-grup
</link>
</artikel>
