<artikel>
	<id>OLA_SB_10_071</id>
	<judul>Menpora Kritik Gaya Kepelatihan Alfred Riedl</judul>
	<tanggal>24/11/16</tanggal>
	<kata_kunci>pelatih Alfred Riedl, Kritik Menpora</kata_kunci>
	<isi> JAKARTA, KOMPAS.com- Menteri Pemuda dan Olahraga Imam Nahrawi mengkritik pola kepelatihan Timnas Indonesia, Alfred Riedl. Hal itu menyusul posisi Timnas Indonesia yang berada di urutan buncit dengan hanya mengoleksi satu poin dari dua laga Piala AFF . "Paling tidak ke depan pelatih itu harus mengerti bahasa psikologi pemain," ujar Imam di Kompleks Istana Kepresidenan Jakarta, Kamis (//). "Mungkin saja diskusi atau dialog dengan atlet-atlet lebih manjur ketimbang hanya instruksi cara menendang bola dan harus teknik bla, bla , bla," lanjut dia. Dari dua laga yang telah diemban Timnas Garuda, Imam melihat lini belakanglah yang jadi sorotan tajam. Khususnya saat laga Indonesia melawan Filipina yang berujung pada hasil imbang. "Kalahnya itu dijebol di belakang," ujar Imam. Imam membandingkan gaya kepelatihan Riedl dengan pelatihTimnas U-Indra Sjafri. Menurut dia, Sjafri lebih mampu memotivasi pemain. Selain soal gaya kepelatihan Riedl, Imam juga menyayangkan banyak klub sepak bola yang menghalang-halangi pemainnya untuk berlaga di Timnas. "Saya kira ini tantangan baru ya bagi pengurus baru PSSI nanti," ujar Imam.</isi>
	<link>http://bola.kompas.com/read/2016/11/24/18480808/menpora.kritik.gaya.kepelatihan.alfred.riedl
</link>
</artikel>
