<artikel>
	<id>OLA_SB_10_094</id>
	<judul>Jelang Persija Vs Persib, Hanya 90 Menit Menjadi Rival</judul>
	<tanggal>05/11/16</tanggal>
	<kata_kunci>persija, persib, TSC 2016, rival</kata_kunci>
	<isi> BANDUNG, KOMPAS.com- Pelatih Persija Jakarta, M Zein Al Hadad, mengaku sangat antusias menatap laga el clasico melawanPersib Bandung, Sabtu (//). Mereka berada kekuatan pada ajang TSC  di Stadion Manahan, Solo, Jawa Tengah. Kendati kerap disebut laga panas, Alhadad menegaskan bahwa rivalitas Persija dan Persib hanya akan terjadi di dalam lapangan. "Laga ini dinanti-nantikan karena kedua kesebelasan ini sangat bagus. Untuk  menit nanti kami rival, tetapi setelah itu kami sahabatan," ucap Al Hadad seperti dikutip dari situs resmi Persib, Jumat (//). Sebagai tuan rumah, Al Hadad mengusung target meraih poin penuh. Namun, tidak hadirnya sejumlah pemain pilar Persija membuat kekuatan Macan Kemayoran akan sedikit pincang. Persija kehilangan kiper Andritany dan bek Gunawan Dwi Cahyo yang dipanggil memperkuat Timnas Indonesia. Selain itu, ada yang terkena akumulasi kartu kuning. Sebelum laga ini, Persija menuai hasil buruk ketika melawan Pusamania Borneo FC karena tim ibu kota tersebut kalah -. Al Hadad menilai, hasil tersebut menjadi pelajaran dan mereka memilih bertahan di Solo untuk melakukan persiapan. "Makanya ketika selesai pertandingan lawan Borneo kami tidak pulang ke Jakarta. Kami akan memperbaiki lini belakang," ujarnya.</isi>
	<link>http://bola.kompas.com/read/2016/11/05/08270008/jelang.persija.vs.persib.hanya.90.menit.menjadi.rival
</link>
</artikel>
