<artikel>
	<id>OLA_SB_10_053</id>
	<judul>Gagal Gabung Klub Spanyol, Tristan Alif Harus Jaga Semangat</judul>
	<tanggal>26/10/16</tanggal>
	<kata_kunci>Moeldoko, Tristan Alif Naufal, pesepak bola cilik, Leganes, persyaratan FIFA</kata_kunci>
	<isi>  KOMPAS.com -Calon Ketua Umum PSSI Moeldoko menyemangati Tristan Alif Naufal, pesepak bola cilik yang gagal bergabung ke akademi klub La Liga Spanyol, Leganes. Ia berharap sejumlah pihak ikut mencarikan jalan keluar bagi kebanggaan anak bangsa. Tristan yang dijuluki "Messi Indonesia" harus berlapang dada gagal menembus akademi Leganes karena terbentur persyaratan FIFA. Regulasi FIFA yang tertuang dalam Artikel  menyatakan, pesepak bola berusia di bawah  tahun harus didampingi oleh pihak keluarga saat bergabung dengan klub luar negeri. Tristan masih menginjak usia  tahun. Orangtua pesepak bola tersebut wajib mendampingi si anak, termasuk bekerja secara profesional di negara yang dituju. "Pihak klub sebetulnya sudah tertarik merekrut Alif, tinggal menyelesaikan beberapa dokumen. Namun, kami terkendala Undang-Undang FIFA artikel ," kata Ivan Trianto, ayah Tristan yang ditemuai di kediaman Moeldoko, Jakarta, Selasa (//). Tristan merupakan satu di antara talenta muda sepak bola Tanah Air Dia sempat dinobatkan sebagai pemain terbaik di Ajax International Camp  yang diikuti  anak dari  negara berusia - tahun. Melihat status tersebut, Moeldoko berharap ada jalan keluar agar talenta-talenta muda Indonesia bisa berkembang ketika harus mengadu nasib di luar negeri. "Banyak regulasi FIFA yang harus dipenuhi untuk perekrutan di bawah umur. Nanti kita carikan solusinya bersama-sama. Terpenting, semangat Tristan harus tetap dijaga. Jangan sampai padam," kata Moeldoko. "Saya berharap pemerintah maupun pihak swasta mencarikan jalan keluar terhadap kasus-kasus seperti ini. Jangan sampai bakat pemain Indonesia terhambat karena proses administrasi yang sebetulnya bisa diatasi bersama," ujar mantan Panglima TNI itu. Terlepas dari kegagalan itu, Tristan diharapkan Moeldoko bisa menjaga kondisi fisiknya. Salah satu dari permasalahan utama pesepak bola di Indonesia adalah nutrisi.  "Nutrisi penting untuk mendukung performa atlet. Kalau hanyaskilltetapi tidak mampu tampil sepanjang pertandingan, ya tidak akan sukses juga," ujar Moeldoko lagi. </isi>
	<link>http://bola.kompas.com/read/2016/10/26/05442428/gagal.gabung.klub.spanyol.tristan.alif.harus.jaga.semangat.
</link>
</artikel>
