<artikel>
	<id>OLA_SB_10_155</id>
	<judul>Riedl Tak Bawa Jandia Eka untuk Ujicoba dengan Myanmar dan Vietnam</judul>
	<tanggal>01/11/16</tanggal>
	<kata_kunci>laga ujicoba, indonesia lawan myanmar dan vietnam</kata_kunci>
	<isi>




 - Pelatih timnas Indonesia Alfred Riedl memutuskan untuk tak membawa penjaga gawang Jandia Eka Putra untuk menghadapi dua laga ujicoba internasional. Pemain Semen Padang itu saat ini masih mengalami cedera.Riedl hanya akan membawa  pemain, dari total  pemain yang dipanggil menjalani sesi pemusatan latihan. Mereka dijadwalkan berangkat pada besok, Rabu (/), untuk menghadapi Myanmar pada  November dan menjajal Vietnam pada  November.Riedl mengatakan alasan tak menyertakan Jandia karena si pemain mengalami sakit pada lehernya sehingga tak bisa tampil  persen. Namun keputusan tersebut kemungkinan besar bersifat sementara."Jandia masih sakit leher, jadi dia tidak bisa maksimal. Jadi, Jandia istirahat dulu. Mungkin kami akan panggil lagi nanti untuk Piala AFF," ujar Riedl menjalani sesi latihan di Lapangan UPH, Karawaci, Tangerang.Namun begitu, pelatih asal Austria itu menegaskan dicoretnya Jandia bukan karena penampilannya buruk. Tapi lantaran hanya  pemain yang harus dibawa."Dia kiper bagus, tak kalah dengan pemain lain. Tapi kami sudah putuskan ini," lanjut pelatih asal Austria itu.Dengan demikian, timnas membawa tiga penjaga gawang yaitu Kurnia Meiga, Andritany Ardhyasa, dan Dian Agus. Sementara Andik Vermansah, Stefano Lilipaly dan Irfan Bachdim bakal menyusul langsung ke Myanmar.
						







</isi>
	<link>http://sport.detik.com/sepakbola/liga-indonesia/3334815/riedl-tak-bawa-jandia-eka-untuk-ujicoba-dengan-myanmar-dan-vietnam
</link>
</artikel>
