<artikel>
	<id>OLA_SB_10_690</id>
	<judul>Imbangi Dua Musuh Besar, Persib Optimistis Berjaya di Laga Kandang</judul>
	<tanggal>07/11/16</tanggal>
	<kata_kunci>persib, isc</kata_kunci>
	<isi> BANDUNG - Persib Bandung mampu mengatasi perlawanan dari dua musuh bebuyutannya, PSM Makassar dan Persija Jakarta. Dalam dua laga tandang di ajang Indonesia Soccer Championship (ISC), tim asuhan Djajang Nurjaman bisa mencuri satu poin.Pada  Oktober lalu, Persib menahan imbang PSM Makassar dengan skor -. Sepekan kemudian, Samsul Arif Cs mengimbangi Persija tanpa gol. Dengan hasil ini Djajang yakin skuat didikannya bisa meraih hasil positif dalam dua laga ke depan.Pelatih Persib tersebut menilai, hasil imbang di laga tandang jadi momen pembuktian diri skuat Maung Bandung. Karenanya ia optimistis Persib dapat meningkatkan penampilan saat menghadapi Persipura Jayapura dan juga Semen Padang. Dua bentrokan tersebut bakal digelar di Stadion Gelora Bandung Lautan Api (GBLA),  dan  November ."Dua pertandingan away kita lumayan bagus, ada progres. Mudah-mudahan ini jadi modal karena dua pertandingan berikutnya cukup berat melawan Persipura dan Semen Padang," kata Djajang, Senin (//).Untuk mewujudkan kemenangan dalam dua laga kandang, Djajang bakal memulai persiapan sejak Selasa (//). Saat ini para pemain masih diliburkan sebab baru saja pulang dari perjalanannya ke Stadion Manahan Solo. (bep) dibaca .x </isi>
	<link>http://soccer.sindonews.com/read/1153319/58/imbangi-dua-musuh-besar-persib-optimistis-berjaya-di-laga-kandang-1478494717
</link>
</artikel>
