<artikel>
	<id>OLA_SB_10_092</id>
	<judul>Hujan Kartu Warnai Laga Imbang Persija Vs Persib</judul>
	<tanggal>05/11/16</tanggal>
	<kata_kunci>persija, persib, hasil imbang, </kata_kunci>
	<isi>  SOLO, KOMPAS.com Persija Jakarta kontraPersib Bandungkembali tak menghasilkan pemenang pada laga lanjutan TSC . Bermain di Stadion Manahan, Solo, laga berakhir tanpa gol pada Sabtu (//) malam. Tuan rumah meguasaiball possessionpada laga ini. Hasil imbang di Manahan ini mengulang catatan sama saat kedua tim bersua di Gelora Bandung Lautan Api (GBLA) pada putaran pertama TSC . Namun, Persija pada laga akhir pekan ini lebih banyak menguasai bola. Untukball possessionyang dirilis Labbola, Persija unggul dengan  persen dan Persib melakukan hal itu sebanyak  persen. Sedangkan untuk kartu kuning, Persija menerima empat. Para pemain tuan rumah yang menerima kartu kuning adalah Novri Setiawan dan Amarzukih, sedangkan Rodrigo Tosi dapat dua kali lalu kartu merah. Sementara itu, satu pemain Persib yang dapat kartu kuning adalah Marcos Flores.(Estu Santoso) Statistik Pertandingan@Persija_Jkt-@persib#TSCStatspic.twitter.com/aGNRUTee Susunan Pemain: Persija:Daryono; Novri Setiawan, Maman Abdurahman/Syahroni, Hong Soon-hak, Vava Mario Yagalo/Idham Jauhari, Abrizal Umanailo/Rahmat Afandi, Ade Jantra Lukmana, Amarzukih, Sutanto Tan, Pacho Kenmogne, Rodrigo Tosi Pelatih: M Zein Al Hadad Persib:M Natshir; Tony Sucipto, Diogo Ferreira, Vladimir Vujovic, Jajang Sukmara, Febri Hariyadi/David Laly, Kim Kurniawan, Taufiq, Marcos Flores/Tantan, Samsul Arif/Atep, Sergio van Dijk Pelatih: Djadjang Sukmara</isi>
	<link>http://bola.kompas.com/read/2016/11/05/20555178/hujan.kartu.warnai.laga.imbang.persija.vs.persib
</link>
</artikel>
