<artikel>
	<id>OLA_SB_10_770</id>
	<judul>Bangkit, Mitra Kukar Lumat Bali United</judul>
	<tanggal>14/11/16</tanggal>
	<kata_kunci>mitra kukar, bali united, isc</kata_kunci>
	<isi> TENGGARONG - Mitra Kukar kembali ke jalur kemenangan. Pasukan Jafri Sastra memetik poin sempurna setelah mengalahkan Bali United - pada pekan ke- Indonesia Soccer Championship (ISC) A  di Stadion Aji Imbut, Tenggarong, Senin (//).Naga Mekes -julukan Mitra Kukar- melakoni laga dengan modal negatif setelah dipermak Bayangkara FC - pada pekan sebelumnya. Namun, Septian David Maulana dkk segera bangkit dan berhasil memetik kemenangan ke- mereka sepanjang ISC A  digelar.Yogi Rahadian membuka gol kemenangan Naga Mekes pada menit ke- lewat sepakan jarak dekat. Namun, Bali United berhasil membalas jelang akhir babak pertama, atau menit ke- melalui penyerang asal Serbia Nemanja Vidakovic yang menyambut umpan matang Miftahul Hamdi dari sisi kanan. Sebelum itu, Vidakovic sempat mencetak gol pada menit ke-, namun dianulir wasit Tabrani karena dalam posisi off-side. Skor - bertahan hingga babak pertama usai.Di babak kedua, tuan rumah kembali menekan. Puncaknya, pemain belakang Mitra Kukar Arthur Cunha kembali membawa Naga Mekes memimpin pada menit ke- melalui sundulan memanfaatkan tendangan bebas. Anindito Wahyu Erminarno memastikan kemenangan Mitra Kukar setelah tendangan bebas jarak jauhnya di menit ke- tak mampu dibendung kiper Mochamad Dicky.Tambahan tiga angka membuat Mitra Kukar kembali naik ke posisi enam klasemen ISC A  dengan raihan  poin. Tertinggal sembilan angka dari pemuncak klasemen Arema Cronus dan Madura United yang masing-masing mengemas  angka. Sementara Bali United tertahan di peringkat  dengan  poin. (sha) dibaca .x </isi>
	<link>http://soccer.sindonews.com/read/1155298/58/bangkit-mitra-kukar-lumat-bali-united-1479128510
</link>
</artikel>
