<artikel>
	<id>OLA_SB_10_753</id>
	<judul>Kelelahan, Sriwijaya FC Diimbangi Barito Putera</judul>
	<tanggal>28/11/16</tanggal>
	<kata_kunci>sriwijaya fc lawan barito putera, isc</kata_kunci>
	<isi> PALEMBANG - Sriwijaya FC gagal meraup poin sempurna saat menjamu Barito Putera pada pekan ke- Indonesia Soccer Championship (ISC) A . Berlaga di Gelora Sriwijaya Jakabaring, Palembang, Sriwijaya FC ditahan -, Senin (//).Penyerang Barito Yongky Ariwibowo menjadi mimpi buruk Laskar Wong Kito -julukan Sriwijaya FC. Yongky menyamakan kedudukan lewat sentuhan tipis memanfaatkan umpan Amirul Mukminin pada menit ke-. Sebelumnya, Sriwijaya FC unggul melalui Alberto Goncalves pada menit ke- dan gol bunuh diri pemain Barito Muhammad Robby di menit ke-. Dua gol tersebut merupakan respons atas gol cepat pemain Barito Paulo Oktavianus Sitanggang yang membuat pendukung tuan rumah terdiam saat laga berjalan empat menit.Asisten Pelatih Sriwijaya FC Hartono Ruslan kepada Antara menyatakan tidak puas atas hasil imbang yang dipetik timnya. Namun, Hartono menyebut timnya kelelahan sehingga tidak tampil maksimal. "Harus diakui kondisi pemain kami masih lelah setelah bertandang ke markas Perseru Serui," katanya. Dengan tambahan satu angka, Pasukan Widodo C Putro tertahan di peringkat  klasemen sementara ISC A  dengan  poin, sedangkan Barito Putera terdampar di peringkat  dari  kontestan dengan  poin. (sha) dibaca .x </isi>
	<link>http://soccer.sindonews.com/read/1158969/58/kelelahan-sriwijaya-fc-diimbangi-barito-putera-1480344461
</link>
</artikel>
