<artikel>
	<id>OLA_SB_10_105</id>
	<judul>Ada Striker Bermasa Depan Cerah di Timnas Indonesia</judul>
	<tanggal>20/11/16</tanggal>
	<kata_kunci>striker Lerby Eliendry, Striker timnas Indonesia</kata_kunci>
	<isi> Laporan langsung Anju Christian langsung dari Manila, Filipina BULACAN, KOMPAS.com- Pelatih tim nasional (timnas) Indonesia menyebut bahwa Lerby Eliandry adalah striker dengan masa depan cerah. Pujian tersebut dilontarkan Riedl setelah Lerby mencetak satu gol ke gawang Thailand pada partai pertama Grup A Piala AFF  di Philippine Sports Stadium, Sabtu (//). Pada menit ke-, Lerby menyambut umpan silang Benny Wahyudi dari sisi kanan dengan tandukan ke gawang Kawin Thamsatchanan. Skor pun berubah menjadi -. Gol ini terasa sangat spesial karena menjadi kali pertama buat Lerby pada pentas internasional. Buat Riedl, ini juga menjadi bukti kepantasan Lerby mengisi pos starter. "Lerby bekerja keras pada latihan dan pertandingan. Dia memiliki semangat juang," kata Riedl pada jumpa pers setelah pertandingan. "Untuk gol, sebuah hal normal apabila dia terdorong menciptakannya. Dia seorang striker. Dia mempunyai masa depan cerah," ucap arsitek asal Austria itu. Statistik akhir laga#THA - #INA.#BanggaGarudaKitapic.twitter.com/sYvzFTZ Lerby sendiri tidak bisa menjalani pertandingan hingga akhir. Dia digantikan oleh Zulham Zamrun pada menit ke-. Lima menit setelah Lerby diganti, Indonesia kembali tertinggal akibat lesakan Teerasil Dangda. Teerasil mencetak gol ketiganya sekaligus mengubah skor menjadi - pada masa injury time. Hasil ini membuat Indonesia tertahan di posisi buncit dengan koleksi nol poin. Sebaliknya, Thailand bertengger di puncak berkat raupan tiga angka. Berikutnya, Indonesia akan melawan Filipina pada partai lanjutan Grup A di Philippine Sports Stadium, Selasa (//). Inilah jadwal tanding Indonesia di Piala AFF #BanggaGarudaKitapic.twitter.com/uAnIuExCW</isi>
	<link>http://bola.kompas.com/read/2016/11/20/09312138/ada.striker.bermasa.depan.cerah.di.timnas.indonesia
</link>
</artikel>
