<artikel>
	<id>OLA_SB_10_112</id>
	<judul>Permohonan dan Harapan Andik Jelang Indonesia Vs Thailand</judul>
	<tanggal>19/11/16</tanggal>
	<kata_kunci>indonsia vs thailand, piala AFF</kata_kunci>
	<isi> Laporan langsung Anju Christian dari Bulacan, Filipina BULACAN, KOMPAS.com- Pemain sayap tim nasional (timnas) Indonesia, Andik Vermansah, memohon dukungan dari masyarakat menjelang partai kontra Thailand di Philippine Sports Stadium, Bulacan, Sabtu (//). Pertandingan ini menjadi awal petualangan Indonesia di Piala AFF . Mereka bersaing dengan Thailand, Singapura, dan Filipina di Grup A. Laga pertama tidak mudah karena Thailand berstatus sebagai juara bertahan dan merupakan satu-satunya negara Asia Tenggara yang melaju ke fase akhir Kualifikasi Piala Dunia  zona Asia. Oleh karenanya, Andik meminta dorongan dari seluruh masyarakat demi meraup hasil maksimal. "Mohon juga doa dan dukungannya kepada seluruh warga Indonesia. Semoga bisa meraih kemenangan," tutur Andik setelah uji coba lapangan, Jumat (//). "Persiapan sudah oke semua. Kami ingin bermain tanpa beban dan lepas. Insya Allah kami bisa meladeni permainan Thailand besok," kata dia. Timnas Indonesia tengah menjalani latihan dan menjajal lapangan di Philippine Sports Stadium.#BanggaGarudaKitapic.twitter.com/XPmhEK Untuk menyiapkan laga ini, timnas cuma menjalani satu sesi latihan di Filipina, yaitu ketika menjajal stadion. Maklum, pasukan Alfred Riedl memiliki waktu terbatas karena baru mendarat di Manila, Kamis (//). Inilah jadwal tanding Indonesia di Piala AFF #BanggaGarudaKitapic.twitter.com/uAnIuExCW Juara (@Juara)November , </isi>
	<link>http://bola.kompas.com/read/2016/11/19/07050008/permohonan.dan.harapan.andik.jelang.indonesia.vs.thailand
</link>
</artikel>
