<artikel>
	<id>OLA_SB_10_165</id>
	<judul>Final Liga Santri Nusantara: Nur Iman Hadapi Walisongo FC</judul>
	<tanggal>30/10/16</tanggal>
	<kata_kunci>Liga santri nusantaram nur iman lawan walisongo</kata_kunci>
	<isi>




 - Liga Santri Nusantara (LSN) sudah mencapai babak final. Nur Iman Mlangi dari Yogyakarta akan berhadapan dengan tim Walisongo FC dari Sragen.Kedua tim akan bertemu di partai puncak yang digelar di Stadion Maguwoharjo, Sleman pada Minggu (/) sore nanti. Rencananya, Menpora Imam Nahrawi akan turut serta menyaksikan laga tersebut.Nur Iman sukses melaju ke final, setelah mengalahkan wakil dari Jawa Barat, Al Falah Bandung, dengan skor -. Sementara Walisongo FC mampu menaklukkan Al Asy'ari, Banten dengan skor -.Ketua panitia Abdul Ghaffar Rozin, menegaskan kembali bahwa LSN ini diharapkan bisa membangkitkan semangat berolahraga di dunia pesantren, dan memunculkan bibit-bibit sepakbola di masa depan."Pak Menpora Imam Nahrawi berinisiatif untuk memajukan sepabola Indonesia dengan melibatkan sumber daya dari pesantren. Ini harus diapresiasi," ucap Rozin.Pada laga final nanti, juga akan dimeriahkan dengan acara mengaji bersama band Slank dan Menpora. Ini menjadi acara penutup LSN .








</isi>
	<link>http://sport.detik.com/sepakbola/liga-indonesia/3332689/final-liga-santri-nusantara-nur-iman-hadapi-walisongo-fc
</link>
</artikel>
