<artikel>
	<id>OLA_SB_10_677</id>
	<judul>Babak I: Vietnam vs Indonesia, Gol Boaz Dibalas Le Chong Vinh</judul>
	<tanggal>08/11/16</tanggal>
	<kata_kunci>vietnam lawan indonesia, uji coba</kata_kunci>
	<isi> HANOI - Indonesia diimbangi Vietnam pada babak pertama laga uji coba di Stadion Internasional My Dinh, Hanoi, Selasa (//). Striker Persipura Jayapura Boaz Solossa membawa Merah Putih unggul, sebelum disamakan Le Chong Vinh.Indonesia tampil agresif di kandang Vietnam. Peluang tercipta pada menit ke- saat Irfan Bachdim mendapat ruang melepaskan tembakan. Namun, upayanya belum membuahkan gol. Bola melambung di atas gawang Tran Nguyen Manh.Gol baru tercipta di menit ke-. Melalui serangan balik yang dibangun dari area pertahanan Indonesia. Stefano Lilipaly yang mendapat bola menggiring dari sisi kanan  melewati pemain belakang Vietnam, lalu melepaskan tembakan keras terarah. Namun, sepakan Stefano diblok Tran Nguyen Manh. Bola muntah langsung disambar Boaz Solossa dengan kaki kirinya dan menjadi gol. Keunggulan Indonesia hanya bertahan hingga menit ke-. Sundulan Kapten Vietnam Le Chong Vinh mengubah kedudukan sama kuat jelang babak pertama berakhir. Skor - bertahan hingga jeda.Susunan pemain:  Vietnam (--): Tran Nguyen Manh;  Dinh Tien Thanh, Troung Dinh Luat, Tran Dinh Dong, Vu Van Than; Nguyen Trong Hoang, Luong Xuan Truong, Dinh Thanh Trung; Nguyen Van Quyet, Nguyen Van Toan, Le chong VinhPelatih: Nguyen Huu ThangIndonesia (--): Kurnia Meiga (GK); Benny Wahyudi, M Abduh, Fachruddin, Yanto Basna; Rizki Pora, Stefano L, Andik Vermansyah, Evan Dimas; Boas Solossa, Irfan Bachdim. Pelatih: Alfred Riedl (sha) dibaca .x </isi>
	<link>http://soccer.sindonews.com/read/1153772/58/babak-i-vietnam-vs-indonesia-gol-boaz-dibalas-le-chong-vinh-1478610573
</link>
</artikel>
