<artikel>
	<id>OLA_SB_10_097</id>
	<judul>Indonesia Tak Mampu Kalahkan Myanmar</judul>
	<tanggal>04/11/16</tanggal>
	<kata_kunci>Alfred Riedl, Irfan Bachdim, hasil training camp, piala aff, myanmar, timnas indonesia</kata_kunci>
	<isi> YANGON, KOMPAS.com -Tim nasional Indonesia dan Myanmar bermain imbang tanpa gol pada pertandingan persahabatan di Stadion Thuwuna, Yangon, Jumat (//).  Indonesia terlihat kesulitan mengembangkan permainan, setidaknya dalam  menit awal. Boaz Solossa dan kawan-kawan bermain terburu-buru dan sering melakukan kesalahan dalam melempaskan umpan. Dalam kurun waktu tersebut, Indonesia hanya mampu  kali masuk ke dalam kotak penalti lawan. Ancaman pertama datang dari tembakan Boaz Solossa seusai memanfaatkan umpan cerdik yang dilepaskan dariEvan Dimas. Namun, penyerang Persipura Jayapura tersebut melakukanhandballsebelum melepaskan tembakan meskipun melenceng.Sementara serangan tim tuan rumah lebih bertumpu kepada Kaung Sat Naing.  Pemain bernomor punggung  tersebut beberapa kali melancarkan serangan yang membuat Abduh Lestaluhu sebagai bek kiri harus bekerja keras meredam serangan Sat Naing.  'Upaya Tembakan (Mengarah ke Gawang)#Myanmar ()#Indonesia????????  ()#TimNasDay#TimNasStats Peluang terbaik Indonesia terjadi pada menit ke-. Boaz berhasil membawa bola ke dalam kotak penalti setelah Phyo Ko.Dia berusaha melewati kiper lawan tetapi bola berhasil ditangkap Kyaw Zin. Di balik itu, pertahanan Indonesia tampak rapuh. Beberapa kali, Myanmar mudah masuk ke dalam kotak penalti lawan. Contohnya, Aung Thu berhasil melepaskan tembakan di dalam kotak penalti. Beruntung bagi Indonesia, bola hasil tembakan Aung Thu melayang di atas mistar gawang. Terlepas dari itu, kedua tim bermain imbang tanpa gol hingga waktu jeda. Pada awal babak kedua, pelatih Indonesia Alfred Riedl melalukukan perubahan di lini tengah dengan memasukkan Dedi Kusnandar. Pada menit ke-, Riedl juga memasukkan Ferdinand Sinaga dan Rizky Pora. Kedua pemain tersebut menggantikan Lerby dan Zulham.  'Ball Possession#Myanmar???????? %#Indonesia???????? %#TimNasDay#TimNasStats Masuknya dua pemain tersebut belum membuat permainan Indonesia terlihat rapi. Sebaliknya, gawang Indonesia nyaris kebobolan oleh tembakan keras Maung Maung Lwin dari luar kotak penalti. Namun, Andritanya masih sigap mengamankan gawangnya dengan menangkap bola. Setelah itu, Myanmar kembali mengendalikan serangan. Serangan tim tuan rumah memaksa Indonesia lebih banyak berkonsentrasi memperkuat lini belakang. Indonesia pun beberapa kali harus melakukan pelanggaran untuk memutus serangan lawan. Sementara pasukan Alfred Riedl terpaksa mengandalkan serangan balik saat mendapatkan bola. Pada masa injury time, Indonesia memiliki dua peluang emas dari Boaz dan Ferdinand Sinaga. Namun, peluang tersebut berhasil digagalkan Myanmar. Alhasil, Indonesia dipaksa bermain imbang - hingga laga usai. #FactSelama  menit, belum ada tembakan pemain-pemain#Indonesia???????? yang mengarah ke gawang#TimNasDay#TimNasStats Susunan Pemain Myamar:-Kyaw Phyo Wai; -David Htan, -Zaw Min Tun, -Nanda Kyaw, -Yan Naing Oo (Suan Lam Nang '); -Yan Aung Kyaw, -Phyo Ko Ko Thein, -Kaung Sat Naing (Myo Ko Tun '); -Ye Ko Oo, -Aung Thu, -Win Naing Soei Pelatih:Gerd Friedrich Horst Indonesia:-Adritany Ardhiyasa; -Beny Wahyudi, -Rudolof Yanto Basna, -Fachruddin Wahyudi, -Abdul Rachman; -Zulham Zamrun (Rizky Pora '), -Evan Dimas, -Bayu Pradana (Dedi Kusnandar ), -Bayu Gatra; -Boaz Solossa; -Lerby Eliandry Pong (Ferdinand Sinaga ') Pelatih:Alfred Riedl Wasit:Warintorn (Thailand) </isi>
	<link>http://bola.kompas.com/read/2016/11/04/19344088/indonesia.tak.mampu.kalahkan.myanmar.
</link>
</artikel>
