<artikel>
	<id>OLA_SB_10_098</id>
	<judul>Lawan Persija di Luar Jakarta, Sergio Bertekad Raih Poin Penuh</judul>
	<tanggal>04/11/16</tanggal>
	<kata_kunci>persib, persija, Sergio van Dijk, poin</kata_kunci>
	<isi> SOLO, KOMPAS.com- StrikerPersib Bandung, Sergio van Dijk, akan kembali merasakan atmosfer pertandingan tandang kontra Persija Jakarta di luar kota ibukota. Ia pun sangat antusias untuk menghadapi tim berjuluk Macan Kemayoran tersebut. Pada musim  pertandingan tandang menghadapi Persija di gelar di Stadion Maguwoharjo, Sleman. Saat ini diputaran kedua TSC A , Maung Bandung harus meladeni Macan Kemayoran di Stadion Manahan, Solo, Sabtu (//)."Ini El Classico, pertandingan penting untuk pemain untuk supporter dan untuk semua orang pecinta Persib," kata Sergio.Persib sendiri berhasil menahan imbang Persija - pada musim .  Gol yang membuat Maung Bandung membawa pulang satu poin tersebut dicetak oleh Sergio melalui sontekan dari dalam kotak penalti, setelah memanfaatkan kesalahan bek Persija, Ngurah Nanak.Sergio tidak menampik ingin kembali merobek gawang Persija. Namun, prioritasnya adalah tampil maksimal dan membawa tim kebanggaan bobotoh ini meraih poin penuh di pertandingan nanti."Ya, saya berharap cetak gol tapi tiga poin lebih penting," ujar Sergio.Pada pertandingan tersebut, Sergio dan rekan-rekannya memiliki motivasi berlipat untuk bisa menaklukan Persija."Sungguh pertandingan spesial, motivasi akan lebih tinggi untukfightdan dapat hasil bagus," tegas Sergio. </isi>
	<link>http://bola.kompas.com/read/2016/11/04/02573332/Lawan.Persija.di.Luar.Jakarta.Sergio.Bertekad.Raih.Poin.Penuh
</link>
</artikel>
