<artikel>
	<id>OLA_SB_10_750</id>
	<judul>Masalah Kebugaran Ganggu Persiapan Singo Edan</judul>
	<tanggal>18/11/16</tanggal>
	<kata_kunci>isc, arema cronus</kata_kunci>
	<isi> BANJARMASIN - Arema Cronus terus dihantui masalah kebugaran. Sejak Indonesia Soccer Championship (ISC) dimulai, selalu ada pemain Arema yang harus berurusan dengan tim medis.Kali ini giliran Nick Kalmar dan Raphael Maitimo yang kondisinya sedang tidak bugar. Kalmar mengalami cedera hamstring, sementara Maitimo belum fit % karena baru mengalami sakit. Keduanya menyusul Ryuji Utomo yang sedang terkapar karena cedera engkel. (Baca juga: Arema Masih Krisis Bek Tengah)"Saya memberinya istirahat ekstra selama persiapan ini. Semoga keduanya bisa dimainkan," ucap pelatih Arema, Milomir Seslija, Jumat (//).Jika keduanya benar-benar tumbang, Milo harus mencari strategi alternatif untuk menghadapi Barito Putera, Sabtu (//). Pilihan sang pelatih kemungkinan menggeser Esteban Vizcarra ke tengah bersama Ferry Saragih dan Juan Revi. Sedangkan posisi winger masih ada Arif Suyono, Okto Maniani dan Dendi Santoso."Tentu ada skenario alternatif yang dipersiapkan. Tetapi saya berharap Arema bisa bermain dengan kekuatan penuh, karena misi kami adalah memenangkan pertandingan," tegas Milo.Jika menang, Arema bisa mempertahankan posisi puncak klasemen ISC. Tapi jika kalah, mereka terancam disusul Madura United FC dan juga Persipura Jayapura. Saat ini Arema dan Madura United sama-sama mengantongi  poin. Sementara Persipura, mereka ada di peringkat tiga dengan raihan  poin. (bep) dibaca .x </isi>
	<link>http://soccer.sindonews.com/read/1156433/58/masalah-kebugaran-ganggu-persiapan-singo-edan-1479463030
</link>
</artikel>
