<artikel>
	<id>OLA_SB_10_182</id>
	<judul>Hasil Tes VO2 Max Timnas Belum Memuaskan</judul>
	<tanggal>22/10/16</tanggal>
	<kata_kunci>timnas indonesia, hasil VO2</kata_kunci>
	<isi>




 - Pelatih timnas Indonesia Alfred Riedl telah melakukan tes untuk mengetahui VO Max seluruh pemain. Hasilnya, hanya ada dua sampai tiga pemain yang kondisinya bagus.Riedl telah melakukan tes VO Max kepada seluruh pemain sejak Jumat (/). Hal ini dilakukan karena Riedl ingin melihat sejauh mana kondisi fisik pemain setelah tampil bersama klubnya masing-masing."Hasilnya tidak baik. Pemain datang dalam kondisi yang kurang baik. Mungkin hanya dua sampai tiga pemain saja yang bagus," ujar Riedl.Namun begitu, Riedl tetap optimistis fisik para pemainnya akan terus meningkat sebelum berangkat ke Piala AFF . Sebab, dia memang sedang memantapkan stamina dan fisik pasukannya mengingat lawan-lawan di Piala AFF cukup berat."Semua pemain bisa lebih baik lagi, secara mental maupun secara taktik," lanjut dia.Riedl menambahkan dia senang dengan penampilan timnya yang selama di pemusatan latihan. Seluruh pemain disebutnya sangat serius melahap menu latihan yang diberikannya."Sejauh ini saya melihat para pemain sangat bekerja keras dalam sesi latihan dan itu membuat saya senang. Para pemain juga disiplin mengikuti semua sesi latihan dan peraturan selama di sini," ucapnya lagi.Pada pemusatan latihan yang digelar mulai  sampai  Oktober ini, baru  pemain yang hadir. Dedi Kusnandar telat bergabung lantaran membela timnya Sabah FA terlebih dulu.
						







</isi>
	<link>http://sport.detik.com/sepakbola/liga-indonesia/3327086/hasil-tes-vo2-max-timnas-belum-memuaskan
</link>
</artikel>
