<artikel>
	<id>OLA_SB_10_649</id>
	<judul>Indonesia vs Thailand di Laga Pertama, Ini Jadwal Piala AFF 2016</judul>
	<tanggal>18/11/16</tanggal>
	<kata_kunci>indonesia lawan thailand, piala aff</kata_kunci>
	<isi>




 - Ajang sepakbola antara negara-negara Asia Tenggara mulai digelar akhir pekan ini. Indonesia, yang belum pernah jadi juara, tergabung di grup yang cukup berat.Sejak pertama digelar pada  silam, belum sekalipun Indonesia membawa pulang titel juara. 'Skuat Garuda' sudah empat kali masuk ke final, namun semuanya tuntas dengan kekalahan, alias dipaksa puas jadi runner up.Sabtu (//) besok Piala AFF edisi tahun  akan dimulai. Filipina menjadi tuan rumah untuk laga-laga fase grup. Sementara babak gugur sampai final akan dilangsungkan  oleh para kontestan.Indonesia tergabung di Grup A pada turnamen kali ini. Perjuangan untuk lolos fase grup bakal tidak mudah karena lawan-lawan berat menanti di sana. Mereka adalah Thailand, Filipina, dan Singapura.Indonesia akan lebih dulu menghadapi Thailand pada Sabtu (//). Dilanjutkan dengan duel menghadapi tuan rumah, Filipina, pada Selasa (//) dan laga pamungkas kontra Singapura pada Jumat (//)[Sabtu (//)Thailand v  : WIBFilipina v Singapura : WIBSelasa (//)Thailand v Singapura : WIB v Filipina : WIBJumat (//)Singapura vs  : WIBFilipina vs Thailand : WIBMinggu (//)Malaysia vs Cambodia : WIBMyanmar v Vietnam : WIBRabu (//)Malaysia vs Vietnam : WIBKamboja vs Myanmar : WIBSabtu (//)Vietnam vs Kamboja : WIBMyanmar v Malaysia : WIBSabtu (//) Runner up Grup A vs Juara Grup BMinggu (//) Runner Up Grup B vs Juara Grup ARabu (//) Juara Grup B vs Runner Up Grup AKamis (//) Juara Grup A vs Runner Up Grup BRabu (//) Leg I: Pemenang Semifinal I vs Pemenang Semifinal IISabtu (//) Leg II: Pemenang Semifinal II vs Pemenang Semifinal I
						







</isi>
	<link>http://sport.detik.com/sepakbola/liga-indonesia/3348496/indonesia-vs-thailand-di-laga-pertama-ini-jadwal-piala-aff-2016
</link>
</artikel>
