<artikel>
	<id>OLA_SB_10_675</id>
	<judul>Vietnam Kuat Tapi Timnas Indonesia Bukan Tidak Bermain Baik</judul>
	<tanggal>09/11/16</tanggal>
	<kata_kunci>vietnam, indonesia</kata_kunci>
	<isi> HANOI - Pelatih timnas Indonesia Alfred Riedl mengakui masih ada banyak kelemahan yang terlihat selama Boaz Solossa dkk ditekuk Vietnam dengan skor - dalam laga uji coba di Stadion Internasional My Dinh, Hanoi, Selasa (//). Diakuinya, ini akan menjadi titik fokus sebelum tampil di Piala AFF  yang digelar di Myanmar dan Filipina,  November- Desember."Yang pasti di pertandingan ini, kedua tim menampilkan kualitas yang lebih baik dibanding waktu di Yogyakarta. Piala AFF  masih menyisakan dua minggu lagi, dan saya akan memperbaiki kelemahan tersebut," terang Riedl, pasca pertandingan. Pada pertandingan persahabatan ini Vietnam menang dengan skor -. Kedua gol Indonesia masing-masing dicetak oleh Boaz Solossa pada menit ke- dan Irfan Bachdim ('). Sementara tuan rumah memborong tiga gol melalui Le Chong Vinh ('), Nguyen Cong Phuong ('), dan Nguyen Van Toan (')."Seperti yang saya bilang di jumpa pers sebelum pertandingan, Vietnam cukup kuat dan punya daya juang yang tinggi. Timnas bukan tidak bermain baik, hanya tekanan Vietnam di  menit terakhir membuat sedikit kesulitan dan Vietnam mampu memanfaatkan itu." Ketika ditanya perbandingan melawan Myanmar dan Vietnam selama laga uji coba ini, Riedl menjawab sangat berbeda. Dikatakan, Myanmar tidak begitu sulit untuk dihadapi. Sebaliknya, tim polesan Nguyen Huu Thang jauh lebih baik. "Dibandingkan dengan Myanmar, Vietnam jauh lebih baik. Namun, itu didasarkan dari beberapa data yang ditunjukkan di lapangan dan hasil pertandingan," ungkap pelatih berpaspor Austria tersebut. Baca juga:Ditekuk Vietnam, Alarm Bahaya untuk IndonesiaPelatih Vietnam Kesal Gawangnya Dibobol Dua Kali (sbn) dibaca .x </isi>
	<link>http://soccer.sindonews.com/read/1153828/58/vietnam-kuat-tapi-timnas-indonesia-bukan-tidak-bermain-baik-1478628226
</link>
</artikel>
