<artikel>
	<id>OLA_SB_10_038</id>
	<judul>Persipura Targetkan Kemenangan Ketujuh Beruntun di Kandang</judul>
	<tanggal>28/10/16</tanggal>
	<kata_kunci>Persipura Jayapura, TSC, Sriwijaya FC, Angel Alfredo Vera, Imannuel Wanggai, Dominggus Fakdawer</kata_kunci>
	<isi> JAYAPURA, KOMPAS.com- Klub Persipura Jayapura menargetkan kemenangan ketujuh secara beruntun di kandangnya, Stadion Mandala, dalam TSC . Persipura akan menghadapi Srwijaya FC, asal Sumatera Selatan, Minggu (//) ini. Saat ini Persipura meraih  poin dari  pertandingan, sedangkan Sriwijaya mengoleksi  poin dan berada di peringkat kelima. Persipura bercokol di posisi kedua dan hanya selisih tiga angka dengan pimpinan klasemen, Madura United. Pelatih Persipura Angel Alfredo Vera saat ditemui seusai menggelar latihan bersama para pemain di Stadion Mandala, Jumat (//), mengatakan, seluruh pemainnya dalam kondisi fit untuk meraih poin penuh di kandang. Hanya Imannuel Wanggai, salah satu pemain pilar di lini tengah yang absen dalam laga melawan Sriwijaya. Sebab, ia terkena akumulasi kartu kuning, kata Angel. Pria asalArgentinaini menuturkan, dirinya telah menyiapkan pemain alternatif untuk menggantikan posisi Imannuel di lini tengah. Kemungkinan saya akan memainkan Ricardo Silva de Almeida atau Muhammad Tahir untuk menggantikan posisi Imannuel. Saya akan menggunakan strategi ofensif yang sama ketika mengalahkan Arema, tutur Angel. Ricardo Salampessy, libero Persipura, mengakui, pemanggilan Dominggus Fakdawer untuk memperkuat Tim Nasional pada ajang Piala AFF cukup berpengaruh pada sektor belakang timnya. Akan tetapi, ujarnya, para pemain akan bermain dengan maksimal demi meraih tiga poin. Seluruh pemain dalam kondisi fit. Kami akan berjuang dengan maksimal untuk meraih kemenangan sebab selisih angka dengan Sriwjaya sangat sedikit, ujar Ricardo. </isi>
	<link>http://bola.kompas.com/read/2016/10/28/22120088/persipura.targetkan.kemenangan.ketujuh.beruntun.di.kandang.
</link>
</artikel>
