<artikel>
	<id>OLA_SB_10_724</id>
	<judul>Arema Optimistis Tak Terkejar Pesaing</judul>
	<tanggal>21/11/16</tanggal>
	<kata_kunci>arema optimistis</kata_kunci>
	<isi> MALANG - Usai meraup tiga angka dan mengamankan posisi puncak, Arema Cronus semakin optimistis tidak akan terkejar hingga akhir musim oleh para pesaing. Meski perolehan poin Arema sama dengan Madura United, itu tak mereduksi kepercayaan diri Singo Edan.Sepulang dari Banjarmasin usai menundukkan Barito Putera -, Arema menyambut laga yang berpeluang besar dimenangkan. Pekan ini mereka akan menghadapi tim papan bawah PS TNI di Stadion Kanjuruhan, Malang.Pelatih Arema Cronus Milomir Seslija mengatakan timnya dalam posisi bagus untuk mengakhiri musim sebagai jawara. Kemenangan di kandang Barito menurutnya telah menunjukkan bahwa timnya mempunyai karakter yang mumpuni."Saya tidak mau sombong, tapi Arema memiliki apa yang dibutuhkan sebuah tim untuk menjadi juara. Syaratnya, tim ini tidak boleh terlena di pertandingan-pertandingan terakhir kompetisi. Konsisten adalah kuncinya," cetus Milomir Seslija, Senin (//). Arema sendiri masih bakal menghadapi pertandingan berat di penghujung musim seperti lawan Sriwijaya FC maupun Persib Bandung. Tapi tampaknya itu tak mengurangi antusiasme Milo untuk terus memberi apresiasi untuk timnya demi mempertebal mental.Sisi lain yang membuat Milo optimistis adalah respons Arema dalam menghadapi berbagai hambatan, terutama cedera pemain. Hingga mendekati akhir kompetisi, Singo Edan kehilangan beberapa pemain penting antara lain Marcio Teruel, Ahmad Nuvianfani dan Hendro Siswanto."Kami pernah mengalami kesulitan karena cedera pemain yang begitu banyak. Bahkan sampai sekarang ada yang belum bisa bermain. Tetapi tim memberi bukti masih mampu bersaing di puncak klasemen hingga mendekati akhir musim," urai pelatih asal Bosnia.Sekarang ini, hingga akhir musim nanti, Milo menargetkan tidak ada lagi kehilangan poin baik di laga kandang maupun tandang. Dengan lima pertandingan sisa, dia ingin semuanya dilibas habis dan finish sebagai pemuncak alias juara. (bbk) dibaca .x </isi>
	<link>http://soccer.sindonews.com/read/1157029/58/arema-optimistis-tak-terkejar-pesaing-1479715873
</link>
</artikel>
