<artikel>
	<id>OLA_SB_10_647</id>
	<judul>Target Stefano Lilipaly: Ke Final dan Membuat Indonesia Bangga</judul>
	<tanggal>18/11/16</tanggal>
	<kata_kunci>stefano lilipaly, piala aff</kata_kunci>
	<isi>




 - Stefano Lilipaly di ambang turnamen pertamanya bersama tim nasional Indonesia. Sudah siap-sedia, ia pun punya target tersendiri. Lilipaly dapat dibilang menjalani perjalanan berliku di timnas Indonesia. Menjalani debut berseragam 'Merah Putih' dalam kemenangan - atas Filipina pada laga ujicoba , baru tahun ini lagi ia berkesempatan kembali membela timnas.Pemain klub Belanda, SC Telstar, yang biasa beroperasi di lini tengah tapi juga mampu menjaga pertahanan tersebut bermain lagi untuk 'Skuat Garuda' ketika kalah - dari Vietnam dalam laga ujicoba awal November ini.Pesepakbola berusia  tahun tersebut pada prosesnya dibawa serta ke Filipina oleh pelatih Alfred Riedl untuk membela Indonesia di Piala AFF  yang mulai bergulir akhir pekan ini."Target pribadi saya ingin timnas bisa mencapai final dan saya hanya ingin membuat Indonesia bangga," ucap Stefano.Indonesia akan mengawali kiprahnya di Piala AFF  pada hari Sabtu (//) dengan melawan Thailand. Stefano menegaskan dia dan rekan-rekannya sudah siap. "Hanya tinggal satu hari dan kami harus fokus. Saya rasa kami sudah siap  persen," kata pemain kelahiran Belanda yang memiliki garis keturunan Indonesia dari ayahnya tersebut.








</isi>
	<link>http://sport.detik.com/sepakbola/liga-indonesia/3348552/target-stefano-lilipaly-ke-final-dan-membuat-indonesia-bangga
</link>
</artikel>
