<artikel>
	<id>OLA_SB_10_166</id>
	<judul>Persela vs PS TNI: Duel Menjauhi Posisi Bawah Klasemen</judul>
	<tanggal>30/10/16</tanggal>
	<kata_kunci>persela lawan PSI TNI</kata_kunci>
	<isi>




 - Persela Lamongan dan PS TNI punya akan berduel dalam lanjutan ISC. Masih berkutat di papan bawah, keduanya berambisi meraih kemenangan untuk merangkak naik.Laga Persela dengan PS TNI akan dilangsungkan Minggu (//) sore WIB di Stadion Gelora Delta, Sidoarjo. Persela menggunakan venue tersebut karena Stadion Suryajaya Lamongan masih dalam perbaikan.Kini duduk di posisi  klasemen sementara, PS TNI membidik kemenangan untuk bisa keluar dari papan bawah klasemen. Meski tanpa dua pemainnya yang kini dipanggil memperkuat timnas, PS TNI tak kehilangan keyakinan bisa meraih poin penuh."Kami yakin bahwa kami akan memenangkan pertandingan saat melawan Persela Lamongan," Kata Asisten PS TNI, Edy Syahputra, dalam konferensi pers Di Stadion Gelara Delta Sidoarjo, Sabtu (//)"Selama kami main di Sidoarjo ada keberuntungan tersendiri, kedatangan kami ke Sidoarjo yang jelas untuk menang, meskipun ada dua pemain kami yang bakal absen karena mengikuti latihan timnas gak masalah," imbuhnya.Dua pemain PS TNI yang dipanggil memperkuat timnas adalah Manahati Lestusen dan M. Abduh Lestaluhu. PS TNI sudah menyiapkan pemain lain untuk mengisi kekosongan mereka di barisan belakang.Sementara itu di tempat yang sama, Asisten Pelatih Persela Lamongan, Mustaqim, juga membidik kemenangan demi bisa keluar dari papan bawah klasemen."Dalam pertadingan besok, saat menjamu PS TNI, kami harus memenangkan pertandingan dengan harapan kemenangan tersebut Persela Lamongan tidak akan ada di dasar klasemen," kata Mustaqim.Jika ada penggawa PS TNI dipanggil memperkuat timnas, tidak demikian dengan Persela. Mereka akan tampil dengan kekuatan penuh dalam pertandingan tersebut."Tidak ada pemain yang memperkuat timnas dan tidak ada pemain yang cedera. Akumulasi juga tidak, jadi targetnya memenangkan pertandingan besok, tandasnya.Persela Lamongan saat ini menempati posisi  klasemen sementara dengan  poin dipunya. Setelah menjalani  pertandingan, mereka meraih lima kemenangan, enam kali imbang dan  kali kalah.
						







</isi>
	<link>http://sport.detik.com/sepakbola/liga-indonesia/3332612/persela-vs-ps-tni-duel-menjauhi-posisi-bawah-klasemen
</link>
</artikel>
