<artikel>
	<id>OLA_SB_10_186</id>
	<judul>Indonesia Naik Dua Peringkat di Ranking FIFA, Riedl: Tak Perlu Dibesar-besarkan</judul>
	<tanggal>21/10/16</tanggal>
	<kata_kunci>peringkat FIFA indonesia</kata_kunci>
	<isi>




 - Peringkat Indonesia di FIFA mengalami kenaikan dua tingkat. Pelatih timnas Indonesia Alfred Riedl pun menanggapinya biasa-biasa saja.Berdasarkan rilis terbaru FIFA pada  Oktober kemarin, Indonesia kini menempati posisi ke . Sebelumnya, Indonesia berada di peringkat ke .Pada pertandingan pertama usai terbebas dari sanksi FIFA, Indonesia menundukkan Malaysia dengan skor telak -, pada  September lalu. Terakhir, Skuat Garuda berimbang - saat melakukan uji coba dengan Vietnam di  Oktober lalu."Hanya naik dua peringkat, itu tidak terlalu penting dan tidak perlu dibesar-besarkan," ujar pelatih Alfred Riedl.Pelatih asal Austria ini memilih fokus dalam mempersiapkan timnas menuju Piala AFF . Dengan hasil yang bagus, maka otomatis peringkat Indonesia akan lebih baik lagi."Kami fokus saja ke depan. Jika kami tampil bagus maka secara otomatis peringkat akan bagus," lanjut dia.Peringkat Indonesia di FIFA memang tidak terlalu istimewa. Sebab, Indonesia masih kalah jauh dari sejumlah negara Asia Tenggara lainnya. Filipina misalnya, mereka kini menempati posisi . Lalu disusul oleh Vietnam yang naik lima strip ke posisi ke . Mereka sukses menyalip Thailand yang ada di peringkat ke . Selanjutnya ada Myanmar, yang menempati posisi ke  disusul Malaysia, Kamboja, Singapura dan Laos.Indonesia memiliki kesempatan untuk memperbaiki peringkatnya di FIFA. Skuat Garuda itu bakal menghadapi dua laga ujicoba melawan Myanmar pada  November dan Vietnam  November.
						







</isi>
	<link>http://sport.detik.com/sepakbola/liga-indonesia/3326455/indonesia-naik-dua-peringkat-di-ranking-fifa-riedl-tak-perlu-dibesar-besarkan
</link>
</artikel>
