<artikel>
	<id>OLA_SB_10_688</id>
	<judul>Ganti Pelatih, Persela dan Persegres Malah Terjerembap</judul>
	<tanggal>07/11/16</tanggal>
	<kata_kunci>persela, persegres, isc</kata_kunci>
	<isi> LAMONGAN - Pergantian pelatih tak cukup mengangkat performa dua tim dari pesisir utara Jawa Timur, yakni Persela Lamongan dan Persegres Gresik United. Hingga pekan ke-, kedua tim belum beranjak dari papan bawah klasemen Indonesia Soccer Championship (ISC) A . Persela Lamongan yang memakai jasa Aji Santoso, masih berada di peringkat  klasemen sementara dengan koleksi  angka. Sedangkan Persrgres yang berada tepat di atasnya, berbeda tipis dengan mengumpulkan  angka.Aji Santoso yang terlihat telah mengubah cara bermain tim berjuluk Laskar Joko Tingkir, nyatanya belum menyodorkan posisi menjanjikan di klasemen sementara. Demikian pula Persegres yang sempat menjanjikan karena sempat mengalahkan Arema Cronus.Tim bertetangga ini juga sama-sama menjadi korban pembantaian di pekan ke-. Persela Lamongan digilas Arema Cronus - di Stadion Kanjuruhan, Minggu (//), sedangkan dua hari sebelumnya Persegres terkapar - di rumah Madura United.Sudah begitu, Persela ditunggu pertandingan berat dalam tiga pekan ke depan yakni kontra Sriwijaya FC, Pusamania Borneo FC, serta Persib Bandung. Sebuah misi yang sangat rumit bagi Aji Santoso walau ada peluang mengoptimalkan laga kandang.Persegres malah sudah tiga pertandingan menelan kekalahan secara beruntun dan disambut Bhayangkara FC serta Mitra Kukar di laga berikutnya. "Kami tak akan berhenti berusaha. Dengan sekuat tenaga kami akan memperbaiki situasi," kata Pelatih Persela Aji Santoso."Kalau dilihat dari posisi di klasemen memang belum ada perubahan signifikan. Tapi, melihat upaya dan karakter tim, saya masih optimistis tim akan berkembang. Saya harap suporter terus memberikan dukungan sebagai tambahan kekuatan," beber Aji.Dukungan dari fans juga diminta Pelatih Persegres Eduard Tjong. Dia meminta suporter tidak keburu putus asa karena posisi di klasemen masih sangat fluktuatif. Edu pun sangat berambisi untuk membalikkan situasi timnya yang sedang tidak stabil."Ambisi saya sama dengan suporter Ultrasmania, ingin melihat tim ini bangkit dan berada di posisi yang lebih baik. Namun memang perjalanan di ISC sangat sulit karena berbagai sebab, misalnya ada pemain yang absen," ungkap Eduard Tjong.Beruntung bagi kedua tim bertetangga, karena musim ini tidak diberlakukan sistem degradasi. Kendati demikian, suporter tetap menginginkan adanya perubahan besar dan finis di posisi lebih baik di akhir kompetisi nanti."Musim ini bisa menjadi pelajaran bagi manajemen agar menata kekuatan lebih serius lagi musim depan. Tetapi minimal kami ingin melihat Persegres bisa berada di posisi lebih baik lagi saat ISC  berakhir nanti," cetus Ketua Umum Ultrasmania Muharrom. (sha) dibaca .x </isi>
	<link>http://soccer.sindonews.com/read/1153440/58/ganti-pelatih-persela-dan-persegres-malah-terjerembap-1478515854
</link>
</artikel>
