<artikel>
	<id>OLA_SB_10_734</id>
	<judul>Tahan Sriwijaya FC, Perseru Perpanjang Rekor Tak Terkalahkan di Marora</judul>
	<tanggal>20/11/16</tanggal>
	<kata_kunci>perseru, sriwijaya fc, isc</kata_kunci>
	<isi> SERUI - Perseru Serui melanjutkan rekor tak terkalahkan di kandang setelah berhasil menahan Sriwijaya FC - pada pekan ke- Indonesia Soccer Championship (ISC) A , Minggu (//). Pasukan Hanafi mencatat  laga tidak terkalahkan di kandang. Dari  laga tersebut, Perseru mencatat  kemenangan dan lima kali imbang. Kini, Sukasto Efendi dkk bertengger di peringkat  dengan  poin.Namun, kegagahan Perseru di kandang berbanding terbalik dengan laga tandang. Dari  laga tandang, Perseru hanya sekali menang, dua kali imbang, dan  kali tumbang. Secara keseluruhan, produktivitas gol Perseru juga tak terlalu bagus, hanya mencetak  gol, sedangkan kebobolan mencapai  gol.Sementara bagi Sriwijaya FC, hasil imbang menyulitkan Laskar Wong Kito bersaing dalam perburuan juara ISC A . Pasukan Widodo Cahyono Putro tertahan di peringkat  klasemen sementara dengan  poin. Tertinggal  sembilan angka dari pemuncak klasemen Arema Cronus yang meraup  poin dalam sisa lima laga.Dari  Stadion Pakansari, Cibinong, penyerang Miftahul Hamdi menorehankan catatan baru dengan mencetak empat gol saat membawa Bali United menang - atas tuan rumah PS TNI. Empat gol Miftahul dikemas pada menit kesembilan, , , dan . Sedangkan dua gol balasan PS TNI dikemas Pandi A Lestaluhu () dan Erwin Ramdani ().Bali United bertengger di peringkat  dengan  poin, sednagkan PS TNI masih tercecer di peringkat  dari  kontestan dengan  poin dari  pertandingan. (sha) dibaca .x </isi>
	<link>http://soccer.sindonews.com/read/1156862/58/tahan-sriwijaya-fc-perseru-perpanjang-rekor-tak-terkalahkan-di-marora-1479644229
</link>
</artikel>
