<artikel>
	<id>OLA_SB_10_643</id>
	<judul>Thailand Kesampingkan Keunggulan Statistik Atas Indonesia</judul>
	<tanggal>18/11/16</tanggal>
	<kata_kunci>thailand, indonesia, piala aff</kata_kunci>
	<isi>




 - Thailand unggul telak dalam rekor head to head dengan Indonesia. Jelang pertemuan di laga pembuka Piala AFF, kubu Gajah Putih memilih mengesampingkan fakta tersebut.Menurut data yang dimiliki FIFA, Thailand dan Indonesia sudah berhadapan sebanyak  kali di semua kompetisi. Dari jumlah tersebut Thailand unggul jauh dengan sudah mengumpulkan  kemenangan, sementara Indonesia baru merasakan  kemenangan. Selisih gol kedua tim juga terpaut jauh. Thailand berhasil membuat  gol, sementara Indonesia tercatat  kali merobek jala gawang lawannya itu.Meski unggul cukup telak, Thailand memilih mengesampingkan data-data tersebut. "Statistik-statistik itu sudah masa lalu, kami menatap apa yang kami hadapi saat ini," ucap pelatih Kiatisuk Senamuang dalam sesi konferensi pers jelang pertandingan yang dilangsungkan Jumat (//).Laga Thailand dengan Indonesia akan dilangsungkan Sabtu (//) sore pukul : WIB besok. Indonesia meraih kemenangan - pada pertemuan terakhir dengan Thailand pada  lalu. Namun sudah banyak hal berubah dalam enam tahun.Thailand berhasil lolos ke fase ketiga Kualifikasi Piala Dunia , di mana mereka bersaing dengan raksasa-raksasa Asia. Beberapa hari lalu mereka sukses mengimbangi Australia -."Setiap tim kuat. Kami memilih fokus pada tim kami sendiri. Kami ingin menjadi juara, tapi kami ingin fokus pada fase grup lebih dulu," lanjut pelatih yang dua tahun lalu mengantar Thailand menjadi juara itu."Kami baru saja menjalani KUalifikasi Piala Dunia. Beberapa pemain kami tampil penuh di laga itu dan mereka kelelahan," lanjut Kiatisuk di situs resmi Piala AFF.








</isi>
	<link>http://sport.detik.com/sepakbola/liga-indonesia/3348942/thailand-kesampingkan-keunggulan-statistik-atas-indonesia
</link>
</artikel>
