<artikel>
	<id>OLA_SB_10_659</id>
	<judul>Dian Agus Juga Cedera, Urung Berangkat ke Piala AFF</judul>
	<tanggal>16/11/16</tanggal>
	<kata_kunci>piala aff, pemain cedera</kata_kunci>
	<isi>




 - Satu lagi pemain yang gagal memperkuat timnas Indonesia di Piala AFF . Dian Agus Prasetyo, kiper Pusamania Borneo FC, terpaksa dicoret karena cedera.Dian Agus mengalami cedera hamstring saat menjalani latihan pada Minggu (//) kemarin. Kondisinya sebelumnya sempat dipantau oleh tim dokter dan bahkan sempat mengikuti sesi latihan secara terpisah di Lapangan UPH Karawaci, Tangerang, Rabu (/).Akan tetapi, pada prosesnya Dian harus dicoret dan urung masuk skuat yang akan tampil di Piala AFF. Nasib serupa sebelumnya juga dialami oleh Irfan Bachdim.[Baca juga: ]"Dian Agus kami coret dan kiper baru akan datang. Kami punya masalah pada pemain yang cedera, Irfan Bachdim juga harus dicoret karena cedera," ujar pelatih Indonesia Alfred Riedl usai latihan.Untuk menggantikan Dian Agus, Riedl sebelumnya telah memanggil Teja Paku Alam. Namun, dia dijadwalkan baru bergabung pada sore nanti.Timnas Indonesia berencana berangkat ke Filipina pada Kamis (/) pukul . WIB. Riedl berharap tak ada lagi masalah di timnya."Pemain lain dalam keadaan baik dan tidak ada masalah," kata pelatih asal Austria itu.








</isi>
	<link>http://sport.detik.com/sepakbola/liga-indonesia/3346607/dian-agus-juga-cedera-urung-berangkat-ke-piala-aff
</link>
</artikel>
