<artikel>
	<id>OLA_SB_10_003</id>
	<judul>Timnas Tidak Fokus pada Hasil Saat Melawan Myanmar</judul>
	<tanggal>22/10/16</tanggal>
	<kata_kunci>uji coba, myanmar, timnas, Alfred Riedl</kata_kunci>
	<isi> SLEMAN, KOMPAS.com- Timnas Indonesia dijadwalkan akan melakoni laga uji coba melawan Myanmar pada  November  mendatang di Yangon, Myanmar. Pelatih Alfred Riedl mengatakan, hasil bukan tujuan utama dalam uji coba nanti. "Kami sudah mempunyai gambaran untuk uji coba melawan Myanmar. Pertandingan nanti hanya uji coba, kami tidak terlalu fokus di situ. Fokus kami tetap Piala AFF," ujar Riedl usai memimpin latihan pagi di Stadion Maguwoharjo Sleman, Sabtu (//). Meskipun hasil bukan tujuan utama, Riedl tetap mengharapkan anak asuhnya bermain dengan performa yang bagus dalam pertandingan nanti. Sebab pelatih asal Austria ini ingin melihat perkembangan permainan tim. Menurut Riedl, tidak semua pemain yang dipanggil dalam training center (TC) di Yogyakarta akan dibawa ke Myanmar. Mungkin hanya  pemain yang berangkat ke sana. Pada hari ketiga TC di Yogyakarta, para pemain Timnas mulai melahap porsi latihan taktikal. Latihan ini juga digunakan oleh Riedl untuk melihat kualitas empat pemain baru yang bergabung di Yogyakarta. </isi>
	<link>http://bola.kompas.com/read/2016/10/22/20090028/timnas.tidak.fokus.pada.hasil.saat.melawan.myanmar
</link>
</artikel>
