<artikel>
	<id>OLA_SB_10_726</id>
	<judul>Laga Berat Menunggu Persela</judul>
	<tanggal>21/11/16</tanggal>
	<kata_kunci>persela, isc</kata_kunci>
	<isi> LAMONGAN - Sinyal positif belum juga tampak di tim Persela Lamongan dalam lanjutan ISC . Setelah dikalahkan Pusamania Borneo FC akhir pekan lalu, kini pertandingan tak kalah berat telah menunggu tim kebanggaan Kota Soto.Akhir pekan mendatang giliran Persib Bandung yang akan mencicipi kekuatan Persela di Stadion Surajaya. Meski pertandingan kandang, bukan sebuah jaminan bagi Laskar Joko Tingkir untuk dengan mudah meraup tiga angka.Salah satu hal yang ditunggu jajaran pelatih Persela adalah komposisi pemain. Pelatih Kepala Aji Santoso berharap timnya lebih beruntung dan tidak terlalu banyak pemain yang absen di pertandingan kontra Maung Bandung nanti.Harapan yang cukup wajar, mengingat Persela tidak bisa memainkan setidaknya enam pemain saat dikalahkan Pusamania. Pemain yang sudah pasti bakal kembali ke tim adalah striker Ivan Carlos dan Agung Pribadi yang sudah bebas dari skorsing akumulasi kartu kuning.Sedangkan empat pemain lain masih ditungguk kondisinya karena sempat cedera, yakni Hedipo Gustavo (hamstring), Dendy Sulistyawan (cedera punggung kaki), Eky Taufik (engkel), serta Samsul Arifin (cedera kaki).Aji Santoso sendiri masih belum bisa memberikan garansi empat pemainnya yang cedera bakal pulih saat lawan Persib. "Saya masih terus memantau kondisi mereka. Kalau boleh berharap, saya ingin mereka bisa bermain lawan Persib," kata Aji Santoso, Senin (//). Terutama Dendi Sulistyawan dan Hedipo Gustavo yang keberadaannya sangat dibutuhkan Persela di lini depan dan tengah. Tanpa kedua pemain ini, daya serang Laskar Joko Tingkir kurang begitu gereget walau ada pemain muda menjanjikan yakni Hadianto."Yang pasti Ivan Carlos dan Agung Pribadi sudah bisa bermain setelah sempat absen karena akumulasi kartu kuning. Semoga kondisi mereka bagus untuk pertandingan mendatang dan memberi tambahan kekuatan untuk Persela," tandasnya.Persela masih dalam kondisi murung karena tanpa kemenangan di tiga pertandingan terakhir, yakni dikalahkan Arema Cronus dan Pusamania, serta ditahan imbang Sriwijaya FC. Persela pun kembali ke habitat awal, yakni dua strip dari posisi terbawah klasemen ISC. (bbk) dibaca .x </isi>
	<link>http://soccer.sindonews.com/read/1157017/58/laga-berat-menunggu-persela-1479713863
</link>
</artikel>
