<artikel>
	<id>OLA_SB_10_744</id>
	<judul>Titus Bonai Bawa Angin Segar ke Kubu PSM</judul>
	<tanggal>18/11/16</tanggal>
	<kata_kunci>psm makassar, isc, titus bonai</kata_kunci>
	<isi> MAKASSAR - PSM Makassar tak bisa memainkan Ferdinand Sinaga dan Muchlis Hadi Ning Syaifulloh di pekan ke- Indonesia Soccer Championship (ISC). Saat ini keduanya sedang menghuni Timnas Indonesia yang akan tampil di Piala AFF .Sebagai gantinya, PSM dapat menurunkan Titus Bonai. Kebetulan, pemain asal Papua ini baru sembuh dari cedera di bagian pinggulnya."Alhamdulilah tadi pagi sudah ikut latihan sama tim dan kondisinya sudah membaik," ucap Asisten Pelatih PSM, Imran Amirullah.Sebelumnya Tibo terpaksa absen saat PSM menghadapi Madura United, akhir pekan lalu. Kini dirinya sudah mengikuti latihan ringan dan diyakini pulih total saat Tim Juku Eja bertandang ke markas Bhayangkara FC, Senin (//).Sejauh ini Tibo tampil gemilang di lini serang PSM. Ia sudah mengoleksi empat gol dan kemampuannya diharapkan dapat memberi hasil positif dalam pertandingan nanti.Selain Tibo, PSM juga bisa memainkan Rasyid Bakri. Sebelumnya ia menderita cedera hamstring, namun Rasyid sudah dinyatakan pulih dan siap tampil menghadapi Bhayangkara."Iya kondisi saya sudah agak baik, dan siap kembali bermain," tegasnya. (bep) dibaca .x </isi>
	<link>http://soccer.sindonews.com/read/1156447/58/titus-bonai-bawa-angin-segar-ke-kubu-psm-1479465606
</link>
</artikel>
