<artikel>
	<id>OLA_SB_10_637</id>
	<judul>Suporter Indonesia di Filipina: Bersatu di Bawah Merah Putih</judul>
	<tanggal>19/11/16</tanggal>
	<kata_kunci>suporter indonesia, piala aff</kata_kunci>
	<isi>




 - Kedutaan besar Indonesia di Filipina riuh, Sabtu (//) siang waktu setempat. Puluhan suporter melakukan pemanasan untuk mendukung tim nasional Indonesia."Tinggalkan ras tinggalkan suku satu tekad dukung Garuda. Di bawah bendera merah-putih. Ayo maju, ayo maju Garudaku. Jangan kembali pulang sebelum Garuda menang, walau harus mati di tengah lapang, Garudaku teruslah berjuang."Demikian bunyi lirik yang dinyanyikan oleh puluhan pendukung 'Skuat Garuda' jelang lada Indonesia dengan Thailand di Piala AFF sore ini. Mereka juga membentangkan bendera merah-putih berukuran  meter x  meter.Mereka datang dari beberapa kelompok suporter. Ada Aremania, ada Bonekmania, beberapa orang mengenakan atribut Persipura Jayapura, dan ada juga dari Indonesia Diaspora Network Chapter Manila.Sejak pukul . siang waktu setempat, mereka sudah berkumpul. Bersama-sama, semua pendukung Indonesia itu pergi ke Phillipines Sport Stadium di Bocaue, untuk memberi suport langsung ke stadion."Kami berangkat sebanyak  orang dari Malang. Saya baru kali ini menjalani away untuk timnas. Kalau Arema sudah sering," kata Yuli Sumpil, Aremania yang datang langsung dari Malang, Jawa Timur.Sementara itu, Aditya, seorang Bonekmania dari Malaysia, rela untuk cuti kerja demi mendukung perjuangan Boaz Solossa dkk."Saya cuti kerja, kalau untuk pertandingan-pertandingan di ASEAN memang pasti menonton. Kali ini, saya akan nonton hingga laga kedua," ujar Aditya.Soal peluang laga melawan Thailand, Yuli mengaku optimistis dengan kans Indonesia."Buat kami, tidak ada grup neraka. Saya optimistis Indonesia akan menang," kata Yuli penuh harapan.Sementara itu, Aditya sedikit berbeda. Tapi, dia yakin Indonesia bakal lolos sebagai runner-up grup A."Untuk laga kali ini,  persen optimistis,  persen lainnya pasrah. Tapi, saya yakin timnas bisa meraih posisi runner-up grup," tegas Aditya.
						







</isi>
	<link>http://sport.detik.com/sepakbola/liga-indonesia/3349312/suporter-indonesia-di-filipina-bersatu-di-bawah-merah-putih
</link>
</artikel>
