<artikel>
	<id>OLA_SB_10_080</id>
	<judul>Lawan Bhayangkara FC, Patrick da Silva Belum Dapat Main</judul>
	<tanggal>08/11/16</tanggal>
	<kata_kunci>persegres gresik, komisi disiplin, TSC, Patrick da Silva, kartu merah</kata_kunci>
	<isi>  GRESIK, KOMPAS.com ; Akibat kartu merah yang diterimanya saat memperkuat Persegres Gresik United menghadapiPersib Bandungpada pekan ke- TSC , Sabtu (//) lalu, Patrick da Silva dijatuhi sanksi oleh komisi disiplin (Komdis). Awalnya, dia disanksi untuk enam laga. Namun, Komdis mengurangi sanksi striker asal Brasil itu menjadi hanya tiga pertandingan. Hal tersebut membuat Patrick da Silva masih belum dapat memperkuat tim Laskar Joko Samudro saat menjamu Bhayangkara FC di Stadion Petrokimia, Sabtu (//) mendatang. Lawan Bhayangkara, Patrick masih belum bisa dimainkan karena hukuman larangan bertanding mulai dihitung Komdis saat lawan Madura United kemarin, tutur pelatih Persegres Eduard Tjong, Senin (//). Lawan Mitra Kukar pada pekan ke- juga belum. Patrick baru dapat kami mainkan saat jumpa Bali United pada pekan ke-,  November mendatang, ucap dia. Dalam pertandingan kontra Persib, Patrick diganjar kartu merah wasit Abdul Rahman Salasa yang memimpin jalannya pertandingan lantaran dianggap mengeluarkan kata-kata tidak senonoh kepada pemain lawan. Tidak hanya berucap kasar, pemilikjerseybernomor  Persegres tersebut juga ditengarai oleh perangkat pertandingan telah meludahi salah satu pemain asing Persib, Diogo Alexandre Ferreira. Saya juga sudah berbicara kepada Patrick untuk sebisa mungkin menahan diri ketika coba diprovokasi oleh pemain lawan. Sebab kalau sudah begini, ujung-ujungnya yang rugi juga tim. Padahal, tim sangat butuh tambahan poin untuk bisa berada di papan tengah klasemen, katacoach Edu. Tanpa kehadiran Patrick, Persegres memang terlihat kesulitan dalam mengembangkan pola serangan sehingga terus mengalami kekalahan. Seusai takluk dari Persib, tim Laskar Joko Samudro kalah - di kandang sendiri dari Persiba Balikpapan. Mereka kembali kalah saat bertandang ke markas Madura United. Di klasemen sementara sampai saat ini, Persegres masih tertahan di urutan ke-. Tim Laskar Joko Samudro baru mengumpulkan  poin dari  kali bertanding, dan hanya terpaut satu angka saja dari Persela Lamongan di bawahnya.</isi>
	<link>http://bola.kompas.com/read/2016/11/08/08530028/lawan.bhayangkara.fc.patrick.da.silva.belum.dapat.main.
</link>
</artikel>
