<artikel>
	<id>OLA_SB_10_644</id>
	<judul>Menjamu PSM, Bhayangkara FC Tak Diperkuat Fortuoso Dos Santos</judul>
	<tanggal>18/11/16</tanggal>
	<kata_kunci>psm lawan bhayangkara, tsc</kata_kunci>
	<isi>




 - Bhayangkara FC tak akan bisa memainkan Thiago Fortuoso Dos Santos saat menjamu PSM Makasar dalam laga lanjutan Torabika Soccer Championship (TSC) A  yang akan di gelar di stadion Gelora Delta Sidoarjo pada hari Senin (//). Striker asal Brasil itu tengah cedera.Thiago Fortuoso Dos Santos absen karena tulang kering kakinya mengalami retak. Thiago bahkan dikhawatirkan tidak akan bisa main dalam sisa musim ISC ini. Itu sekaligus membuat kans dia bersaing sebagai topskorer mengecil, Dos Santos sejauh ini telah mengemas ."Thiago bakal absen saat Bhayangkara FC melawan PSM Makasar," Kata Ibnu Grahan di pinggir lapangan Gelora Delta Sidoarjo, usai memimpin sesi latihan Jumat (//)Thiago cedera akibat benturan yang dia alami dengan kiper Persegres Gresik United, Satria Tama. Dia diprediksi harus absen dua bulan untuk penyembuhan dan pemilihan.Absenya Thiago akan diantisipasi dengan memilih striker lain untuk dimainkan sebagai ujung tombak. Pilihan yang tersedia adalah Rudi Widodo, Fandi Eko Utomo, dan Antoni Putro Nugroho."Kami mengakui tanpa Thiago lini depan gak maksimal. Untuk itu latihan sore ini kami perbanyak untuk shoting dan finishing pada semua pemain," ucapnya."Namun kami tetap optimis bakal menang dalam pertandingan nanti saat menjamu PSM Makasar karena main di kandang sendiri. Selain itu kami tekankan kepada para pemain untuk bermain semaksimal mungkin. Hati-hati dan kerja sama tim yang paling utama, karena PSM Makasar banyak pemain yang rata-rata bagus," terangnya.Saat ini Bhayangkara FC masih menempati urutan empat klasemen. Dari  pertandingan yang sudah dijalani mereka meraih  kemenangan, enam kali imbang dan tujuh kali kalah. Sementara PSM Makasar ada di posisi delapan, dengan mengoleksi  poin hasil  kemenangan, enam hasil imbang, dan  kali kalah.
						







</isi>
	<link>http://sport.detik.com/sepakbola/liga-indonesia/3348888/menjamu-psm-bhayangkara-fc-tak-diperkuat-fortuoso-dos-santos
</link>
</artikel>
