<artikel>
	<id>OLA_SB_10_189</id>
	<judul>Stefano Lilipaly Sebut Indonesia Sudah Main Maksimal</judul>
	<tanggal>23/11/16</tanggal>
	<kata_kunci>indonesia lawan filipina, piala aff</kata_kunci>
	<isi>




 - Timnas Indonesia cuma mampu memetik hasil imbang di laga lanjutan Piala AFF  melawan Filipina. Mereka dinilai sudah bermain maksimal.Di pertandingan yang berlangsung di Philippines Stadium, Selasa (//), Indonesia memetik hasil imbang - saat melawan . Skuat 'Garuda' unggul dua kali lewat Fachruddin Aryanto dan Boaz Solossa.Filipina juga dua kali menyamakan kedudukan lewat gol-gol dari Misagh Medina Bahadoran dan Philip Younghusband.Indonesia melewatkan sejumlah peluang emas di laga itu. Ada dua di antaranya yang membentur tiang gawang Filipina.Stefano Lilipaly menjadi salah satu pemain Indonesia yang tampil cukup oke di laga melawan Filipina. Dia menjadi kreator gol pertama Indonesia.Stefano yang menyebut laga berjalan sulit, menilai Indonesia sudah bermain maksimal."Ini pertandingan sulit. Kami sudah bekerja sebagai tim dan mengerahkan  persen kemampuan," kata Stefano kepada pewarta di mixedzone seusai pertandingan."Kami seharusnya bisa mencetak lebih banyak gol. Kami melewatkan banyak peluang dan mereka mencetak gol dari tendangan bebas, sangat mudah," tambahnya.Kini, Indonesia akan kembali melakoni laga hidup mati melawan Singapura pada  November. Untuk lolos sebagai runner-up Grup A, Indonesia butuh angka penuh dan Filipina yang menantang Thailand, tidak menang.








</isi>
	<link>http://sport.detik.com/sepakbola/liga-indonesia/3352050/stefano-lilipaly-sebut-indonesia-sudah-main-maksimal
</link>
</artikel>
