<artikel>
	<id>OLA_SB_10_076</id>
	<judul>Lawan Borneo FC, Nil Belum Pastikan Hengky dan Lee Kembali ke Tim Utama</judul>
	<tanggal>08/11/16</tanggal>
	<kata_kunci>semen padang, pusmania borneo FC, Nilmaizar, Hengky Ardiles, Lee Kil-hoon</kata_kunci>
	<isi> PADANG, KOMPAS.com- Semen Padang ingin mengembalikan harapan publik sepak bola Padang. Caranya, mereka berambisi kembali mengamankan tiga poin pada laga kandang kontra Pusamania Borneo FC, dalam pekan ke- Torabika Soccer Championship, di stadion Agus Salim, Padang, pada Jumat (//). Pelatih Nilmaizar mengaku sangat hati-hati menghadapi sang lawan. Tetapi, ia juga mengerti pentingnya mengambil poin penuh untuk mengembalikan keyakinan dan kepercayaan publik Agus Salim. Pada laga kandang terakhir, tim berjulukan Kabau Sirah kalah - dari Arema di pekan ke- TSC, (/). Hasil itu memutus tren tak terkalahkan klub dalam  laga kandang pertama ( kemenangan dan sekali seri) di TSC. "Insya Allah, melawan Pusamania Borneo FC kami akan kembali seperti biasanya. Artinya, tiga poin wajib menjadi milik Semen Padang. Tentu lewat perjuangan yang ekstra keras, penuh percaya diri dan dukungan publik sepak bola di Sumatera Barat," harap Nil. Nil bertekad akan lebih jeli menurunkan pemain yang akan bertarung dalam laga penuh harapan tersebut. Ia mengaku hanya akan menurunkan pemain yang siap  persen. Ke depan, persaingan mengejar posisi terhormat pada klasemen TSC semakin berat. Seperti halnya saat dijamu Sriwijaya FC pekan lalu, pelatih asal Payakumbuh itu berani membangku cadangkan kapten tim, Hengky Ardiles, dan gelandang kreatif asal Korea, Lee Kil-hoon. Keputusannya didasarkan sebagai bagian dari taktik dan strategi untuk memenangkan pertandingan. Ia tampak akan melakukan hal serupa saat menjamu Pusamania Boreno FC. "Kalau Hengky masihfifty-fifty. Begitu juga Kil-hoon. Kita akan lihat dulu kebutuhan tim melawan Pusamania. Tak tertutup kemungkinan keduanya kembali turun atau sebaliknya. Karena saya mau semua pemain yang dipasang harus dalam kondisi fit, ; kata pelatih berusia  tahun itu. </isi>
	<link>http://bola.kompas.com/read/2016/11/08/01573432/Lawan.Borneo.FC.Nil.Belum.Pastikan.Hengky.dan.Lee.Kembali.ke.Tim.Utama
</link>
</artikel>
