<artikel>
	<id>OLA_SB_10_020</id>
	<judul>Nur Iman Juara Liga Santri Nusantara 2016</judul>
	<tanggal>30/10/16</tanggal>
	<kata_kunci>Liga Santri Nusantara, Ponpes Nur Iman, menang</kata_kunci>
	<isi> SLEMAN,KOMPAS.com- Pondok Pesantren (Ponpes) Nur Iman dari Mlangi, Sleman, menjuarai Liga Santri Nusantara . Mereka mengalahkan Ponpes Walisongo dari Sragen, Jawa Tengah, lewat adu penalti - dalam pertandingan di Stadion Maguwoharjo, Sleman, Minggu (//). Sejakkick-off, kedua tim tampil ofensif. Namun, beberapa kesempatan yang diperoleh kedua kesebelasan gagal di manfaatkan sehingga skor masih tetap - saat turun minum. Pada babak kedua, masing-masing tim memeragakan permainan terbuka. Lagi-lagi, kedua kesebelasan belum berhasil mencetak skor. Duel pun dilanjutkan ke perpanjangan waktu. Nur Iman sempat mencetak satu gol lewat tendangan bebas M Febri pada babak perpanjangan waktu. Lalu, lesakan Ananda Gohan Adi dari Walisongo memaksa laga ditentukan lewat adu penalti. Semua penendang Nur Iman mampu menuntaskan tugasnya. Di sisi lain, eksekutor ketujuh Walisongo gagal sehingga Nur Iman berhak menjadi juara. Pelatih kesebelasan Nur Iman, Eko Setiawan mengatakan kemenangan diraih berkat kerja keras para pemain. "Semua bekerja keras di lapangan. Selain itu, keberuntungan juga berpihak kepada kami," ucap Eko Setiawan, saat ditemui seusai pertandingan.</isi>
	<link>http://bola.kompas.com/read/2016/10/30/23293798/nur.iman.juara.liga.santri.nusantara.2016
</link>
</artikel>
