<artikel>
	<id>OLA_SB_10_102</id>
	<judul>Ini Pilar Persib yang Absen Saat Lawan Persija</judul>
	<tanggal>03/11/16</tanggal><kata_kunci>persib, Robertino Pugliara absen, persija</kata_kunci>
	<isi> BANDUNG, KOMPAS.com- Kondisi kebugaran yang tak kunjung membaik membuat playmakerPersib BandungRobertino Pugliara terancam absen saat Maung Bandung menantang Persija Jakarta pada  November  nanti. Pelatih Persib, Djadjang Nurdjaman, membenarkan jika kondisi kesehatan gelandang asalArgentinaitu belum membaik. Sebelumnya, Robertino juga mesti absen saat Persib menahan imbang PSM Makassar pekan lalu. "Kondisi Robertino masih belum memungkinkan untuk dibawa, masih dalam pemulihan," kata Djanur, sapaan akrabnya, di Mess Persib, Jalan Ahmad Yani, Rabu (//). Selain Robertino, pos kiper Persib masih akan kembali diisi penjaga gawang M Natsir karena I Made Wirawan belum pulih dari cedera. Akumulasi kartu kuning yang diterima Hariono melengkapi para pemain pilar Persib yang harus absen dalam laga el clasico itu. "Made pun sama masih kurang fit. Jadi rencana kami berangkat ke Solo tetap dengan kuota  pemain. Yang ke Makassar semua diboyong kecuali Hariono, gantinya Yandi (Sofyan)," ucapnya. Sebelumnya, Persib harus kehilangan dua penggawa utamanya yakni Zulham Zamrun dan Yanto Basna yang tengah mengikuti pemusatan latihan bersama tim nasional. Sementara Purwaka Yudhi terancam bakal absen hingga akhir TSC  lantaran cedera lutut.</isi>
	<link>http://bola.kompas.com/read/2016/11/03/08080058/ini.pilar.persib.yang.absen.saat.lawan.persija
</link>
</artikel>
