<artikel>
	<id>OLA_SB_10_007</id>
	<judul>Indonesia Alami Kenaikan Posisi di Peringkat FIFA</judul>
	<tanggal>20/10/16</tanggal>
	<kata_kunci>FIFA, ranking, poin, asia tenggara</kata_kunci>
	<isi> KOMPAS.com Tim nasional (timnas) Indonesia baru dua kali melakoni laga internasional pasca-lepas sanksi FIFA. Namun, posisi Indonesia pada ranking FIFA terus mengalami kenaikan. Pada rilis ranking FIFA terbaru pada Kamis (//), Indonesia menempati posisi ke-. Artinya, skuad Garuda naik dua peringkat dari daftar ranking FIFA bulan sebelumnya, September . Indonesia ada di posisi  untuk ranking FIFA pada September . Kini, Indonesia naik dengan mengumpulkan  poin. Indonesia mendapatkan poin tambahan setelah menjalani dua laga uji coba internasional melawan Malaysia ( September) dan Vietnam ( Oktober). Saat menghadapi Malaysia, Boaz Solossa dkk menang -. Sedangkan kala melawan Vietnam, Indonesia ditahan imbang -. Meski naik posisi, Indonesia tetap masih berada di bawah tim lemah Asia Tenggara, Laos, yang kini berada di posisi . Demikian pula dengan pesaing skuad Garuda pada fase Grup A Piala AFF , Thailand. Tim Gajah Putih berada di posisi ke-. Sementara itu, Filipina menjadi negara Asia Tenggara dengan peringkat tertinggi, yakni di peringkat . Adapun lawan Indonesia lainnya di penyisihan grup, Singapura, menempati urutan ke-.(Estu Santoso) </isi>
	<link>http://bola.kompas.com/read/2016/10/20/23580068/indonesia.alami.kenaikan.posisi.di.peringkat.fifa
</link>
</artikel>
