<artikel>
	<id>OLA_SB_10_021</id>
	<judul>Menpora Minta PSSI untuk Lihat Potensi Liga Santri Nusantara</judul>
	<tanggal>30/10/16</tanggal>
	<kata_kunci>Liga Santri Nusantara, Stadion Maguwoharjo, Imam Nahrawi</kata_kunci>
	<isi> SLEMAN,KOMPAS.com- Menteri Pemuda dan Olahraga Imam Nahrawi menyatakan, Liga Santri Nusantara dapat memperluas dakwah serta menjadi wadah bagi pesepak bola muda. Politisi Partai Kebangkitan Bangsa (PKB) ini berharap ke Persatuan Sepak Bola Seluruh Indonesia (PSSI) untuk memberikan perhatian terhadap perkembangan dan talenta di Liga Santri Nusantara. Imam mengatakan, Liga Santri Nusantara menjadi spirit bagi kaum santri untuk berkiprah di seluruh bidang. Tidak hanya di bidang sosial dan agama, tetapi juga di bidang olahraga, khususnya sepak bola. "Kita bangsa besar, jumlah penduduknya ratusan juta. Kita harus melihat potensi yang ada, jangan sampai kehilangan, harus diwadahi lewat Liga Santri Nusantara," ujar Imam saat di Stadion Maguwoharjo Sleman, Minggu (//). Liga Santri Nusantara  mengalami peningkatan jumlah peserta. Hal ini menunjukan bahwa animo santri terhadap ajang ini sangat besar. Liga Santri Nusantara, lanjut Imam, akan didorong agar bisa dipertandingkan di level yang lebih tinggi lagi. "Harus ada penjenjangan,databaseyang kuat agar jumlah pesepak bola di tanah air ini bisa dilihat dengan jernih dan serius, mana yang berpotensi mana yang tidak ," tuturnya. Menurut dia, pemenang dari Liga Santri Nusantara  akan dikirim ke luar negeri, seperti halnya pada edisi  lalu, yakni bermain di Malaysia untuk mengikuti Malindo Cup. Lebih dari itu, pemerintah akan memberikan suport bagi pesantren yang juara di Liga Santri Nusantara. "Bagi yang menang kemarin, Kami akan bangun stadion mininya, kami berikan fasilitas olah raga disana. Saya yakin betul, dari pesantren akan tumbuh atlet-atlet berbakat nasional," ucap dia. Final Liga Santri Nusantara  mempertemukan Pondok Pesantren Nur Iman dari Sleman, dengan Walisongo dari Sragen, Jawa Tengah. Laga final serta penutupan Liga Santri Nusantara  digelar di Stadion Maguwoharjo, Sleman.</isi>
	<link>http://bola.kompas.com/read/2016/10/30/21052658/menpora.minta.pssi.untuk.lihat.potensi.liga.santri.nusantara
</link>
</artikel>
