<artikel>
	<id>OLA_SB_10_144</id>
	<judul>Indonesia Seri Tanpa Gol Lawan Myanmar</judul>
	<tanggal>04/11/16</tanggal>
	<kata_kunci>indonesia melawan myanmar, susuanan Pemain</kata_kunci>
	<isi>




 - Indonesia kembali memetik hasil imbang di laga persahabatan menjelang Piala AFF . Skuat 'Garuda' memetik bermain imbang - melawan Myanmar.Saat melakoni pertandingan du Thuwunna Stadium, Jumat (//) sore WIB, Indonesia mendapatkan peluang pertama di menit . Evan Dimas mengirimkan umpan terobosan, yang bisa dikuasai oleh Boaz. Sepakan pemain Persipura Jayapura itu masih menyamping.Myanmar mengancam di menit . Percobaan jarak jauh dari David Than melambung jauh dari gawang Indonesia yang dikawal oleh Andritany Ardhiyasa.Indonesia mendapatkan peluang kedua di menit . Lerby Eliandry mengejar umpan terobosan, sampai kotak penalti Myanmar bisa melepaskan tendangan tapi masih menyamping.Boaz menyia-nyiakan peluang di menit . Sudah berhadapan dengan kiper Myanmar, Kyae Zin Phyo, dia gagal melewati kiper nomor punggung  itu.Penyerang Myanmar, Aung Thu, gantian yang menyia-nyiakan peluang. Berdiri bebas di muka gawang, dia malah mengirim bola liar melesat.Kerja sama Lerby dengan Boaz membahayakan gawang Myamar. Sial bagi Indonesia, striker nomor punggung sembilan itu berdiri  sebelum melepaskan tembakan.Di sisa babak pertama tak ada gol tercipta, skor Indonesia melawan Myanmar masih tanpa gol di babak pertama.Indonesia tak bisa memaksimalkan peluang lewat sepak pojok di menit . Tak bisa dimaksimalkan, bolanya disapu pemain belakang Myanmar.Aung Thu lagi-lagi gagal mengarahkan bola ke gawang. Sepakannya melenceng jauh ke atas gawang. Zi Pho tampil prima di menit . Dia bisa menghalau umpan silan Boaz yang sudah ditunggu oleh Ferdinand Sinaga di kotak penalti.Kiper Indonesia, Andritany, melakukan penyelamatan di menit . Dia menangkap percobaan dari Mg Mg Lwin untuk menjaga gawang tim 'Merah-Putih' bersih dari kebobolan.Pemain Myanmar, Than Paing, mencoba peruntungan di menit . Bola tendangan spekulasi dari luar kotak penalti itu masih bisa diantisipasi Andritany.Boaz belum mampu menjebol gawang Myanmar di menit . Bola sepakannya dari luar kotak penalti belum mencapai bidang.Ferdinand Sinaga juga tak mau ketinggalan melakukan tendangan di menit . Usahanya memanfaatkan umpan Boaz masih bisa diblok pemain belakang Myanmar.Peluang terakhir Myammar lewat tendangan bebas di masa injury time juga masih melambung jauh. Hingga laga selesai tak ada gol tambahan, Myanmar lawan Indonesia selesai seri -. Dengan hasil ini, Indonesia memetik hasil imbang secara berurutan. Sebelumnya, mereka memerik hasil imbang melawan Vietnam. Indonesia akan melakoni satu laga persahabatan lagi sebelum turun di Piala AFF . Tim besutan Alfred Riedl itu akan berujicoba melawan Vietnam di Hanoi pada  November mendatang.Myanmar: Zin Phyo, Min Tun, David Htan, Nanda Kyaw, Aung Kyaw, Ko Oo, Sat Naing, Aung Thu, Naing Soei, Naing Oo, Ko ThienIndonesia: Andritany, Beny Wahyudi, Fachrudin Wahyudi, Yanto Basna, Muhammad Abduh, Bayu Pradana, Evan Dimas, Zulham Zamrun, Bayu Gatra, Boaz Solossa, Lerby Eliandry








</isi>
	<link>http://sport.detik.com/sepakbola/liga-indonesia/3337865/indonesia-seri-tanpa-gol-lawan-myanmar
</link>
</artikel>
