<artikel>
	<id>OLA_SB_10_158</id>
	<judul>Persija Sudah Berubah, Persib Tetap Percaya Diri</judul>
	<tanggal>01/11/16</tanggal>
	<kata_kunci>persija lawan persib</kata_kunci>
	<isi>




 - Duel panas dalam laga lanjutan Torabika Soccer Championship (TSC)  akan mempertemukan Persija Jakarta melawan Persib Bandung. Menurut kapten 'Maung Bandung' Atep Rizal, Persija kini telah berubah.Persib bakal menghadapi Persija pada Sabtu (/) di Stadion Manahan, Solo. Di laga ini Persija berstatus sebagai tuan rumah, setelah sebelumnya mengalami kesulitan memilih stadion.Secara klasemen, Persib bisa dibilang lebih baik dibandingkan Persija karena mereka saat ini berada di peringkat sembilan dengan  poin. Pada laga terakhir, tim Djajang Nurdjaman ini hanya mampu mencuri satu poin dari PSM Makassar dengan skor -.Sementara 'Macan Kemayoran' bertengger di posisi ke  dengan  poin. Namun begitu, tim besutan pelatih Muhammad Zein Alhadad itu sejatinya sedang bangkit karena berhasil mendapatkan angka penuh di tiga kali berturut-turut setelah terakhir kali merasakan menang pada Juni lalu.Tapi rekor bagus tersebut akhirnya terputus, karena mereka baru mengalami kekalahan sebanyak tiga kali pula. Hasil buruk itu berawal ketika menghadapi Arema Cronus, Persija kalah -, lalu melawan Sriwijaya FC takluk - dan Pusamania Borneo FC kalah -."Persiapan kami melawan Persija terus kami lakukan dan semua pemain juga sangat siap. Meski kami hanya mendapatkan satu poin dari Makassar, tapi setidaknya hasil itu bisa meningkatkan rasa percaya diri kami menghadapi Persija," ungkap Atep saat dihubungi, Selasa (/).Berdasarkan rekor pertemuan kedua tim, laga Persib dan Persija selalu berakhir imbang - dan -. Persib pernah mencatatkan kemenangan terakhir kali atas Persija pada  Maret  di Stadion Siliwangi, Bandung. Ketika itu Persib menang -.Namun demikian, pemain  tahun itu menilai Persija tak lagi sama seperti dulu. Atep menyebut lini depan Persija kini lebih berbahaya dan patut diwaspadai."Setelah masuknya Greg (Nwokolo) dan Paco (William Pacheco) serangan Persija lebih tajam. Apalagi, lawan pasti lebih termotivasi karena bermain di kandang dan didukung ribuan The Jak. Tapi kami tetap optimistis bisa menang," kata pemain asal Cianjur itu.








</isi>
	<link>http://sport.detik.com/sepakbola/liga-indonesia/3334205/persija-sudah-berubah-persib-tetap-percaya-diri
</link>
</artikel>
