<artikel>
	<id>OLA_SB_10_729</id>
	<judul>Pecundangi Persija, Madura United Jaga Kans Juara</judul>
	<tanggal>20/11/16</tanggal>
	<kata_kunci>persija lawan madura united, isc</kata_kunci>
	<isi> PAMEKASAN - Madura United (MU) FC menjaga peluang meraih gelar Indonesia Soccer Championship (ISC) A , setelah memetik kemenangan tipis - atas Persija Jakarta di Stadion Pamekasan, Minggu (//). Gol semata wayang MU dicetak gelandang serang asal Liberia Erick Weeks Lewis. Umpan satu dua dengan Patrich Wanggai, Weeks menjebol gawang Daryono pada menit ke-. Tambahan tiga angka, Pasukan Gomes de Olivera kembali menempel Arema Cronus di puncak klasemen ISC A  dengan poin sama  dari  laga. Madura United kalah head-to-head dari Singo Edan. Persipura Jayapura yang sempat di peringkat  kembali turun satu tingkat dengan  poin.Kemenangan ini juga mengukuhkan dominasi MU atas Persija di ISC A . MU dua kali menang dalam dua pertemuan. Pada pertemuan pertama di Gelora Bangkalan, MU menang -. Dengan kekalahan ini, Persija tercecer di peringkat  dengan  poin. (sha) dibaca .x </isi>
	<link>http://soccer.sindonews.com/read/1156892/58/pecundangi-persija-madura-united-jaga-kans-juara-1479654062
</link>
</artikel>
