<artikel>
	<id>OLA_SB_10_706</id>
	<judul>Laga Tandang Indonesia di Myanmar Berakhir Tanpa Gol</judul>
	<tanggal>04/11/16</tanggal>
	<kata_kunci>indonesia lawan myanmar, uji coba</kata_kunci>
	<isi> YANGON - Timnas Indonesia belum berhasil mencetak kemenangan di laga tandang perdana pasca-hukuman FIFA kala melawat ke markas Myanmar, Jumat (//) WIB. Kedua tim bermain imbang -.Bertanding di Stadion Thuwanna YTC, Jumat (//) sore WIB, Indonesia membidik kemenangan perdana di laga tandang. Pasalnya, di dua laga ujicoba lalu Indonesia tampil sebagai tuan rumah. Pelatih Timnas Indonesia, Alfred Riedl menurunkan Boaz Solossa sejak awal laga. Namun, kapten Skuat Garuda belum sanggup mencetak gol setelah tendangannya melebar di menit ke-. Menurut statistik pertandingan, kedua penjaga gawang sama sekali tidak melakukan penyelamatan hingga setidaknya  menit laga berjalan. Masuknya Irfan Bachdim di babak kedua-pun tidak banyak berpengaruh.Hingga peluit panjang menandai laga berakhir, kedua tim relatif seimbang dari segi penguasaan bola. Indonesia menguasai % aliran bola, sementara Myanmar %. Sekadar informasi, laga melawan Myanmar merupakan ujicoba ketiga Timnas Indonesia jelang Piala AFF  yang berlangsung tengah bulan ini. Pada dua laga uji coba sebelumnya, Indonesia menelan satu hasil imbang dan sekali kalah. Setelah ini, Indonesia akan menghadapi Vietnam, Selasa (//) mendatang sebelum dijadwalkan kembali ke Jakarta pada  November .  (Baca juga: Bertolak ke Myanmar, Timnas Indonesia Tatap Dua Uji Coba Terakhir)  Susunan pemain kedua tim,Myanmar: Kyaw Zin Phyo; Zaw Min Tun, David Htan, Nanda Kyaw, Phyo Ko Ko Thein, Yan Aung Kyaw, Ye Ko Oo, Yan Naing Oo, Kaung Sat Naing, Aung Thu, Win Naing Soei.Indonesia: Andritany, Benny Wahyudi, Yanto Basna, Fachrudin, Abduh Lestaluhu, Bayu Gatra, Evan Dimas, Bayu Pradana, Zulham Zamrun, Boaz Solossa, Lerby Eliandry (bbk) dibaca .x </isi>
	<link>http://soccer.sindonews.com/read/1152867/58/laga-tandang-indonesia-di-myanmar-berakhir-tanpa-gol-1478264327
</link>
</artikel>
