<artikel>
	<id>OLA_SB_10_776</id>
	<judul>Cedera, Legiun Asing PSM Makassar Absen Empat Pekan</judul>
	<tanggal>14/11/16</tanggal>
	<kata_kunci>psm makassar, isc, pemain cedera</kata_kunci>
	<isi> MAKASSAR - Pemain asing PSM Makassar, Ronald Hispoors bakal absen selama empat pekan di Indonesia Soccer Championship (ISC) musim ini. Dia menderita cedera engkel usia membela timnya saat melawan Persiba Balikpapan Sabtu (//) lalu.Pemain asal Belanda ini sudah absen satu pertandingan, kala tim Juku Eja menekuk Madura United dengan skor - di stadion Andi Mattalatta Mattoanging. Namun, dilaga selanjutnya pemain yang biasa dipasang sebagai gelandang ini kemungkinan besar tidak bisa merumput bermasa skuat utama.Di putaran kedua ini, Ronald biasa dipasang sebagai pemain center bek. Namun, absennya Rizky Pellu dia diberikan peran sebagai gelandang bertahan. Sayangnya, saat tim Juku Eja melumat Persiba Balikpapan Ronald harus ditandu keluar lapangan karena cedera engkel kaki kiri.Asisten Fisioterapi PSM Wahyu mengatakan, Ronald dipastikan absen saat tim bertandang ke Jawa Timur karena masih harus menjalani perawatan. "Perkiraan cederanya - pekan karena tidak mau ambil resiko untuk karirnya," kata dia.Dirinya menjelaskan, sejauh ini tim fisioterapi sudah melakukan proses pemindai dan pemulihan sejak pulang dari Balikpapan. "Yang kena cedera itu engkel kaki kirinya, semoga pemilihannya bisa cepat," ujarnya.Saat menekuk Madura United, tim Juku Eja hanya mengandalkan dua pemain impor, yakni Willem Jan Pluim sebagai playmaker dan Kwon Jun sebagai center bek. Bahkan, dilaga itu Pluim menjadi penentu kemenangan skuad tertua di Indonesia ini setelah di menit  berhasil mencetak gol saat memanfaatkan bola muntah dari sepakan Andri Faisal Amru. Pelatih PSM Robert Alberts mengatakan, memang keterbatasan pemain membuat dirinya hanya memberi semangat kepada seluruh pemain. "Saya bangga karena mereka tampil dengan semangat," katanya. (Baca juga: PSM Makassar Tuntaskan Dendam Atas MU) (sbn) dibaca .x </isi>
	<link>http://soccer.sindonews.com/read/1155061/58/cedera-legiun-asing-psm-makassar-absen-empat-pekan-1479058709
</link>
</artikel>
