<artikel>
	<id>OLA_SB_10_171</id>
	<judul>Persija vs Persib Digelar di Stadion Manahan</judul>
	<tanggal>27/10/16</tanggal>
	<kata_kunci>persija lawan persib</kata_kunci>
	<isi>




 - Usai memilih beberapa opsi stadion, Persija Jakarta akhirnya telah mengantongi izin untuk menjamu Persib Bandung di Stadion Manahan Solo pada  November mendatang."Kami (Persija) akan melawan Persib di Solo. Sudah pasti dan izin sudah oke," ujar Ketua Panpel Persija Bobby Kusumahadi saat dihubungi Kamis (/).Sebelumnya, Persija memang memiliki tiga pilihan stadion yang akan digunakan saat menjamu Persib. Selain Manahan Solo, Persija mengajukan Stadion Patriot Bekasi dan Stadion Gajayana, Malang.Namun pada prosesnya, Stadion Patriot dikabarkan sedang dalam tahap renovasi. Sementara Stadion Gajayana mendapatkan keberatan dari manajemen Persib.Persija pun sudah melayangkan surat mandat kepada Panpel Persis untuk mempersiapkan laga melawan Persib dan Pusamania Borneo FC pada  Oktober. Terkait hal itu, Bobby mengaku karena kekurangan SDM (Sumber Daya Manusia)"Jadi karena terbentur SDM. Tapi izin, kerja sama Panpel Persija dengan Panpel Persis. Jadi Panpel Persis yang memegang dua pertandingan," katanya.
						







</isi>
	<link>http://sport.detik.com/sepakbola/liga-indonesia/3330882/persija-vs-persib-digelar-di-stadion-manahan
</link>
</artikel>
