<artikel>
	<id>OLA_SB_10_058</id>
	<judul>Dua Posisi di Timnas Masih Tanda Tanya</judul>
	<tanggal>25/10/16</tanggal>
	<kata_kunci>Alfred Riedl, piala AFF 2016, latihan</kata_kunci>
	<isi>  SLEMAN,KOMPAS.com- Pelatih Alfred Riedl sudah mempunyai gambaran pemain-pemain yang akan mengisiline-up tim nasional Indonesiadi di Piala AFF  mendatang. Namun, pelatih asal Austria ini mengaku ada dua posisi masih tanda tanya. "Saya sudah punya gambaran," ucap Riedl seusai memimpin latihan di Stadion Maguwoharjo Sleman, Senin (//), saat ditanya soal kerangka timnya.  Riedl menyampaikan meski telah memiliki gambaran pemain, masih ada dua posisi yang sampai saat ini masih tanda tanya. Mantan pelatih Vietnam ini masih berat menentukan pemain untuk dua posisi tersebut. "Ada - posisi masih tanda tanya. Masih kami pertimbangkan (untuk menentukan pemain) karena berat untuk menentukan," ucap dia tanpa mau merinci posisi yang dimaksud. Menurut dia, masih ada waktu untuk menentukan pemain yang akan mengisi dua posisi tersebut. Apalagi, masih berbagai kemungkinan bisa terjadi, misalnya cedera atau sakit. Para pemain, tutur Riedl, mengikuti pemusatan latihan (TC) di Yogyakarta dengan disiplin sehingga bisa berjalan dengan bagus sesuai yang diharapkan. "(Turnamen) Masih tiga minggu lagi. Banyak yang bisa terjadi, seperti cedera atau sakit. Namun, semoga hal itu tidak terjadi. Masih ada waktu," tuturnya lagi. Seperti diketahui, Indonesia mengelar TC di Yogyakarta hingga  Oktober . Ada  pemain yang mengikuti TC di Yogyakarta. </isi>
	<link>http://bola.kompas.com/read/2016/10/25/05020028/dua.posisi.di.timnas.masih.tanda.tanya.
</link>
</artikel>
