<artikel>
	<id>OLA_SB_10_173</id>
	<judul>Di Mana Persija Akan Menjamu Persib pada 5 November Nanti?</judul>
	<tanggal>26/10/16</tanggal>
	<kata_kunci>persija lawan persib</kata_kunci>
	<isi>




 - Stadion Manahan, Solo, menjadi kandidat kuat kandang Persija Jakarta ketika menjamu Persib Bandung. Kepastiannya akan ketahuan, Rabu (//) nanti malam.Pada tanggal  November mendatang Persija akan menjamu Persib dalam partai Torabika Soccer Championship (TSC). Tapi situasi terkait markas 'Macan Kemayoran' membuat laga itu belum ketahuan bakal dilangsungkan di mana.Muncul nama-nama stadion yang dijadikan opsi stadion buat Persija untuk menjamu Persib. Selain Manahan Solo, juga ada Stadion Patriot Bekasi, dan Stadion Gajayana, Malang.Belakangan Stadion Manahan Solo dikabarkan jadi kandidat kuat. Terkait hal itu beredar pula gambar surat Panpel Persija yang ditujukan ke Panpel Solo mengenai penyerahan mandat menggelar dua laga kandang Persija di Stadion Manahan; lawan Pusamania Borneo FC pada  Oktober dan Persib tanggal  November. Surat itu bertanggal  Oktober, kemarin, dan bernomor /PJJ/PD/Sekre/IX/.Sementara itu Ketua Panpel Persija Bobby Kusumahadi, saat dihubungi hari ini, mengaku hingga sekarang masih kesulitan mendapatkan izin dari kepolisian. Juga belum ada kepastian Stadion Manahan bakal digunakan jadi kandang Persija saat menjamu Persib."Semuanya masih dalam proses. Kami inginnya semoga bisa terlaksana dengan lancar, tapi kendala perizinan yang sulit. Tapi opsinya ada tiga stadion. Kepastiannya untuk menjamu Persib mungkin malam ini akan diketahui," kata Bobby.








</isi>
	<link>http://sport.detik.com/sepakbola/liga-indonesia/3329935/di-mana-persija-akan-menjamu-persib-pada-5-november-nanti
</link>
</artikel>
