<artikel>
	<id>OLA_SB_10_660</id>
	<judul>Edy Rahmayadi: Timnas Sudah Siap Tempur di Piala AFF</judul>
	<tanggal>15/11/16</tanggal>
	<kata_kunci>piala aff, indonesia siap</kata_kunci>
	<isi>




 - Ketua Umum PSSI Letjen Edy Rahmayadi memberikan dukungan kepada timnas Indonesia yang berlaga di Piala AFF . Tim 'Merah-Putih' disebut sudah siap tempur.Edy menyambangi tempat menginap timnas di Hotel Aryaduta, Karawaci Tangerang, pada Selasa (/) malam. Dia sempat melakukan pertemuan tertutup dengan seluruh pemain. "Ya, saya hanya memberikan motivasi bahwa mereka adalah duta-duta bangsa yang berjuang di Filipina. Dan kondisi mereka sudah siap tempur karena dipundak mereka ini Indonesia dan di dada itu garuda, itu yang perlu dijaga oleh mereka," ujar Edy kepada pewarta.Timnas Indonesia dijadwalkan berangkat ke Filipina pada Kamis (/). Mereka akan menghadapi ujian perdana melawan Thailand pada  November.Untuk memberikan suntikan motivasi, sebelumnya Edy juga sudah berjanji akan memberikan bonus kepada pemain. Namun dia masih tak mau membocorkan nilainya. "Target kami adalah yang terbaik saja. Menang dan juara pasti beda namanya juga bonus," katanya.Di sisi lain, pria yang menjabat sebagai Pangkostrad ini juga mengomentari terkait absennya Irfan Bachdim akibat cedera. Menurutnya, dia percaya bahwa tim pelatih sudah mempersiapkan mengambil keputusan tepat terkai penggantinya."Irfan tidak bisa main. 'kan masih ada cadangan, kalau kondisi cedera tidak bisa dipaksakan," katanya.








</isi>
	<link>http://sport.detik.com/sepakbola/liga-indonesia/3346256/edy-rahmayadi-timnas-sudah-siap-tempur-di-piala-aff
</link>
</artikel>
