<artikel>
	<id>OLA_SB_10_068</id>
	<judul>Nilai Plus dan Minus Timnas di Mata Kurniawan</judul>
	<tanggal>06/11/16</tanggal>
	<kata_kunci>kurniawa dwi yulianto, timnas indonesia, myanmar, uji coba</kata_kunci>
	<isi> JAKARTA, KOMPAS.com- Kurniawan Dwi Yulianto menangkap nilai plus dan minus dari tim nasional Indonesia setelah hasil - kontra Myanmar pada uji coba di Yangon, Jumat (//). Partai persahabatan di Yangon, Myanmar, merupakan laga uji coba ketiga yang dilakoni Indonesia menjelang Piala AFF  di Filipina,  November- Desember mendatang. Pada dua laga sebelumnya, Boaz Solossa cs menekuk Malaysia - dan mengimbangi Vietnam -. Meski tak ada gol tercipta di Yangon, hasil itu dinilai positif oleh eks penyerang timnas, Kurniawan Dwi Yulianto. "Kalau melihat hasil tiga uji coba terakhir, tim nasional termasuk produktif dengan mencetak lima gol. Memang partai terakhir tak bisa dijadikan ukuran, tapi saya melihat bentuk kerangka formasi di lini depan sudah terlihat," ucap Kurniawan pada acara pameran trofi Piala AFF  di Jakarta, Sabtu (//). Statistik Pertandingan#Myanmar - #IndonesiaPendapat kalian?#TimNasDay #TimNasStats pic.twitter.com/XcDOqjo Kurniawan menjelaskan komposisi kerangka sektor ofensif Tim Merah-Putih ini saling melengkapi. "Tim punya Boaz-Irfan Bachdim dan Andik Vermansah-Zulham Zamrun. Saat melawan Myanmar, pelatih merotasi mereka. Saya yakin kemampuan keempat orang itu ketika skenario counter-attack bisa diandalkan. Ujian sebenarnya baru datang pada hari turnamen," ucapnya. Kurniawan juga menggarisbawahi kekurangan Tim Merah-Putih yang masih harus diperbaiki. Indonesia akan menghadapi satu laga persahabatan terakhir di Hanoi, Vietnam (//), sebelum bertolak ke Filipina. "Menurut catatan saya, hal yang menjadi pekerjaan adalah ketika pertahanan lawan sudah siap, timnas seperti kekurangan kreator di lini tengah. Kombinasi di sepertiga akhir lapangan sudah pas, tapi hanya pelatih yang tahu soal pilihan formasi," kata pria yang pernah ikut tur klub Serie A, Sampdoria, pada -an itu. (Beri Bagja) </isi>
	<link>http://bola.kompas.com/read/2016/11/06/11040058/nilai.plus.dan.minus.timnas.di.mata.kurniawan
</link>
</artikel>
