<artikel>
	<id>OLA_SB_10_083</id>
	<judul>Samsul Arif Sebut Performanya Kurang Gereget</judul>
	<tanggal>07/11/16</tanggal>
	<kata_kunci>Samsul Arif, persib bandung</kata_kunci>
	<isi>  BANDUNG, KOMPAS.com -StrikerPersib Bandung, Samsul Arif, mengaku kurang maksimal saat timnya menahan imbang Persija Jakarta - di Stadion Manahan, Solo, Sabtu (//) malam. Dia mengaku sedikit kecewa lantaran sejumlah peluang yang didapat gagal dikonversi menjadi gol. Dalam laga itu, Persib memang tampil lebih menekan. Statistik mencatat, dari  kesempatan, ada tujuh peluang emas yang tak mampu berbuah gol.  "Semoga ke depannya (saya) lebih baik lagi. Saya juga kemarin merasa kurang gereget," ujar Samsul, Minggu (//). Meski kecewa, mantan pemain Persibo Bojonegoro itu tetap menilai raihan dua poin dari dua laga tandang bukan hasil yang buruk. Apalagi, dalam dua pertandinganawaykontra PSM Makasar dan Persija, Maung Bandung tampil cukup impresif. "Ini harus tetap disyukuri walaupun kami berharap bisa menang kemarin," kata Samsul. Hasil imbang kontra Persija membuat Samsul gagal menambah pundi-pundi golnya bersama Persib. Hingga pekan ke  TSC , Samsul baru mengoleksi dua gol.  </isi>
	<link>http://bola.kompas.com/read/2016/11/07/13030478/samsul.arif.sebut.performanya.kurang.gereget.
</link>
</artikel>
