<artikel>
	<id>OLA_SB_10_179</id>
	<judul>Sriwijaya dan PS TNI Raih Poin Penuh di Akhir Pekan</judul>
	<tanggal>23/10/16</tanggal>
	<kata_kunci>sriwijaya lawan PSI TNI</kata_kunci>
	<isi>




 - Di akhir pekan ini, Sriwijaya FC dan PS TNI sukses meraup poin penuh. Sriwijaya memang atas Persija, sementara PS TNI menang atas Semen Padang.PS TNI, yang bermain pada Minggu (/) malam, meraih kemenangan tipis - pada laga yang berlangsung di Stadion Pakansari. Kendati begitu, Semen Padang tampil relatif dominan sepanjang babak pertama.Demikian juga di awal-awal babak kedua. Kendati begitu, Semen Padang kesulitan untuk menciptakan banyak peluang bersih. Malah akhirnya PS TNI berhasil keluar dari tekanan dan mencetak gol.Pada menit ke-, gawang Semen Padang bobol. Umpan dari Irfan Zein langsung disundul oleh Aldino Herdianto. Gol itulah yang kemudian jadi satu-satunya gol dalam pertandingan.Dengan kemenangan tersebut, PS TNI naik ke posisi  dengan koleksi nilai . Sementara, Semen Padang tetap berada di posisi keenam dengan koleksi nilai .Pada pertandingan yang berlangsung beberapa jam sebelumnya di Stadion Gelora Sriwijaya, tuan rumah Sriwijaya FC menang - atas Persija. Meski menang, justru Sriwijaya tertinggal lebih dulu lewat gol Emmanuel Kenmogne di menit ke-.Gol Kenmogne itu berawal dari umpan yang dilepaskan oleh Greg Nwokolo, dan setelahnya Persija sempat mendapatkan beberapa peluang lagi. Namun, Sriwijaya bangkit di babak kedua.Pada menit ke-, Sriwijaya menyamakan kedudukan lewat sepakan keras Supardi. Gol tersebut melecut tuan rumah. Lalu,  menit berselang, mereka membalikkan kedudukan lewat tendangan Talaouhu Abdul Mushafry.Dengan kemenangan tersebut, Sriwijaya duduk di posisi ketiga klasemen dengan nilai . Sedangkan Persija berada di posisi ke- dengan nilai .








</isi>
	<link>http://sport.detik.com/sepakbola/liga-indonesia/3327513/sriwijaya-dan-ps-tni-raih-poin-penuh-di-akhir-pekan
</link>
</artikel>
