<artikel>
	<id>OLA_SB_10_614</id>
	<judul>Indonesia Akan Tampil All Out di Laga Hidup-Mati</judul>
	<tanggal>21/11/16</tanggal>
	<kata_kunci>indonesia lawan filipina</kata_kunci>
	<isi>




 - Tim nasional Indonesia akan berhadapan dengan tuan rumah Filipina, Selasa (//) besok. Skuat 'Garuda' akan tampil all out di laga hidup-mati melawan Indonesia wajib memenangi pertandingan melawan Filipina untuk menjaga kans lolos ke semifinal. Pasalnya, Indonesia saat ini belum mendapatkan poin usai kalah - dari Thailand pada laga pertama. Sementara itu, Filipina sudah mendapatkan satu poin dari hasil imbang - dengan Singapura. Pemain belakang Indonesia, Fachrudin Aryanto, sadar betul dengan motivasi tinggi Filipina untuk memenangi pertandingan. Tapi, bek Sriwijaya FC itu juga menegaskan bahwa tim 'Merah-Putih' akan tampil mati-matian demi menjaga kans lolos ke babak empat besar."Kami sudah melihat permainan Filipina saat melawan Singapura, jadi sedikit banyak sudah tahu cara bermain mereka," kata Fachrudin."Motivasi Filipina, di pertandingan pertama mereka tak mendapatkan poin penuh. Mungkin hal itu akan membuat mereka mati-matian untuk mendapatkan poin. Tapi, kami juga akan bermain mati-matian. Ini laga hidup-mati buat kami," imbuhnya.Mengenai kesalahan-kesalahan lini belakang Indonesia pada laga melawan Thailand, Fachrudin menyatakan bahwa timnas sudah mengevaluasinya."Sudah tahu (blunder-blunder) laga melawan Thailand, kami melakukan evaluasi agar bisa lebih lebih baik lagi ke depannya," kata Fachrudin."Mungkin saat sudah -, kami menjadi agak kendur. Thailand juga memasukkan pemain-pemain baru, kami agak keteteran," ujarnya.








</isi>
	<link>http://sport.detik.com/sepakbola/liga-indonesia/3350040/indonesia-akan-tampil-all-out-di-laga-hidup-mati
</link>
</artikel>
