<artikel>
	<id>OLA_SB_10_666</id>
	<judul>Jika Lolos ke Semifinal, Indonesia Bermarkas di Stadion Mana?</judul>
	<tanggal>24/11/16</tanggal>
	<kata_kunci>semifinal piala aff, stadion indonesia</kata_kunci>
	<isi>




 - PSSI sudah ancang-ancang memilih stadion seandainya tim nasional Indonesia berhasil lolos ke semifinal Piala AFF .Indonesia masih harus menjalani laga penentu lawan Singapura, Jumat (//) besok. Untuk lolos 'Skuat Garuda' harus menang seraya berharap di partai lain Filipina tidak mengalahkan Thailand yang sudah lolos sebagai juara Grup A.Seandainya nanti berhasil mengamankan tiket empat besar, Indonesia akan menjalani partai dua leg di semifinal--kandang dan tandang. Untuk itu tim besutan Alfred Riedl tersebut butuh stadion untuk bermarkas.Seperti diketahui, saat ini Stadion Utama Gelora Bung Karno sedang menjalani renovasi. Untuk itu PSSI sudah memiliki beberapa pilihan seperti Stadion Manahan Solo, Stadion Maguwoharjo di Sleman, atau Stadion Gelora Jakabaring di Palembang."Untuk sementara kami memilih di Solo," ujar Sekjen PSSI Ade Wellington kepada detikSport, Kamis (/).Ade mengatakan ada beberapa hal yang menjadi pertimbangan memilih stadion-stadion tersebut. Tak hanya kualitas lapangan, melainkan juga akses dan kapasitas stadion itu."Tapi opsi terbesar adalah di Solo. Tapi tentu kami juga harus mempersiapkan dan mengroscek semua aspek. Sekarang kami fokus dan berdoa semoga timnas bisa lolos ke semifinal," tuturnya.








</isi>
	<link>http://sport.detik.com/sepakbola/liga-indonesia/3353329/jika-lolos-ke-semifinal-indonesia-bermarkas-di-stadion-mana
</link>
</artikel>
