<artikel>
	<id>OLA_SB_10_679</id>
	<judul>Tantang Madura United, Skuat PSM Tersisa 15 Pemain</judul>
	<tanggal>08/11/16</tanggal>
	<kata_kunci>madura united, psm makassar, isc</kata_kunci>
	<isi> MAKASSAR - PSM Makassar dalam situasi sulit jelang laga kontra Madura United (MU) pada pekan ke- Indonesia Soccer Championship (ISC) A  di Stadion Andi Mattalatta Mattoangin Sabtu, (//). Sejumlah pilar utama Juku Eja absen karena berbagai sebab.Gelandang Rasyid Bakri tak bisa tampil karena akumulasi kartu kuning, sedangkan Ronald Hikspoors mengalami cedera. Zulvin Zamrun dan Achmad Hisyam Tolle juga masih menjalani hukuman akibat pelanggaran disiplin. Dua pilar lainnya, Rizky Pellu dan Ferdinand Sinaga membela timnas Indonesia untuk persiapan tampil di Piala AFF .Pelatih PSM Robert Alberts menyatakan tidak punya banyak pilihan pemain melawan MU. Hanya tersisa  pemain saja, itu pun dua pemian lainnya, Titus Bonai dan M Rahmat, tidak dalam kondisi % karena cedera. Robert akan memaksimalkan pemain yang tersedia. "Kami tidak bisa salahkan pemain kalau mereka cedera. Jadi, tinggal memberikan motivasi pemain yang ada agar mereka bisa tampil maksimal," jelasnya.Menghadapi Madura United, Juku Eja punya modal positif setelah meraup tiga poin di Balikpapan. PSM berharap hasil positif itu terulang di kandang sendiri. Saat ini, Juku Eja masih berada di posisi kesembilan klasemen sementara ISC A  dengan mengoleksi  poin dari  pertandingan. Jarak poin PSM dengan tim di atasnya cukup dekat, sehingga terbuka peluang untuk bisa masuk lima besar. Setelah melawan MU, PSM melakoni laga away ke Jawa Timur untuk menantang Bhayangkara FC,  November dan menjamu Mitra Kukar,  November. (sha) dibaca .x </isi>
	<link>http://soccer.sindonews.com/read/1153733/58/tantang-madura-united-skuat-psm-tersisa-15-pemain-1478603621
</link>
</artikel>
