<artikel>
	<id>OLA_SB_10_780</id>
	<judul>Publik Makassar: Pertahankan Robert Alberts!</judul>
	<tanggal>28/11/16</tanggal>
	<kata_kunci>psm makassar, robert alberts</kata_kunci>
	<isi> MAKASSAR - Publik sepak bola Makassar berharap Pelatih PSM Makassar Robert Alberts melanjutkan tugasnya untuk musim depan. Publik puas dengan perfoma PSM di akhir putaran kedua Indonesia Soccer Championship (ISC) A  yang cukup mentereng. Dengan demikian, di musim depan Robert bisa lebih mengangkat perfoma tim tertua di Indonesia ini lebih baik.Dedengkot The Maczman (suporter PSM) Andi Syam Paswah mengatakan manajemen seharusnya sudah berbicara dengan Robert soal masa depannya di tim Juku Eja, dengan demikian pelatih asal Belanda itu bisa bertahan untuk musim depan. Apalagi saat ini ISC A  menyisakan empat pertandingan, sehingga harus ada kejelasan soal kontraknya. "Manajemen segera membicarakan soal ini, karena melihat tren positif PSM saat ini," kata Andi."Karena tahun depan bakal lebih berat." Manajemen saat ini sudah mengisyaratkan memperpanjang kontrak pelatih yang membawa Arema Indonesia juara tahun  tersebut. Pasalnya, di musim depan, tim tertua di Indonesia ini menargetkan juara di liga.Sejauh ini, tim Juku Eja sangat mentereng di ISC A . Dari empat pertandingan terakhir yang dilakoni, mereka tetap mempertahankan tren positif yang menempatkan PSM sudah berada di posisi kelima klasemen sementara ISC A.Sekertaris Red Gank (suporter PSM) Sadat RG mengatakan, manajemen harus segera membicarakan kontrak untuk Robert ke depan. "Termasuk pemain yang akan dipertahankan, harusnya sudah dibahas untuk mempersiapkan tim musim depan," jelasnya. (sha) dibaca .x </isi>
	<link>http://soccer.sindonews.com/read/1158909/58/publik-makassar-pertahankan-robert-alberts-1480332602
</link>
</artikel>
