<artikel>
	<id>OLA_SB_10_771</id>
	<judul>Rasyid Kembali, Lini Tengah Juku Eja Kian Sempurna</judul>
	<tanggal>14/11/16</tanggal>
	<kata_kunci>psm makassar, rasyid kembali</kata_kunci>
	<isi> MAKASSAR - Gelandang energik PSM Makassar Rasyid Bakri sudah bisa kembali merumput membela tim Juku Eja. Pemain kelahiran Gowa, Makassar,  Januari , itu siap tampil melawan Bhayangkara FC pada pekan ke- di stadion Gelora Deltra Sidoarjo, Senin (//).Andalan Juku Eja ini absen saat PSM menekuk Madura United - di Stadion Andi Mattalatta, Makassar, Sabtu (//). (Baca juga: PSM Makassar Tuntaskan Dendam Atas Madura United). Rasyid terkena akumulasi kartu kuning. Beruntung, jelang laga Rizky Pellu dipulangkan dari timnas Indonesia untuk Piala AFF , hingga bisa langsung bermain.Mantan pemain timnas U- itu menjadi pilar penting di PSM. Rasyid selalu menjadi pilihan utama Pelatih Robert Rene Alberts karena karakter permainannya dinilai pas untuk formasi --- yang diusung pelatih asal Belanda tersebut. (Baca juga: Setelah Habisi Madura United, PSM Siap Jadikan Bhayangkara FC Korban Berikutnya).Rasyid menyatakan sudah bisa bertanding kembali setelah absen satu laga. Dia menegaskan akan berusaha maksimal membantu tim jika diturunkan pelatih. "Alhamdulillah sudah bisa bela tim kembali di laga away nanti," katanya.  "Saya siap memberikan yang terbaik."Asisten Pelatih PSM Imran Amirullah mengatakan, tim kepelatihan masih harus melihat kondisi seluruh pemain sebelum mengambil keputusan menurunkan di laga krusial melawan Bhayangkara FC. "Termasuk Rasyid karena sudah bisa main lagi," ungkapnya. (sha) dibaca .x </isi>
	<link>http://soccer.sindonews.com/read/1155271/58/rasyid-kembali-lini-tengah-juku-eja-kian-sempurna-1479124697
</link>
</artikel>
