<artikel>
	<id>OLA_SB_10_655</id>
	<judul>Persipura Berat Lepas Pahabol ke Timnas</judul>
	<tanggal>16/11/16</tanggal>
	<kata_kunci>persipura, timnas indonesia</kata_kunci>
	<isi>




 - Menjelang keberangkatan ke Piala AFF, timnas Indonesia mendapatkan masalah lagi. Persipura Jayapura keberatan melepas Ferinando Pahabol ke skuat 'Merah Putih'.Pahabol memang dipanggil pelatih timnas Indonesia, Alfred Riedl, untuk menggantikan Irfan Bachdim yang mengalami cedera. Namun keputusan itu membuat Ketua Umum Persipura, Benhur Tomy Mano bertanya-tanya.Sebab, waktu pemanggilan sangat mendadak. Apalagi, tenaga Pahabol sangat dibutuhkan timnya di pertandingan-pertandingan  (TSC)."Kenapa pemain kami dipanggil lagi, ini adalah pekan krusial bagi kami, sehingga sangat berat. Padahal kami sudah memberikan dua pemain," ujar Benhur saat dihubungi wartawan, Rabu (/). Sebelumnya, Riedl telah memanggil dua pemain Persipura yaitu Dominggus Fakdawer dan Boaz Salossa. Jika Pahabol juga diberikan ke timnas, Benhur menegaskan itu tidak adil."Kalau Pahabol dipanggil lagi berarti kami sudah kasih tiga pemain (ke Timnas Indonesia), klub lain alami hal yang sama atau tidak? Kami juga mau bantu tapi jangan begini caranya. Ini sama saja mereka minta Persipura untuk berhenti bertanding," kata Benhur lagi.Meski Benhur keberatan, Pahabol sudah memenuhi panggilan Riedl dan tiba di Karawaci, Tangerang. Timnas dijadwalkan bertolak ke Filipina, Kamis (/). Mereka terbang menggunakan Phillipine Airlines dengan jadwal penerbangan pada pukul . WIB.








</isi>
	<link>http://sport.detik.com/sepakbola/liga-indonesia/3347229/persipura-berat-lepas-pahabol-ke-timnas
</link>
</artikel>
