<artikel>
	<id>OLA_SB_10_153</id>
	<judul>Ujicoba untuk Ukur Kemampuan, bukan Menang-Kalah</judul>
	<tanggal>02/11/16</tanggal>
	<kata_kunci>laga uji coba, indonesia melawan myanmar dan vietnam</kata_kunci>
	<isi>




 - Timnas Indonesia akan melakoni dua laga ujicoba internasional melawan Myanmar dan Vietnam sebagai pemanasan sebelum tampil di Piala AFF . Tapi bagi Evan Dimas bukan hasil akhir yang ingin dilihat dia dan rekan-rekannya.Indonesia akan lebih dulu menghadapi Myanmar pada  November di Yangon. Lima hari berselang tim 'Merah-Putih' akan menjajal Vietnam di Hanoi. Mereka direncanakan berangkat pada siang ini, Rabu (/).Evan menilai Myanmar dan Vietnam saat ini sudah mengalami perubahan. Sementara timnas Indonesia disebutnya baru mempersiapkan diri tampil di internasional, setelah lepas dari sanksi FiFA."Myanmar dan Vietnam, meskipun mereka sudah lama tidak bertanding, tapi mereka sudah berkembang. Jadi harus tetap waspada," ujar Evan saat ditemui, Rabu (/).Namun begitu, menurut Evan dua laga ujicoba tersebut adalah untuk melihat sejauh mana persiapan timnas menghadapi Piala AFF dan mematangkan taktik dan strategi yang diinginkan pelatih."Kalau target pribadi saya, bukan menang atau kalah. Tapi mengukur kemampuan kita karena kita sudah lama tidak main di laga internasional," katanya.








</isi>
	<link>http://sport.detik.com/sepakbola/liga-indonesia/3335228/ujicoba-untuk-ukur-kemampuan-bukan-menang-kalah
</link>
</artikel>
