<artikel>
	<id>OLA_SB_10_610</id>
	<judul>Cerita Lerby Eliandry yang Pernah Diremehkan Saat Dipanggil ke Timnas</judul>
	<tanggal>21/11/16</tanggal>
	<kata_kunci>striker indonesia, piala aff</kata_kunci>
	<isi>




 - Kemampuan striker Lerby Eliandry diragukan kala namanya dipanggil ke tim nasional Piala AFF . Dia mampu memberikan awalan yang meyakinkan. Nama Lerby pertama kali dikenal saat masih membela Bali United Pusam di QNB League. Dia menunjukkan penampilan menjanjikan buat tim: masuk dalam daftar empat pemain pencetak gol terbanyak ( gol), sebelum akhirnya kompetisi itu dihentikan.Gol-gol itu menjadi sebuah pembuktian Lerby. Sebab, dia sempat mendapatkan cemoohan dari suporter klub itu. Dia kerap mendapatkan  di akun twitter yang meragukan penampilannya. Ejekan pun berhenti setelah donasi gol-gol itu. Malah berkat penampilannya tersebut, Lerby dilirik oleh Pusamania Borneo FC dan bergabung hingga saat ini. Sebuah jalan ke timnas terbuka saat Indonesia hendak melakoni ujicoba melawan Malaysia di Stadion Manahan, Solo,  September tahun ini.  Pemanggilan itu menggembirakan Lerby, tapi tak semua suporter timnas mendukungnya. Sekali lagi, Lerby mendapatkan banyak cibiran dan hinaan dari netizen di media sosial. Banyak komentar-komentar negatif yang dialamatkan kepadanya karena Lerby dinilai tak pantas membela timnas.Beruntung, Lerby termasuk orang yang cuek dengan media sosial. Justru kekasihnya, Risma Syahrozad,  tahun, yang panas. Dia menyampaikan kritikan publik itu kepada Lerby. "Saat-saat terberat saat dia starter pertama kali pada ujicoba bersama timnas. Semua meremehkan dia, menghina dia, merendahkan dia. Tapi puji Tuhan, dia bisa mengendalikan emosinya. Tidak ada satupun komen negatif di media sosial yang dibalas oleh dia. Mentalnya sempat nge- tapi orang-orang terdekatnya selalu dukung dia," cerita kekasih Lerby, Risma kepada detiksport, Senin (//)."Kalau dibandingkan ejekan saat di Bali United, kali ini lebih teras panas. Sebab, saat di klub yang mengejek satu komunitas, sementara di timnas sepertinya semua orang turut menyatakan keraguan mereka," tutur Risma. Kalau Risma panas, Lerby justru punya jawaban jitu. Dia bertekad membayar ejekan itu di atas lapangan. Tidak banyak sesumbar memang. Bahkan, menjelang laga lawan Thailand pada Sabtu (//) Lerby sama sekali tak mendapatkan sorotan. Hingga kemudian dia berhasil mencetak gol kedua dan menyamakan kedudukan - setelah Boaz Salossa membuka keran gol Indonesia. Di akhir laga, Indonesia kalah -."Dan akhirnya dia percaya diri, bertekad untuk kerja keras dan membuktikan dengan latihan sungguh-sungguh. Setiap doa dia selalu menangis agar dia bisa membuktikan dan mampu memberikan kontribusinya untuk timnas," tutur karyawan Prodia di Jakarta itu. "Puji Tuhan kemarin dia bisa memberikan gol dan sekarang dia mulai tenang dan tidak terlalu terbebani lagi. Tapi dia tidak boleh berpuas diri harus tetap berjuang," katanya.Kini, Lerby pun sedang berulang tahun yang ke  tahun tepat hari ini. Risma pun berdoa agar Lerby bisa sukses dan memberikan yang terbaik untuk timnas."Aku cuma selalu ingatkan dia untuk selalu kerja keras jangan cepat puas dan selalu komunikasi yang baik dengan pelatih dan teman satu tim," kata Risma."Pada ultahnya dan menjelang Indonesia tampil, saya berharap Indonesia menang lawan Filipina. Enggak muluk-muluk Lerby harus cetak gol, yang penting Indonesia menang, lolos ke babak berikutnya, ke final dan juara. "Sebelum terbang ke Filipina, saya tanya: Lerby ingin kado apa pas ultah nanti? Dia bilang seperti yang dicita-citakan Indonesia juara Piala AFF," tutur dia.








</isi>
	<link>http://sport.detik.com/sepakbola/liga-indonesia/3350466/cerita-lerby-eliandry-yang-pernah-diremehkan-saat-dipanggil-ke-timnas
</link>
</artikel>
