<artikel>
	<id>OLA_SB_10_101</id>
	<judul>Semen Padang Canangkan Kemenangan di Kandang Sriwijaya FC</judul>
	<tanggal>03/11/16</tanggal>
	<kata_kunci>Sriwijaya FC, Semen Padang, target menang</kata_kunci>
	<isi> PALEMBANG, KOMPAS.com- Derbi Andalas bakal terjadi di Stadion Gelora Sriwijaya Jakabaring, Palembang. Tuan rumah Sriwijaya FC ditantang Semen Padang pada lanjutan TSC , Jumat malam (//). Namun, tim tamu datang dalam kondisi tak terlalu bagus. Para pemain Semen Padang belum bisa melupakan kekalahan - di kandang saat melawan Arema Cronus, Jumat (//). Hal tersebut diakui pelatih kepala Semen Padang, Nil Maizar. "Secara umum kondisi fisik pemain baik, tetapi mental masih belum pulih  persen, karena kalah di kandang. Jadi rekor tak terkalahkan terhenti," paparnya. Dalam lawatan ini, Semen Padang berkekuatan  pemain. Nil pun memasang target meraih kemenangan, seperti yang pernah dilakukan Bhayangkara FC. "Keinginkan kami mengambil  poin dalam pertandingan ini. Bhayangkara FC saja bisa menang -. Sepak bola tidak ada yang tidak mungkin," katanya. Ambisi meraih  poin yang dicanangkan pelatih berusia  tahun ini cukup beralasan. Semen Padang butuh poin penuh demi mendongkrak posisi mereka menuju papan atas klasemen sementara. Ya, Kabau Sirah, julukan Semen Padang, saat ini menempati peringkat ke- dengan  poin dari  laga. Sedangkan Sriwijaya FC di posisi ke- dengan  poin. "Kerja keras dan serius di lapangan menjadi kunci utama tim selama ini agar memenangkan laga," tuturnya. Sementara itu, pelatih kepala Sriwijaya FC, Widodo Cahyono Putro, mengatakan bahwa timnya bakal bermain habis-habisan melawan Semen Padang. Mereka pun memasang target menang sekaligus membalas kekalahan - pada putaran pertama di stadion H Agus Halim. "Strategi sudah kami siapkan saat melawan Semen Padang. Target adalah meraih tiga poin. jadi pertandingam bakal berjalan seru," ujarnya.</isi>
	<link>http://bola.kompas.com/read/2016/11/03/09080098/semen.padang.canangkan.kemenangan.di.kandang.sriwijaya.fc
</link>
</artikel>
