<artikel>
	<id>OLA_SB_10_752</id>
	<judul>Thiago Akhiri Musim Lebih Cepat Jadi Hantaman Berat BFC</judul>
	<tanggal>17/11/16</tanggal>
	<kata_kunci>bhayangkara fc, isc</kata_kunci>
	<isi> SURABAYA - Kehilangan Evan Dimas yang bergabung tim nasional (Timnas) sudah terasa berat bagi Bhayangkara FC (BFC). Kini ujian kedua menerpa tim asuhan Ibnu Grahan setelah striker Thiago Furtuoso harus beristirahat lama karena cedera.Thiago divonis absen selama kurang lebih tujuh pekan karena cedera retak tulang kering saat menghadapi Persegres Gresik United pekan lalu. Sebuah misi yang sangat berat bagi BFC untuk bersaing dengan tim-tim lain di papan atas ISC .Memang sejumlah pemain sudah bisa kembali dari skorsing akumulasi kartu kuning seperti Wahyu Subo Seto, Fatchurrohman, serta Suroso. Mereka dipastikan akan tersedia ketika BFC menghadapi PSM Makassar di laga pekan ini.Namun hilangnya Thiago jelas sebuah kerugian besar karena dia adalah mesin gol utama The Great Alligator. "Jelas sebuah ketidakberuntungan harus kehilangan pemain penting di saat persaingan di kompetisi kian memuncak," kata Ibnu.Dia menambahkan, "Evan Dimas dipastikan akan absen hingga akhir musim ISC karena ikut Timnas di Piala AFF . Saya belum tahu kapan Thiago akan kembali, tapi melihat cederanya dia membuthkan waktu agak lama untuk pemulihan."Memang masih ada beberapa opsi untuk menambal posisi Thiago, termasuk memainkan Rudi Widodo atau Fandi Eko Utomo sebagai penyerang utama. Problemnya adalah mereka belum menyamai Thiago untuk urusan membobol gawang lawan.Penyerang asal Brasil tersebut sejauh ini melesakkan  gol dan tiga assist untuk BFC. Belum ada yang menyamai torehan itu di tim milik Polri dan tidak heran selama ini dia menjadi pilihan utama. Ibnu Grahan pun hanya tinggal berharap pemain penggantinya bisa langsung produktif."Begitu Thiago cedera, saya sudah menyiapkan beberapa nama sebagai pengemban tugasnya. Sejauh ini saya terus memaksimalkan kemampuan para pemain depan agar bisa tetap tajam, meskipun tak tertumpu pada satu pemain untuk mencetak gol," pungkas Ibnu. (bbk) dibaca .x </isi>
	<link>http://soccer.sindonews.com/read/1156154/58/thiago-akhiri-musim-lebih-cepat-jadi-hantaman-berat-bfc-1479378243
</link>
</artikel>
