<artikel>
	<id>OLA_SB_10_774</id>
	<judul>Djanur Langsung Rancang Strategi Hadapi Semen Padang</judul>
	<tanggal>14/11/16</tanggal>
	<kata_kunci>djanur, persib lawan semen padang</kata_kunci>
	<isi> BANDUNG - Pelatih Persib Bandung Djadjang 'Djanur' Nurdjaman ogah berleha-leha dan terbuai usai mengalahkan Persipura Jayapura dengan skor -. Ia langsung menatap laga berikutnya yaitu melawan Semen Padang yang akan digelar di Stadion Si Jalak Harupat, Kabupaten Bandung, Sabtu (//).  (Baca juga : Kalahkan Persipura, Persib Perpanjang Rekor di Kandang)"Begitu sampai di kamar ganti saya langsung merenung sendirian, langsung memikirkan lawan yang akan datang yaitu Semen Padang," ucap Djanur, Minggu (//) malam. Baginya, Semen Padang jelas bukan lawan yang mudah dikalahkan. Apalagi di putaran pertama lalu, Persib hancur - di kandang Semen Padang. (Baca juga : Persib Bandung Babak Belur Diseruduk Kabau Sirah)Sementara meski bermain di Bandung, Semen Padang seolah menjadi momok menakutkan bagi Persib. Sebab mereka berkali-kali bisa mengalahkan Persib saat bermain di Bandung."Semen Padang salah satu tim yang selalu menyulitkan kalau main di sini. Jujur, kita sudah beberapa kali kalah di sini," ungkapnya.Sadar akan ancaman di depan mata, Djanur mulai mempersiapkan racikan strategi yang akan diterapkannya. Ia ingin Persib melanjutkan rekor tak pernah kalah di kandang. Ia juga ingin membalas kekalahan telak di putaran pertama lalu."Saya sudah mulai mereka-reka strategi apa yang akan kita pakai untuk melawan Semen Padang," jelas Djanur. (bbk) dibaca .x </isi>
	<link>http://soccer.sindonews.com/read/1155148/58/djanur-langsung-rancang-strategi-hadapi-semen-padang-1479099148
</link>
</artikel>
