<artikel>
	<id>OLA_SB_10_727</id>
	<judul>Queens Park Rangers Akan Ajari Persib Main Sepak Bola</judul>
	<tanggal>21/11/16</tanggal>
	<kata_kunci>persib bandung junior</kata_kunci>
	<isi> BANDUNG - Klub asal Inggris Queens Park Rangers (QPR) akan mengajari Persib Bandung Junior bermain sepak bola ala Inggris. Hal itu akan dilakukan dalam coaching clinic pada Sabtu (//) ini.Wali Kota Bandung Ridwan Kamil mengaku sudah bertemu dengan petinggi Air Asia Group Indonesia di Pendopo Kota Bandung, Senin (//) pagi. Air Asia Group sendiri merupakan pemilik klub yang pernah diperkuat Rio Ferdinand dan Park Ji Sung tersebut."Dia memilih Persib Bandung usia  untuk diberi fasilitas coaching clinic oleh Queens Park Rangers. Insya Allah hari sabtu ini," kata Emil, sapaan akrabnya.Selain itu, tim ASAD Purwakarta  juga akan hadir dalam coaching clinic tersebut. ASAD sendiri merupakan akademi sepak bola asal Purwakarta. Tim itu pernah menjuarai turnamen sepak bola junior di Spanyol."Nanti latihannya di Bandung, bersama tim usia  tahun ASAD Purwakarta. Yang dilatih nanti sekitar -an orang. Dia hanya minta izin saya untuk menghadiri acaranya," jelasnya.Sementara selain diberi pelatihan, beberapa pemain terbaik juga akan diboyong ke London untuk beberapa waktu. "Yang terbaik akan dikirim ke London," ucap Emil. (bbk) dibaca .x </isi>
	<link>http://soccer.sindonews.com/read/1157005/58/queens-park-rangers-akan-ajari-persib-main-sepak-bola-1479712457
</link>
</artikel>
