<artikel>
	<id>OLA_SB_10_799</id>
	<judul>Kehilangan El Loco, Arema Makin Compang Camping</judul>
	<tanggal>11/11/16</tanggal>
	<kata_kunci>arema</kata_kunci>
	<isi> MALANG - Setelah kehilangan tiga pemain karena akumulasi kartu kuning, Arema Cronus semakin compang-camping setelah Cristian El Loco Gonzales ikut-ikutan absen. Striker utama Arema tersebut harus absen di kandang Perseru Serui karena berkutat dengan cedera punggung.Cedera itu didapatnya ketika Arema mengalahkan Persela Lamongan pekan lalu dan dia gagal memulihkan kondisinya hingga keberangkatan tim ke Serui. Praktis namanya tak tercantum dalam rombongan yang meninggalkan Malang pada Kamis (//) malam.Ini menjadi kerugian besar bagi Singo Edan karena pemain berjuluk 'El Loco' tersebut masih menjadi mesin gol terbaik. Pelatih Arema Cronus Milomir Seslija mengakui timnya bakal berat tanpa pemain-pemain terbaiknya di Serui nanti."Kehilangan Gonzales adalah sebuah ketidakberuntungan besar bagi Arema. Apalagi kami sudah kehilangan tiga pemain karena akumulasi kartu kuning. Tapi bagaimana pun kami tidak boleh turun semangat dengan kondisk ini," ungkap Milomir Seslija, Jumat (//).Baginya, hilangnya beberapa pemain tak akan mengubah target yang sudah dicanangkan sebelumnya yakni berusaha mewujudkan poin absolut alias kemenangan. Milo pun menyiapman tenaga alternatif untuk mentup posisi El Loco.Pilihan untuk posisi ini masih tersisa dua, yakni Febri Hamzah dan Sunarto. Keduanya memiliki karakter sebagai striker murni atau target man, meskipun Sunarto selama ini lebih banyak diberi ruang sebagai striker sayap atau winger."Saya rasa Sunarto atau Febri akan bisa menjalankan tugas Gonzales di pertandingan nanti. Semua pemain bisa mencetak gol dan saya berharap semuanya berjalan maksimal, jadi tidak hanya tergantung pada penyerang," ungkap pelatih asal Bosnia.Sebelumnya, tiga pemain Arema sudah terlebih dulu dipastikan absen yakni Goran Gancev, Esteban Vizcarra dan Ferry Saragih karena terkena skorsing akumulasi kartu kuning. Pemain lain yang tidak ikut ke Serui adalah Benny Wahyudi dan Kurnia Meiga yang masih bersama Timnas.Dengan demikian, jika ditotal Arema tampil tanpa separuh kekuatan atau enam pemain di Stadion Marora, kandang Perseru Serui. Enam pemain yang absen sejatinya adalah aset penting bagi tim kebanggaan Aremania musim ini. (bbk) dibaca .x </isi>
	<link>http://soccer.sindonews.com/read/1154595/58/kehilangan-el-loco-arema-makin-compang-camping-1478850611
</link>
</artikel>
