<artikel>
	<id>OLA_SB_10_187</id>
	<judul>Persib Tanpa Lima Pemain, Persegres Siapkan Strategi Pakem</judul>
	<tanggal>21/10/16</tanggal>
	<kata_kunci>persib lawan persegres gresik</kata_kunci>
	<isi>




 - Persib Bandung akan menjamu Persegres Gresik United tanpa kekuatan penuh. Lima pemain pilarnya tidak bisa tampil memperkuat 'Maung Bandung'.Persib bakal menghadapi Persegres Gresik United di Stadion Wibawa Mukti, Bekasi, pada Sabtu (/) dalam laga lanjutan pekan ke  Torabika Soccer Championship (TSC).Lima pemain yang absen adalah Sergio van Dijk yang terkena hukuman oleh Komdis, Zulham Zamrun dan Rudolfo Yanto Basna yang dipanggil oleh timnas, I Made Wirawan serta David Laly yang cedera.Pelatih Djajang Nurdjaman menyadari, laga melawan Persegres akan menjadi pertandingan berat karena mereka harus bangkit setelah menelan kekalahan. Pada laga sebelumnya Persib takluk - dari Mitra Kukar.Namun Persib sudah mengantongi strategi, meski tanpa lima pemain tersebut. Djajang bakal menurunkan sejumlah pemain lainnya."Kami masih mempunyai Tantan, Atep dan Vladimir Vujovic. Febri Haryadi juga bisa membantu serangan dari sayap. Intinya, melawan Persegres kami harus konsentrasi karena mereka tidak boleh diremehkan," ungkap Djajang, Jumat (/).Persegres memang baru mengalahkan Pusamania Borneo FC - pada  Oktober kemarin. Mereka juga memiliki catatan bagus saat menghadapi Persib. "Laskar Joko Samudro" sempat menaklukkan Persib - di putaran pertama TSC."Mereka tentu memiliki motivasi tersendiri. Tapi ini laga kandang kami, kami harus bisa menang," katanya.Di sisi lain, pelatih Persegres Eduard Tjong mengaku sudah memantapkan taktik dan strategi yang akan digunakan menghadapi Persib. Edu menyebut tak ada perubahan pemain sama seperti ketika mengalahkan PBFC. "Saya percaya dengan skuat yang ada. Mereka adalah pemain terbaik yang kami miliki saat ini. Semoga kami bisa meraih hasil positif pertama di kandang tim besar," ujar Edu panggilan akrabnya."Ini laga yang sangat berat, jadi harus dipastikan semua berjalan sesuai dengan pakem," katanya.








</isi>
	<link>http://sport.detik.com/sepakbola/liga-indonesia/3326122/persib-tanpa-lima-pemain-persegres-siapkan-strategi-pakem
</link>
</artikel>
