<artikel>
	<id>OLA_SB_10_728</id>
	<judul>PSM Makassar Hendak Tuntaskan Dendam di Markas Bhayangkara FC</judul>
	<tanggal>21/11/16</tanggal>
	<kata_kunci>psm makassar lawan bhayangkara fc, isc</kata_kunci>
	<isi> MAKASSAR - PSM Makassar percaya diri tampil maksimal guna meraih poin penting saat menantang Bhayangkara FC di pekan ke- Indonesia Soccer Championship (TSC) di stadion Deltra Sidoarjo, Senin (//). Tim asuhan Robert Alberts tersebut memang berhasil menorehkan hasil positif di tiga laga terakhir, yakni bermain imbang - dengan Persib Bandung, serta dua kali meraih kemenangan - atas Persiba Balikpapan dan - saat menjamu Madura United.Hasil ini menjadi modal penting Rasyid Bakri dkk menghadapi Bhayangkara FC di markasnya. Meski di pertemuan pertama mereka harus takluk di kandang sendiri, setelah Bhayangkara memenangkan duel di stadion Andi Mattalatta Mattoanging dengan skor -.Selain itu, tim Juku Eja tekad mereka untuk masuk lima besar, membuat tim berjuluk Ayam Jantan dari Timur ini bakal tampil maksimal untuk mendulang poin di pertandingan kali ini. Apalagi, mereka dalam kondisi onfire.Media Officer PSM Ramli Manong mengatakan, tanpa Ferdinan Sinaga  dan Muchlis Hadi, tim kepelatihan akan maksimalkan pemain yang ada. "Karena terbukti dibeberapa pertandingan yang lalu pemain lain juga mampu menjawab  kepercayaan pelatih," katanya.Selain itu, tim Juku Eja kata Ramli, mempunya motivasi juga untuk menjaga trend yang ada dengan meraih kemenangan tandang beberapa waktu lalu. "Sehingga kita tetap percaya diri bisa mendapatkan hasil maksimal," jelasnya.Asisten Pelatih PSM Imran Amirullah mengatakan, pihaknya memang kehilangan sejumlah pemain penting. Hanya saja, dirinya tak mau larut dengan hal tersebut. "Kita akan maksimalkan dengan pemain yang ada, dan percaya dengan pemain saat ini," jelasnya. (sbn) dibaca .x </isi>
	<link>http://soccer.sindonews.com/read/1156917/58/psm-makassar-hendak-tuntaskan-dendam-di-markas-bhayangkara-fc-1479680775
</link>
</artikel>
