<artikel>
	<id>OLA_SB_10_045</id>
	<judul>Akibat Ulah Suporter, Persela Kembali Terkena Denda Rp 10 Juta</judul>
	<tanggal>28/10/16</tanggal>
	<kata_kunci>Persela lamongan, TSC 2016, Bali United, pelanggaran, denda</kata_kunci>
	<isi> LAMONGAN, KOMPAS.com Kebangkitan Persela Lamongan pada pekan ke- TSC  usai menumbangkan Bali United - di Stadion Gelora Delta Sidoarjo, Kamis (//), ternoda oleh ulah oknum suporternya. Komisi disiplin (komdis) melihat ada ulah dari oknum suporter Persela yang tidak patut dalam pertandingan tersebut. Dalam laga itu ditemukan sorotan laser yang diarahkan kepada sosok penjaga gawang Bali United, Mohammad Diky Indriyana. Sorotan laser tersebut terjadi, tepatnya pada menit ke-, pada saat Persela memperoleh hadiah tendangan penalti. Pada saat eksekusi kedua yang dilakukan oleh Hedipo Gustavo, tiba-tiba ada sorotan sinar laser berwarna hijau, yang mengarah tepat ke wajah Diky. Waktu itu, eksekusi penalti harus diulang karena wasit Maulana Nugraha melihat ada pemain Bali United yang masuk ke dalam kotak penalti sebelum bola ditendang, meski Hedipo sudah berhasil menjebol gawang Bali United.  Karena kasus pelanggaran ulah penonton itu, manajemen mendapat denda sebesar Rp  juta dari komdis, sesuai pasal  ayat () huruf a dan b Kode Disiplin, tutur Ketua Panpel Persela Muhajir, seperti dilansir situs resmi klub. Lebih lanjut, Muhajir mengaku, sangat menyayangkan sikap dari oknum suporter yang tidak bisa bertindak sportif dalam mendukung perjuangan tim kesayangannya tersebut. Ini berakibat negatif dan merugikan bagi Persela.  Kejadian (sinar laser) itu merugikan tim. Kami terkena sanksi denda lagi, yang seharusnya tidak terjadi. Ini karena suporter belum memahami regulasi, kata dia. Untuk itu, Muhajir mengajak seluruh elemen suporter Persela, untuk tidak lagi melakukan sesuatu hal yang dapat berbuah pelanggaran disiplin, yang ujung-ujungnya akan merugikan tim Laskar Joko Tingkir. "Saya mengajak para supoter untuk tidak melakukan hal-hal yang merugikan Persela. Sebab jika masih terjadi pelanggaran serupa di kemudian hari, kami akan mendapatkan hukuman lebih berat lagi, ucap Muhajir. Sebelumnya, manajemen tim Laskar Joko Tingkir juga sempat mendapatkan denda dari komdis, lantaran ulah suporternya yang menyalakan flare pada saat pertandingan. Hal itu sudah ditetapkan sebagai pelanggaran penyelenggaraan pertandingan oleh komdis dan pihak operator turnamen.</isi>
	<link>http://bola.kompas.com/read/2016/10/28/07070018/akibat.ulah.suporter.persela.kembali.terkena.denda.rp.10.juta
</link>
</artikel>
