<artikel>
	<id>OLA_SB_10_035</id>
	<judul>Persipura Terkena Sanksi Rp 15 Juta</judul>
	<tanggal>29/10/16</tanggal>
	<kata_kunci>persipura, TSC, Gelora Trisula Semesta, sanksi, Fachrudin Pasolo</kata_kunci>
	<isi> JAYAPURA, KOMPAS.com- Klub Persipura resmi mendapatkan sanksi dari PT Gelora Trisula Semesta (GTS) selaku operator TSC . Tim berjulukan Mutiara Hitam ini harus membayar denda sebesar Rp  juta. GTS memberikan sanksi akibat ulah sejumlah oknum suporter Persipura yang melempar botol mineral ke dalam lapangan saat laga melawan Arema Cronus, tim asal Jawa Timur, di Stadion Mandala Jayapura,  Oktober  lalu. Dalam pertandingan itu, Persipura berhasil menundukkan tim tamu dengan skor - lewat gol Osvaldo Hay dan Ricardo Silva de Almeida. Ketua Panitia Pelaksana Pertandingan Persipura, Fachruddin Pasolo, saat ditemui di Stadion Mandala Jayapura, Sabtu (//), mengatakan, pihaknya telah menerima surat sanksi dari GTS pada Jumat (//). Kepada pihak GTS saya menjelaskan bahwa pelemparan terjadi suporter tak puas dengan keputusan wasit yang tidak memberikan sanksi ketika pemain Persipura dilanggar pemain Arema. Selain itu, para suporter juga merayakan kemenangan Persipura dengan cara yang berlebihan, papar Fachruddin. Fachruddin menuturkan, GTS memberikan waktu selama tujuh hari bagi Persipura untuk membayar sanksi sebesar Rp  juta tersebut. Total sudah dua kali Persipura mendapat sanksi membayar denda. Sebelumnya, manajemen Persipura harus mengeluarkan biaya sebesar Rp  juta, tuturnya. Ia mengimbau agar para suporter tak lagi melempar barang ke dalam lapangan karena sangat merugikan Manajemen Persipura dari sisi finansial. Lebih baik suporter tersebut hanya mengeluarkan ejekan daripada harus melempar barang ke lapangan. Apabila masalah ini kembali terulang, maka GTS bisa memberikan sanksi Persipura bertanding tanpa dukungan suporter, tambahnya. Sementara itu, Perwira Urusan Humas Polres Kota Jayapura, Iptu Jahja Rumra, mengatakan, pihaknya akan menempuh langkah persuasif di bagi para suporter di stadion untuk mencegah terjadi pelemparan barang ke lapangan. Apabila barang yang dilempar mengenai orang hingga terluka, maka oknum suporter akan ditindak tegas karena telah melanggar hukum, tegas Jahja.</isi>
	<link>http://bola.kompas.com/read/2016/10/29/18240068/persipura.terkena.sanksi.rp.15.juta
</link>
</artikel>
