<artikel>
	<id>OLA_SB_10_683</id>
	<judul>Preview Vietnam vs Indonesia: Waspadai Serangan Cepat Tuan Rumah</judul>
	<tanggal>08/11/16</tanggal>
	<kata_kunci>vietnam lawan indonesia, ui coba</kata_kunci>
	<isi> HANOI - Timnas Indonesia akan menghadapi laga uji coba tandang terakhir jelang Piala AFF  saat melawat ke markas Vietnam, Selasa (//). Pada pertemuan sebelumnya di Sleman-Yogyakarta, Skuat Garuda ditahan imbang, -.Dalam lawatannya, pelatih Timnas Indonesia, Alfred Riedl, membawa  pemain ke Stadion My Dinh, Hanoi. Dikomando Boaz Solossa, Skuat Garuda juga berharap pada Andik Vermansyah serta Irfan Bachdim yang mencetak gol ke gawang Vietnam pada pertemuan sebelumnya. Jika merujuk pada pertemuan sebelumnya, lini bertahan Indonesia harus mewaspadai serangan cepat yang dibangun Vietnam. Sebab, saat tampil di Stadion Maguwoharjo, Indonesia dikejutkan sepasang gol cepat dari Van Thang Le dan Vu Minh Tuan. (Baca juga: Vietnam Paksa Timnas Indonesia Bermain Imbang) "Vietnam adalah tim yang bagus. Saya melihat mereka memiliki kecepatan dan teknik yang baik. Saya juga percaya Vietnam merupakan salah satu tim favorit untuk memenangkan Piala AFF ," kata Riedl dalam konferensi pers sebelum pertandingan. Timnas Indonesia latihan resmi di Stadion My Dinh, Hanoi. Vietnam vs Indonesia, Selasa (/), kick off . WIB (tidak live TV) pic.twitter.com/GmwBewRU— PSSI - FAI (@pssi__fai) November , Sekadar informasi, jika memenangkan pertandingan tersebut Indonesia akan mendapatkan kemenangan perdana di laga ujicoba tandang pasca-hukuman FIFA. Sebab, dalam lawatan sebelumnya menghadapi Myanmar, Boaz dkk ditahan imbang -. (Baca juga: Laga Tandang Indonesia di Myanmar Berakhir Tanpa Gol) Catatan pertandingan teranyar kedua tim,    Vietnam Indonesia   // Indonesia  –  Vietnam //  Myanmar  –  Indonesia   // Vietnam  –  Korea //  Indonesia  –  Vietnam   // Vietnam  –  Singapura //  Indonesia  –  Malaysia    Setelah menghadapi Vietnam di Hanoi, Skuat Garuda dijadwalkan kembali ke tanah air pada  November  untuk melakukan pemusatan latihan di Tangerang, Jumat (//). Kemudian mereka bakal bertolak menuju Manila pada  November  guna mengikuti Piala AFF . Prakiraan susunan pemain Vietnam vs Indonesia Vietnam: Tran Nguyen Manh, Au Van Hoan, Truong Dinh Luat, Dinh Tien Thanh, Sam Ngoc Duc, Vu Minh Tuan, Ngo Hoang Thinh, Nguyen Trong Hoang, Nguyen Van Quyet, Pham Thanh Luong, Van Thang Le.Indonesia: Andritany, Benny Wahyudi, Yanto Basna, Fachrudin, Abduh Lestaluhu, Bayu Gatra, Evan Dimas, Andik Vermansyah, Zulham Zamrun, Boaz Solossa, Lerby Eliandry  (bep) dibaca .x </isi>
	<link>http://soccer.sindonews.com/read/1153589/58/preview-vietnam-vs-indonesia-waspadai-serangan-cepat-tuan-rumah-1478578301
</link>
</artikel>
