<artikel>
	<id>OLA_SB_10_126</id>
	<judul>Indonesia Vs Filipina, Hati-hati dengan Younghusband</judul>
	<tanggal>22/11/16</tanggal>
	<kata_kunci>indonesia lawan filipina, piala aff</kata_kunci>
	<isi> Laporan langsung Anju Christian dari Manila, Filipina MANILA, KOMPAS.com- Pemain belakang tim nasional (timnas) Indonesia, Gunawan Dwi Cahyo, memberikan perhatian lebih kepada kapten tim nasional Filipina, Phil Younghusband. Hal itu diutarakan Gunawan menjelang duel antara Indonesia dan Filipina pada partai kedua Grup A Piala AFF  di Philippine Sports Stadium, Bulacan, Selasa (//). "Pemain yang paling diwaspadai dari Filipina tentunya Phil Younghusband. Dia mampu mendistribusikan umpan berbahaya ke lini depan," tutur Gunawan di Novotel Araneta Center, Manila, Senin (//). "Kalau Younghusband dibiarkan lolos, kami akan mendapatkan situasi berbahaya," ucap pemain milik Persija itu. Inilah jadwal tanding Indonesia di Piala AFF #BanggaGarudaKitapic.twitter.com/uAnIuExCW Wajar apabila Gunawan berkata demikian. Younghusband memang menjadi motor serangan dan sumber gol Filipina. Dia sudah mencetak  gol dari  penampilan bersama timnas senior. Salah satu gol Younghusband tercipta saat Filipina menang - atas Indonesia pada babak grup Piala AFF . Dua tahun lalu, pemain keturunan Inggris itu menggetarkan gawang Indonesia lewat titik penalti. Gunawan sendiri mengaku siap untuk meredam Younghusband, kalau saja diturunkan oleh pelatih Alfred Riedl. Dia memang cuma menduduki bangku cadangan saat Indonesia kalah - dari Thailand pada partai pertama, Sabtu (//). "Kalau bermain, saya menginginkan agar timnas tidak kebobolan. Selain itu, saya juga berharap mencetak gol. Saya tidak mau mencetak gol cuma di Persija," ucap pemain yang mencetak empat gol untuk klubnya di TSC itu. </isi>
	<link>http://bola.kompas.com/read/2016/11/22/10035268/indonesia.vs.filipina.hati-hati.dengan.younghusband
</link>
</artikel>
