<artikel>
	<id>OLA_SB_10_042</id>
	<judul>Persib ke Makassar Tanpa Robertino Pugliara</judul>
	<tanggal>28/10/16</tanggal>
	<kata_kunci>Persib Bandung, PSM Makassar, TSC, obertino Pugliara, David Laly</kata_kunci>
	<isi> BANDUNG, KOMPAS.com-Persib Bandungakan menjajal kekuatan tuan rumah PSM Makassar pada pekan ke- Kompetisi Sepak Bola Torabika  di Stadion Andi Mattalata, Sabtu (//). Dalam laga itu, Persib menyiapkan  pemain. Tak ada nama Robertino Pugliara dalam daftar pemain yang dibawa. Pemain bernomor punggung  itu terpaksa absen lantaran mengalami dehidrasi ringan. "Kami bawa  pemain, Sergio ikut, yang tidak ikut Robertino mungkin kelelahan, Yandi (Sofyan) juga juga tidak ikut, cedera. Sebagai gantinya kami bawa David Laly," ujar Pelatih Persib, Djadjang Nurdjaman, Jumat (//). Selain itu, Persib pun terpaksa harus kehilangan Zulham Zamrun dan Yanto Basna yang tengah melakukan pemusatan latihan bersama tim nasional. Berikut nama-nama pemain yang dibawa ke Makassar: Penjaga gawang: Muhammad Natshir, Muhammad Ridwa. Belakang: Vladimir Vujovic, Diogo Ferreira, Tony Sucipto, Dias Angga Putra, Jajang Sukmara. Gelandang: Hariono, Kim Jeffrey Kurniawan, Taufiq, Rachmad Hidayat, Marcos Flores. Penyerang: Sergio van Djik, Samsul Arif, Atep, Tantan, David Laly, Febri Hariyadi.</isi>
	<link>http://bola.kompas.com/read/2016/10/28/18240018/persib.ke.makassar.tanpa.robertino.pugliara
</link>
</artikel>
