<artikel>
	<id>OLA_SB_10_023</id>
	<judul>Peringkat FIFA: Indonesia Mentok, 6 Tim AFF Melesat</judul>
	<tanggal>24/11/16</tanggal>
	<kata_kunci>peringkat AFF</kata_kunci>
	<isi> KOMPAS.com -FIFA telah merilis daftar terbaru peringkat negara-negara anggota mereka pada  November . Indonesia tidak bergerak dari posisi sebelumnya, sedangkan enam negara anggota Federasi Sepak Bola ASEAN (AFF) melejit. Sejak lepas dari jeratan sanksi, Indonesia baru menjalani empat pertandingan yang masuk jadwal FIFA. Dari empat laga itu, Tim Garuda hanya meraih satu kemenangan.Dua pertandingan di antaranya terjadi pada laga uji coba mengalahkan Malaysia dengan skor - (//) dan saat takluk - dari Vietnam (//). Dua laga lainnya terjadi saat kalah - dari Thailand dan ditahan imbang - oleh Filipina pada Grup A Piala AFF .Satu kemenangan dan hasil imbang tersebut tidak mampu mendongkrak posisi Indonesia dari peringkat ke-.  poin yang didapat Garuda tidak bertambah atau berkurang. Sedangkan enam negara AFF lainnya mengalami peningkatan pesat. Filipina tetap menjadi negara Asia Tenggara yang berada di posisi tertinggi dengan  poin di peringkat ke-. The Azkals naik tujuh peringkat.Sedangkan lima negara lainnya, yaitu Vietnam (naik tujuh peringkat), Thailand (), Malaysia (), Singapura (), dan Laos (). Anggota AFF yang mengalami penurunan paling signifikan adalah Myanmar. Salah satu tuan rumah Piala AFF  itu turun  peringkat ke posisi  dengan  poin.(Verdi Hendrawan) #FIFARanking is out!@PHI_Azkalsremain the No. team of AFF Member Nations!RT if you think your nation will be top after#AFFSuzukiCup!pic.twitter.com/NWLMWA</isi>
	<link>http://bola.kompas.com/read/2016/11/24/22250038/peringkat.fifa.indonesia.mentok.6.tim.aff.melesat
</link>
</artikel>
