<artikel>
	<id>OLA_SB_10_778</id>
	<judul>Djadjang: Ini Bukan Kebetulan</judul>
	<tanggal>13/11/16</tanggal>
	<kata_kunci>djadjang, persib, persipura</kata_kunci>
	<isi> BANDUNG - Pelatih Djadjang Nurdjaman membantah kemenangan Persib Bandung atas Persipura Jayapura di Stadion Si Jalak Harupat, Sabtu (/) malam, sebagai sebuah kebetulan. Hasil itu adalah murni karena perjuangan seluruh pemain. Kemenangan atas Persipura terasa begitu istimewa. Sebab, dari dua kali pertemuan dengan Mutiara Hitam, Persib bisa menang - baik saat di Jayapura maupun Bandung."Terimakasih kepada tim, ini hasil perjuangan mereka, bukan kebetulan. Saya bangga, karena tak banyak tim yang bisa mengalahkan Persipura dua kali berturut-turut," beber Djadjang seperti dikutip situs resmi Persib, Minggu (//). Menurutnya, resep keberhasilan Maung Bandung petik tiga poin tak lain karena strategi yang sudah disiapkan sejak latihan mampu berjalan dengan baik di lapangan. Kedisiplinan Kim Jeffrey dkk membuat organisasi tim saat mengolah si kulit bundar membuat permainan enak ditonton."Kita bisa mempertahankan tren tidak mau kalah dikandang. Itu berkat kedisiplinan pemain. Boleh dikatakan mendekati sempurna. Meskipun kita tidak boleh berpuas diri," jelas Djadjang.Djanur juga mengakui jika Persipura tetaplah Persipira yang selalu bermain menyerang dengan komposisi pemain memiliki talenta bagus. "Evaluasinya tadi babak pertama masih banyak bocor, pemain kurang sigap," tambahnya. Berkat kemenangan Persib berada di posisi kedelapan dengan raihan  poin dari  pertandingan di Indonesia Soccer Championship (ISC) . Sementara Persipura tertahan di urutan ketiga dengan meraup  poin. (sbn) dibaca .x </isi>
	<link>http://soccer.sindonews.com/read/1154931/58/djadjang-ini-bukan-kebetulan-1479010136
</link>
</artikel>
