<artikel>
	<id>OLA_SB_10_143</id>
	<judul>Imbang dari Myanmar, Riedl Anggap Timnas Hanya Kurang Beruntung</judul>
	<tanggal>04/11/16</tanggal>
	<kata_kunci>indonesia lawan myanmar, laga uji coba</kata_kunci>
	<isi>




 - Timnas Indonesia meraih hasil imbang dalam laga ujicoba melawan Myanmar. Pelatih Alfred Riedl menilai sejatinya timnya memiliki banyak peluang namun belum beruntung.Pada laga yang digelar di Thuwunna Stadium, Yangon, Jumat (/), timnas bermain melawan tuan rumah. Kedua tim mendapatkan sejumlah peluang, tapi kuatnya pertahanan masing-masing membuat mereka kesulitan menjadi gol.Riedl menilai penampilan timnya cukup baik. Hanya saja, peluang-peluang yang didapatkan tak bisa dimaksimalkan."Saya rasa inilah hasil yang terbaik dicapai kedua tim, sama-sama kuat bertahan tapi kurang beruntung untuk mencetak gol. Kami sama-sama punya peluang, tapi belum berhasil cetak gol," ujar Riedl usai pertandingan.Pelatih asal Austria ini juga menilai tim yang dipersiapkan ini adalah komposisi terbaiknya."Dengan adanya pembatasan dua pemain tiap klub di liga, membuat sedikit kesulitan dalam meramu."Selanjutnya, timnas akan menjajal Vietnam pada  November mendatang. Untuk laga tersebut, Riedl kemungkinan besar bakal melakukan rotasi pemain.








</isi>
	<link>http://sport.detik.com/sepakbola/liga-indonesia/3338024/imbang-dari-myanmar-riedl-anggap-timnas-hanya-kurang-beruntung
</link>
</artikel>
