<artikel>
	<id>OLA_SB_10_128</id>
	<judul>Tak Bisa Masuk Stadion, Suporter MU Sandera Mobil Bupati Pamekasan</judul>
	<tanggal>21/11/16</tanggal>
	<kata_kunci>suporter Madura united, TSC</kata_kunci>
	<isi> PAMEKASAN, KOMPAS.com- Terjadi insiden saat pertandingan TSC  antara Madura United (MU) melawan Persija Jakarta, Minggu (//). Sejumlah suporter menyandera mobil bupati Pamekasan. Aksi tersebut merupakan ekspresi kekesalan suporter yang tidak bisa masuk ke stadion. Ini lantaran stadion milik Pemkab Pamekasan tersebut sudah penuh. MU menjamu Persija di stadion baru tersebut. Sayang, kapasitas stadion itu tak mampu menampung suporter yang sangat antusias ingin menyaksikan aksi tim kesayangan mereka. Para suporter itu sudah terlanjur membeli tiket pertandingan. Alhasil, ratusan suporter itu menggedor pintu gerbang stadion, bahkan ada yang melemparnya dengan batu. Junaidi, salah satu suporter asal Kecamatan Karangpenang, Kabupaten Sampang bersama dengan puluhan suporter lainnya mengatakan, saat hendak masuk ke dalam sudah dilarang oleh petugas pintu masuk. Padahal dirinya sudah mengantongi tiket resmi. "Kami sempat memaksa untuk masuk ke dalam stadion, tapi ditolak karena stadion sudahoverload," ungkap Junaidi. Sebagai bentuk kekesalan para suporter, setelah pertandingan usai, mereka menyandera mobil Bupati Pamekasan, Achmad Syafii, untuk mempertanggungjawabkan sekaligus mengembalikan uang yang sudah dikeluarkan untuk membeli tiket. "Kami sangat dirugikan, sudah tidak bisa menonton pertandingan, masih tidak dapat ganti rugi. Makanya kami sandera mobil bupati," ujar Junaidi. Tahu mobil dinasnya disandera, Achmad Syafii justru pulang dari stadion menggunakan kendaraan lain dan menyamar seperti penonton lainnya. Cara ini tidak diketahui oleh suporter. Namun setelah tahu Bupati pergi, suporter memilih membubarkan diri dan hendak berdemonstrasi ke rumah dinasnya. Namun upaya itu dicegah oleh polisi. Pada pertandingan sebelumnya saatlaunchingstadion baru, saat Persepam Madura Utama (PMU) menjamu Persebaya Surabaya, ribuan suporter juga tidak bisa masuk ke dalam stadion. Bupati berjanji akan memasang layar lebar di luar stadion. Namun janji itu diingkarinya karena dalam laga MU vs Persija ini layar lebar tersebut tidak terpasang. Duel ini berakhir dengan skor - untuk MU. Gol tunggal tuan rumah dicetak oleh Erick Weeks Lewis pada menit ke-.</isi>
	<link>http://bola.kompas.com/read/2016/11/21/16275478/tak.bisa.masuk.stadion.suporter.mu.sandera.mobil.bupati.pamekasan
</link>
</artikel>
