<artikel>
	<id>OLA_SB_10_079</id>
	<judul>Persib Bandung Kembali Gunakan Si Jalak Harupat</judul>
	<tanggal>08/11/16</tanggal>
	<kata_kunci>persib bandung, TSC, persipura, Stadion si jalak harupat</kata_kunci>
	<isi>  BANDUNG, KOMPAS.com -Persib Bandungakan kembali menggunakan Stadion Si Jalak Harupat, Kabupaten Bandung untuk mengarungi TSC . Si Jalak Harupat akan mulai digunakan saat Maung Bandung menjamu Persipura pada Sabtu (//) mendatang. General CoordinatorPanpel Persib, Budhi Bram Rachman, menuturkan, pihaknya telah mendapat sinyal positif dari Pemkab Bandung dan Polres Bandung. Saat ini, Panpel Persib tengah mengurus proses izin pertandingan. "Alhamdulillah, ada sinyal positif. Persib kembali ke Stadion Si Jalak Harupat. Panpel mengucapkan terima kasih kepada pemerintah Kabupaten Bandung dan Polres Bandung. Semoga ke depannya juga Persib tetap bisa main di Jalak Harupat," ujar Bram seperti dikutip situs resmi klub, Senin (//). Kendati begitu, Bram menjelaskan Panpel Persib tetap mempersiapkanvenuealternatif jika terdapat kendala dalam pengajuan perizinan. "Kami juga tetap ada rencana untuk menggunakan Stadion Pakansari dan Wibawa Mukti untuk pertandingan Persib berikutnya," kata Bram. Selama beberapa pertandingan, Persib terpaksa harus mencarivenuealternatif lantaran beberapa stadion di wilayah Bandung tengah dipakai untuk kepentingan perhelatan PON dan Peparnas . Menurut Bram, kondisi tersebut justru memberi keuntungan bagi manajemen serta suporter lantaran bisa memberi kesempatanbobotohluar Bandung menyaksikan tiap laga Persib. "Dengan adanya keliling stadion seperti ini,bobotohdi luar Bandung tidak perlu bersusah payah datang ke Bandung," tuturnya.</isi>
	<link>http://bola.kompas.com/read/2016/11/08/08580028/persib.bandung.kembali.gunakan.si.jalak.harupat.
</link>
</artikel>
