<artikel>
	<id>OLA_SB_10_661</id>
	<judul>Gagal Masuk 8 Besar ISC B, Skuat Persik Kediri Dibubarkan</judul>
	<tanggal>15/11/16</tanggal>
	<kata_kunci>isc, persik kediri bubar</kata_kunci>
	<isi>




 - Setelah gagal menembus babak  besar ISC B , skuat Persik Kediri membubarkan diri. Pembubaran disaksikan Walikota Kediri, Abdullah Abu Bakar, sponsor dan manajemen."Mulai hari ini, para pemain sudah dalam status " kata Manager Persik Kediri, Anang Kurniawan, dalam sambutannya pada acara yang digelar di ruang Kilisuci, Kantor Pemerintah Kota Kediri, Selasa (//)Kini para pemain dibebaskan memilih klub lain, dengan pengecualian  pemain muda asli binaan persik kediri, yang masih berpotensi untuk kembali dipanggil dalam skuat musim depan . Walikota Kediri berharap ada evaluasi secara menyuluruh, baik skuat maupun manajemen untuk menyambut musim depan. Mas Abu mengapresiasi kinerja manajemen yang dianggapnya mengusung semangat positif dalam membangunkan kembali klub berjuluk 'Macan Putih' itu dari tidur panjangnya."Di tahun ini kita lambat untuk menyusun pemain sehingga kurang maksimal. Ini akan kita perbaiki dengan lebih mengandalkan pemain muda asli Kediri" kata Walikota Kediri, Abdullah Abu Bakar."Sipapun itu, manajemen harus dia yang memiliki  bola, harus ada  bola karena kalau nggak akan susah," lanjut Mas Abu menyoal komposisi manajemen klub di musim depan. Manager Persik Kediri, Anang Kurniawan, berharap terbentuknya kepengurusan baru di PSSI memberi pengaruh ke Persik terutama dalam hal pembibitan pemain muda di daerah. Anang juga menyoroti besarnya perbedaan subsidi yang diterima tim-tim ISC A dan ISC B. Jika tim di ISC A mendapatkan Rp  milyar, maka klub ISC B hanya mengantongi Rp - juta."Justru tim tim di Divisi Utama inilah yang kesulitan menggaet sponsor. Kita tak ada fasilitas (siaran langsung) tv dan lain lain," curhat Anang.
						







</isi>
	<link>http://sport.detik.com/sepakbola/liga-indonesia/3346161/gagal-masuk-8-besar-isc-b-skuat-persik-kediri-dibubarkan
</link>
</artikel>
