<artikel>
	<id>OLA_SB_10_764</id>
	<judul>Tersingkir, Persik Kediri Langsung Bubar</judul>
	<tanggal>15/11/16</tanggal>
	<kata_kunci>persik kediri bubar, isc</kata_kunci>
	<isi> KEDIRI - Gagal melangkah ke babak delapan besar Indonesia Soccer Championship (ISC) B , Persik Kediri langsung membubarkan tim. Skuat Macan Putih secara resmi sudah tidak memiliki aktivitas, karena tidak ada lagi ikatan kerja sama atau kontrak antara pemain dengan klub.Belum ada kepastian kapan Macan Putih akan kembali mengunpulkan kekuatan. "Jika nanti ada kompetisi atau turnamen, Persik Kediri mungkin akan dilibatkan. Sekarang tim dibubarkan sehingga tak ada tanggungan kontrak dengan pemain," kata Media Officer Persik Hendra Setyawan.Persik menduduki peringkat  Grup C babak  besar ISC B , dengan hanya meraup  poin dari enam laga. Martapura FC lolos setelah memuncaki klasemen dengan  angka, setara dengan raihan Perserang Serang di peringkat . (Baca juga: Petik Pelajaran dari Tim Jawa Timur: Pengalaman Bukan Jaminan!).Penampilan Persik di babak  besar berbanding terbalik dengan di babak penyisihan. Macan Putih tidak tersentuh kekalahan dalam  laga penyisihan sebelum tampil di babak  besar. Optimisme sempat menyeruak, namun fakta akhirnya berkata beda. Pasukan Kas Hartadi tersingkir di babak  besar. Kondisi sebaliknya dirasakan klub tetangga Persik, Persekap Kota Pasuruan yang menggenggam tiket delapan besar sebagai runner-up Grup D di bawah PSPS Pekanbaru. Persekap yang dikawal pelatih Aris Budi Prasetyo berupaya lebih meyakinkan lagi di fase berikutnya."Kami sudah berjuang keras dan akhirnya lolos ke babak delapan besar. Hasil ini kami syukuri, tetapi masih ada pekerjaan berat untuk tahap berikutnya. Lawan di babak delapan besar tentu sangat berat dan saya ingin pemain bekerja lebih keras lagi," ucap Aris Budi.Walau timnya miskin pengalaman dibanding beberapa tim lain, dirinya berharap Persekap bisa membuat kejutan dan tidak hanya terhenti di babak delapan besar. "Impian kami adalah menyelesaikan babak delapan besar dengan hasil bagus," katanya. (sha) dibaca .x </isi>
	<link>http://soccer.sindonews.com/read/1155515/58/tersingkir-persik-kediri-langsung-bubar-1479201396
</link>
</artikel>
