<artikel>
	<id>OLA_SB_10_088</id>
	<judul>Stadion Surajaya Hampir Beres, Pengembaraan Persela Akan Usai</judul>
	<tanggal>06/11/16</tanggal>
	<kata_kunci>persela, stadion surajaya, TSC 2016</kata_kunci>
	<isi> LAMONGAN, KOMPAS.com  Pengembaraan Persela Lamongan akan segera usai. Skuad Persela bakal segera kembali bermarkas di Stadion Surajaya, Lamongan, untuk melakoni sisa TSC . Sebelumnya, Persela harus melakoni laga kandang di luar Lamongan. Ini karena adanya perbaikan lintasan atletik Stadion Surajaya, yang kini sudah dalam tahap penyelesaian akhir. Besar kemungkinan, tim berjulukan Laskar Joko Tingkir ini kembali menggunakan Stadion Surajaya saat menjamu Sriwijaya FC pada pekan ke- TSC, Jumat (//).  Stadion Surajaya sudah siap digunakan untuk pertandingan lanjutan TSC . Proses pengecoran lintasan sudah selesai  persen. Tinggal pemasangan karet lintasan saja, yang bakal dilakukan pada tahun depan. Material bekas bangunan, juga sudah dibersihkan,  kata Kepala Unit Pelaksana Teknis (UPT) Stadion Surajaya, Hadi Cahyo Utomo, seperti dilansir di halaman resmi klub. Sebelumnya, Persela harus menjadi tim musafir dalam lanjutan TSC , tatkala Stadion Surajaya dalam masa perbaikan di bagian lintasan atletik. Dua stadion menjadi rujukan yakni, Stadion Gajayana di Malang dan Stadion Gelora Delta Sidoarjo. Satu pertandingan saat menjamu Semen Padang pada pekan ke-, Sabtu (//), dilaksanakan di Stadion Gajayana. Sedangkan kala menjamu Bali United pada pekan ke-, Kamis (//) dan PS TNI pada pekan ke-, Minggu (//), di Stadion Gelora Delta. Kabar bakal kembalinya Dendy Sulistyawan dan kawan-kawan berlaga di Stadion Surajaya, disambut gembira jajaran panitia pelaksana (panpel) pertandingan Persela. Jajaran panpel pun bersiap melakukan pencabutan perizinan peminjaman Stadion Gelora Delta yang sudah diajukan jauh-jauh hari untuk laga kontra Sriwijaya FC.  Kami sudah berkoordinasi dengan pihak pengelola Stadion Gelora Delta Sidoarjo. Tinggal menunggu surat resmi pencabutan pengajuan peminjaman stadion. Selanjutnya, kami akan memproses pengajuan izin pertandingan Persela menjamu Sriwijaya FC ke Polres Lamongan,  ujar sekretaris tim Persela, Muji Santoso. Namun sebelum menjamu Sriwijaya FC di Stadion Surajaya, skuad Persela lebih dulu akan menjalani laga away menghadapi tuan rumah Arema Cronus, pada pekan ke-, Minggu (//) malam WIB.</isi>
	<link>http://bola.kompas.com/read/2016/11/06/10040098/stadion.surajaya.hampir.beres.pengembaraan.persela.akan.usai
</link>
</artikel>
