<artikel>
	<id>OLA_SB_10_026</id>
	<judul>Kado Indah untuk Ulang Tahun Pelatih Persiba</judul>
	<tanggal>30/10/16</tanggal>
	<kata_kunci>persiba, persegres gresik united, TSC, menang</kata_kunci>
	<isi> GRESIK, KOMPAS.com Pelatih Persiba Balikpapan Jaino Matos, berhasil membuktikan ucapan yang dilontarkannya menjelang pertandingan kontra Persegres Gresik United di Stadion Petrokimia, Gresik, Sabtu (//) malam WIB. Sebelum pertandingan, ia sempat mengatakan, Persiba tidak cuma ingin mencuri poin, tetapi juga menargetkan kemenangan. Ucapan itu menjadi kenyataan ketika tim asuhan Jaino menang - di hadapan pendukungnya sendiri. Terima kasih kepada seluruh pemain, yang telah bekerja keras dalam mendapatkan kemenangan ini. Sebab mereka sudah bertekad, memberi kado indah bagi ulang tahun saya yang jatuh pada tanggal  Oktober kemarin,  ucap Jaino, dalam sesi jumpa pers selepas pertandingan.  Ini bukan pertandingan mudah karena sebelumnya, beberapa tim besar pernah kalah di sini. Mulai dari Sriwijaya FC, Persib (Bandung), hingga Arema (Cronus). Jadi kemenangan ini pantas kami syukuri,  kata dia. Dalam pertandingan tersebut, Persiba unggul melalui gol yang diciptakan Hanif Abdurrauf Sjahbandi pada menit ke- dan Maycon Calijuri menit ke-. Sementara tuan rumah Persegres, hanya mampu membalas melalui eksekusi penalti Agus Indra Kurniawan di menit ke-. Kejelian Jaino dalam mengubah strategi juga berperan dalam kemenangan ini. Salah satunya, dia memasukkan Maycon di menit ke- saat kedudukan masih imbang -, yang berhasil mengubah pola permainan Persiba menjadi lebih berkembang.  Itu memang menjadi salah satu dari bagian strategi yang sengaja saya persiapkan lawan Persegres. Saya juga memasukkan Ledi di akhir babak kedua, karena kami butuh menjaga keunggulan tim yang sudah didapat,  ujar Jaino. Meski tim asuhannya mampu memetik kemenangan dalam pertandingan ini, Jaino merasa masih kurang puas dengan kepemimpinan wasit Wendy Umar Senoaji.  Biasanya, pelatih mengomentari kepemimpinan wasit saat timnya kalah. Kali ini, meski tim saya menang, saya tetap ingin komentari kepemimpinan wasit. Sebab saya melihat banyak keputusan wasit yang tidak sesuai dengan kejadian di lapangan,  tutur Jaino. Ia berharap ada koreksi dari semua pihak akan kepemimpinan wasit yang bertugas di TSC . </isi>
	<link>http://bola.kompas.com/read/2016/10/30/17301668/kado.indah.untuk.ulang.tahun.pelatih.persiba
</link>
</artikel>
