<artikel>
	<id>OLA_SB_10_059</id>
	<judul>Kalah dari Sriwijaya FC, Pelatih Persija Bakal Lakukan Evaluasi</judul>
	<tanggal>24/10/16</tanggal>
	<kata_kunci>Sriwijaya FC, Persija Jakarta, TSC 2016, menang, TA Musafri, Supardi</kata_kunci>
	<isi>  PALEMBANG, KOMPAS.com - Sriwijaya FC kembali berjaya di kandang. Kali ini, korbannya di Stadion Gelora Sriwijaya adalah Persija Jakarta. Pada lanjutan TSC , Sriwijaya selaku tuan rumah menang -, Minggu (//). Dua gol kemenangan tuan rumah dicetak oleh Supardi (') dan TA Musafri ('). Persija sempat unggul terlebih dahulu melalui gol Paco Kenmogne pada menit ke-.    Hasil ini membuat Laskar Wong Kito - julukan Sriwijaya FC - naik dua peringkat dari posisi kelima jadi peringkat ketiga dengan  merangkum poin. Persija tertahan di posisi ke- klasemen sementara. Seusai pertandingan, pelatih kepala Sriwijaya FC, Widodo Cahyono Putro, berterima kasih kepala pemain,ofisial dan suporter. "(Kemenangan) Ini hasil kerja keras tim. Ditambah lagi, Sriwijaya FC berulang tahun ke-. Sangat luar biasa untuk kami," katanya.   Widodo juga sempat mengomentari kepemimpinan wasit. Menurut dia, wasit M Thorik memimpin dengan baik meski ada - keputusan yang mesti dimaklumi. "Bukan karena Sriwijaya FC memenangi laga. tetapi sepak bola Indonesia butuh wasit yang seperti ini," tuturnya. Sementara itu, Musafri enggan menyebut dirinya pahlawan. Dia menilai kemenangan ini berkat kerja keras tim. "Saya tidak berpikir seperti itu. Saya hanya bekerja keras untuk Sriwijaya FC dan akhirnya menang," ujarnya. Dari kubu Persija, pelatih M Al Haddad menilai timnya tampil baik pada babak pertama. Namun, segalanya berubah bagi Persija sejak pertengahan babak kedua.  "Pada babak kedua, kami kalah dan pemain tidak fokus lagi dengan serangan tim," ujar dia. Mamak, panggilan akrabnya, juga mengakui bahwa pada babak kedua Sriwijaya banyak melakukan serangan hingga akhirnya, gawang Persija kebobolan dua gol. "Selamat buat Sriwijaya FC. Kami akan evaluasi lagi dan jangan sampai kami masuk zona degradasi," tuturnya.</isi>
	<link>http://bola.kompas.com/read/2016/10/24/06380018/kalah.dari.sriwijaya.fc.pelatih.persija.bakal.lakukan.evaluasi.
</link>
</artikel>
