<artikel>
	<id>OLA_SB_10_793</id>
	<judul>Preview Persegres v BFC : Tak Mau Terluka Lebih Dalam</judul>
	<tanggal>12/11/16</tanggal>
	<kata_kunci>persegres, bfc</kata_kunci>
	<isi> GRESIK - Sudah melakoni tiga pertandingan dengan kekalahan, Persegres Gresik United tidak mau terluka lebih dalam. Pertandingan kontra Bhayangkara FC (BFC) di Stadion Petrokimia, Sabtu (//) dijadikan momentum untuk menyembuhkan luka.Kendati lawan yang dihadapi secara kekuatan jauh lebih menjanjikan, tampaknya Persegres tak mau peduli. Pelatih Eduard Tjong tidak merisaukan lawannya, namun lebih pilih memotivasi pasukannya agar bisa membalikkan situasi di laga nanti.Tanpa striker Patrick Da Silva, menurutnya bukan halangan untuk meraih kemenangan di depan publik sendiri. Meskipun bakal bertarung dengan mental buruk karena tiga kali kalah beruntun, Laskar Jaka Samudera mati-matian mengais konfidensi."Saya akui Bhayangkara FC tim bagus dan punya pemain berkualitas. Walau tanpa Evan Dimas, mereka tetap tim yang solid. Tapi kami tidak akan terus menghitung kekuatan lawan, karena bagaimana cara kami bermain itu yang terpenting," ucap Edu.Soal konfidensi, dengan jujur diakuinya sulit untuk mendongkrak itu ketika tim menelan rentetan kekalahan di ISC . Namun dirinya yakin kemauan tim untuk bangkit akan memberikan motivasi dan konfidensi untuk mengakhiri paceklik kemenangan."Saya terus memberikan dorongan agar kepercayaan diri pemain tumbuh lagi. Saya melihat tim juga tidak nyaman dengan kekalahan dan ingin mengakhirinya. Mudah-mudahan situasi itu bisa memberikan dampak positif di pertandingan nanti," lanjutnya.Dengan menerapkan pola ---, Edu kemungkinan akan memasang Gustavo Giron sebagai target man. Dia akan disokong tiga gelandang lincah, yakni M Kamri, Yusuf Efendi dan Ghozali Siregar. Inkyun Oh juga bisa menjadi opsi guna menambah kreativitas.Tapi Edu tampaknya juga harus melihat bagaimana lini belakang timnya sangat rapuh. Menelan delapan gol dalam tiga pertandingan bukan sebuah angka yang menggembirakan, apalagi mereka akan berhadapan dengan tim profuktif macam BFC.BFC sendiri datang dengan konfidensi meyakinkan setelah pekan lalu menggilas Mitra Kukar -. Tentu hasil itu sangat berpengaruh bagi mental Otavio Dutra dkk yang sebelumnya sempat seret karena tanpa sosok Evan Dimas yang bergabung Timnas.Ibnu Grahan, Pelatih BFC, berharap timnya meneruskan langkah positif di Stadion Petrokimia nanti. Terlebih pada putaran pertama lalu tim berjuluk The Great Alligator sukses mengalahkan Persegres ketika masih ditangani pelatih Listiadi."Kami jelas yakin bisa memenangkan pertandingan lawan Persegres. Target kami memang memenangkan semua laga sisa ISC. Kondisi tim sangat bagus, baik mental maupun teknis, dan saya berharap itu akan memberikan efek positif dalam pertandingan," tutur Ibnu Grahan.Masih tanpa Evan Dimas, menurutnya tim tidak ada masalah karena pekan lalu mampu menang besar dan kinerja tim berjalan optimal. Semua lini menunjukkan progres menggembirakan dan dia berharap itu bisa dipertahankan di Stadion Petrokimia.dibaca .x </isi>
	<link>http://soccer.sindonews.com/read/1154599/58/preview-persegres-v-bfc-tak-mau-terluka-lebih-dalam-1478851793
</link>
</artikel>
