<artikel>
	<id>OLA_SB_10_177</id>
	<judul>Persipura Taklukkan Arema Dua Gol Tanpa Balas</judul>
	<tanggal>24/10/16</tanggal>
	<kata_kunci>persipura lawan arema</kata_kunci>
	<isi>




 - Persipura Jayapura menuai hasil positif saat menjamu Arema Cronus di lanjutan Torabika Soccer Championship. Tim 'Mutiara Hitam' menaklukkan 'Singo Edan' -.Saat melakoni pertandingan di Stadion Mandala Jayapura, Senin (//) siang WIB, Persipura dan Arema bermain sama kuat di paruh pertama laga. Skor laga itu sementara masih -.Di menit-menit awal pertandingan, sudah ada satu pemain Persipura, Nelson Alom, yang mendapatkan ganjaran kartu kuning. Dia mengganjal keras Esteban Vizcarra.Persipua melepaskam tiga percobaan di babak pertama, Ferinando Pahabol dan Ruben Sanadi merupakan dua di antaranya.Satu pemain Arema, Ryuji Utomo mendapatkan kartu kuning di menit  karena mengganjal Imanuel Wanggai.Di babak kedua, kiper Arema, Achmad Kurniawan melakukan penyelamatan di menit . Dia menahan bola tendangan Osvaldo Ardiles dari jarak dekat.Tiga menit berselang, Persipura bisa memecah kebuntuan. Osvaldo Ardiles yang mencatatkan namanya di papan skor. Gol itu berawal dari sepak pojok. Yohanis Tjoe yang berada di tiang jauh, menyundul bola ke muka gawang Arema, Osvaldo mampu menyundul bola masuk ke gawang. Persipura unggul -.Lukas Mandowen melakukan tendangan jarak jauh melengkung dari luar kotak penalti di menit , usai melihat Achmad Kurniawan sedikit maju ke depan. Sial bagi Persipura, sepakan Mandowen masih melambung.Pahabol mencetak gol di menit . Tapi, gol itu tak disahkan wasit. Dia melakukan  lebih dulu saat mengontrol bola sebelum menceploskan bola ke dalam gawang.Arema bisa melakukan serangan cepat di menit . Ada dua pemain, Cristian Gonzales dan Vizcarra, di kotak penalti. Tapi, Arif Suyono di sisi sayap kanan malah memilih mengirim bola mengarah ke gawang. Hasilnya, bolanya masih melayang.Mandowen mendapatkan peluang emas di menit . Dia tinggal berhadapan dengan Achmad Kurniawan, tapi bola sepakannya bisa ditepis oleh eks kiper Persita Tangerang itu.Persipura kian tak terkejar usai Ricardo Silva membobol gawang Achmad Kurniawan di menit . Pemain nomor punggung  itu melepaskan sepakan meneruskan umpan Edward Wilson Junior. Semenit berselang, Sanadi mengancam dengan tendangan keras dari dalam kotak penalti. Tapi kali ini, percobaan itu masih bisa diselamatkan Achmad Kurniawan.Hingga pertandingan selesai, tak ada lagi gol tambahan. Persipura menang - atas Arema.Dengan kemenangan ini, Persipura mengeser Arema dari posisi dua klasemen. Persipura mengumpulkan  poin, sama dengan Arema, tapi unggul selisih gol.








</isi>
	<link>http://sport.detik.com/sepakbola/liga-indonesia/3328063/persipura-taklukkan-arema-dua-gol-tanpa-balas
</link>
</artikel>
