<artikel>
	<id>OLA_SB_10_065</id>
	<judul>Perbanyak Uji Coba, Persebaya Berencana Lawan Vasco da Gama</judul>
	<tanggal>24/10/16</tanggal>
	<kata_kunci>persebaya surabaya, Vasco da Gama, uji coba, Aries Alfiansyah</kata_kunci>
	<isi> SURABAYA, KOMPAS.com- Persebaya Surabaya tidak main-main menyambut kompetisi musim depan. Pada November mendatang, tim kebanggaan kota Surabaya ini sudah disibukkan dengan tiga agenda uji coba. Satu di antaranya melawan tim papan atas Liga Brasil, Vasco da Gama. Persebaya terus memastikan mesin mereka panas jelang musim baru. Empat kali uji coba sudah di jalani Mat Halil Cs. Mereka dua kali melawan tim internal dan dua laga lagi melawan tim profesional, Mojokerto Putra (/) dan Matador FC (/). Pada November, manajemen klub membidik uji coba dengan Vasco da Gama yang melakukan tur Asia Tenggara. Selain itu, Persebaya juga melakukan latih tanding dengan Persikama Magelang dan Persikabo Bogor. Penyerang Persebaya, Aries Alfiansyah, mengatakan bahwa ia dan rekan-rekan sangat membutuhkan laga uji coba dengan tim profesional. Menurutnya, para pemain akan semakin teruji dengan semakin sering bertanding. "Saya kira banyak uji coba dengan tim profesional akan semakin baik bagi kami, apalagi tim ini sebagian besar dihuni pemain muda. jadi akan berpengaruh pada mental," Ujar Sinchan, julukan sang pemain. Manajer Persebaya, Chusnul Farid mengungkapkan bahwa, jika tak ada halangan, uji coba dengan Vasco da Gama kemungkinan bakal digelar antara  dan  November. "Ya,InsyaAllah kalau tidak ada halangan, Persebaya akan uji coba dengan Vasco da Gama. Mereka sedang melakukan tur Asia Tenggara" jelas Farid. </isi>
	<link>http://bola.kompas.com/read/2016/10/24/04022532/Perbanyak.Uji.Coba.Persebaya.Berencana.Lawan.Vasco.da.Gama
</link>
</artikel>
