<artikel>
	<id>OLA_SB_10_125</id>
	<judul>Lilipaly: Indonesia Dua, Filipina Nol</judul>
	<tanggal>22/11/16</tanggal>
	<kata_kunci>Indonesia lawan filipina, piala aff</kata_kunci>
	<isi> Laporan langsung Anju Christian dari Manila, Filipina MANILA, KOMPAS.com- Gelandang tim nasional (timnas) Indonesia, Stefano Lilipaly, optimistis bisa memenangi partai kontra Filipina pada lanjutan Grup B di Philippine Sports Stadium, Selasa (//). Pertandingan nanti harus dimenangi oleh pasukan Alfred Riedl. Mereka berada dalam posisi sulit setelah kalah - dari Thailand pada partai pertama, Sabtu (//). Kini, Indonesia terbenam di dasar klasemen dengan koleksi nol poin dari satu laga. Di atasnya, ada Filipina dan Singapura bermodalkan satu poin. "Ya, kami memang memiliki beban harus menang. Namun, saya meyakini mampu melakukannya," tutur Lilipaly di Novotel Araneta Center, Selasa (//). "Indonesia akan mencetak dua gol, sedangkan Filipina nol," kata dia memprediksi skor akhir. Untuk merealisasikan target tersebut, Lilipaly menilai, rekan-rekan setimnya harus mewaspadai keunggulan fisik Filipina. Sebab, tim asuhan Thomas Dooley berisikan beberapa pemain keturunan Eropa. "Filipina memiliki kekuatan fisik, sedangkan kami mempunyai kecepatan. Tinggal bagaimana masing-masing tim memanfaatkannya," tutur Lilipaly. Untuk pertandingan kali ini, Lilipaly bisa saja berduet denganEvan Dimasdi lini tengah. Evan sudah pulih total setelah sempat mengalami tifus. Karena kondisi Evan, Lilipaly berduet dengan Bayu Pradana pada laga kontra Thailand.</isi>
	<link>http://bola.kompas.com/read/2016/11/22/13455598/lilipaly.indonesia.dua.filipina.nol
</link>
</artikel>
