<artikel>
	<id>OLA_SB_10_691</id>
	<judul>Gasak Persela, Arema Ambil Alih Pimpinan Klasemen</judul>
	<tanggal>06/11/16</tanggal>
	<kata_kunci>arema, persela, isc</kata_kunci>
	<isi> MALANG - Arema Cronus memanfaatkan benar laga kandang pekan ke- Indonesia Soccer Championship (ISC) A , Minggu (//). Menjamu Persela Lamongan di Stadion Kanjuruhan, Pasukan Milomir Seslija menghancurkan tamunya tiga gol tanpa balas.Striker veteran Cristian Gonzales membuka kemenangan Arema pada menit ke-. Memanfaatkan umpan matang Nick Kalmar dari sisi kanan Singo Edan, Gonzales menyambar dengan kepalanya yang tak mampu dihalau kiper Dwi Kuswanto. Kedudukan - bertahan hingga jeda.Singo Edan kembali menekan di babak kedua. Hamka Hamzah menggandakan keunggulan lewat sundulan menyambut sepak pojok Raphael Maitimo pada menit ke-. Esteban Gabriel Vizcarra memastikan kemenangan Singo Edan lewat gol di menit ke- memanfaatkan blunder pemain belakang Persela.Tambahan tiga poin membuat Arema kembali menguasai klasemen ISC A . Arema meraup  poin setara dengan Madura United yang menduduki posisi runner-up karena kalah head-to-head. Bermain di kandang Madura United, Arema memetik satu angka setelah imbang -. Sementara di kandnag Singo Edan, Madura United kalah -.Kemenangan atas Persela menjadi langkah positif bagi Singo Edan yang menargetkan  poin di delapan laga sisa, atau sapu bersih. Meski demikian, Pelatih Milomir Seslija tak ingin meremehkan tim lawan. “Semua masih bisa terjadi, yang jelas kami tidak akan meremehkan tim lain,” kata Milo seperti dilansir laman resmi tim. (sha) dibaca .x </isi>
	<link>http://soccer.sindonews.com/read/1153234/58/gasak-persela-arema-ambil-alih-pimpinan-klasemen-1478445955
</link>
</artikel>
