<artikel>
	<id>OLA_SB_10_722</id>
	<judul>Penyakit Kambuh, Ibnu Grahan Sebut BFC Kurang Bertenaga Saat Dijegal PSM</judul>
	<tanggal>21/11/16</tanggal>
	<kata_kunci>bhayangkara lawan psm, isc</kata_kunci>
	<isi> SIDOARJO - Penyakit mudah terjegal di kandang yang pernah menjangkiti Bhayangkara FC (BFC) kambuh. BFC takluk - saat menjamu PSM Makassar dalam lanjutan Indonesia Soccer Championship (ISC) A  di Stadion Gelora Delta, Senin (//).Gol semata wayang Rizky Pellu menyudahi perlawanan BFC yang tidak begitu impresif dalam bermain. Absennya Thiago Furtuoso dan Evan Dimas membuat The Great Alligator kehilangan visi sekaligus ketajaman sepanjang pertandingan. (Baca juga: PSM Makassar Persulit Langkah Bhayangkara FC ke Tangga Juara ISC A ).Pelatih Ibnu Grahan seusai laga mengatakan timnya kurang bertenaga dan tidak memiliki sentuhan seperti biasanya. "Jujur saja performa drop dan saya ucapkan selamat kepada PSM Makassar. Kami tidak bermain seperti biasanya petang ini," kata Ibnu.Absennya Thiago Furtuoso serta kurang bugarnya kondisi beberapa pemain disebutnya juga memengaruhi penampilan timnya. Kendati begitu Ibnu tidak mau menyalahkan pemainnya dengan kekalahan di depan publik sendiri."Bagaimana pun kami kurang maksimal dan kurang beruntung juga. Tim sudah memberikan kemampuan maksimal, tapi memang banyak faktor yang kurang mendukung. Semoga di pertandingan selanjutnya kami bisa lebih bagus lagi," beber dia.Selain tak bisa memainkan Thiago Furtuoso yang ceder, Fandi Eko Utomo juga terpaksa tak tercantum di line-up karena sakit jelang pertandingan. Wahyu Subo Seto dan Rudi Widodo pun disebut Ibnu tidak begitu fit untuk pertandingan, tapi tetap dipaksakan.BFC sebenarnya sudah berupaya bermain ofensif sejak awal pertandingan, namun tim milik Polri ini hanya sekadar memberikan tekanan. Lini depan yang diperkuat Rudi Widodo, Wahyu Subo Seto, serta Ilham Udin, tidak benar-benar mematikan.Lini tengah BFC juga kehilangan visi dan kalah kreativitas dengan PSM Makassar yang dikomando Willem Jan Pluim. Gelandang asal Belanda itu nyaris tidak ada pesaing di lini tengah dan umpan-umpannya sangat membahayakan, termasuk assist-nya pada Rizky Pellu."Tim tidak boleh drop dan terlalu kecewa dengan kekalahan ini. Tentu akan ada beberapa hal yang dievaluasi dan harapan saya di enam pertandingan ke depan BFC bisa meraup poin lebih banyak lagi, baik kandang maupun tandang," harap Ibnu. (sha) dibaca .x </isi>
	<link>http://soccer.sindonews.com/read/1157135/58/penyakit-kambuh-ibnu-grahan-sebut-bfc-kurang-bertenaga-saat-dijegal-psm-1479734239
</link>
</artikel>
