<artikel>
	<id>OLA_SB_10_642</id>
	<judul>Riedl: Thailand Favorit Juara Piala AFF 2016</judul>
	<tanggal>18/11/16</tanggal>
	<kata_kunci>piala aff, thailand</kata_kunci>
	<isi>




 - Timnas Indonesia akan mengawali petualangan di Piala AFF  melawan Thailand. Pelatih tim 'Merah Putih', Alfred Riedl, memberi sanjungan untuk calon lawan. Pertandingan Indonesia melawan tim 'Negeri Gajah Putih' akan berlangsung di Philippine Sports Stadium, Sabtu (//) sore WIB. Skuat 'Garuda' akan langsung berhadapan dengan tim juara bertahan.Menatap laga itu, Indonesia mempunyai modal yang kurang oke selama menjalani persiapan ujicoba. Dalam empat pertandingan terakhir, mereka cuma menang sekali. Sementara tiga lainnya berakhir dengan dua kali hasil imbang dan sekali kekalahan.Di sisi lain, Thailand baru saja menahan tim kuat Australia di pertandingan kualifikasi Piala Dunia . Tim besutan Kiatisuk Senamuang itu unggul - hingga menit  lewat sepasang gol Teerasil Dangda. Mereka gagal mempertahankan keunggulan setelah Mile Jedinak menyamakan kedudukan lewat eksekusi penalti. Sebelumnya, Jedinak juga mencetak gol ke gawang  Thailand lewat titik putih di menit sembilan.Kekuatan Thailand itu diakui oleh Riedl. Dia pun menyebut bahwa mereka merupakan unggulan di turnamen kali ini."Thailand adalah tim favorit di turnamen ini. Tapi, apapun bisa terjadi di lapangan. Kami harus melihat hasilnya besok," ujar Riedl di sesi jumpa pers sebelum pertandingan di Marco Polo Hotel, Manila, Jumat (//).Dengan persiapan yang mepet, Riedl memberikan jawaban realistis mengenai target Indonesia. Seperti diketahui, timnas Indonesia juga hanya boleh memanggil dua pemain dari setiap klub yang berlaga di kompetisi Torabika Soccer Championship.Riedl tak leluasa memilih pemain, sebagai contoh adalah pemilihan pengganti Irfan Bachdim yang mengalami cedera. Persipura Jayapura menolak untuk melepas Ferinando Pahabol, hingga diganti dengan pemain PSM Makassar, Muchlis Hadi Ning Syaifulloh, yang baru akan bergabung dengan tim Sabtu pagi."Target kami adalah berusaha tidak meraih kekalahan (dalam turnamen)," kata Riedl."Saya tidak pesimistis hanya bersikap realistis memandang kekuatan lainnya. Tapi, pemain kami saat ini punya motivasi besar dan tidak ada yang mengeluh saat berlatih. Bagus untuk di masa mendatang," tambah pelatih asal Austria itu.Indonesia boleh dibilang berada di grup berat di Piala AFF . Selain Thailand, di Grup A ada tuan rumah, Filipina, dan Singapura.Di pertemuan terakhir dengan  di Piala AFF edisi sebelumnya, Indonesia kalah telak dengan skor akhir -.Sementara saat melawan Singapura, Indonesia berhasil memenangi pertandingan terakhir dengan skor akhir -. Laga itu berlangsung pada  November  silam.Kemenangan itu menjadi satu-satunya hasil positif Indonesia saat melawan Singapura dalam lima pertandingan terakhir. Tiga laga lainnya berakhir dengan kekalahan dan sekali hasil imbang.








</isi>
	<link>http://sport.detik.com/sepakbola/liga-indonesia/3349072/riedl-thailand-favorit-juara-piala-aff-2016
</link>
</artikel>
