<artikel>
	<id>OLA_SB_10_024</id>
	<judul>Kalah Dari Persipura, Sriwijaya Masih Incar Tiga Besar</judul>
	<tanggal>30/10/16</tanggal>
	<kata_kunci>Sriwijaya FC, pelatih, TSC</kata_kunci>
	<isi> PALEMBANG,KOMPAS.com- Pelatih Sriwijaya FC, Widodo Cahyono Putro, mengaku masih membidik posisi tiga besar TSC, meski timnya kalah - dari Persipura Jayapura di Stadion Mandala Jayapura, Minggu (//). Akibat kekalahan ini, Sriwijaya tertahan di posisi kelima dengan  poin. Mereka tertinggal enam angka dari Persipura selaku penghuni posisi kedua. "Target kami ke depan bisa bersaing di posisi tiga besar, termasuk juara," tutur Widodo setelah pertandingan. Bukan tanpa dasar Widodo mengatakan demikian. Sriwijaya dianggap mampu mengimbangi permainan tim tuan rumah, terutama pada paruh pertama. "Babak pertama kami main bagus. Bahkan bisa mencatatkan penguasaan bola  persen dan mengimbangi permainan tuan rumah," kata Widodo. Memasuki babak kedua, Supardi dan kawan-kawan kehilangan konsentrasi. Hingga akhirnya, gol Edward Wilson Junior bersarang di gawang Teja Paku alam. "Saya mengapresiasi kemenangan Persipura. karena mereka layak menang meski kami juga jauh lebih baik daripada Persipura. Jangan ada kecurangan lagi seperti kami saat bertandang ke PSM Makassar. Bajak kejanggalan keputusan wasit. Selamat buat Persipura," ujar Widodo. Ucapan Widodo terkait penampilan timnya turut diamini pelatih Persipura, Angel Alfredo Vera.  "Walaupun kita menang, Sriwijaya sudah tampil maksimal," kata Angel Alfredo Vera.</isi>
	<link>http://bola.kompas.com/read/2016/10/30/18034098/kalah.dari.persipura.sriwijaya.masih.incar.tiga.besar
</link>
</artikel>
