<artikel>
	<id>OLA_SB_10_044</id>
	<judul>Aji Santoso Tak Bisa Dampingi Persela Saat Menjamu PS TNI</judul>
	<tanggal>28/10/16</tanggal>
	<kata_kunci>Aji Santoso, PS TNI, komisi disiplin, Wendy, Perseru</kata_kunci>
	<isi> LAMONGAN, KOMPAS.com Pelatih Aji Santoso tak bisa mendampingi tim saat menjamu PS TNI, Minggu (//). Aji harus menjalani hukuman komisi disiplin (komdis) usai kedapatan melakukan penghinaan kepada wasit Wendy Umar Senoaji. Laga nanti merupakan pekan ke- TSC . Aji tak bisa duduk dibench, karena menghina Wendy, yang memimpin jalannya pertandingan Persela saat dijamu Perseru Serui di Stadion Marora,  Oktober . Sesuai Pasal  ayat () huruf a kode disiplin, selain hukuman tidak boleh mendampingi tim dalam satu kali pertandingan, Aji juga dihukum denda sebesar Rp  juta. "Sebelum saya dijatuhi sanksi, saya sudah sampaikan klarifikasi tuduhan penghinaan itu kepada komisi disiplin. Sanksi itu sudah saya ketahui dari manajemen. Keputusan itu akan saya jadikan pelajaran. Saya syukuri saja,  tutur Aji, seperti dilansir dalam situs resmi klub. Penghinaan kepada wasit Wendy oleh Aji, terjadi pada menit ke-. Saat itu, wasit Wendy memberikan hadiah penalti untuk tuan rumah, lantaran penjaga gawang Persela Dwi Kuswanto dianggap melakukan pelanggaran terhadap salah seorang pemain Perseru. Beruntung, eksekusi yang dilakukan Boman Aime melambung di atas mistar gawang. Hanya saja, Aji tetap menyesalkan keputusan komdis, lantaran dalam isi surat yang dikirimkan tidak diperkenankan untuk melakukan banding. Padahal menurutnya, seharusnya kubu Perseru yang justru mendapatkan sanksi tegas, lantaran salah satu oknum pengurus Perseru terlihat olehnya melakukan intimidasi kepada wasit, beberapa menit setelah babak pertama usai.  Harusnya mereka (komisi disiplin) lebih bijak mengambil keputusan. Pengawas pertandingan dan manager venue (Surya Simorangkir) jelas-jelas mengetahui kejadian intimidasi kepada wasit itu. Mengapa tidak dilaporkan?  kata Aji.  Mengapa Perseru Serui tidak dijatuhi sanksi? Kenapa hanya saya saja yang memprotes keputusan wasit, justru dijatuhi sanksi. Kalau mereka mau adil dan bekerja dengan hati, harusnya dilaporkan itu,  ucap dia. Aji menilai, protes yang disampaikannya kepada wasit Wendy lantaran ada sebabnya.  Kalau tidak ada penyebabnya, kenapa saya harus protes? Tidak fair itu. Kalau tidak boleh melakukan banding, terus bagaimana caranya kita mau mencari keadilan?  ujar mantan pelatih Timnas Indonesia tersebut.</isi>
	<link>http://bola.kompas.com/read/2016/10/28/09040058/aji.santoso.tak.bisa.dampingi.persela.saat.menjamu.ps.tni
</link>
</artikel>
