<artikel>
	<id>OLA_SB_10_736</id>
	<judul>Preview Madura United vs Persija Jakarta: Inspirasi Bangkalan</judul>
	<tanggal>20/11/16</tanggal>
	<kata_kunci>jmadura united lawan persija jakarta, isc</kata_kunci>
	<isi> MADURA - Madura United (MU) FC punya memori indah di Gelora Bangkalan. Dijamu Persija Jakarta, MU menang dengan skor mencolok - pada pertemuan pertama Indonesia Soccer Championship (ISC) A ,  Juli lalu. Nah, sukses itu menjadi inspirasi MU untuk kembali memetik tiga angka saat menjadi tuan rumah di Stadion Pamekasan, Minggu (//).Pada pertemuan di putaran pertama, Persija yang tidak bisa menggunakan Stadion Utama Gelora Bung Karno memilih bermain di Gelora Bangkalan. MU pun tanpa kesulitan merontokkan tim oranye. Namun, diakui Pelatih MU Gomes De Oliviera, pertemuan di Stadion Pamekasan, situasinya tidak akan semudah pertemuan pertama, karena Persija mengalami beberapa perubahan.Gomes De Oliviera pun mengingatkan timnya agar tidak meremehkan Persija yang masih berada di papan bawah. Walau lawannya tersebut mengalami krisis pemain, tapi bukan berarti mereka akan mudah ditundukkan di laga nanti."Persija masih memiliki pemain-pemain bagus dan berbahaya. Mereka juga tampaknya berkembang ketika dilatih Zein Al Haddad. Jadi kami tidak boleh teledor walau ingin mengulangi hasil pada putaran pertama lalu," beber Gomes.Terkait kondisi terakhir timnya, Gomes menyebut secara mental dan fisik sangat menggembirakan. Bakal bermain tanpa Bayu Gatra dan Pablo Rodriguez, disebutnya kedalaman skuat Sape Kerap masih sangat menjanjikan untuk memetik kemenangan."Kami masih bisa menurunkan formasi terbaik sesuai dengan karakter Madura United. Bermain di kandang, kami akan mencoba bermain lebih agresif dengan mengandalkan kecepatan. Tapi terpenting adalah bagaimana mencetak gol," sebutnya.Pemain depan MU diminta untuk lebih klinis dan efisien dalam pemanfaatan peluang. Maklum, pada laga sebelumnya menghadapi PSM Makassar, penyerang-penyerang tim loreng gagal menemukan posisi gawang.Kapten MU Fabiano Beltrame optimistis timnya bisa memulangkan Persija dengan tangan hampa. "Madura United dalam motivasi bagus karena sangat membutuhkan tiga poin. Kami harus respek pada Persija, tetapi di sisi lain kami tak boleh kehilangan angka," kata Fabiano.Di kubu tim tamu, rontoknya beberapa pemain membuat Persija sedikit murung sebelum bertarung. Kiper Andritany serta bek Gunawan Nur Cahyo tidak bisa terlibat dalam pertempuran karena masih bergabung dengan tim nasional.Pelatih Persija Zein Al Haddad menyebut, pemain lain seperti Maman Abdurrahman, Amarzukih, Ismed Sofyan, Reky Rahayu, Ade Jantra, serta Rodrigo Tosi, juga tak bisa bermain karena beragam sebab. Kekurangan pemain menjadi masalah terbesar Persija."Kami tidak banyak memiliki pilihan pemain untuk pertandingan lawan Madura United. Semoga skuat yang ada bisa memberikan performa yang luar biasa. Jujur harus diakui MU adalah tim yang bagus dan salah satu kandidat juara," urai pelatih bersapa Mamak.Meski begitu, di tim Macan Kemayoran masih bercokol nama-nama tenar macam Greg Nwokolo, Bambang Pamungkas, Paco Kenmogne, serta pemain lain seperti Sutanto Tan dan Hong Soon Hak. Para pemain ini diharapkan bisa membuat kejutan di Stadion Pamekasan.dibaca .x </isi>
	<link>http://soccer.sindonews.com/read/1156699/58/preview-madura-united-vs-persija-jakarta-inspirasi-bangkalan-1479563952
</link>
</artikel>
