<artikel>
	<id>OLA_SB_10_756</id>
	<judul>Ini Resep Sukses Perssu Super Madura di Babak 16 Besar ISC B</judul>
	<tanggal>16/11/16</tanggal>
	<kata_kunci>perssu, isc</kata_kunci>
	<isi> MADURA - Kejutan dibuat Perssu Super Madura pada babak  besar Indonesia Soccer Championship (ISC) B. Di luar dugaan, mereka bisa merebut satu tiket yang mengantarkan ke babak delapan besar.Di papan klasemen grup A, Perssu tercatat sebagai runner up. Usai melakoni enam pertandingan, mereka memiliki  poin selisih satu angka dengan PSCS Cilacap yang keluar sebagai juara grup.Menurut Salahudin, keberhasilan ini tak lepas dari mental bagus yang dimiliki anak didiknya. Pelatih Perssu tersebut bangga skuatnya mampu lolos ke babak delapan besar."Tidak hanya butuh kekuatan teknik saja, tetapi juga kesiapan mental yang lebih baik lagi. Targetnya tentu level permainan yang akan berkembang lagi, karena persaingan bakal lebih berat," ungkap Salahudin, Rabu (//)."Ke depannya, saya akan menyiapkan mental dan teknik tim lebih baik lagi," tambahnya.Bicara target, ia tidak ingin membebani tim dengan tujuan yang besar. Salahudin hanya meminta agar pasukannya bermain bagus di tiap pertandingan."Kami tidak berandai-andai dulu, yang terpenting berusaha mempersiapkan diri sebaik mungkin. Kami tidak berpikir apakah nanti ke semifinal atau tidak, karena lebih baik fokus pada pertandingan terdekat dulu," tegasnya. (bep) dibaca .x </isi>
	<link>http://soccer.sindonews.com/read/1155863/58/ini-resep-sukses-perssu-super-madura-di-babak-16-besar-isc-b-1479291731
</link>
</artikel>
