<artikel>
	<id>OLA_SB_10_669</id>
	<judul>Stefano Lilipaly dan Rizky Pora Cedera, Diharapkan Segera Fit</judul>
	<tanggal>23/11/16</tanggal>
	<kata_kunci>stefano lilipaly, rixky pora</kata_kunci>
	<isi>




 - Dua penggawa Indonesia, Stefano LIlipaly dan Rizky Pora, dibekap cedera. Pelatih Alfred Riedl berharap keduanya segera pulih dan fit melawan Singapura.Dalam latihan usai laga melawan Filipina, Rabu (//), Rizky dan Stefano berlatih terpisah. Mereka mendapatkan banyak benturan saat skuat 'Garuda' bermain imbang - melawan The Azkals. Rizky dan Stefano mampu bermain penuh di laga itu.Sementara itu, Evan Dimas disebut Riedl tak mengalami masalah serius. Pemain Bhayangkara FC tersebut bermain selama  menit ketika melawan Filipina sebelum digantikan Bayu Pradana.Riedl berharap penuh agar Stefano Lilipaly dan Rizky Pora bisa fit saat melakoni pertandingan melawan Singapura di stadion Rizal Memorial, Jumat (/) mendatang."Lilipaly mengalami cedera pergelangan kaki sementara Dimas mengalami masalah pada ototnya. Tapi kita bisa lihat bahwa dia (Evan Dimas) baik-baik saja," ungkap Riedl pada pewarta."Rizky Pora mendapatkan benturan di pinggangnya. Rizky dan Stefano tak bisa berlatih bersama kami hari ini, semoga bisa membaik besok lusa," imbuhnya.








</isi>
	<link>http://sport.detik.com/sepakbola/liga-indonesia/3353009/stefano-lilipaly-dan-rizky-pora-cedera-diharapkan-segera-fit
</link>
</artikel>
