<artikel>
	<id>OLA_SB_10_668</id>
	<judul>Vietnam Lolos ke Semifinal, Myanmar Hidupkan Peluang</judul>
	<tanggal>23/11/16</tanggal>
	<kata_kunci>vietnam lolos semifinal piala aff, peluang myanmar</kata_kunci>
	<isi>




 - Vietnam memastikan diri lolos ke babak semifinal Piala AFF  setelah mengalahkan Malaysia -. Sementara itu, Myanmar menghidupkan peluang mereka untuk lolos berkat kemenangan - atas Kamboja.Menghadapi Malaysia di Thuwunna Stadium, Yangon, Rabu (//), Vietnam menang berkat gol tunggal Nguyen Trong Hoang pada menit ke-. Trong Hoang bisa menyarangkan bola ke gawang Malaysia lewat tembakan kaki kirinya meski dikepung beberapa pemain lawan di kotak penalti.Dengan dua kemenangan dalam dua pertandingan, Vietnam mengumpulkan enam poin. Mereka kini memuncaki klasemen Grup B dan dipastikan lolos ke semifinal. Sementara Malaysia berada di posisi ketiga dengan poin tiga.Pada pertandingan yang digelar setelahnya, tuan rumah Myanmar sukses mengatasi perlawanan Kamboja dengan skor -. Kamboja sebenarnya unggul lebih dulu melalui gol Sos Suhana pada menit ke-. Suhana sukses menuntaskan operan dari Chan Vathanaka.Namun, Kamboja tak kuasa mempertahankan keunggulan mereka. Myanmar menyamakan skor pada menit ke- setelah Zaw Min Tun meneruskan tendangan bebas Nanda Kyaw menjadi gol.Berselang empat menit, Min Tun kembali menjebol gawang Kamboja. Sundulannya meneruskan sepak pojok Nanda Kyaw membawa Myanmar berbalik memimpin -.Myanmar mencetak satu gol tambahan pada babak kedua, tepatnya pada menit ke-. Aung Thu menaklukkan kiper Kamboja, Sou Yaty, lewat tembakan keras kaki kirinya.Hasil ini menempatkan Myanmar di posisi kedua dengan tiga poin. Sementara Kamboja yang punya poin nol berada di posisi terbawah dan dipastikan tersingkir.Pada partai terakhir, Myanmar dan Malaysia akan berebut satu tiket ke babak semifinal pada Sabtu (/) mendatang. Sementara Vietnam akan bertemu Kamboja.








</isi>
	<link>http://sport.detik.com/sepakbola/liga-indonesia/3353130/vietnam-lolos-ke-semifinal-myanmar-hidupkan-peluang
</link>
</artikel>
