<artikel>
	<id>OLA_SB_10_055</id>
	<judul>Manajemen Persegres Juga Sesalkan Kepemimpinan Wasit</judul>
	<tanggal>25/10/16</tanggal>
	<kata_kunci>persegre gresik, persib bandung, TSC 2016, wasit</kata_kunci>
	<isi> GRESIK, KOMPAS.com Kekalahan - yang diderita dariPersib Bandungpada laga TSC , Sabtu (//), membuat kubu Persegres Gresik United kecewa. Bukan cuma para pemain, jajaran manajemen pun menyoroti jalannya laga tersebut. Sebelumnya,para pemain Persegres ramai-ramai mengecam gol Atepdalam pertandingan pada Sabtu (//) itu. Kini, giliran jajaran manajemen yang mengungkapkan rasa tidak puasnya. Manajer Persegres, Cahyo Yuwono, mengungkapkan bahwa gol yang diciptakan Atep pada menit ke- itu seharusnya tidak terjadi, andai saja wasit Abdul Rahman Salasa yang memimpin jalannya pertandingan cukup jeli.  Kami cukup kecewa dengan kejadian itu (gol yang diciptakan Atep) sehingga kami berharap, PT GTS (Gelora Trisula Semesta) sebagai operator turnamen, kembali memperhatikan kualitas wasit yang memimpin pertandingan,  ucap Bagoes, Selasa (//).  Sebab, manajemen sudah keluar banyak biaya, tenaga, dan pikiran dalam membentuk tim untuk mengikuti turnamen ini. Tetapi hasilnya, yang didapat hanya kekecewaan, karena wasit lagi-lagi tidak cukup jeli dalam melihat proses terjadinya gol,  kata dia. Diberitakan sebelumnya, pemain dan ofisial Persegres sempat mengecam gol pertama Persib yang dilesakkan Atep. Itu dikarenakan, sebelum membelokkan umpan Samsul Arif, Atep dinilai telah berada dalam posisi offside dan tangannya terlihat aktif menyentuh bola.  Karena apapun keputusan yang ada di lapangan. Semua itu tergantung wasit. Kalau sudah begini, kerja keras pelatih dan para pemain dalam latihan sehari-hari jadi terasa tidak ada artinya,  tutur Bagoes.</isi>
	<link>http://bola.kompas.com/read/2016/10/25/19030068/manajemen.persegres.juga.sesalkan.kepemimpinan.wasit
</link>
</artikel>
