<artikel>
	<id>OLA_SB_10_715</id>
	<judul>Ke Papua, MU Dihantui Rekor Buruk</judul>
	<tanggal>23/11/16</tanggal>
	<kata_kunci>madura united, isc</kata_kunci>
	<isi> MADURA - Madura United (MU) bakal menghadapi pertaruhan posisi runner up ISC  akhir pekan ini. Berkunjung ke markas Persipura Jayapura, tim kebanggaan publik Madura berbekal rekor kurang menjanjikan di laga tandang.Sudah tiga laga kandang yang dilakoni MU tidak pernah berakhir dengan kemenangan. Setelah ditahan imbang Bali United, selanjutnya Sape Kerap menelan kekalahan ketika berseteru di markas Mitra Kukar dan PSM Makassar.Rekor tersebut cukup mengkhawatirkan mengingat Persipura levelnya lebih bagus dibanding lawan-lawan sebelumnya. Apalagi posisi tim asal Jayapura tersebut hanya terpaut dua poin saja dari MU di papan klasemen sementara ISC.Jika sampai kalah lagi, maka untuk pertama kalinya MU akan kehilangan posisi dua besar selama putaran dua. Pelatih MU Gomes De Oliviera mengakui timnya harus memberikan perjuangan ekstra agar tidak lagi pulang dengan tangan hampa."Tidak ada satu pun tim yang meragukan kekuatan Persipura Jayapura. Ini pertandingan penting karena bisa mengubah posisi di klasemen. Madura United akan berusaha keras untuk mendapatkan poin agar tidak tergeser," sebut Gomes, pelatih yang gemar bertopi.Pelatih asal Negeri Samba ini tak menyangkal timnya sedang kurang impresif di beberapa laga tandang terakhir. Tapi itu berusaha dilupakan dan dia terus memberikan suntikan moril untuk Fabiano Beltrame dkk agar bisa mengakhiri tren murung di luar Madura.Di kandang Persipura nanti, MU tidak akan bisa memainkan gelandang bertahan Asep Berlian yang terkena akumulasi kartu kuning. Namun striker Pablo Rodriguez statusnya sudah bisa dimainkan setelah di laga sebelumnya absen dengan alasan sama.Untuk menutup posisi Asep, tim loreng masih punya Ahmad Maulana atau Dane Milovanovic. Masuknya Pablo juga menjadi alternatif di lini depan jika Patrich Wanggai yang seret gol di dua laga sebelumnya kembali tidak produktif.Dari sisi kedalaman kualitas tim, Gomes mengklaim timnya berada satu level dengan Persipura. "Kami memiliki kekuatan bagus dan setara dengan kekuatan Persipura. Tidak ada alasan untuk nervous menghadapi pertandingan nanti," demikian Gomes. (bbk) dibaca .x </isi>
	<link>http://soccer.sindonews.com/read/1157605/58/ke-papua-mu-dihantui-rekor-buruk-1479887645
</link>
</artikel>
