<artikel>
	<id>OLA_SB_10_034</id>
	<judul>Persela Tetap Gunakan Stadion Gelora Delta Saat Jamu PS TNI</judul>
	<tanggal>29/10/16</tanggal>
	<kata_kunci>persela lamongan, TSC, PS TNI, stadion Gelora Delta Sidoarjo, Stadion Surajaya</kata_kunci>
	<isi> LAMONGAN, KOMPAS.com Persela Lamongan tetap menggunakan Stadion Gelora Delta Sidoarjo ketika menjamu PS TNI pada pekan ke- TSC , Minggu (//). Pengalaman tak bagus di stadion tersebut tak menjadi kendala. Persela belum bisa menggunakan markasnya sendiri, Stadion Surajaya. Ini lantaran stadion tersebut masih dalam tahap perbaikan di bagian lintasan atletik. "Menjamu PS TNI, Minggu nanti, kami tetap akan memakai Stadion Gelora Delta. Kami sudah membicarakan hal ini dengan Pihak Disporabudpar (Dinas Pemuda Olahraga Kebudayaan dan Pariwisata) Sidoarjo sebagai pengelola stadion,  ujar Ketua Panitia Pelaksana (Panpel) Pertandingan Persela, Muhajir, Sabtu (//). Ia menyatakan, pihaknya pun sudah mengirim surat kepada PT Gelora Trisula Semesta (GTS) selaku operator turnamen, terkait keinginan itu. Mereka pun sudah menjalin komunikasi dengan pihak keamanan setempat, untuk keperluan pengamanan pertandingan.  Semua perizinan sudah beres, dan sudah kami lakukan sesuai prosedur. Semoga saja, pertandingan yang bakal dimulai pada pukul . WIB itu nanti akan berjalan dengan lancar, kata dia. Sebelumnya, panpel dan manajemen Persela sempat mendapat sanksi dari komisi disiplin (komdis) saat menjamu Bali United pada pekan ke-, Kamis (//) di Stadion Gelora Delta. Sanksi diberikan kepada tim Laskar Joko Tingkir karena disinyalir terdapat sorot laser kepada penjaga gawang Bali United pada pertengahan babak pertama. "Karena kasus pelanggaran ulah penonton itu, manajemen mendapat denda sebesar Rp  juta dari komdis, sesuai pasal  ayat () huruf a dan b Kode Disiplin,  ujar Muhajir. Panpel Persela juga mengimbau kepada para penonton dan para pendukung Persela agar dapat mengambil pelajaran dari peristiwa tersebut. Harapannya, kejadian tersebut tidak kembali terulang. Di satu sisi, panpel juga sudah merilis tiket bagi penonton untuk pertandingan tersebut. Panpel Persela memutuskan hanya menerapkan dua kategori saja, yakni tiket ekonomi senilai Rp . per lembar serta VIP yang dibanderol Rp ..</isi>
	<link>http://bola.kompas.com/read/2016/10/29/20060078/persela.tetap.gunakan.stadion.gelora.delta.saat.jamu.ps.tni
</link>
</artikel>
