<artikel>
	<id>OLA_SB_10_106</id>
	<judul>Benturan di Lutut Kanan Tak Halangi Rizky Pora untuk Tampil</judul>
	<tanggal>20/11/16</tanggal>
	<kata_kunci>Rizky pora cedera, indonesia lawan thailand</kata_kunci>
	<isi> Laporan langsung Anju Christian dari Manila, Filipina MANILA, KOMPAS.com- Sayap kiri tim nasional (timnas) Indonesia, Rizky Pora, mengalami cedera ringan seusai pertandingan kontra Thailand pada partai pertama Grup A Piala AFF  di Philippine Sports Stadium, Sabtu (//). Pada sesi latihan di Lapangan Sekolah Xavier, Manila, Minggu (//), Rizky terlihat menggunakan pelester di kaki kanannya. Rizky bersama para pemain yang menjadi starter saat melawan Thailand, cuma menjalani latihan selama  menit. Latihan bersifat ringan dan pemulihan kondisi. Setelah sesi berakhir, pelatih Alfred Riedl pun mengabarkan kondisi Rizky. "Rizky mengalami benturan di lutut kaki kanannya. Bukan masalah besar. Dia akan siap untuk pertandingan lusa," kata Riedl setelah sesi latihan. Di lain sisi, sang pemain masih merasa optimistis untuk tampil melawan Filipina pada partai di Philippine Sports Stadium, Selasa (//). "Kita lihat saja. Kami masih memiliki dua hari sebelum pertandingan," tutur dia. Rizky sendiri menunjukkan peranan besar di lini tengah Indonesia. Dia merupakan pemberi assist bagi gol pertama timnas yang dicetak Boaz Solossa ke gawang Thailand. Ia juga sangat aktif di laga tersebut dengan mencatatkan  tembakan (yang masih off target) dan melepas  umpan silang ( sukses). Sang pemain juga sangat terlibat dalam aspek defensif. Ia melakukan  intersep bola dan  kali menghalau bola selama  menit laga.</isi>
	<link>http://bola.kompas.com/read/2016/11/20/18224458/benturan.di.lutut.kanan.tak.halangi.rizky.pora.untuk.tampil
</link>
</artikel>
