<artikel>
	<id>OLA_SB_10_150</id>
	<judul>Dari Malaysia, Andik Menuju Myanmar untuk Gabung Timnas</judul>
	<tanggal>03/11/16</tanggal>
	<kata_kunci>laga uji coba, indonesia lawan myanmar</kata_kunci>
	<isi>




 - Andik Vermansah dipastikan memenuhi panggilan timnas untuk menghadapi ujicoba dengan Myanmar. Pemain Selangor FA itu telah berangkat dari Malaysia menuju Yangon.Andik menjadi salah satu pemain yang menyusul belakangan bersama Stefano Lilipaly dan Irfan Bachdim. Namun Stefano kemungkinan besar baru bergabung sebelum melawan Vietnam pada  November.Dari Indonesia, pelatih Alfred Riedl hanya membawa  pemain. Mereka sudah berangkat dari Jakarta sejak kemarin, Rabu (/)."Saat ini saya sedang dalam perjalanan menuju Yangon untuk bergabung bersama timnas," sahut Andik saat dihubungi, Kamis (/).Untuk menghadapi dua laga ujicoba tersebut, Andik mengaku tak ada persiapan khusus. Eks Persebaya Surabaya itu juga tidak khawatir soal adaptasi."Pastinya saya bersunguh-sungguh karena ini sangat penting ujicoba ini bisa kalau dapat hasil baik dan bisa menambah kepercayaan diri tim," katanya."Soal adaptasi tidak ada masalah, karena kan kami sudah beberapa kali latihan. Kondisi saya juga tidak ada masalah," lanjut dia.Keterlambatan Andik bergabung bersama timnas lantaran dia harus membela timnya tampil di final Piala Malaysia. Namun pemain kelahiran Jember itu gagal membawa Selangor FA mempertahankan gelar juara,setelah kalah adu penalti - dari Kedah FA.
						







</isi>
	<link>http://sport.detik.com/sepakbola/liga-indonesia/3336578/dari-malaysia-andik-menuju-myanmar-untuk-gabung-timnas
</link>
</artikel>
