<artikel>
	<id>OLA_SB_10_605</id>
	<judul>Indonesia vs Filipina: Jaminan Laga Terbuka</judul>
	<tanggal>22/11/16</tanggal>
	<kata_kunci>indonesia lawan filipina, piala aff</kata_kunci>
	<isi>




 - Timnas Indonesia akan melawan Filipina di pertandingan lanjutan Piala AFF . Kedua tim sama-sama butuh kemenangan, laga pun diprediksi berjalan terbuka.Pertandingan antara skuat 'Garuda' melawan  akan dihelat di Phillipines Sports Stadium, Selasa (//) malam pukul . WIB. Pertandingan itu menjadi laga hidup-mati untuk kedua tim.Indonesia saat ini masih ada di posisi paling bawah Grup A, menyusul kekalahan di laga melawan Thailand -. Sementara itu, Filipina sudah mengumpulkan satu poin usai memetik hasil imbang - menghadapi Singapura.Saat melawan Singapura, Filipina gagal memanfaatkan sejumlah peluang untuk mencetak gol. Mereka juga tak mampu memanfaatkan keunggulan jumlah pemain di lapangan. Singapura bermain dengan  pemain sejak menit , usai Hafiz Abu Sujad mendapatkan kartu merah.Pelatih Filipina, Thomas Doolay, mengeluhkan strategi Singapura yang banyak menumpuk pemain di dalam kotak penalti. Dia berharap Indonesia tak bermain defensif saat melawan tim besutannya."Saya hanya berharap bahwa Indonesia tak bermain seperti Singapura. Jelas sangat sulit untuk mencetak gol dengan banyaknya pemain di dalam kotak penalti," kata Dooley kepada pewarta di Novotel Araneta. Senin (//)."Ada motivasi besar untuk menang, semua pemain dalam kondisi fit, semua pemain sudah siap, kita tunggu saja hasilnya besok," imbuhnya.Pelatih Indonesia, Alfred Riedl memberikan respons atas harapan Filipina itu. Dia menegaskan bahwa Indonesia jelas akan berjuang untuk bertahan di Piala AFF  lebih lama.Pelatih asal Austria itu mengungkapkan bahwa Indonesia akan tampil menyerang karena wajib memenangi pertandingan."Kami akan berusaha memenangi pertandingan karena kami tahu kalau kami kalah maka kami akan tersingkir. Filipina juga masih mempunyai peluang. Semua kemungkinan masih ada," ujar Riedl."Tentu saja saat Anda harus menang, maka Anda tak bisa menungu di belakang. Andai strateginya bagus, maka Anda bisa mencetak gol," tambah pelatih asal Austria itu.








</isi>
	<link>http://sport.detik.com/sepakbola/liga-indonesia/3351000/indonesia-vs-filipina-jaminan-laga-terbuka
</link>
</artikel>
