<artikel>
	<id>OLA_SB_10_789</id>
	<judul>Fakta Menarik Persib Bandung vs Persipura</judul>
	<tanggal>12/11/16</tanggal>
	<kata_kunci>persib lawan persipura, isc</kata_kunci>
	<isi> BANDUNG - Duel klasik terhampar di Stadion Si Jalak Harupat, Soreang, saat tuan rumah Persib Bandung menjamu Persipura Jayapura pada pekan ke- Indonesia Soccer Championship (ISC) A , Sabtu (//). Persipura mengusung dendam setelah kalah pada pertemuan pertama di Stadion Mandala,  Juli silam.Meski superior di kandang Persipura, namun Persib punya catatan buruk jika menjamu Mutiara Hitam, julukan Persipura. Sejak era kompetisi Indonesia Super League (ISL), Persipura tak pernah menelan kekalahan di kandang Persib, dengan catatan lima kali imbang dan sekali menang.Catatan positif itu akan dimanfaatkan Pelatih Persipura Alfredo Vera untuk meraup poin di Bandung. Persipura butuh tiga angka untuk menjaga kans juara ISC A . "Main di laga kandang atau pun tandang sama saja. Strategi, yang penting kami bisa kontrol permainan dan membawa mereka ke arus permainan kami," kata Alfredo seperti dilansir laman resmi Persib.Ada sejumlah fakta menarik jelang pertemuan Persib vs Persipra. Berikut diantaranya seperti dirangkum berbagai sumber.* Sepanjang ISC A  digelar, Persib Bandung belum pernah kalah bermain di kandang. Dari  laga kandang sepanjang ISC A , Persib memetik delapan kemenangan dan empat imbang.* Persib dan Persipura merupakan dua dari tiga tim paling banyak melepaskan umpan di gelaran ISC A . Posisi pertama ditempati Bali United dengan  umpan, berikutnya Persib dengan  umpan, dan Persipura dengan  umpan.* Persipura selalu clean sheet (tidak kebobolan) pada tiga laga terakhir sedangkan Maung Bandung  selalu mendapatkan poin di tiga pertandingan terakhir.* Pada lima laga terakhir, Persipura tak pernah kalah dan berhasil mengamankan  poin dari hasil tiga kali menang dan  kali imbang.* Persipura punya catatan baik di Bandung. Sejak era ISL, Mutiara Hitam tak pernah menelan kekalahan dalam lawatannya ke Bandung, lima kali imbang, sekali menang.* Saat ini Persipura di peringkat  klasemen sementara ISC A  dengan  poin, tertinggal dua angka dari Arema Cronus dan Madura United yang masing-masing mengemas  angka. Sementara Persib bertengger di peringkat  dengan  poin. (sha) dibaca .x </isi>
	<link>http://soccer.sindonews.com/read/1154751/58/fakta-menarik-persib-bandung-vs-persipura-1478894446
</link>
</artikel>
