<artikel>
	<id>OLA_SB_10_696</id>
	<judul>Pertandingan Persija vs Persib Berakhir Hambar</judul>
	<tanggal>05/11/16</tanggal>
	<kata_kunci>persija lawan persib, isc</kata_kunci>
	<isi> SOLO - Duel sengit antara Persija Jakarta vs Persib Bandung di Stadion Manahan, Solo, Sabtu (//) berakhir tanpa pemenang. Dua tim dengan rivalitas tinggi, cuma bermain imbang tanpa gol dalam pekan ke- Indonesia Soccer Championship .Dua tim yang tengah terseok-seok, menampilan permainan cepat sejak awal. Peluang pertama datang dari Persib yang bertindak sebagai tim tamu lewat striker mungilnya, Samsul Arief. Sayang, kesempatan yang dimiliki eks striker Arema masih mampu digagalkan kiper Daryono.Persija membalas di menit ketujuh. Umpan Ade Jantra bisa disambut Rodrigo, namun pemain asal Brasil gagal mengarahkan bola ke gawang Persib yang dikawal M Nathsir.Jual beli serangan terjadi sepanjang babak pertama. Namun peluang terbaik dimiliki Persib dua menit jelang istirahat. Striker Sergio Van Dijk punya peluang bagus untuk mencatat namanya skor, sayang bola tandukannya masih membentur mistar gawang. Skor imbang mewarnai jalannya babak pertama.Selepas istirahat, Persija coba mengambil inisiatif serangan. Gempuran sporadis nyaris membuat gawang Persib bobol andai sepakan Pacho Kenmogne di menit ke- tidak melebar dari gawang.Instruksi pelatih Zein Alhadad tampaknya membuat Pacho lebih leluasa mengobrak-abrik pertahanan Maung Bandung. Di menit ke-, striker asal Kamerun kembali mengancam gawang lawan, namun masih bisa digagalkan M Nathsir.Persib tak tinggal diam. Dua menit berselang, giliran Samsul Arif yang menyulitkan pertahanan Persija dengan pergerakannya. Novri menjatuhkannya, namun wasit Djumadi Effendi tidak menganggapnya pelanggaran. Peluang Persib sukses digagalkan.Sebaliknya, serangan balik cepat Persija lewat Pacho memaksa Tony Sucipto membuat pelanggaran dan menghasilkan tendangan bebas. Sayang Rodrigo yang jadi algojo gagal menembus pagar betis pemain Persib.Serangan Persib lebih mandek di babak kedua. Beberapa kali Febri Hariyadi dan Van Dijk melepaskan tendangan dari luar kotak penalti lantaran sulit menembus pertahanan Macan Kemayoran.Melihat kondisi tersebut, pelatih Djadjang Nurjaman menarik Samsul dan memasukkan Atep di menit ke-. Masih dirasa kurang, dukungan Marcos Flores juga akhirnya diganti Tantan, pemain yang lebih eksplosif, enam menit berselang.Hasilnya, Atep dan Van Dijk bisa menembus pertahanan rapat Persija. Beberapa kali dua ujung tombak pasukan Biru membuat Daryono dipaksa kerja keras.Praktis menit-menit akhir jadi milik Persib. Membawa misi bawa pulang tiga poin, serangan kian gencar mereka lancarkan ke pertahanan Persija.dibaca .x </isi>
	<link>http://soccer.sindonews.com/read/1153068/58/pertandingan-persija-vs-persib-berakhir-hambar-1478354744
</link>
</artikel>
