<artikel>
	<id>OLA_SB_10_192</id>
	<judul>Peluang Lolos Semifinal Tipis, Riedl Belum Lempar Handuk</judul>
	<tanggal>22/11/16</tanggal>
	<kata_kunci>semifinal piala aff, peluang indonesia</kata_kunci>
	<isi>




 - Peluang tim nasional Indonesia untuk lolos babak semifinal Piala AFF  amat tipis. Namun, sang pelatih Alfred Riedl belum lempar handuk.  Pada laga kedua babak Grup A di Philippine Sports Stadium, Bocaue, Selasa (//) malam WIB, timnas ditahan imbang Filipina -. Dua gol Indonesia dibuat Fachrudin Wahyudi dan Boaz Salossa. Adapun dua gol Filipina diceploskan Misagh Bahadoran dan Philip Younghusband. Hasil imbang itu belum membuat Indonesia tersingkir dari persaingan perebutan tiket babak semifinal Piala AFF . Namun dengan posisi juru kunci dengan nilai  dan sudah defisit dua gol, tak bisa dimungkiri jika jalan timnas ke babak empat besar tipis. Baca Juga: Indonesia wajib menang atas Singapura untuk mengamankan tiket semifinal. Riedl menyadari, Singapura bukan tim yang dengan mudah bisa dikalahkan."Peluang kami tentu saja kecil, seperti bukan sebuah peluang. Tapi dalam hal kekuatan, Thailand jelas merupakan tim unggulan melawan Filipina," kata Riedl dalam konferensi pers usai pertandingan. "Sementara pertandingan kami melawan Singapura seimbang, peluangnya sama -. Meskipun demikian kami harus memainkan laga lebih ofensif lagi, karena hari ini Singapura menumpuk sembilan atau  pemain di kotak penalti. Sangat destruktif. Tapi oke, itu sekarang menjadi kesempatan saya untuk memainkan laga kami," ucap dia. Dua laga itu akan dihelat bersamaan pada Jumat (//) pukul . WIB. Laga Singapura dengan Indonesia akan dilaksanakan di Stadion Ridzal Memorial sedangkan Filipina  Thailand digeber di Stadion Philippines Sports. 








</isi>
	<link>http://sport.detik.com/sepakbola/liga-indonesia/3352031/peluang-lolos-semifinal-tipis-riedl-belum-lempar-handuk
</link>
</artikel>
