<artikel>
	<id>OLA_SB_10_636</id>
	<judul>Indonesia Hadapi Thailand, #TimnasDay Paling Gaduh di Twitter</judul>
	<tanggal>19/11/16</tanggal>
	<kata_kunci>indonesia lawan thailand, piala aff</kata_kunci>
	<isi>




 - Tim nasional menjalani laga perdana Piala AFF  dengan menghadapi favorit juara Thailand. Laga itu menjadi pembicaraan paling gaduh di twitter dengan tagar #TimnasDay. 'Pasukan Garuda' tengah bertarung dengan Thailand di Philippine Sports Stadium, Bocaue, Sabtu (//) sore WIB. Tak hanya mendapatkan dukungan dari suporter yang datang langsung ke negeri penggila basket itu, timnas juga mendapatkan suport dari netizen. #TimnasDay menjadi tema paling populer di twitter. Bahkan, sebelum timnas benar-benar memulai pertandingan dalam babak penyisihan Grup A Piala AFF  itu. Kicauan salah satu pilar timnas, Boaz Solossa, lima jam lalu masih riuh dengan balasan dan retweet. Juga dukungan dari Irfan Bachdim yang batal berangkat karena dibekap cedera. Irfan mengungkapkan harapan agar bertarung dan tampil dengan penuh gairah, juga bikin bangga bangsa Indonesia. Di antara dukungan itu juga muncul kritikan dengan masih bergulirnya liga saat timnas bertanding. Laga ini memang sudah ditunggu-tunggu setelah Indonesia tampil lagi usai terlepas dari sanksi FIFA. Sebuah obat rindu telah diberikan. Sempat imbang -, Indonesia untuk sementara  dari Thailand. 








</isi>
	<link>http://sport.detik.com/sepakbola/liga-indonesia/3349444/indonesia-hadapi-thailand-timnasday-paling-gaduh-di-twitter
</link>
</artikel>
