<artikel>
	<id>OLA_SB_10_110</id>
	<judul>Indonesia Vs Thailand Sepi Peminat</judul>
	<tanggal>19/11/16</tanggal>
	<kata_kunci>Indonesia vs thailand, piala AFF</kata_kunci>
	<isi> Laporan langsung Anju Christian langsung dari Manila, Filipina MANILA, KOMPAS.com- Philippine Sports Stadium terlihat sepi saat Indonesia bertanding melawan Thailand pada partai pembuka Grup A Piala AFF , Sabtu (//). Pertandingan dimulai pukul . waktu setempat. Menurut pantauan Kompas.com, hanya sekitar  penonton mengisi stadion berkapasitas . itu. Tidak satu pun tribune terisi penuh pertandingan berlangsung  menit. Hanya tribune timur yang agak dipadati puluhan suporter Indonesia.Di area yang diduduki suporter Indonesia, turut terbentang dua bendera merah putih berukuran x meter dan x meter. Bersiap memerahputihkan Philippine Sports Stadium. Berikut persiapan suporter di Kedutaan Besar Indonesia untuk Filipina.#BanggaGarudaKitapic.twitter.com/gFfYhiXNW Rombongan suporter tersebut meliputi kelompok Aremania, Bonekmania, dan Persipuramania yang sengaja melakukan perjalanan ke Filipina. Suporter Indonesia sempat berkumpul di Kantor Kedutaan Besar Republik Indonesia di Filipina sejak pagi harinya. Mereka melakukan mengasah chant dan menguji bendera yang dibawa. Setelah itu, tuan rumah Filipina bakal bertanding melawan Singapura pukul . waktu setempat. Baik suporter Filipina maupun Singapura belum terlihat memadati stadion. Inilah jadwal tanding Indonesia di Piala AFF #BanggaGarudaKitapic.twitter.com/uAnIuExCW</isi>
	<link>http://bola.kompas.com/read/2016/11/19/16332528/indonesia.vs.thailand.sepi.peminat
</link>
</artikel>
