<artikel>
	<id>OLA_SB_10_790</id>
	<judul>Gagal Benahi Persegres, Eduard Tjong Pastikan Mundur</judul>
	<tanggal>28/11/16</tanggal>
	<kata_kunci>persegres, eduard tjong, isc</kata_kunci>
	<isi> GRESIK - Persegres Gresik United dipastikan gagal memperbaiki peringkat dengan finis di peringkat  besar klasemen Indonesia Soccer Championship (ISC) A . Target yang dibebankan kepada Pelatih Eduard Tjong meleset, hingga kini Persegres masih terpuruk di papan bawah.Awalnya Eduard Tjong didatangkan untuk 'menyulap' tim Persegres agar menjadi lebih kompetitif. Namun, dalam perjalanannya tidak ada perkembangan menggembirakan dan Laskar Jaka Samudera harus bersiap finis sebagai tim papan bawah di akhir kompetisi.Eduard 'Edu' Tjong mengaku gagal mencapai target yang dibebankan kepadanya. "Saya diserahi tugas membawa Persegres ke posisi  besar di akhir klasemen. Jadi, saya bisa dikatakan gagal," kata Edu, jujur.Pelatih asal Solo ini memiliki inisiatif mengundurkan diri saat ini, karena tak mampu mengangkat prestasi tim kuning. Namun, karena kompetisi menyisakan empat pertandingan, dia merasa tanggung untuk berhenti dan memutuskan mundur di akhir kompetisi."Ya, saya sudah mantap mundur. Tapi, setelah dipikir lagi kok tanggung karena tinggal empat pertandingan. Jadi saya selesaikan saja tugas di sini hingga kompetisi berakhir, agar tim tidak bingung mencari pelatih baru," demikian dasar pemikiran Edu.Setelah menuntaskan kompetisi, Edu sudah mantap meninggalkan Gresik sebagai bentuk pertanggungjawaban atas kegagalannya. Dia sekaligus meminta maaf kepada manajemen dan suporter Persegres karena belum mampu memberikan hasil terbaik.Persegres sudah menjalani enam pertandingan tanpa kemenangan di kompetisi ISC A, lima di antaranya berakhir dengan kekalahan. Terakhir, akhir pekan lalu, Persegres terjungkal di kandang sendiri ketika menjamu Bali United dengan skor -. (Baca juga: Bali United Perpanjang Derita Persegres Gresik di Depan Publiknya).Kekalahan tersebut membuat posisi tim kebanggaan Ultrasmania semakin terpaku di urutan  klasemen dari  kontestan dengan  poin. Bahkan, jika episode buruk terus berlanjut, bukan tidak mungkin peringkat lebih buruk karena bisa disalip PS TNI dan Barito Putera. (sha) dibaca .x </isi>
	<link>http://soccer.sindonews.com/read/1158853/58/gagal-benahi-persegres-eduard-tjong-pastikan-mundur-1480321726
</link>
</artikel>
