<artikel>
	<id>OLA_SB_10_765</id>
	<judul>Pelajaran dari Tim Jawa Timur: Pengalaman Bukan Jaminan!</judul>
	<tanggal>15/11/16</tanggal>
	<kata_kunci>tim jawa timur, isc</kata_kunci>
	<isi> KEDIRI - Pengalaman bertarung di level tertinggi kompetisi Indonesia, belum menjamin sukses melangkah lebih jauh. Setidaknya, Persik Kediri dan Persepam Madura Utama bisa menjadi contoh. Dua tim asal Jawa Timur sarat pengalaman itu gagal melenggang ke babak delapan besar Indonesia Soccer Championship (ISC) B . Padahal, keduanya diprediksi bakal melaju dengan mudah setelah sukses besar di penyisihan pertama. Namun, nyatanya mereka terkapar di babak  besar.Dari empat tim Jawa Timur yang berjibaku di babak  besar, justru tim semenjana yang berhasil menggenggam tiket  besar, yakni Perssu Super Madura dan Persekap Kota Pasuruan. Ini menjadi kejutan tersendiri di babak  besar ISC B .Persik yang sebelumnya sempat tak terkalahkan di fase penyisihan, mengalami antiklimaks di babak  besar. Walau di laga terakhir mampu mengalahkan Celebest FC, nyatanya itu belum cukup menolong tim berjuluk Macan Putih.Demikian pula dengan Persepam Madura Utama yang bersaing ketat dengan Persik di babak penyisihan karena berada dalam satu grup. Persepam harus mengakui ketangguhan PSS Sleman dan Persita Tangerang yang lolos ke babak delapan besar.Padahal dua tim ini sudah bermodal pemain dan pelatih yang pernah berlaga di level tertinggi. Persik memakai jasa Kas Hartadi sebagai yang pernah membawa Sriwijaya FC juara ISL, demikian juga Persepam yang dikawal Jaya Hartono yang mengangkat trofi Liga Indonesia bersama Persik Kediri."Persik Kediri mengalami antiklimaks di babak  besar, sehingga kesulitan menemukan permainan seperti sebelumnya. Saya mohon maaf kepada Persikmania dan manajemen karena Persik tidak berhasil lolos," demikian Kas Hartadi. (sha) dibaca .x </isi>
	<link>http://soccer.sindonews.com/read/1155511/58/pelajaran-dari-tim-jawa-timur-pengalaman-bukan-jaminan-1479200908
</link>
</artikel>
