<artikel>
	<id>OLA_SB_10_685</id>
	<judul>Drama Lima Gol di Gianyar, Bali United Tekuk Barito Putera</judul>
	<tanggal>07/11/16</tanggal>
	<kata_kunci>bali united lawan barito putera, isc</kata_kunci>
	<isi> GIANYAR - Bali United kembali merasakan kemenangan di Indonesia Soccer Championship (ISC) A . Pasukan Indra Sjafri mengalahkan tim juru kunci Barito Putera - dalam laga dramatis di Stadion Kapten I Wayan Dipta, Gianyar, Senin (//).Serdadu Tridatu -julukan Bali United- sempat unggul - di babak pertama. Fadil Sausu membuka kemenangan pada menit ke-, hasil tendangan bebas. Syakir Sulaiman menggandakan keunggulan pada menit ke-, setelah kiper Barito Aditya Harlan salah mengantisipasi arah datangnya bola.Namun, di babak kedua Barito bangkit. Pasukan Yunan Helmi mencetak dua gol hasil kreasi  Muhamad Aef Maulana pada menit ke- dan tiga menit kemudian Thiago Eduardo do Amaral yang menyamakan kedudukan lewat tendangan bebas brilian.Penyerang Serbia kelahiran  September , Nemanja Vidakovic tampil menjadi pahlawan kemenangan Bali United. Mantan pemain klub Azerbaijan Ravan Baku FK itu sukses memanfaatkan kemelut di muka gawang Barito pada menit ke-.Tak hanya tiga poin, kemenangan ini mengakhiri catatan buruk Bali United yang melewati enam pertandingan tanpa kemenangan. Terakhir kali Serdadu Tridatu menang pada pekan ke- saat mengalahkan Persib Bandung - di Stadion Kapten I Wayan Dipta, Gianyar,  September lalu.Hasil ini menaikkan posisi Bali United satu tingkat di papan klasemen ISC A . Serdadu Tridatu bertengger di peringkat  dengan dengan  angka, hasil delapan kemenangan, delapan imbang, dan  tumbang. Semenatara Barito Putera semakin tenggelam di dasar klasemen (peringkat ) dengan poin . (sha) dibaca .x </isi>
	<link>http://soccer.sindonews.com/read/1153495/58/drama-lima-gol-di-gianyar-bali-united-tekuk-barito-putera-1478529385
</link>
</artikel>
