<artikel>
	<id>OLA_SB_10_015</id>
	<judul>Tiga Kiper Indonesia Ditentukan Setelah Dua Partai Uji Coba</judul>
	<tanggal>01/11/16</tanggal>
	<kata_kunci>kiper, piala AFF, uji coba, training camp</kata_kunci>
	<isi> KARAWACI, KOMPAS.com- Tiga penjaga gawang tim nasional (timnas) Indonesia untuk Piala AFF  baru ditentukan setelah dua partai uji coba. Demikian penuturan pelatih kiper, Gatot Prasetyo. Masih ada empat penjaga gawang dalam daftar  pemain yang mengikuti training camp (TC) di Karawaci. Mereka adalah Andritany Ardhiyasa, Dian Agus Prasetyo, Kurnia Meiga Hermansyah, dan Jandia Eka Putra. Besar kemungkinan, keempat nama tersebut disertakan dalam laga uji coba melawan Myanmar di Yangon, Jumat (//), dan Vietnam di Hanoi, Selasa (//). "Sepulang dari sana, kami berharap ada gambaran terkait siapa yang diandalkan untuk menjadi kiper pertama, kedua, dan ketiga," ucap Gatot di Hotel Yasmin, Senin (//). Tidak mudah bagi tim pelatih memilih tiga penjaga gawang yang bakal dibawa ke Filipina. Bukan lantaran kualitas permainan, melainkan faktor kebugaran. Kurnia Meiga dan Andritany menderita cedera bersama klub masing-masing. Adapun Jandia mengalami masalah di bagian leher sehingga melewatkan dua sesi latihan tim nasional. GONANG SUSATYO/JUARATrio kiper timnas Indonesia, Kurnia Meiga, Jandia Eka Putra, dan Dian Agus (dari kiri ke kanan) dalam latihan di Stadion Maguwoharjo, Sleman, Jumat (//). Meski begitu, Gatot tetap bersikap optimistis terhadap pemulihan kondisi tiga pemainnya dan mengecilkan kans untuk menarik penjaga gawang lain. "Kami berharap bisa memulihkan kondisi mereka karena sudah berjanji tidak mengganggu program tim-tim TSC," tutur Gatot. Di lain sisi, meski menjadi satu-satunya penjaga gawang yang bebas cedera, Dian Agus enggan sesumbar terkait peluangnya berangkat ke Filipina. "Semua kembali pada putusan pelatih. Saya hanya bisa memberikan kemampuan terbaik," ujar penjaga gawang Pusamania Borneo itu. </isi>
	<link>http://bola.kompas.com/read/2016/11/01/08080058/tiga.kiper.indonesia.ditentukan.setelah.dua.partai.uji.coba
</link>
</artikel>
