<artikel>
	<id>OLA_SB_10_013</id>
	<judul>Ferdinand Sinaga dan Dedi Kusnandar Dipanggil Timnas</judul>
	<tanggal>19/09/16</tanggal>
	<kata_kunci>PSSI,  training camp, pemain, Ferdinand Sinaga, latihan, Piala AFF</kata_kunci>
	<isi> KOMPAS.com- PSSI mengumumkan daftar  pemain tim nasional Indonesia untuktraining camp(TC) di Stadion Manahan, Solo, - September . Dari  pemain itu, tercantum nama Ferdinand Sinaga dan gelandang yang berkarier di Malaysia, Dedi Kusnandar. "Nama-nama pemain yang sudah diserahkan kepada PSSI itu adalah pilihan coach Riedl dan tim pelatih, kata Sekjen PSSI, Azwan Karim, Senin (//). Selama TC berlangsung, Kejuaraan Sepak Bola Torabika (TSC)  juga mengalami jeda. Salah satu alasannya, PON Jawa Barat (Jabar)  tengah berlangsung. Pada - September , latihan diadakan dua kali, yaitu pagi dan sore. Terakhir pada Selasa (//), latihan hanya berlangsung pada pagi hari. Pemusatan latihan disiapkan untuk menatap Piala AFF  di Myanmar dan Filipina,  November- Desember mendatang. Pada babak penyisihan, Indonesia tergabung di Grup B bersama tuan rumah Filipina, juara bertahan Thailand, dan Singapura.(Segaf Abdullah) Berikut ini adalah daftar  pemain timnas Indonesia untuk TC di Solo: Penjaga gawang:Andritany Ardhiyasa (Persija Jakarta), Dian Agus Prasetyo (Pusamania Borneo FC), Teguh Amiruddin (PS TNI) Belakang:Indra Kahfi Ardhyaksa (Bhayangkara FC), Fachruddin Wahyudi Aryanto (Sriwijaya FC), Muhammad Abduh Lestaluhu (PS TNI), Beny Wahyudi (Arema Cronus), Abdul Rachman (Persiba Balikpapan), Dominggus Fakdawer (Persipura), Rudolof Yanto Basna, (Persib Bandung), Hansamu Yama Pranata (Barito Putera) Tengah:Rizki Rizaldi Pora (Barito Putera), Bayu Pradana Andriatmoko (Mitra Kukar), Septian David Maulana (Mitra Kukar), Irsyad Maulana (Semen Padang Zulham Malik Zamrun (Persib Bandung), Ichsan Kurniawan (Sriwijaya FC),Evan DimasDarmono (Bhayangkara FC), Dedi Kusnandar (Sabah FA, Malaysia), Arthur Barrios Bonai (Perseru Serui) Depan:Irfan Haarys Bachdim, (Hokkaido Consodole Sapporo, Jepang) Boaz Theofillius Erwin Solossa (Persipura Jayapura) Lerby Eliandry Pong Babu (Pusamania Borneo FC), Ferdinand Alfred Sinaga (PSM Makassar)</isi>
	<link>http://bola.kompas.com/read/2016/09/19/22285908/ferdinand.sinaga.dan.dedi.kusnandar.dipanggil.timnas
</link>
</artikel>
