<artikel>
	<id>OLA_SB_10_089</id>
	<judul>Melihat dari Dekat Trofi Piala AFF</judul>
	<tanggal>06/11/16</tanggal>
	<kata_kunci>trofi, piala aff, daya tarik</kata_kunci>
	<isi> JAKARTA, KOMPAS.com- Trofi Piala AFF  mampir di Indonesia. Lambang kejayaan pentas antarnegara Asia Tenggara itu dipamerkan di kawasan fX Sudirman, Jakarta, pada Sabtu (//). Setelah menyapa publik Myanmar pada  November, trofi Piala AFF  mendarat di Indonesia sebagai negara tujuan selanjutnya. Pameran piala berwarna keemasan ini menyedot animo pengunjung untuk berfoto dengan trofi atau mampir di booth permainan yang disediakan panitia. Acara ini merupakan program yang diselenggarakan menjelang turnamen Piala AFF  di Filipina. Ajang tersebut digelar pada  November- Desember mendatang. "Target kami menggelar pameran ini adalah untuk memicu gairah masyarakat Indonesia agar kembali mendukung tim nasional di Piala AFF . Setelah disimpan selama dua tahun, trofi ini didatangkan langsung dari Thailand, yang menjuarai turnamen edisi ," kata Diego, panitia AFF Trophy Tour . Daya tarik lain dari acara ini adalah kehadiran eks penyerang timnas Indonesia, Kurniawan Dwi Yulianto, dan gelandang Sriwijaya FC, Firman Utina. Keduanya tak luput menjadi objek foto pengunjung bersama trofi Piala AFF . BERI BAGJA/JUARA.netEks penyerang timnas Indonesia, Kurniawan Dwi Yulianto (kiri), dan gelandang Sriwijaya FC, Firman Utina, berpose dengan trofi Piala AFF  yang dipamerkan di kawasan fx Sudirman, Jakarta,  November . "Kami mengundang Kurniawan dan Firman karena mereka berpengalaman tampil di Piala AFF. Bersama kehadiran piala prestisius ini, mereka diharapkan dapat memberikan inspirasi dan semangat kepada anak-anak muda untuk mendukung Indonesia di Filipina nanti," ucap Diego. Setelah mengunjungi Jakarta, trofi Piala AFF  akan diterbangkan ke Ho Chi Minh City, Vietnam (//), dan Manila, Filipina (//).(Beri Bagja) </isi>
	<link>http://bola.kompas.com/read/2016/11/06/08280078/melihat.dari.dekat.trofi.piala.aff
</link>
</artikel>
