<artikel>
	<id>OLA_SB_10_004</id>
	<judul>Persiapan Piala AFF, Indonesia Lawan Vietnam di Sleman</judul>
	<tanggal>26/09/16</tanggal>
	<kata_kunci>timnas, uji coba, vietnam</kata_kunci>
	<isi> JAKARTA, KOMPAS.com Sekretaris Jenderal PSSI Azwan Karim mengatakan, tim nasional (timnas) Indonesia akan melakoni laga uji coba melawan Vietnam. Laga uji coba itu akan dilaksanakan pada Minggu (//) dan Rabu (//). Diketahui, dua tanggal tersebut masuk dalam rentang jadwal sisa uji coba wajib FIFA , yakni pada - Oktober dan - November. Selain itu, PSSI dan Federasi Sepak Bola Vietnam (VFF) juga sepakat menggelar laga uji coba dengan format kandang-tandang. "Indonesia akan bertindak sebagai tuan rumah lebih dulu pada  Oktober mendatang di Stadion Maguwoharjo, Sleman," ucap Azwan Karim kepada wartawan, Minggu (//). Untuk itu, pelatih timnas Indonesia, Alfred Riedl, akan kembali mengadakan pemusatan latihan pada awal Oktober . Laga uji coba versus Vietnam akan menjadi partai uji coba internasional kedua Indonesia selepas disanksi FIFA plus sebagai persiapan menjelang Piala AFF . Sebelumnya,Evan DimasDarmono dkk sukses mengandaskan Malaysia - di Stadion Manahan, Solo, pada Selasa (//). (Segaf Abdullah)</isi>
	<link>http://bola.kompas.com/read/2016/09/26/16334198/persiapan.piala.aff.indonesia.lawan.vietnam.di.sleman
</link>
</artikel>
