<artikel>
	<id>OLA_SB_10_104</id>
	<judul>Benny Wahyudi, Satu-satunya Bek Kanan Murni Timnas Indonesia</judul>
	<tanggal>02/11/16</tanggal>
	<kata_kunci>benny wahyudi, alfred riedl, training camp, piala aff, bek kanan, timnas indonesia</kata_kunci>
	<isi> KARAWACI, KOMPAS.com- Bek Arema Cronus, Benny Wahyudi, menolak jika tim nasional (timnas) Indonesia dibilang tengah krisisfullbackkanan. Namun, dalam daftar skuat tim Merah Putih hanya ada nama sang pemain yang merupakan bek kanan murni. Pelatih Alfred Riedl baru memasukkan nama Benny Wahyudi padatraining camp(TC) timnas di Stadion Manahan, Solo, - September . Pada dua TC sebelumnya, tidak ada nama pemain berusia  tahun itu dalam daftar. Dalam stok  pemain timnas yang masih digodok dalam persiapan menuju Piala AFF , hanya Manahati Lestusen (PS TNI), Hansamu Yama Pranata (Barito Putera), dan Stefano Lilipaly (SC Telstar) yang terhitung bisa memikul peran sebagai fullback kanan. Sebagai catatan, posisi asli Manahati dan Hansamu adalah seorang bek tengah, sementara Lilipaly adalah gelandang. "Kalau dibilang timnas sedang krisis bek kanan tidak juga. Ini lebih ke selera pelatih saja," ucap Benny kepadaJUARAdi Hotel Yasmin, Karawaci, Tangerang, tempat menginap ofisial dan pemain timnas, Selasa (//). Bicara soal peluang, Benny yakin bakal kembali terpilih. Pada edisi Piala AFF , eks pemain Deltras Sidoarjo itu juga masuk daftar skuat timnas arahan Riedl. "Ya, saya yakin akan mendapat satu tempat di timnas meskipun harus bersaing dengan tiga pemain hebat dan serbabisa," katanya. Pada Piala AFF ,  November- Desember mendatang, Indonesia tergabung di Grup A bersama tuan rumah Filipina, Thailand, dan Singapura. Sebelum itu, Benny Wahyudi dan kolega lebih dahulu melakoni dua laga uji coba pamungkas melawan Myanmar, Jumat (//) dan Vietnam (//). </isi>
	<link>http://bola.kompas.com/read/2016/11/02/12523032/Benny.Wahyudi.Satu-satunya.Bek.Kanan.Murni.Timnas.Indonesia
</link>
</artikel>
