<artikel>
	<id>OLA_SB_10_741</id>
	<judul>Febri Hariyadi; Wonderkid Persib yang Ambisius dan Haus Kemenangan</judul>
	<tanggal>19/11/16</tanggal>
	<kata_kunci>persib, isc, febri haryadi</kata_kunci>
	<isi> BANDUNG - Persib Bandung memiliki penyerang sayap mumpuni Febri Hariyadi.  Wonderkid asli binaan Persib itu secara perlahan menjelma menjadi bagian penting di tim senior. Kini, kemampuan Febri akan diuji barisan pertahanan Semen Padang pada pekan ke- Indonesia Soccer Championship (ISC) A  di Stadion Si Jalak Harupat, Kabupaten Bandung, Sabtu (//) mulai pukul . WIB.Febri paham, bukan hal mudah menumbangkan Kabau Sirah. Dari segi permainan dan sejarah pertemuan kedua tim, Semen Padang jauh lebih mentereng. Terakhir, Persib hancur lebur di Padang dengan - pada putaran pertama ISC A  lalu. (Baca juga: Semen Padang, Ujian Persib Bandung Tuntaskan Misi Sapu Bersih).Namun, ambisi Febri bertambah jika mengingat kekalahan tersebut. Dia ingin Maung Bandung membalas kekalahan dalam pertemuan nanti. "Saya termotivasi dari kekalahan (di putaran pertama). Sebagai pemain, saya punya ambisi untuk memenangkan pertandingan," ujar Febri di Stadion Persib, Kota Bandung.Penyerang kelahiran Bandung,  Februari  itu mengaku berhasrat mengalahkan Semen Padang dengan skor lebih besar dari yang dialami Persib di putaran pertama. Namun, target itu bukan harga mati. Artinya, terpenting adalah Persib bisa membungkus kemenangan sebagai balas dendam atas kekalahan tersebut. "Intinya tiga poin. Berapapun skornya, yang penting tiga poin," tegasnya.Soal akan absennya beberapa pilar utama Semen Padang, antara lain Riko Simanjuntak, Lee Gil Hoon, dan Hengki Ardiles, Febri menyebut itu sebagai sebuah keuntungan bagi Persib. Tapi ia tidak mau lengah dengan kondisi itu. "Kami harus mewaspadai pemain pengganti karena mereka pasti motivasi untuk menunjukkan kemampuannya," ungkap Febri. (sha) dibaca .x </isi>
	<link>http://soccer.sindonews.com/read/1156660/58/febri-hariyadi-wonderkid-persib-yang-ambisius-dan-haus-kemenangan-1479547916
</link>
</artikel>
