<artikel>
	<id>OLA_SB_10_697</id>
	<judul>Pemain Terkapar Diganjal Lawan, Pelatih PSM Geram</judul>
	<tanggal>05/11/16</tanggal>
	<kata_kunci>psm makassar, persiba balikpapan</kata_kunci>
	<isi> BALIKPAPAN - Pelatih PSM Makassar Robert Alberts tidak terima pemainnya mendapat perlakuan kasar saat dijamu Persiba Balikpapan. Yang membuatnya geram, wasit tak memberi hukuman apapun terhadap pemain lawan. Selain itu, pelatih asal Belanda itu mengeluhkan kondisi lapangan Stadion Persiba, yang buruk. Robert mengungkapkan protesnya setelah timnya menang - atas tuan rumah Persiba Balikpapan pada lanjutan Indonesia Soccer Championship (ISC) A , Sabtu (//). Menurut Robert, kemenangan timnya bukan yang terpenting, tapi aturan dalam sepak bola yang perlu dibangun dengan sehat."Yang lebih penting adalah aturan yang ada di sepak bola Indonesia. Kami kehilangan penyerang dengan tekel yang buruk (Ronald Hikspoors) dan pemain yang menekel itu masih tetap bermain, harusnya dia dapat hukuman," kata Robert dalam jumpa pers seusai laga.Kemenangan Juku Eja ditentukan lewat gol Titus Bonai pada menit ke- dan M Rahmat (). Hasil itu membuat PSM berada di posisi kesembilan klasemen sementara ISC A  dengan mengoleksi  poin dari  laga. Meski demikian, pelatih PSM tidak mau mengomentari terlalu banyak soal penampilan anak asuhnya. (Baca juga: Taklukkan Persiba Balikpapan, Kado Istimewa PSM Makassar).‎Robert mengatakan dirinya tidak memanfaatkan lapangan untuk uji coba, meski tuan rumah sudah memberikan kesempatan. "Saya katakan, bagaimana mungkin pertandingan liga seperti ini bisa menggunakan lapangan yang tidak bagus seperti ini," katanya.Lebih jauh dirinya menjelaskan, hal ini sangat penting untuk perkembangan sepak bola Indonesia, karena kualitas sepak bola nasional bukan hanya dinilai pada satu pertandingan saja. Melainkan, harus melihat bagaimana sepak bola ke depannya. "Kami sebagai pelatih hanya bisa menyuarakan, supaya kami bisa menjalani pertandingan di lapangan yang baik, dan pemain juga dapat perlindungan," jelasnya.Pemain Impor PSM Willem Jan Pluim mengatakan, dirinya sepakat dengan apa yang dikatakan pelatih soal kondisi lapangan yang ada. "Waktu kita main di Belanda, kalau lapangan seperti ini pertandingannya akan dibatalkan," ujarnya. (sha) dibaca .x </isi>
	<link>http://soccer.sindonews.com/read/1153067/58/pemain-terkapar-diganjal-lawan-pelatih-psm-geram-1478354624
</link>
</artikel>
