<artikel>
	<id>OLA_SB_10_795</id>
	<judul>Di Hadapan PBFC, Semen Padang Akhiri Paceklik Kemenangan</judul>
	<tanggal>11/11/16</tanggal>
	<kata_kunci>pbfc, semen padang, isc</kata_kunci>
	<isi> PADANG - Semen Padang memetik poin sempurna setelah tiga laga tanpa kemenangan di ajang Indonesia Soccer Championship (ISC) . Saat menjamu Pusamania Borneo FC (PBFC), tuan rumah menang tipis -.Menjamu PBFC di Stadion H. Agus Salim, Padang, Jumat (//) petang, anak asuh Nil Maizar lebih dulu unggul berkat sepakan Marcel Silva Sacramento di menit ke-. Gol dari titik putih tersebut bertahan hingga babak pertama berakhir. PBFC sebetulnya berhasil menyamakan skor di babak kedua, tepatnya di menit ke- melalui aksi Pedro Javier Velazquez. Sayang, lima menit setelah gol tersebut mereka harus bermain dengan  pemain pasca-kartu merah Diego Michels.Semen Padang kembali memimpin setelah Rudi mencetak skor di menit ke-. Hingga laga usai, skor - bertahan, menandai kemenangan perdana mereka dalam empat laga terakhir ISC.Dengan hasil tersebut, Semen Padang naik ke posisi enam klasemen ISC dengan  poin dari  laga. Sementara PBFC tertahan di posisi ke- dengan koleksi  poin. Susunan pemain kedua tim: Semen Padang: Jandia Eka Putra, Satrio Syam (Novrianto ') (Lee Kilhoon '), Agung Prasetyo, Cassio Fransisco, Fandry Imbiri, Riko Simanjuntak (Adi Nugroho '), Rudi, Muamer Svraka, Irsyad Maulana, Muhammad Nur Iskandar, Marcel Silva Sacramento. Pusamania Borneo: Muhammad Ridho, Zulkiflli Syukur, Diego Michiels, Firly Apriansyah (Leonard Tupamahu), Sandi Darma Sute, Jefri Kurniawan, Ponaryo Astaman (Ricky Akbar Ohorella), Flavio Beck Junior, Terens Puhiri (Gavin Kwan Adsit '), Pedro Javier Velazquez, Rachmat Latief. (bbk) dibaca .x </isi>
	<link>http://soccer.sindonews.com/read/1154677/58/di-hadapan-pbfc-semen-padang-akhiri-paceklik-kemenangan-1478865197
</link>
</artikel>
