<artikel>
	<id>OLA_SB_10_664</id>
	<judul>Sriwijaya Diimbangi Persela 3-3</judul>
	<tanggal>12/11/16</tanggal>
	<kata_kunci>sriwijaya lawan persela</kata_kunci>
	<isi>




 - Sriwijaya FC hanya meraih satu poin dari lawatannya ke markas Persela Lamongan. Unggul hingga menit-menit akhir, Sriwijaya akhirnya harus puas dengan hasil -.Bertanding di Stadion Surajaya, Lamongan, Jumat (//) malam WIB, Sriwijaya sudah unggul saat pertandingan baru berjalan sembilan menit. Alberto 'Beto' Goncalves mencetak gol usai meneruskan bola dari Hilton Moreira.Persela menyamakan kedudukan di menit ke-. Tendangan Ivan Carlos tak bisa dihentikan kiper Sriwijaya, Teka Paku Alam, sehingga mengubah kedudukan menjadi -. Skor tersebut bertahan hingga babak pertama usai.Sriwijaya mengembalikan keunggulannya di babak kedua tepatnya di menit ke-. Kesalahan Aang Suparman dalam melakukan  dimanfaatkan oleh Beto untuk mencetak gol keduanya.Beto mencatatkan hat-trick di menit ke- untuk menambah keunggulan Sriwijaya. Dia menuntaskan umpan dari Supardi untuk mengubah skor menjadi -.Tertinggal dua gol tak membuat Persela menyerah. Di menit ke-, Ivan kembali mencetak gol untuk memperkecil ketertinggalan Persela.Kemenangan Sriwijaya yang sudah di depan mata akhirnya buyar di menit ke-. Eksekusi penalti Choi Hyun Yeon memaksakan hasil akhir -. Wasit menunjuk titik putih stelah Ahmad Jufriyanto melanggar Ivan.Hasil ini tak mengubah posisi kedua tim di klasemen sementara. Sriwijaya menempati peringkat kelima dengan  poin dari  pertandingan. Sedangkan Persela belum beranjak dari papan bawah dengan menempati posisi  dengan  poin.








</isi>
	<link>http://sport.detik.com/sepakbola/liga-indonesia/3343593/sriwijaya-diimbangi-persela-3-3
</link>
</artikel>
