<artikel>
	<id>OLA_SB_10_070</id>
	<judul>Persipura Kembali Mendapat Denda dari Operator TSC Sebesar Rp 20 Juta</judul>
	<tanggal>08/11/16</tanggal>
	<kata_kunci>persipura jayapura, TSC, Sriwijaya FC, Denda</kata_kunci>
	<isi> JAYAPURA, KOMPAS.com- Klub Persipura Jayapura kembali menerima sanksi dari PT Gelora Trisula Semesta (GTS) selaku operator TSC . Persipura diwajibkan membayar denda sebesar Rp  juta. Denda ini diberikan karena Persipura dinilai melakukan pelanggaran pada pertandingan melawan Sriwijaya FC di Stadion Mandala pada  Oktober  lalu. Pelanggaran berupa aksi melempar botol air mineral oleh suporter Persipura ke lapangan saat laga berlangsung. Laga ini berkesudahan dengan skor - untuk kemenangan Persipura. Gol tunggal tim berjulukan Mutiara Hitam ini dicetak penyerang Edward Wilson Junior pada menit . Ketua Panitia Pelaksana Pertandingan Persipura Fachruddin Pasolo saat dikonfirmasi via telepon seluler di Jayapura, Selasa (//), membenarkan adanya sanksi yang diterima pihak manajemen sejak  November  lalu. "Pihak GTS memberikan batas waktu bagi manajemen Persipura untuk membayar denda ini hingga sepekan ke depan,  kata Fachruddin. Ia menuturkan, total Persipura sudah mendapat dua kali denda membayar karena aksi pelemparan ke dalam lapangan dalam dua pekan terakhir. "Sebelumnya, Persipura juga harus membayar denda sebesar Rp  juta karena suporter melempar botol air mineral ke dalam lapangan saat laga melawan Arema di Stadion Mandala pada  Oktober  lalu,  tutur Fachruddin. Ia berharap, para suporter mau mendengarkan arahan pihak manajemen agar tak melempar botol air mineral ke dalam lapangan dalam laga kandang.  Kami sudah berulang kali memperingatkan para suporter. Namun, mereka tetap melakukan aksi tersebut. Persipura terancam mendapat sanksi tak boleh didukung suporter dalam laga kandang apabila masalah ini terulang kembali,  ungkap Fachruddin.</isi>
	<link>http://bola.kompas.com/read/2016/11/08/17070008/persipura.kembali.mendapat.denda.dari.operator.tsc.sebesar.rp.20.juta
</link>
</artikel>
