<artikel>
	<id>OLA_SB_10_627</id>
	<judul>Pesan Menpora untuk Timnas: Tetap Semangat dan Jaga Motivasi</judul>
	<tanggal>20/11/16</tanggal>
	<kata_kunci>indonesia lawan thailand, piala aff</kata_kunci>
	<isi>




 - Menteri Pemuda dan Olahraga Imam Nahrawi menyemangati timnas Indonesia usai kekalahan dari Thailand di Piala AFF . Menurut Imam, timnas masih bisa menyapu kemenangan pada dua laga sisa.Indonesia kalah - dari Thailand pada laga pertamanya di Piala AFF , Sabtu (//). Tim 'Merah-Putih' sempat menyamakan skor menjadi - setelah lebih dahulu ketinggalan dua gol. Akan tetapi, Thailand berhasil mencetak dua gol tambahan di sisa waktu untuk meraup poin penuh.(Baca juga: )"Timnas sudah berjuang maksimal. Pelajaran yang dapat dipetik dari laga kontra Thailand adalah tidak pernah menyerah dan putus asa dalam mengejar tujuan. Saat disamakan - oleh Indonesia, Thailand tidak runtuh mentalnya, tapi justru bangkit dan menang. Indonesia harus belajar dan memantapkan mental tersebut," ujar Imam terkait kekalahan Indonesia, Minggu (/).Peluang Indonesia untuk lolos ke babak semifinal sejauh ini masih terbuka. Indonesia masih punya dua pertandingan sisa di babak penyisihan grup sebagai peluang untuk meraup poin.Indonesia kini menempati posisi terbawah di Grup A dengan poin nol, di bawah Thailand (), Filipina (), dan Singapura (). Untuk menjaga peluang lolos ke semifinal, Indonesia harus bisa memaksimalkan laga berikutnya melawan tuan rumah Filipina, Selasa (/) mendatang."Masih ada dua laga lagi, dua laga yang seharusnya dijalani Indonesia tanpa beban. Tetap semangat, tetap jaga motivasi dan percaya diri bisa menyapu dua laga sisa," tutur Imam."Lakon kalah duluan, selanjutnya harus bangkit dan meraih kemenangan. Doa masyarakat Indonesia menyertaimu pejuang Indonesia. Jadilah pahlawan meski tampil di negeri lawan," katanya.








</isi>
	<link>http://sport.detik.com/sepakbola/liga-indonesia/3349606/pesan-menpora-untuk-timnas-tetap-semangat-dan-jaga-motivasi
</link>
</artikel>
