<artikel>
	<id>OLA_SB_10_792</id>
	<judul>Pacho Selamatkan Persija dari Kekalahan</judul>
	<tanggal>27/11/16</tanggal>
	<kata_kunci>pacho, persija, bhayangkara</kata_kunci>
	<isi> SOLO - Persija Jakarta nyaris didera kekalahan saat menghadapi Bhayangkara FC dalam lanjutan Indonesia Soccer Championship (ISC) . Gol Emmanuel 'Pacho' Kenmogne membuat Macan Kemayoran terhindar dari kekalahan. Berstatus sebagai tuan rumah di Stadion Manahan, Solo, Minggu (//), Persija justru mendapat tekanan dari tamunya. Upaya meredam serangan Bhayangkara FC membuat Amarzukih dan Novri Setiawan harus diganjar kartu kuning di babak pertama. Setelah bermain imbang di paruh pertama laga, Persija berusaha menyerang mengandalkan Greg Nwokolo. Namun, mereka tertinggal setelah Antoni Putro Nugroho mencetak gol memanfaatkan kemelut di muka gawang Persija. Saat laga bakal berakhir dengan kemenangan Bhayangkara FC, Emmanuel 'Pacho' Kenmogne muncul sebagai pahlawan. Dia lolos perangkap offside dan menanduk masuk bola hasil umpan lambung. Skor berubah - di menit ke-. Di sisa laga, Persija memasukkan Bambang Pamungkas dengan harapan bisa berbalik memimpin. Namun hingga peluit panjang ditiup wasit Adi Riyanto, skor - tidak berubah. Sekadar informasi, Persija awalnya bermaksud mencari kado manis di pertandingan tersebut. Sebab, Macan Kemayoran akan ganap berusia  tahun, Senin (//) mendatang. Susunan pemain kedua tim, Persija Jakarta (--): Daryono, Andik Rendika Rama, Vava Mario Yagalo, William Pacheco, Amarzukih, Ade Jantra (Ramdani Lestaluhu '), Novri Setiawan, Sutanto Tan (Bambang Pamungkas '), Greg Nwokolo, Emmanuel Kenmogne, Rahmat Afandi (Rodrigo Antonio Lombardo ').Bhayangkara FC (---): Wahyu Tri Nugroho, Dany Saputra, Otavio Dutra, I Putu Gede, Lee Yoo Joon, Muhammad Hargianto, Indra Kahfi, Khairallah Abdelkbir (Antoni Putro Nugroho '), Ilham Udin Armaiyn, Fandi Eko Utomo (Rudi Widodo '), Wahyu Seto. (bbk) dibaca .x </isi>
	<link>http://soccer.sindonews.com/read/1158693/58/pacho-selamatkan-persija-dari-kekalahan-1480255564
</link>
</artikel>
