<artikel>
	<id>OLA_SB_10_151</id>
	<judul>Krisis Bek, Ini Strategi Persija Hadapi Persib</judul>
	<tanggal>03/11/16</tanggal>
	<kata_kunci>persija lawan persib</kata_kunci>
	<isi>




 - Menjelang duel klasik antara Persija Jakarta melawan Persib Bandung di laga lanjutan Torabika Soccer Championship (TSC) , Persija diterpa masalah. 'Macan Kemayoran' mengalami krisis pemain belakang.Namun begitu, pelatih Muhammad Zein Alhadad, yang akrab disapa Mamak, sudah mempersiapkan strategi alternatif. Dia meminta pasukannya tetap optimistis dan enjoy saat melawan Persib.Persija kehilangan sejumlah pemainnya dalam laga menghadapi Persib di Stadion Manahan Solo, Sabtu (/). Salah satunya adalah penjaga gawang Andritany Ardhyasa dan bek Gunawan Dwi Cahyo. Keduanya saat ini sedang bergabung bersama timnas. Sementara dua bek lainnya, Rendika Rama dan Willian Pacheco, dipastikan absen lantaran terkena akumulasi kartu serta ditambah dengan cederanya Ismed Sofyan.Dengan absenya empat bek tersebut, Persija kini hanya memiliki dua pemain belakang. Mereka adalah Maman Abdurahman dan Vava Mario Yagalo.Mamak mengakui kondisi itu sangat mengkhawatirkan. Namun dia sudah mendapatkan solusi untuk menambal lubang di pertahanannya. Caranya? Mamak akan menggeser posisi salah satu pemainnya, Hong Soon Hak yang sejatinya adalah gelandang bertahan."Kami akan menempatkan dia sebagai bek tengah dan kami sudah mulai berlatih pola ini. Saya yakin, dia bisa menjalankan perannya dengan baik," ujar Mamak saat dihubungi, Kamis (/) pagi.Meski situasinya tak menguntungkan bagi Persija, pelatih asal Surabaya ini tetap yakin timnya bisa tampil maksimal, mengingat laga ini penuh dengan rivalitas tinggi. Tapi lagi-lagi Mamak mengingatkan pemainnya harus bermain tenang."Saya meminta pemain agar tetap enjoy dan menikmati pertandingan. Latihan juga sejauh ini berjalan bagus. Kami akan bermain kompak," katanya.
						







</isi>
	<link>http://sport.detik.com/sepakbola/liga-indonesia/3336452/krisis-bek-ini-strategi-persija-hadapi-persib
</link>
</artikel>
