<artikel>
	<id>OLA_SB_10_017</id>
	<judul>Hujan Deras Bikin Timnas Batal Latihan</judul>
	<tanggal>31/10/16</tanggal>
	<kata_kunci>Alfred Riedl, training camp, hujan</kata_kunci>
	<isi>  KARAWACI, KOMPAS.com -Tim nasional Indonesia batal menggelar sesi latihan di Lapangan Sekolah Pelita Harapan, Senin (//). Total  pemain direncakan hanya menjalani sesi sore pukul . WIB. Pelatih Alfred Riedl meniadakan sesi pagi demi memberikan waktu istirahat untuk para pemain. Hanya, hujan deras mengguyur Karawaci sejak pukul .. Alhasil, para pemain yang sudah siap bertolak dari Hotel Yasmin, tempat mereka menginap, terpaksa urung pergi. Mereka hanya diminta menjalani latihan di dalam ruangan selama  menit di bawah pimpinan asisten pelatih Wolfgang Pikal. "Hari ini cuaca sangat buruk. Hujan dan angin sangat besar. Jadi kami berlatih di satu ruangan untuk melakukan stabilisasi dan mengasah power and strength," tutur Pikal di Hotel Yasmin, Senin sore. Programtraining camp(TC) dijadwalkan berlangsung dari Sabtu (//) hingga Selasa (//). Setelah itu, mereka berangkat ke Yangon untuk melakoni partai uji coba kontra Myanmar, Jumat (//). "Kami masih menjalani masing-masing satu kali latihan untuk fisik, pertandingan, dan taktik sebelum berangkat," tutur Pikal. Selain pemain yang mengikuti TC, masih ada tiga pemain tambahan, yaitu Andik Vermansah, Irfan Bachdim, dan Stefano Lilipaly. Andik dan Irfan bergabung dengan tim di Yangon. Adapun Lilipaly cuma dijadwalkan melakoni satu partai uji coba, yaitu ketika Indonesia melawan ke Hanoi, Vietnam, Selasa (//). </isi>
	<link>http://bola.kompas.com/read/2016/10/31/18072068/hujan.deras.bikin.timnas.batal.latihan
</link>
</artikel>
