<artikel>
	<id>OLA_SB_10_084</id>
	<judul>Bhayangkara FC Dorong Thiago Fortuoso Jadi Top Scorer TSC</judul>
	<tanggal>07/11/16</tanggal>
	<kata_kunci>Bhayangkara FC, Thiago Fortuoso, TSC, top scorer</kata_kunci>
	<isi> SIDOARJO, KOMPAS.com- Harapan besar diapungkan oleh manajemen Bhayangkara FC kepada bomber subur mereka, Thiago Fortuoso. Pihak klub mendorong pemain asal Brasil ini menyabet gelar top scorerTorabika Soccer Championship (TSC) . Thiago saat ini sudah mencetak  gol, sama dengan raihan Beto Goncalves dari Sriwijaya FC dan Luis Junior di Barito Putera. Ketiga pemain hanya terpaut satu gol di bawah penyerang Semen Padang, Marcel Sacramento. Mengingat turnamen menyisakan tujuh laga yang belum dimainkan, maka peluang Thiago untuk menjadi pemain tersubur di TSC  saat ini terbuka lebar. Apalagi, ia mendapat dukungan penuh dari tim yang dibelanya. "Oh iya, pasti kami ingin Thiago jaditop scorer. Kami semua sudah sepakat akan dorong dia untuk terus cetak gol dan menjadi pencetak gol terbanyak," kata asisten manajer Bhayangkara FC, AKBP Surmadji. SUCI RAHAYU/JUARA.NETAsisten manajer Bhayangkara FC, AKBP Surmadji, memberi tepukan kepada pemain saat Bhayangkara FC menang atas Persiba Balikpapan dengan skor akhir - dalam laga pekan ke- Torabika Soccer Championship  di Stadion Gelora Delta Sidoarjo, Jawa Timur (//). Mardji, begitu sapaan karibnya, yakin Thiago mampu menjadi top skor. Selain skill olah bolanya yang memang handal, ia juga sedang dalam penampilan terbaik. Hat-trickmelawan Mitra Kukar pada Minggu (//) adalah buktinya. Mardji tentu saja senang dengan performa tersebut. Tetapi, ia juga berpesan agar Thiago tidak cepat merasa puas. Menurutnya, capaian teman dekat Otavio Dutra ini juga berkat kerja keras teman-temanya yang lain. "Saya pikir dia punya keberuntungan juga bisa cetak tiga gol. Tapi, ini juga hasil kerja keras kami semua dan artinya juga motivasi yang manajemen berikan kepadanya untuk sukses," tambahnya. </isi>
	<link>http://bola.kompas.com/read/2016/11/07/01023432/Bhayangkara.FC.Dorong.Thiago.Fortuoso.Jadi.Top.Scorer.TSC
</link>
</artikel>
