<artikel>
	<id>OLA_SB_10_130</id>
	<judul>Indonesia Vs Filipina, Awas Bola Atas</judul>
	<tanggal>21/11/16</tanggal>
	<kata_kunci>indonesia lawan filipina</kata_kunci>
	<isi> Laporan langsung Anju Christian dari Manila, Filipina MANILA, KOMPAS.com- Pelatih tim nasional (timnas) Indonesia, Alfred Riedl, mengaku waspada dengan duel udara para pemain Filipina menjelang pertemuan kedua tim pada partai kedua Piala AFF  di Philippine Sports Stadium, Bulacan, Selasa (//). Sebab, Filipina dinilai kerap memeragakan permainan dari sayap. Maklum, mereka didukung pemain dengan tinggi di atas rata-rata. Di skuad asuhan Thomas Dooley, memang ada sejumlah pemain keturunan Eropa. Salah satunya yakni sang kapten, Phil Younghusband, yang memiliki tinggi  sentimeter. "Filipina dan Singapura memeragakan permainan berbeda dibandingkan Thailand. Filipina sering memeragakan permainan umpan silang," ucap Riedl setelah sesi latihan di Lapangan Sekolah Xavier, Minggu (//). "Sulit untuk mengatasi mereka. Namun, kami meyakini masih punya peluang. Mereka juga memiliki peluang tentunya," tutur sang pelatih. Simak berita terupdate seputar Piala AFF  dengan mengunjungihttps://t.co/LqzoKMkQLC#BanggaGarudaKitapic.twitter.com/YxkjOLZAK Gaya Filipina turut memengaruhi pemilihan penjaga gawang timnas. Sejak awal, ada dua opsi mencuat, yaitu Andritany Ardhiyasa dan Kurnia Meiga. Meiga sempat menjadi starter saat timnas melawan Thailand, Sabtu (//). Besar kemungkinan, Meiga tidak tergusur dari bawah mistar karena memiliki tinggi lebih menjulang. "Meiga disiapkan untuk mengantisipasi umpan-umpan silang Filipina," ucap pelatih penjaga gawang, Gatot Prasetyo. Laga ini sangat menentukan peluang Indonesia untuk lolos ke semifinal. Kalau kalah, pasukan Riedl bisa saja dipastikan masuk kotak. Inilah jadwal tanding Indonesia di Piala AFF #BanggaGarudaKitapic.twitter.com/uAnIuExCW</isi>
	<link>http://bola.kompas.com/read/2016/11/21/08592358/indonesia.vs.filipina.awas.bola.atas
</link>
</artikel>
