<artikel>
	<id>OLA_SB_10_121</id>
	<judul>Bungkam Singapura, Thailand Lolos ke Semifinal Piala AFF 2016</judul>
	<tanggal>22/11/16</tanggal>
	<kata_kunci>thailand lawan singapura, piala AFF</kata_kunci>
	<isi>  BULACAN, KOMPAS.com -Tim nasional (timnas) Thailand melangkah ke semifinal Piala AFF . Kepastian tersebut setelah Teerasil Dangda dan kawan-kawan mengalahkan Singapura dengan skor - di Philppine Sports Stadium, Selasa (//).Sepanjang laga, Thailand kesulitan menembus pertahanan Singapura. Laga ini juga menjadi panggung bagi bek senior The Lions, julukan Singapura, Daniel Bennet (), sebagai pemain pemilik caps terbanyak timnya dengan  penampilan.Singapura menumpuk banyak pemain di lini pertahanan. Dalam formasi awal, terhitung pelatih V Sundramoorthy menurunkan lima bek dan satu gelandang bertahan.Thailand mendominasi jalannya laga dengan penguasaan bola mencapai  persen. Namun, tim asuhan Kiatisuk Senamuang tersebut cuma mampu melepaskan dua percobaan tepat sasaran ke arah gawang Singapura.Singapura yang terus ditekan memilih bermain keras untuk merusak momentum serangan Thailand. Buktinya, jumlah pelanggaran yang dihasilkan Daniel Bennet dkk mencapai  kali pada paruh ini.Tidak jauh berbeda dengan babak pertama, pada paruh kedua, Thailand tetap kesulitan menembus seperti akhir Singapura.Singapura menumpuk hingga delapan pemain saat bertahanan dan sesekali melakukan serangan balik berbahaya.Menjelang akhir laga, Thailand berhasil memecah kebuntuan. Kelengahan barisan belakang Singapura berhasil dimanfaatkan oleh penyerang pengganti, Sarawut Masuk, untuk menciptakan gol kemenangan timnya pada menit ke-.Dengan hasil ini, Thailand kokoh di puncak klasemen Grup A dengan enam poin setelah pada laga perdana menang - atas Indonesia. Sementara Singapura terpaku di urutan ketiga dengan satu poin.(Segaf Abdullah)HASIL PERTANDINGANThailand - Singapura (Sarawut Masuk ')SUSUNAN PEMAINThailand (--):-Kawin Thamsatchanan; -Koravit Namwiset, -Theerathon Bunmathan, -Tristan Do; -Sarach Yooyen, -Tanaboon Kesarat, -Pokklaw A-Nan, -Chanatip Songkrasin; -Sirod Chatthong (-Sarawut Masuk '), -Teerasil Dangda, -Rungrat PhumichantukPelatih:Kiatisuk Senamuang Singapura (---):-Hassan Sunny; -Shakir Hamzah, -Juma'at Jantan, -Daniel Bennet, -Madhu Mohana, -Faritz Hameed; -M Anumanthan; -Faris Ramli, -Hariss Harun, -Safuwan Baharudin (-Izzdin Shafiq'); -Khairul AmriPelatih:V SundramoorthyWasit:Arumughan Rowan (India)</isi>
	<link>http://bola.kompas.com/read/2016/11/22/17495038/bungkam.singapura.thailand.lolos.ke.semifinal.piala.aff.2016
</link>
</artikel>
