<artikel>
	<id>OLA_SB_10_116</id>
	<judul>Lilipaly Bahas Penghamburan Peluang Indonesia dan Kiper Filipina</judul>
	<tanggal>22/11/16</tanggal>
	<kata_kunci>indonesia lawan filipina, piala AFF</kata_kunci>
	<isi> Laporan langsung Anju Christian dari Bocaue, Filipina BULACAN, KOMPAS.com- Gelandang tim nasional (timnas Indonesia), Stefano Lilipaly, menilai ada dua faktor kegagalan timnya mengalahkan Filipina pada partai kedua Grup A Piala AFF  di Philippine Sports Stadium, Selasa (//). Laga ini berakhir dengan skor -. Indonesia unggul dua kali berkat gol Fachruddin Aryanto pada menit ke- dan Boaz pada menit ke-. Adapun Filipina membalas lewat Misagh Bahadoran pada menit ke- dan Phil Younghusband pada menit ke-. Dari laga ini, Lilipaly menyoroti penghamburan peluang timnya. Dicatat AFF, pasukan Alfred Riedl melepaskan sepuluh tembakan tepat sasaran dari  usaha "Kami seharusnya bisa mencetak lebih banyak gol. Ada banyak peluang terbuang. Sebaliknya, mereka mencetak gol dari tendangan bebas, terlihat sangat mudah," tutur Lilipaly sebelum memasuki bus tim. Untuk faktor kedua, Lilipaly menunjuk peran Roland Richard di bawah mistar Filipina. Tercatat ada delapan penyelamatan dilakukan pemilik nomor kostum  itu. "Dia sangat bagus karena melakukan banyak penyelamatan. Jadi, kami sedikit kurang beruntung," ucap Lilipaly. #Thailandare Group A winners but the remaining three teams still have a chance to reach the#AFFSuzukiCupsemi-finals!pic.twitter.com/xPichuVJH Akibat hasil ini, Indonesia tertahan di posisi buncit dengan koleksi dua poin dari dua laga. Di atasnya, ada Singapura yang unggul selisih gol. Adapun Filipina bertengger di peringkat kedua berkat raupan dua poin atau terpaut empat angka dari Thailand, yang sudah memastikan tempat ke semifinal. Artinya, untuk lolos ke babak selanjutnya, Indonesia wajib memenangi partai terakhir kontra Singapura sambil berharap Filipina gagal mengalahkan Thailand, Jumat (//). </isi>
	<link>http://bola.kompas.com/read/2016/11/22/23014408/lilipaly.bahas.penghamburan.peluang.indonesia.dan.kiper.filipina
</link>
</artikel>
