<artikel>
	<id>OLA_SB_10_747</id>
	<judul>Pecundangi PS TNI, Arema Tatap Gelar ISC A 2016</judul>
	<tanggal>26/11/16</tanggal>
	<kata_kunci>ps tni, arema, isc</kata_kunci>
	<isi> MALANG - Arema Cronus berhasil mempertahankan puncak klasemen Indonesia Soccer Championship (ISC) A  seusai mengalahkan PS TNI - pada pekan ke- di Stadion Kanjuruhan, Jumat (//).Cristian Gonzales membuka kemenangan Singo Edan lewat eksekusi penalti pada menit ke-. Sepakan  pas diberikan wasit Fariq Hitaba setelah pemain PS TNI Wiganda Pradika menyentuh bola di kotak terlarang. Arema nyaris memperbesar keunggulan pada menit ke-. Berawal dari sodoran umpan Nick Kalmar kepada Ahmad Alfarizie yang diteruskan ke Esteban Vizcarra. Namun, sepakan Vizcarra yang berdiri bebas di depan gawang terlalu lemah.Keunggulan Arema menguap setelah sundulan penyerang PS TNI Aldino Herdianto berhasil menyamakan kedudukan pada menit ke-. Aldino sukses memanfaatkan umpan tendangan bebas Wawan Febrianto. Skor - bertahan hingga babak pertama usai. Hamka Hamzah menjadi pahlawan di laga ini. Sundulannya pada menit ke- yang memanfaatkan sepak pojok Ferry Aman Saragih, memastikan Arema menambah tiga angka krusial. Kemenangan ini membuat Arema kokoh di puncak klasemen ISC A  dengan raihan  poin dalam sisa empat laga. Di urutan kedua, Madura United (MU) dengan  angka. MU akan dijamu Persipura, Sabtu (//) di Stadion Mandala. Persipura bertengger di peringkat  dengan  angka. Jika Mutiara Hitam -julukan Persipura- menang, maka akan menggusur posisi MU. (sha) dibaca .x </isi>
	<link>http://soccer.sindonews.com/read/1158360/58/pecundangi-ps-tni-arema-tatap-gelar-isc-a-2016-1480096699
</link>
</artikel>
