<artikel>
	<id>OLA_SB_10_027</id>
	<judul>Nur Iman Jumpa Walisongo di Final LSN 2016</judul>
	<tanggal>30/10/16</tanggal>
	<kata_kunci>LSN, Nur Iman, Walisongo, final</kata_kunci>
	<isi> KOMPAS.com- Laga final Liga Santri Nusantara (LSN)  digelar di Stadion Maguwoharjo, Sleman pada Minggu (//) petang. Dua tim yang melaju ke partai puncak laga ini adalah Nur Iman Mlangi, Sleman, Yogyakarta melawan tim asal Jateng, Walisongo FC, Sragen. Keberhasilan Nur Iman melaju ke final setelah sebelumnya menaklukkan wakil Jawa Barat, Al Falah Bandung dengan skor -. Sementara itu, Walisongo melaju setelah membungkam Al Asy'ari, Banten, -. Kedua laga ini digelar di Stadion Maguwoharjo, pada Sabtu (/) siang dan sore tadi. Ketua panitia Abdul Ghaffar Rozin, menjelaskan bahwa turnamen sepak bola U- yang dianggarkan oleh Kemenpora itu memang digelar dengan merangkul PBNU dan RMI. "Pak Menpora Imam Nahrawi berinisiatif untuk memajukan sepabola Indonesia dengan melibatkan sumber daya dari pesantren. Ini harus diapresiasi," ucap Rozin. LSN menurutnya juga bertujuan untuk menggelorakan olahraga di kalangan pesantren dan santri menuju indonesia bugar. Dalam laga final nanti, para santri juga akan diajak mengaji bersama band Slank dan juga Menpora. Keduanya akan menutup gelaran LSN .</isi>
	<link>http://bola.kompas.com/read/2016/10/30/17122868/nur.iman.jumpa.walisongo.di.final.lsn.2016
</link>
</artikel>
