<artikel>
	<id>OLA_SB_10_766</id>
	<judul>Awas, Persija! Madura United Tak Mau Ternoda di Kandang Barunya</judul>
	<tanggal>15/11/16</tanggal>
	<kata_kunci>persija, madura united, isc</kata_kunci>
	<isi> MADURA - Madura United (MU) FC akan menggunakan kandang anyar saat menjamu Persija Jakarta pada pekan ke- Indonesia Soccer Championship (ISC) A , Minggu (//). Pasukan Mario Gomes de Olivera bakal bermain di Stadion Pamekasan yang sudah bisa dioperasikan.Stadion Pamekasan sudah diverifikasi operator kompetisi PT GTS dan dinyatakan siap untuk menggelar pertandingan. Hasil positif dalam verifikasi itu pun tak disia-siakan tim berjuluk Sape Kerap untuk mencicipi rumput baru di stadion tersebut."Kami sudah mempersiapkan semua yang terkait dengan kebutuhan pertandingan, mulai izin keamanan dan cetak tiket. Intinya Stadion Pamekasan sudah siap digunakan untuk pertandingan Madura United lawan Persija," jelas Direktur PT Polana Bola Madura Bersatu (PBMB) Zia Ul Haq Abdurrahim.Stadion Pamekasan sebelumnya mengalami renovasi dan memang jauh hari dipersiapkan sebagai kandang MU. Setelah renovasi tuntas, manajemen MU secepatnya mengusulkan stadion berkapasitas . penonton itu ke PT GTS.Operator kompetisi sepekan silam sudah meninjau langsung guna melakukan verifikasi, terutama pada kelengkapan stadion. Hasilnya ternyata positif karena Stadion Pamekasan telah dinyatakan layak untuk menggelar pertandingan selevel ISC A .Namun, belum ada kepastian apakah ke depannya MU akan benar-benar meninggalkan Stadion Gelora Bangkalan yang selama ini menjadi kandang mereka. "Kami akan lihat situasinya ke depan. Bisa saja dua-duanya masih tetap dipakai," kata Zia Ul Haq.Pihak MU berharap penampilan perdana di Stadion Pamekasan bakal memberikan efek positif pada hasil laga. MU tak ingin ternoda dalam debutnya di Stadion Pamekasan. Apalagi Sape Kerap kini sedang bersaing ketat dengan Arema Cronus di papan atas klasemen sementara ISC A ."Tentunya kami berharap hasil yang menggembirakan ketika bermain di Stadion Pamekasan. Atmosfer suporter juga tidak jauh berbeda dengan saat bermain di Gelora Bangkalan. Kami yakin animo suporter akan tetap terjaga," tandas dia.Beberapa kelompok suporter pun sudah mempersiapkan diri untuk memberi dukungan pada tim kesayangannya. Terutama dalam misi menjaga keamanan dan kenyamanan di stadion saat timnya berseteru dengan Persija Jakarta. (sha) dibaca .x </isi>
	<link>http://soccer.sindonews.com/read/1155495/58/awas-persija-madura-united-tak-mau-ternoda-di-kandang-barunya-1479198448
</link>
</artikel>
