<artikel>
	<id>OLA_SB_10_604</id>
	<judul>Mewaspadai Aksi Phil Younghusband untuk Filipina</judul>
	<tanggal>22/11/16</tanggal>
	<kata_kunci>indonesia lawan filipina, piala aff</kata_kunci>
	<isi>




 - Timnas Indonesia akan berhadapan dengan Filipina di laga kedua Piala AFF . Agar bisa menang, timnas diminta tak memberi ruang pada Phil Younghusband.Pertandingan Indonesia melawan Filipina akan berlangsung di Philippine Sports Stadium, Selasa (//) pukul . WIB. Indonesia wajib untuk menang di laga ini, karena belum berhasil mengumpulkan poin. Sementara Filipina sudah mengumpulkan satu angka.Agar bisa memperbesar kans untuk menang, skuat 'Garuda' disebut harus mengisolasi pergerakan Younghusband yang jadi pengatur serangan The Azkals. Saat Filipina mengalahkan Indonesa - dua tahun silam, Younghusband menjadi salah satu pemain kuncinya. Pemain  tahun itu mencetak satu gol dan satu assist.Hal itu yang menjadi perhatian bek Indonesia, Gunawan Dwi Cahyo. Dia menyebut Younghusband merupakan pemain Filipina yang paling berbahaya."Kalau saya melihat Filipina kekuatannya masih di bawah Thailand. Para pemain timnas optimistis bisa mengalahkan mereka. Itu melihat hasil laga Filipina melawan Singapura," kata Gunawan kepada pewarta."Yang paling saya waspadai dari Filipina, (Phil) Younghusband. Dia yang bisa membagi bola berbahaya ke lini depan. Kalau dia dibiarkan lolos, akan sangat berbahaya," imbuhnya.Di laga pertama Indonesia saat melawan Thailand, Gunawan cuma menjadi cadangan. Dengan penampilan lini belakang yang masih belum solid, dia pun berpeluang untuk tampil. Pemain Persija itu siap bermain andai diberi kepercayaan tampil.Gunawan juga berniat menjebol gawang Filipina andai diberi kepercayaan bermain. Bersama 'Macan Kemayoran', Gunawan cukup produktif kendati bermain sebagai pemain belakang. Dia sudah mencetak sebanyak empat gol di kompetisi Torabika Soccer Championship."Kami sebagai pemain pasti inginnya main, namun semua tergantung pelatih. Yang terpenting, saat saya diberi kesempatan, saya harus menunjukkan bahwa saya pantas," ujar Gunawan."Kalau besok saya bermain, saya ingin timnas tak kebobolan dan juga bisa mencetak gol, karena saya tak hanya ingin mencetak gol di Persija tapi juga untuk timnas," lanjutnya.








</isi>
	<link>http://sport.detik.com/sepakbola/liga-indonesia/3351094/mewaspadai-aksi-phil-younghusband-untuk-filipina
</link>
</artikel>
