<artikel>
	<id>OLA_SB_10_754</id>
	<judul>Jadwal Lengkap dan Klasemen Pekan ke-29 ISC A 2016, 18-21 November</judul>
	<tanggal>17/11/16</tanggal>
	<kata_kunci>klasemen isc</kata_kunci>
	<isi> JAKARTA - Indonesia Soccer Championship (ISC) A  menyisakan lima laga. Tim papan atas pun mulai berpacu menjadi yang terdepan. Arema Cronus, Madura United, dan Persipura Jayapura, akan melakoni laga krusial pada pekan ke-, yang digelar Jumat (//) hingga senin (//).Arema yang memuncaki klasemen ISC A  dengan  poin akan dijamu tim penghuni dasar klasemen Barito Putera di Stadion  Mei Banjarmasin, Sabtu (//). Ini kesempatan Singo Edan untuk menjaga jarak dengan Madura United yang memiliki poin sama dengan Arema. (Baca juga: Kekuatan Pulih, Arema Cronus Siap Mengamuk di Banjarmasin).MU akan melakoni laga sulit kontra Persija Jakarta di Stadion Pamekasan, Minggu (//). MU pun harus menang jika tak ingin kehilangan takhta. Pasukan Mario Gomes de Olivera berharap stadion anyar Pamekasan memberi motivasi lebih kepada pemainnya untuk bisa menumbangkan  Macan Kemayoran yang tercecer di peringkat  dengan  poin. (Baca juga: Awas, Persija! MU Tak Mau Ternoda di Kandang Barunya).Sementara Persipura yang menempati peringkat  akan dijamu Persiba Balikpapan, Sabtu (//). Di hari yang sama, Persib Bandung juga akan berjibaku melawan tim tangguh Semen Padang di Stadion Si Jalak Harupat, Soreang. Sedangkan Bhayangkara FC akan menjamu PSM Makassar di Stadion Gelora Delta, Sidoarjo, Senin (//). (Baca juga: Banyak Pemain Cedera, Juku Eja Pusing Racik Skema Permainan)Berikut jadwal lengkap dan klasemen pekan ke- ISC A , - NovemberJumat,  November . WIB Pusamania Borneo FC vs Persela LamonganSabtu,  November . WIB Barito Putera vs Arema Cronus. WIB Persiba Balikpapan vs Persipura Jayapura. WIB Persib Bandung vs Semen PadangMinggu,  November . WIB Perseru Serui vs Sriwijaya FC. WIB PS TNI vs Bali United. WIB Madura United vs Persija JakartaSenin,  November . WIB Bhayangkara FC vs PSM Makassar. WIB Mitra Kukar vs Persegres Gresik UnitedKlasemen ISC A      Pos   Tim    M   Mn   S   K   Gm-Km   P        Arema Cronus                -           Madura United               -           Persipura Jayapura                -           Bhayangkara FC               -           Sriwijaya FC               -           Mitra Kukar                 -           Semen Padang               -           PSM Makassar                -           Persib Bandung                -           Pusamania Borneo FC                -           Perseru Serui                -           Bali United                   -           Persiba Balikpapan               -           Persija Jakarta                -           Persegres Gresik Utd                -           PS TNI               -           Persela Lamongan               -           Barito Putera               -                                               Ket:     * Jadwal dapat berubah sewaktu-waktu, sumber: indonesiansc.com  *M=Main, Mn=-Menang, S=seri, K=Kalah, Gm=Gol memasukkan, GK=Gol kemasukan, P=Poin    (sha) dibaca .x </isi>
	<link>http://soccer.sindonews.com/read/1156007/58/jadwal-lengkap-dan-klasemen-pekan-ke-29-isc-a-2016-18-21-november-1479340082
</link>
</artikel>
