<artikel>
	<id>OLA_SB_10_640</id>
	<judul>Selamat Berjuang, Skuat Garuda!</judul>
	<tanggal>19/11/16</tanggal>
	<kata_kunci>timnas indonesia, piala aff</kata_kunci>
	<isi>




 - Perjuangan timnas Indonesia di Piala AFF  akan dimulai hari Sabtu (/) ini. Tim 'Merah Putih' akan langsung menghadapi lawan tangguh, Thailand .Indonesia tergabung di Grup A yang akan memainkan seluruh pertandingannya di Filipina. Selain tuan rumah, Indonesia juga bersaing dengan Thailand dan Singapura.Laga antara Thailand dan Indonesia akan menjadi pembuka Piala AFF . Pertandingan akan digelar di Philippine Sports Stadium, Sabtu (//) pukul . WIB.Secara head-to-head, Indonesia masih kalah dari Thailand. Bertemu  kali di semua kompetisi, Indonesia hanya menang  kali. Sementara Thailand unggul di  pertandingan. Menatap laga perdana, Indonesia bermodal hasil kurang oke selama menjalani uji coba. Dalam empat pertandingan terakhir, Indonesia hanya menang sekali dan tiga laga lainnya berakhir seri.Sementara itu, Thailand baru saja menahan tim kuat, Australia, di kualifikasi Piala Dunia  dengan skor -. Sebagai juara bertahan, Thailand juga digadang-gadang sebagai tim favorit."Thailand adalah tim favorit di turnamen ini. Tapi, apapun bisa terjadi di lapangan. Kami harus melihat hasilnya besok," ujar Riedl di sesi jumpa pers sebelum pertandingan di Marco Polo Hotel, Manila, Jumat (//).Kendati tak diunggulkan, timnas Indonesia tidak gentar menghadapi Thailand. Gelandang timnas, Evan Dimas, menyerukan agar tetap optimistis."Biasa saja, dianggap biasa saja. Tidak ada kewaspadaan tinggi. Santai saja tidak usah panik," ucap Evan.Hal senada juga diungkapkan oleh Andik Vermansah. Tak jadi unggulan justru akan membuat Indonesia tampil tanpa beban."Persiapan sudah oke semua, Insya Allah besok kami bisa meladeni permainan Thailand," kata Andik kepada pewarta seusai sesi ujicoba lapangan, Jumat (//) kemarin."Mohon doa dan dukungannya kepada seluruh warga Indonesia. Laga perdana nanti kita ingin bermain tanpa beban, dan lepas. Semoga bisa meraih kemenangan. Kondisi tim juga bagus semua," tambahnya.Di sisi lain, keunggulan statistik tak membuat Thailand jemawa. Mereka menilai semua tim punya potensi menyulitkan."Statistik-statistik itu sudah masa lalu, kami menatap apa yang kami hadapi saat ini," ucap pelatih Kiatisuk Senamuang dalam sesi konferensi pers jelang pertandingan yang dilangsungkan Jumat (//) kemarin."Setiap tim kuat. Kami memilih fokus pada tim kami sendiri. Kami ingin menjadi juara, tapi kami ingin fokus pada fase grup lebih dulu," lanjutnya.Mengalahkan Thailand bisa jadi bukan pekerjaan mudah untuk Indonesia. Tapi, segalanya bisa terjadi di lapangan. Selamat berjuang, tim Garuda!








</isi>
	<link>http://sport.detik.com/sepakbola/liga-indonesia/3349136/selamat-berjuang-skuat-garuda
</link>
</artikel>
