<artikel>
	<id>OLA_SB_10_651</id>
	<judul>Indonesia Langsung Hadapi Thailand, Evan Dimas: Biasa Saja, Tak Usah Panik</judul>
	<tanggal>17/11/16</tanggal>
	<kata_kunci>idonesia lawan thailand</kata_kunci>
	<isi>




 - Timnas Indonesia langsung menghadapi lawan kuat di Piala AFF --Thailand. Evan Dimas menyebut tak perlu panik dengan kenyataan itu.Di Piala AFF kali ini Indonesia menempati Grup A. Thailand jadi lawan pertama, Sabtu (//), di Philippine Sports, Bocaue. Setelah itu, Boaz Salossa dkk. bakal melawan Filipina pada  November dan menghadapi Singapura tiga hari kemudian.Thailand sendiri akan menghadirkan tantangan berat buat 'Skuat Garuda', salah satunya karena predikat juara bertahan yang mereka sandang. Tapi Evan tetap optimistis."Biasa saja, dianggap biasa saja. Tidak ada kewaspadaan tinggi. Santai saja tidak usah panik. Tapi saya akan tetap memberikan yang terbaik kalau pelatih menurunkan saya," ujar Evan saat ditemui sebelum berangkat ke Filipina di Bandara Soekarno-Hatta.Bek Beny Wahyudi melontarkan optimisme serupa. Ia menyadari Thailand adalah lawan yang berbahaya, tapi Indonesia pun sudah melakukan persiapan sebaik mungkin."Thailand tim kuat tetapi kita tidak boleh kalah sebelum bertanding. Kita sudah latihan juga. Kita siap untuk melawan Thailand. Buat masyarakat Indonesia kita minta restunya, doa dan dukungannya, terutama minta doa semoga bisa memberikan hasil yang terbaik," kata Beny.








</isi>
	<link>http://sport.detik.com/sepakbola/liga-indonesia/3347968/indonesia-langsung-hadapi-thailand-evan-dimas-biasa-saja-tak-usah-panik
</link>
</artikel>
