<artikel>
	<id>OLA_SB_10_063</id>
	<judul>Seri Nasional Liga Santri Digelar di Yogyakarta</judul>
	<tanggal>24/10/16</tanggal>
	<kata_kunci>Liga Santri Nusanntara, Pesantren, Kementerian Pemuda dan Olahraga</kata_kunci>
	<isi>  KOMPAS.com -Liga Santri Nusantara (LSN) adalah turnamen sepak bola U- yang diikuti oleh para santri dari berbagai pesantren di seluruh Indonesia. Kementerian Pemuda dan Olahraga bekerja sama dengan Asosiasi Pondok Pesantren se-Indonesia (RMI PBNU) berinisiatif untuk memajukan sepak bola Indonesia dengan melibatan sumber daya dari pesantren. Jumlah pesantren yang berada di bawah RMI tercatat . pesantren dengan jumlah santri lebih dari  juta orang, merupakan sumber potensial bagi bibit-bibit pesepak bola nasional. Hal itu sekaligus menjadi pasar yang besar untuk pengembangan industri sepak bola nasional. Selain faktor sumber daya dan potensi pasar dari pesantren, LSN juga menjadi upaya bersama khususnya dari kaum santri untuk menyumbangkan kultur yang baik dan positif bagi pengembangan sepak bola nasional. Tradisi pesantren dan santri yang luhur bisa ditularkan untuk peningkatan mutu dan kultur sepak bola nasional, seperti tradisi tahlilan dan salawat sebelum bermain, tradisi cium tangan kepada wasit sebelum bertanding, dan ketika mendapat kartu karena suatu pelanggaran. Dari sisi penonton, para santri juga bisa memberi contoh bagaimana menjadi supporter sepak bola yang tertib dan santun, di mana perjalanan santri menuju stadion dan saat di dalam stadion penuh dengan alunan salawat yang menyejukkan hati. Saat ini, LSN memasuki seri nasional. Seri Nasional LSN  yang digelar di Yogjakarta ini adalah puncak penyelenggaraan LSN  setelah berlangsung babak kualifikasi di tingkat regional. Pada seri regional, yang berlangsung pada bulan Agustus September , dari  region yang ada, LSN  diikuti oleh  klub/pesantren di seluruh Indonesia. Tiap-tiap juara dari masing-masing region mengikuti Seri Nasional LSN  di Yogjakarta untuk memperebutkan juara nasional dan Trofi Menpora RI. Pada Seri Nasional  di Yogjakarta ini, LSN diikuti oleh  Tim/Pesantren dari juara di masing-masing region. Tercatat peserta yang sudah hadir di Yogja sebanyak . orang terdiri atas pemain, manajer tim, ofisial, dan didampingi Koordinator Region. Jumlah tersebut belum termasuk supporter. Seri Nasional LSN  akan berlangsung mulai tanggal - Oktober, dengan menggunakan  stadion, yaitu Maguwoharjo, Tridadi, Dwi Windu, Sultan Agung, Baturetno, AAU Timur, dan Stadion AAU Barat Bantul. Untuk Pembukaan Seri Nasional LSN  akan dilaksanakan di Stadion Sultan Agung Bantul, pada Senin ini. Selesai pembukaan dilanjutkan pertandingan antara PP Nur Iman Mlangi Sleman DIY Vs PP Darut Taibin Tulungagung Jawa Timur. Untuk Final dan penutupan akan dilaksanakan di Stadion Maguwoharjo Sleman, Minggu (//) pukul . WIB.</isi>
	<link>http://bola.kompas.com/read/2016/10/24/18125388/seri.nasional.liga.santri.digelar.di.yogyakarta
</link>
</artikel>
