<artikel>
	<id>OLA_SB_10_029</id>
	<judul>Indonesia Vs Singapura, Riedl Incar 3 Gol</judul>
	<tanggal>24/11/16</tanggal>
	<kata_kunci>indonesia lawan singapura, Alfred Riedl</kata_kunci>
	<isi>Pelatih tim nasional (timnas) Indonesia, Alfred Riedl, berharap anak-anak asuhnya bisa tampil produktif melawan Singapura pada partai lanjutan Grup A Piala AFF 2016 di Rizal Memorial Stadium, Jumat (25/11/2016).
 
	Timnas harus memenangi laga ini, sambil berharap Filipina gagal mengalahkan Thailand pada waktu bersamaan. Hanya dengan skenario itu, Indonesia bisa lolos ke babak selanjutnya.
	 
	Bukan perkara mudah karena pertahanan Singapura sudah terbukti solid dengan catatan cuma satu kali kemasukan dari dua laga. Namun, Riedl tidak lantas merasa pesimistis untuk membongar lini belakang lawan.
	 
	"Apabila kami tidak yakin, untuk apa menjalani pertandingan besok? Kami akan mengerahkan kemampuan terbaik dan semoga bisa mencetak dua atau tiga gol," ucap Riedl setelah sesi latihan di Rizal Memorial, Kamis (24/11/2016).
	 
	Permainan defensif Singapura bukanlah satu-satunya kekhawatiran. Lawan diprediksi bakal memeragakan permainan keras untuk meredam serangan Indonesia yang dikenal eksplosif.
	 
	Strategi serupa diterapkan Filipina ketika menahan Indonesia 2-2 pada laga kedua di Philippine Sports Stadium, Selasa (22/11/2016). Andik Vermansah kerap mendapatkan jegalan keras sehingga diganti pada paruh pertama.
	 
	Hanya, Riedl meminta pemain untuk tidak tersulut emosi apabila skenario serupa terulang.
	 
	"Saya meminta pemain untuk tidak tegang dan tidak bereaksi terhadap provokasi," tutur Riedl.</isi>
	<link>http://bola.kompas.com/read/2016/11/24/20472808/indonesia.vs.singapura.riedl.incar.3.gol
</link>
</artikel>
