<artikel>
	<id>OLA_SB_10_183</id>
	<judul>Tanpa Tiga Pemain, Persija Optimistis Kalahkan Sriwijaya</judul>
	<tanggal>22/10/16</tanggal>
	<kata_kunci>persija lawan sriwijaya</kata_kunci>
	<isi>




 - Persija Jakarta akan menghadapi Sriwijaya FC dalam laga lanjutan Torabika Soccer Championship (TSC). Di tengah usaha bangkit melanjutkan tren positifnya, Persija harus kehilangan tiga pemain.Persija akan bertandang ke markas Sriwijaya FC di Stadion Gelora Sriwijaya, Palembang, Minggu (/). Malang bagi Persija, untuk laga dengan Sriwijaya mereka kehilangan tiga pemain pilar. Andritany Ardhiyasa absen karena cedera, sementara Hong Soon-Hak dan Amarzukih terkena akumulasi kartu.Namun demikian kondisi itu tak membuat Persija pesimistis. Pelatih Muhammad Zein Alhadad mengaku sudah menentukan pemain pengganti."Kami sudah memilih siapa saja pemain pengganti. Saya berharap melawan Sriwijaya FC kami bisa kembali ke tren positif, meski kami kemarin kalah dari Arema. Tapi kami harus bangkit lagi," sahut pelatih yang disapa Mamak itu saat dihubungi, Sabtu (/).Untuk mengganti Andritany, pelatih asal Surabaya itu akan memainkan Reky Rahayu atau Rizky Darmawan. Di lini tengah, Mamak kemungkinan besar akan mencoba Maman Abdurahman yang ditugaskan lebih ke depan. Begitu pula dengan Sutanto Tan.Baru mengumpulkan  poin, Persija saat ini terlempar ke posisi  klasemen sementara. Mereka sempat dapat tren bagus setelah meraih tiga kemenangan beruntun. Namun di laga terakhirnya Macan Kemayoran malah digasak Arema Cronus -.Kiper: M. Rizky Darmawan, Reky RahayuBek: Andik Rendika Rama, Maman Abdurahman, Gunawan Dwi Cahyo, Willian Pacheco, Ismed Sofyan, Vava MarioGelandang: Ramdani Lestaluhu, Sutanto Tan, Siswanto, Novri Setiawan.Penyerang: Greg Nwokolo, Bambang Pamungkas, Rachmat Afandi, Emmanuel Kenmogne, Rodrigo Tosi.
						







</isi>
	<link>http://sport.detik.com/sepakbola/liga-indonesia/3326987/tanpa-tiga-pemain-persija-optimistis-kalahkan-sriwijaya
</link>
</artikel>
