<artikel>
	<id>OLA_SB_10_703</id>
	<judul>Lini Belakang Keropos, Persija Dituntut Kalahkan Persib</judul>
	<tanggal>05/11/16</tanggal>
	<kata_kunci>persija lawan persib</kata_kunci>
	<isi> SOLO - Persija Jakarta punya masalah besar jelang hadapi Persib Bandung di Stadion Manahan, Solo, Sabtu (//). Lini belakang Macan Kemayoran ditinggalkan empat pemain andalannya dan ini jadi alarm berbahaya buat mereka.Selain Gunawan Dwi Cahyo yang sedang membela Timnas Indonesia, kabarnya Persija tak akan diperkuat Willian Pachecho, Ismed Sofyan dan Andik Rendika Rama. Meski demikian mereka tetap dituntut meraih kemenangan sebab lawannya kali ini adalah Persib dan hasil akhir menentukan gengsi kedua tim."Para pemain harus mempunyai motivasi untuk memenangkan pertandingan. Lawan Persib, kami tentu harus meraih kemenangan. Apalagi kita sebagai tuan rumah. Persib tim yang cukup bagus dan pelatih mereka (Djajang Nurjaman) tentu juga bagus. Tapi sebagai tuan rumah kita tentunya punya keinginan untuk merebut kemenangan," kata pelatih Persija, Muhammad Zein Alhadad atau yang akrab disapa Mamak.Bentrokan kedua tim diyakini bakal berlangsung sengit. Tensi pertandingan akan memanas, namun Mamak tak ingin anak didiknya gampang terpancing emosi. Ia mengingatkan bahwa pemain-pemain Persib adalah kawan saat di luar lapangan."Ini pertandingan yang dinantikan. Kedua tim sama-sama bagus dan untuk besok, kita adalah rival. Namun selebihnya kita bersahabat," ucapnya.Sekadar catatan, dari tiga pertemuan terakhirnya kedua tim selalu gagal mencetak gol. Karenanya, laga ini seakan jadi pembuktian apakah Persib yang bisa melanjutkan tren positifnya dalam dua pertandingan terakhir, atau Persija yang dapat mengobati lukanya dari tiga kekalahan beruntun. (bep) dibaca .x </isi>
	<link>http://soccer.sindonews.com/read/1152931/58/lini-belakang-keropos-persija-dituntut-kalahkan-persib-1478281108
</link>
</artikel>
