<artikel>
	<id>OLA_SB_10_100</id>
	<judul>Striker Pengganti Persegres Siap Tampil Kembali</judul>
	<tanggal>03/11/16</tanggal>
	<kata_kunci>persegres, madura united, Yusuf Efendi, Striker</kata_kunci>
	<isi>  GRESIK, KOMPAS.com Yusuf Efendi menjawab kepercayaan pelatih Persegres Gresik United, Eduard Tjong, saat tampil sebagaistarter menghadapi Persiba Balikpapan, Sabtu (//) lalu. Yusuf pun berharap tetap memercayainya saat tim Laskar Joko Samudro - julukan Persegres - berjumpa Madura United di Stadion Gelora Bangkalan, pada pertandingan pekan ke- TSC , Jumat (//) besok.  Mohon maaf jika saya bermain tidak sesuai harapan dalam pertandingan lawan Persiba. Kalau memang masih dipercaya oleh pelatih dalam laga selanjutnya lawan Madura, saya sudah siap menampilkan kemampuan terbaik dan diusahakan akan lebih baik daripada sebelumnya, tutur Yusuf, Kamis (//). Ia pun lantas sedikit bercerita, terkait pertandingan lawan Persiba. Saat itiu, Persegres yang tanpa diperkuat Patrcik da Silva dan Oh In-kyun, harus mengakui keunggulan tamunya dengan skor tipis -.  Selama latihan dan saat pertandingan, yang diplot sebagai pengganti Patrick di depan itu (Gustavo) Giron. Namun, tiba-tiba saat pertandingan sudah berlangsung, Giron meminta saya untuk bertukar tempat, kata dia.  Saya sendiri tidak tahu alasannya apa, tetapi saya mengikutinya dan itu sudah diketahui oleh jajaran pelatih. Terus terang, saya harus adaptasi dari awal karena sebelumnya belum pernah sekalipun bermain di posisi itu (striker), termasuk saat latihan. Sebab saya memang aslinyasecond striker, ujar Yusuf. Meski demikian, ia menyatakan siap jika dirinya dalam laga kontra Madura United nanti bakal didapuk sebagai striker di depan. Pada laga tersebut, Patrick belum bisa dimainkan akibat masih harus menjalani sanksi hukuman akumulasi kartu.  Yang saya tahu, manajemen dan pengurus masih mengajukan banding atas sanksi yang diberikan kepada Patrick. Namun, kalau memang Patrick nanti masih belum bisa bermain, saya sudah siap menggantikan. Itu pun kalau memang pelatih menghendaki, ucap dia. Sementara itu, coach Edu sempat mengeluhkan mental bertanding para pemain muda saat dikalahkan Persiba. Dia menganggap, sosok pengganti dan para pemain muda Persegres belum siap menggantikan posisi yang ditinggalkan oleh Patrick dan In-kyun.</isi>
	<link>http://bola.kompas.com/read/2016/11/03/13082008/striker.pengganti.persegres.siap.tampil.kembali.
</link>
</artikel>
