<artikel>
	<id>OLA_SB_10_036</id>
	<judul>Kehilangan Patrick, Edu Bingung Tentukan Formasi</judul>
	<tanggal>29/10/16</tanggal>
	<kata_kunci>Persegres Gresik, Persiba Balikpapan, Patrick da Silva, Oh Inkyun, hukuman akumulasi kartu, Formasi</kata_kunci>
	<isi> GRESIK, KOMPAS.com Persegres Gresik United tidak akan diperkuat Patrick da Silva dan Oh Inkyun saat menjamu Persiba Balikpapan pada pekan ke- TSC , Sabtu (//) malam. Patrick harus menepi dan melihat pertandingan tersebut dari tribun, karena menjalani hukuman akumulasi kartu. Sementara Inkyun, tidak dapat dimainkan lantaran cedera yang dialaminya belum pulih. Untuk pemain pengganti Patrick dan Inkyun sudah saya siapkan, antara mendorong Yusuf (Efendi) bermain lebih ke depan atau memainkan (Kushedya Hari) Yudo sejak awal pertandingan, tutur pelatih Persegres, Eduard Tjong, dalam sesi jumpa pers sebelum pertandingan. Dengan kemungkinan tersebut, Edu memiliki dua opsi dalam menentukan formasi. Dia bisa tetap mempertahankan pola --- seperti yang dipakai selama ini, atau mengubahnya menjadi --, meski kedua pola ini bakal dijalankan tanpa striker murni. Kedua pola itu yang memang kami matangkan dalam latihan kemarin. Sebab --- dengan (Gustavo) Giron sebagaitarget manjuga sama saja, karena ia juga tak memiliki postur terlalu besar, yang bisa menjadi solusi untuk bola-bola atas, ucap Edu. Melihat pola yang diterapkan Edu saat menangani Persegres selama ini dengan menggunakandouble breaker, maka besar kemungkinan dua posisi di lini tengah akan menjadi milik Jusmadi dan Muhammad Sidik Saimima. Karena memang saya anggap, lini tengah khususnyadefensive midfielderitulah yang punya tanggung jawab besar dalam membantu pertahanan maupun mengawali serangan. Jadi, kini tinggal menentukan siapa tiga pemain di depan dua double breaker itu, termasuk satu penyerang di depannya, kata dia. Dengan stok pemain tersisa, tidak menutup kemungkinan Edu bakal memasang trio Ghozali Siregar, Rudi Setiawan, dan Gustavo Giron sebagaisecond line. Dia juga bisa mendorong Yusuf untuk bermain sedikit ke depan, atau malah memainkan Yudo dari menit pertama sebagai penyerang. Untuk pemilihan formasi antara -- atau ---, juga masih akan saya tentukan lagi jelang pertandingan. Begitu juga dengan pilihan antara Yudo dan Yusuf, atau mungkin mendapuk Giron sebagai target man, ujar Edu.</isi>
	<link>http://bola.kompas.com/read/2016/10/29/17240048/kehilangan.patrick.edu.bingung.tentukan.formasi
</link>
</artikel>
