<artikel>
	<id>OLA_SB_10_687</id>
	<judul>Arema Siapkan Mental untuk Jadi Juara ISC A 2016</judul>
	<tanggal>07/11/16</tanggal>
	<kata_kunci>arema, isc</kata_kunci>
	<isi> MALANG - Arema Cronus kembali menguasai puncak klasemen sementara Indonesia Soccer Championship (ISC) A , setelah melumat Persela Lamongan -, Minggu (//). Yang lebih menggembirakan, ketajaman Singo Edan kembali pulih dengan mencetak enam gol dalam dua pertandingan terakhir.Arema telah kembali ke jalur kemenangan setelah sebelumnya juga menjungkalkan Semen Padang. Sempat terseok-seok dan sulit meraih kemenangan, kini Arema kembali membuktikan dirinya sebagai kandidat kuat juara ISC A . Pelatih Arema Cronus Milomir Seslija pun mengklaim timnya akan siap menghadapi persaingan berat di pengujung musim."Saya yakin tim ini siap menghadapi tekanan dalam perburuan juara musim ini. Sebelum lawan Persela, kami dihadapkan pada tuntutan harus menang karena Madura United meraih angka penuh. Nyatanya, Arema berhasil meraih kemenangan," ujarnya.Dia pun meminta timnya agar menjaga konsistensi dan tidak lagi goyah di laga-laga berikutnya. Milo mengingatkan bahwa lawan-lawan yang menunggu di depan bakal sangat berat, terutama saat semua tim ingin mengakhiri musim dengan hasil maksimal."Saya terus mengingatkan bahwa tidak ada lawan mudah di sisa kompetisi. Kami bisa menang dan mencetak tiga gol ke gawang Semen Padang dan Persela Lamongan. Tetapi itu bukan jaminan akan terulang lagi kalau kami tidak bekerja lebih keras," sambungnya.Pelatih asal Bosnia ini pantas mewanti-tim timnya soal konsistensi memetik kemenangan. Pasalnya, dalam dua pekan ke depan Cristian Gonzales dan kolega bakal melakoni dua pertandingan away, yakni kontra Perseru Serui dan Barito Putera.Dual lawan Perseru layak digarisbawahi karena tim ini sangat sulit ditaklukkan di kandang sendiri selama ISC . Sedangkan Barito Putera tampaknya lebih masuk akal untuk dijadikan lumbung angka karena sedang terpuruk di urutan terbawah klasemen.Bek sekaligus kapten Hamka Hamzah mengatakan Arema wajib memanfaatkan momentum setelah meraih kemenangan besar secara beruntun. Dia ingin Singo Edan terus mendapat angka maksimal dan menjaga posisi di puncak klasemen."Perubahan situasi di klasemen sangat mungkin berubah. Hal terpenting yang harus dilakukan adalah tidak kehilangan angka dan kami mempunyai modal untuk itu. Saya rasa Arema bisa meneruskan hasil positif ke depannya," demikian Hamka. (sha) dibaca .x </isi>
	<link>http://soccer.sindonews.com/read/1153474/58/arema-siapkan-mental-untuk-jadi-juara-isc-a-2016-1478524215
</link>
</artikel>
