<artikel>
	<id>OLA_SB_10_037</id>
	<judul>Persiba Tetap Pede Tantang Persegres meski Tanpa Abdul Rahman</judul>
	<tanggal>29/10/16</tanggal>
	<kata_kunci>Persiba Balikpapan, Abdul Rahman, Persegras Gresik, TSC, Patrick da Silva, Inkyun</kata_kunci>
	<isi> GRESIK, KOMPAS.com Persiba Balikpapan cukup percaya diri meski tak diperkuat pemain bertahan andalannya, Abdul Rahman, saat menantang tuan rumah Persegres Gresik United pada pekan ke- TSC . Abdul Rahman dipanggil Timnas Indonesia untuk partai uji coba dalam persiapan menghadapi Piala AFF . Alhasil, dia absen saat Persiba bertemu Persegres di Stadion Petrokimia, Gresik, Sabtu (//) malam. Hanya Abdul Rahman saja yang tidak bisa main, karena gabung Timnas. Sementara pemain lain tidak ada masalah, tidak ada pemain yang cedera atau kena hukuman akumulasi kartu. Semua sudah siap menghadapi Persegres, tutur pelatih Persiba Jaino Matos, dalam jumpa pers sebelum pertandingan. Sementara itu di sisi lain, tim yang bakal dihadapi bakal kehilangan dua pemain andalannya di lini depan. Patrick da Silva tidak bisa dimainkan Persegres karena harus menjalani hukuman akumulasi kartu, sedangkan Oh Inkyun masih dibekap cedera. Tetapi kami tak mau anggap hal itu sebagai keuntungan, sebab Persegres punya perubahan bagus setelah Edu (pelatih kepala, Eduard Tjong) masuk menangani tim. Saya pastikan, Persiba tetap akanfightmenghadapi Persegres, kata dia. Kehilangan Patrick dan Inkyun, dikatakan Jaino, menjadikan dirinya lebih sulit dalam membaca pola permainan yang bakal diterapkan Edu bersama Persegres. Meskipun, Jaino dan tim Persiba, tetap menargetkan poin dalam pertandingan itu. Kami tahu akan jalani pertandinganaway, tetapi kami tak ingin sekadar bisa mencuri poin. Karena saya sudah tegaskan kepada para pemain, bila setiap pertandingan yang dijalani harus bisa meraih kemenangan, ucap Jaino. Guna menambal posisi lowong yang ditinggalkan oleh Abdul Rahman, besar kemungkinan Jaino bakal kembali memasang kuartet pertahanan seperti saat ditahan imbang - Mitra Kukar, pada pertandingan pekan sebelumnya. Hermawan, Dirkir Kohn Glay, Antonio Teles, serta Abdul Aziz, yang akan bertugas mematahkan setiap serangan para penyerang Persegres, sebelum berhadapan dengan penjaga gawang Persiba, Yuwanti Stya Beny.</isi>
	<link>http://bola.kompas.com/read/2016/10/29/17090958/persiba.tetap.pede.tantang.persegres.meski.tanpa.abdul.rahman
</link>
</artikel>
