<artikel>
	<id>OLA_SB_10_001</id>
	<judul>Analisis Sergio van Dijk tentang Peluang Timnas di Piala AFF</judul>
	<tanggal>25/10/16</tanggal>
	<kata_kunci>timnas, pemain muda, piala AFF, Sergio van Dijk</kata_kunci>
	<isi> BANDUNG, KOMPAS.com- StrikerPersib Bandung, Sergio van Dijk, berbicara tentang tim nasional Indonesia yang akan tampil pada ajang Piala AFF bulan November nanti. Menurutnya, ada hal positif di skuad karena banyak pemain muda. Timnas di bawah besutan Alfred Riedl terus memantapkan komposisi pemain jelang event tersebut. Van Dijk, yang merupakan striker naturalisasi, merasa yakin Indonesia punya kans besar untuk berbicara banyak dalam event antarnegara Asia tenggara itu. Apalagi, banyak pemain muda yang dipanggil ke dalam skuad Garuda senior. Dikatakannya, ini patut diapresiasi dan merupakan hal yang sangat positif untuk regenerasi para pemain timnas. "Bagus karena timnas harus melakukan regenerasi kalau pemain muda tidak dikasih kesempatan bermain nanti mereka tidak ada pengalaman," ujar Van Dijk, Selasa (//). Pemain keturunan Belanda itu berpendapat, Indonesia harus mencontoh timnas Thailand di mana proses regenerasi pemain intensif dilakukan. "Saya rasa Thailand tim yang kuat, timnas mereka sudah menggunakan pemain muda seperti Indonesia tapi mereka sudah lebih dulu," ucapnya. "Hasilnya pada awal memang kurang bagus tetapi setelah beberapa tahun mereka bisa mememenangkan turnamen. Mudah-mudahan itu menjadi contoh untuk Indonesia," tambahnya. Dibukanya kesempatan kepada para pemain muda pun, kata Van Dijk, harus didukung oleh seluruh pihak, termasuk suporter. "Suporter di Indonesia harus sabar karena pemain-pemain muda masih butuh waktu untuk beradaptasi dengan beban dilevel Internasional," ucapnya. Van Dijk, yang sempat mengisi lini depan timnas menilai, skema permainan yang diterapkan Riedl saat ini cenderung lebih modern. "Timnas sekarang mungkin berbeda dengan timnas saat zaman saya. Zulham dan Irfan Bachdim mempunyai kemampuan lari lebih cepat. Kalau saya dipasang sebagai striker murni mungkin sekarang sudah tidak cocok," tuturnya.</isi>
	<link>http://bola.kompas.com/read/2016/10/25/22010078/analisis.sergio.van.dijk.tentang.peluang.timnas.di.piala.aff.
</link>
</artikel>
