<artikel>
	<id>OLA_SB_10_695</id>
	<judul>Preview Arema vs Persela: Membongkar Benteng Lamongan</judul>
	<tanggal>06/11/16</tanggal>
	<kata_kunci>arema lawan persela, isc</kata_kunci>
	<isi> MALANG - Arema Cronus menyiapkan strategi khusus untuk membongkar pertahanan Persela Lamongan saat bentrok di Stadion Kanjuruhan pada pekan ke- Indonesia Soccer Championship (ISC) A , Minggu (//).Tidak pernah terjadi Persela bermain terbuka saat berkunjung ke Malang. Siapa pun pelatihnya, tim asal Kota Soto lebih banyak menumpuk pemain di pertahanan dan mengandalkan serangan balik untuk menyerang.Hal itu sudah masuk dalam prediksi Arema Cronus sebagai tuan rumah. Singo Edan menyatakan siap dengan segala situasi di lapangan nanti, termasuk menghadapi strategi negatif yang akan diperagakan Persela."Kami banyak menemui lawan yang bertahan ketika bermain di kandang. Itu terkadang menjadi problem tersendiri, tapi saya sudah menyiapkan tim untuk menghadapi segala situasi. Tidak masalah kalau Persela bertahan," sebut Pelatih Arema Milomir Seslija.Dia menambahkan, timnya butuh bermain sabar dan telaten untuk membongkar benteng Laskar Joko Tingkir. Walau tetap mengusung permainan trengginas alias ofensif, dia meminta pemain tidak terburu-buru dalam mengonversi peluang.Bagi Milo, Persela bukan lawan yang mudah ditundukkan walau berada di papan bawah klasemen. Kunci keberhasilan di pertandingan nanti menurutnya ada di dalam diri pemain Arema sendiri. Dia ingin efisiensi permainan bisa kembali ditunjukkan timnya."Kami melakukan pekerjaan dengan baik saat mengalahkan Semen Padang dan tentu ingin itu berlanjut. Status tuan rumah tak menjamin kami bakal menang mudah. Berapa pun skornya, saya ingin Arema meraih tiga angka," begitu keinginan Milo.Formasi -- bakal kembali menjadi andalan tim pujaan Aremania. Trisula Cristian Gonzales, Dendi Santoso, dan Arif Suyono berpeluang menjadi pilihan. Namun ada opsi menempatkan Esteban Vizcarra di sayap untuk menambah akselerasi.Dari kubu seberang, Persela Lamongan kelihatannya akan menurunkan formasi -- atau --- dengan menempatkan Ivan Carlos sebagai pemain terdepan dan disokong Dendy Sulistyawan sebagai second striker. Itu jika Persela memilih sedikit bertahan.Jika ingin bermain lebih terbuka, maka pelatih Aji Santoso bisa menyuntikkan Saddil Ramdani bersama kedua striker tersebut. Aji sendiri mengakui timnya akan berada dalam bahaya jika meladeni permainan ofensif tuan rumah."Menghadapi tim seperti Arema, fokus pertama adalah pertahanan. Saya menginginkan pemain disiplin dan konsentrasi penuh di pertahanan, terutama membendung pemain yang punya kecepatan. Kami akan melakukan serangan balasan saat momennya tepat," begitu skenario awal Persela.Tapi, bisa jadi pernyataan Aji Santoso itu hanya sebagai pengecoh, karena nyatanya sejak menangani Persela dirinya jarang menetapkan taktik bertahan total. Yang pasti, dirinya menginginkan ada poin yang bisa dibawa pulang dari Malang.dibaca .x </isi>
	<link>http://soccer.sindonews.com/read/1153071/58/preview-arema-vs-persela-membongkar-benteng-lamongan-1478357588
</link>
</artikel>
