<artikel>
	<id>OLA_SB_10_783</id>
	<judul>Kalahkan Persipura, Persib Perpanjang Rekor di Kandang</judul>
	<tanggal>12/11/16</tanggal>
	<kata_kunci>persipura lawan persib</kata_kunci>
	<isi> BANDUNG - Persib Bandung sukses mengalahkan Persipura Jayapura dengan skor - dalam laga yang digelar di Stadion Si Jalak Harupat, Kabupaten Bandung, Sabtu (//) malam. Dua gol kemenangan Persib dicetak Kim Jeffrey Kurniawan pada menit  dan Sergio van Dijk pada menit . Kemenangan itu mempertegas rekor Persib di kandang yang tak pernah sekalipun menelan kekalahan. Selain itu, dari dua pertemuan musim ini, Persib dua kali mengalahkan Persipura dengan skor yang sama.Jalannya pertandinganPersib Bandung langsung menekan Pesipura Jayapura di babak pertama dalam laga yang digelar di Stadion Si Jalak Harupat, Kabupaten Bandung, Sabtu (//) malam. Gol pembuka Persib dicetak Kim Jeffrey Kurniawan pada menit .Usai turun minum, pelatih Djadjang Nurdjaman menarik Robertino Pugliara yang tampil apik di sepanjang babak pertama. Rachmad Hidayat pun masuk untuk menjadi jenderal lini tengah 'Maung Bandung'.Setelah babak kedua dimulai, Persipura berusaha mendominasi laga. Menit , aksi Ferinando Pahabol yang mengecoh pemain belakang Persib diakhiri sepakan melengkung. Beruntung bagi Persib, kiper M Natshir sigap menangkap bola.Menit , Persipura melepas sepakan ke mulut gawang Persib namun upaya tersebut belum membuahkan hasil karena diantisipasi kiper M Natshir. Ricardo Silva nyaris menyamakan kedudukan di menit ke- namun bola melenceng tipis ke kiri gawang Persib.Gol! Sergio van Dijk menggandakan keunggulan Persib menjadi - pada menit . Tanpa kesulitan, Sergio menanduk bola setelah mendapat umpan tendangan bebas dari Tony Sucipto di sektor kanan pertahanan Persipura.Terus mendapat tekanan, pelatih Djadjang Nurdjaman merespon dengan menarik Febri Hariyadi pada menit . Posisinya kemudian digantikan Tantan untuk menambah daya gedor dari sektor sayap.Hingga akhir laga, kedua tim terlibat aksi jual beli serangan, tapi serangan demi serangan tak mampu dituntaskan menjadi gol. Skor - pun bertahan hingga laga usai.Susunan pemain kedua tim,Persib Bandung: M Natshir (GK), Diogo Ferreira, Vladimir Vujovic, Tony Sucipto, Jajang Sukmara, Hariono, Atep (C) (' Samsul Arif), Febri Hariyadi (' Tantan), Robertino Pugliara (' Rachmad Hidayat), Sergio van DijkPersipura: Yoo Jae Hoon (GK), Muhammad Tahir, Ricardo Salampessy, Ruben Sanadi, Yohanis Tjoe, Yustinus Pae (' Bio Paulin), Ia Louis Kabes (C), Imanuel Wanggai (' Ricardo Silva), Osvaldo Ardiles (' Riky Kayame), Edward Wilson Junior, Ferinando Pahabol (mir) dibaca .x </isi>
	<link>http://soccer.sindonews.com/read/1154878/58/kalahkan-persipura-persib-perpanjang-rekor-di-kandang-1478961910
</link>
</artikel>
