<artikel>
	<id>OLA_SB_10_678</id>
	<judul>Starting XI: Lawan Vietnam, Indonesia Andalkan Ketajaman Boaz-Irfan Bachdim</judul>
	<tanggal>08/11/16</tanggal>
	<kata_kunci>uji coba, vietnam lawan indonesia</kata_kunci>
	<isi> HANOI - Tim nasional Indonesia mengandalkan duet Boaz Solossa dan Irfan Bachdim untuk merobek pertahanan Vietnam pada laga uji coba di Stadion Internasional My Dinh, Hanoi, Selasa (//). Pelatih Alfred Riedl menurunkan skuat terbaiknya sebagai starting XI.Riedl melakukan sejumlah perubahan melawan Vietnam. Jika saat melawan Myanmar menurunkan Boaz-Lerby Eliandry, kini duet Boaz-Irfan jadi andalan. Mereka disokong Rizki Pora, Stefano Lilipaly, Andik Vermansyah, dan Evan Dimas. Dengan masuknya Andik Vermansyah dan Stefano Lilipaly sebagai starter, lini tengah Indonesia menjanjikan untuk menguasai lapangan tengah. Sementara di bawah mistar, penjaga gawang Arema Cronus Kurnia Meiga diplot sebagai starter. Sebelumnya, Riedl menurunkan Andritany Ardhiyasa saat melawan Myanmar. Ini merupakan kali pertama Meiga tampil, karena kebugarannya cukup baik.Sementara di kubu Vietnam Kapten Le chong Vinh akan berkolaborasi dengan Nguyen Van Quyet dan Nguyen Van Toan untuk merusak pertahanan Indonesia. "Dalam pertandingan pertama kami bulan lalu, kami bermain imbang - melawan Indonesia. Kami mendapat pelajaran, terutama pertahanan," kata Pelatih Vietnam Nguyen Huu Thang. Susunan pemain:  Vietnam (--): Tran Nguyen Manh;  Dinh Tien Thanh, Troung Dinh Luat, Tran Dinh Dong, Vu Van Than; Nguyen Trong Hoang, Luong Xuan Truong, Dinh Thanh Trung; Nguyen Van Quyet, Nguyen Van Toan, Le chong VinhPelatih: Nguyen Huu ThangIndonesia (--): Kurnia Meiga (GK); Benny Wahyudi, M Abduh, Fachruddin, Yanto Basna; Rizki Pora, Stefano L, Andik Vermansyah, Evan Dimas; Boaz Solossa, Irfan Bachdim. Pelatih: Alfred Riedl (sha) dibaca .x </isi>
	<link>http://soccer.sindonews.com/read/1153751/58/starting-xi-lawan-vietnam-indonesia-andalkan-ketajaman-boaz-irfan-bachdim-1478607824
</link>
</artikel>
