<artikel>
	<id>OLA_SB_10_646</id>
	<judul>Rekor Head to Head Thailand vs Indonesia</judul>
	<tanggal>18/11/16</tanggal>
	<kata_kunci>thailand lawan indonesia, piala aff</kata_kunci>
	<isi>




 - Indonesia memenangi pertemuan terakhirnya dengan Thailand. Tapi jika dirunut sejak awal bentrok, 'Skuat Garuda' sering kalah dari pasukan 'Gajah Putih'.Duel terakhir Indonesia dengan Thailand sudah berlangsung enam tahun lalu, di Piala AFF . Bertanding di Stadion Utama Gelora Bung Karno, di hadapan . penonton, Indonesia meraih kemenangan tipis -.Meski lebih dulu tertinggal melalui Suree Sukha, Indonesia bisa menyamakan kedudukan dan bahkan membalikkan keadaan. Bambang Pamungkas mencetak gol yang mengubah kedudukan jadi - melalui eksekusi penalti di menit . Bepe lantas mencetak gol keduanya dalam laga tersebut di periode .Itu menjadi kemenangan nomor  Indonesia atas Thailand di sepanjang sejarah pertemuan kedua negara. Secara keseluruhan Indonesia masih kalah cukup jauh dari Thailand.Total Indonesia dan Thailand sudah berhadapan  kali di berbagai kompetisi. Jika Indonesia meraih  kemenangan, maka Thailand berhasil unggul pada  pertandingan lainnya. Sementara  sisanya tuntas tanpa pemenang.Indonesia mencetak  gol dalam laga-laga tersebut. Sementara Thailand melesakkan  gol. Demikian data milik FIFA.Berbicara soal performa, Thailand gagal menang di empat pertandingan terakhirnya. Namun itu terjadi atas lawan-lawan yang merupakan kekuata utama sepakbola Asia. Di Kualifikasi Ketiga Piala Dunia, Thailand berturut-turut kalah - dari Jepang, menyerah - di tangan Uni Emirat Arab, dan tunduk - saat bertemu Irak. Tapi beberapa hari lalu mereka mengimbangi Australia -.Sementara Indonesia menelan kekalahan - dari Vietnam pada pertandingan terakhir. Sebelumnya skuat besutan Alfred Riedl berimbang dengan Myanmar (-), imbang dengan Vietnam (-) dan menang saat berhadapan dengan Malaysia (-). Semua pertandingan itu berstatus ujicoba.








</isi>
	<link>http://sport.detik.com/sepakbola/liga-indonesia/3348697/rekor-head-to-head-thailand-vs-indonesia
</link>
</artikel>
