<artikel>
	<id>OLA_SB_10_025</id>
	<judul>Eduard Tjong Ungkap Beberapa Faktor Kekalahan Persegres</judul>
	<tanggal>30/10/16</tanggal>
	<kata_kunci>Persegre Gresik United, TSC, persiba</kata_kunci>
	<isi> GRESIK, KOMPAS.com  Pelatih Persegres Gresik United, Eduard Tjong, menjelaskan beberapa faktor kekalahan timnya dari Persiba Balikpapan pada partai pekan ke- TSC di Stadion Petrokimia, Sabtu (//) malam WIB. Persiba mengungguli tuan rumah berkat gol yang dilesakkan Hanif Abdurrauf Sjahbandi di menit ke-, dan Maycon Calijuri menit ke-. Sementara Persegres, hanya mampu membalas melalui eksekusi penalti Agus Indra Kurniawan pada menit ke-. Benarkanyang saya katakan sebelumnya, Persiba ini tim yang susah dikalahkan. Saya tidak mau mencari alasan, tetapi jujur tanpa Patrick (da Silva) dan (Oh) Inkyun di depan, anak-anak terlihat kesulitan dalam memanfaatkan peluang yang didapat,  ucap Edu, sapaan Eduard Tjong. Tidak adanya Patrick yang harus menjalani hukuman akumulasi kartu serta Inkyun yang masih belum sembuh dari cedera membuat Edu memainkan beberapa pemain pengganti. Ia mendorong Yusuf Efendi sebagai pengganti Patrick di depan, serta memasukkan Kushedya Heri Yudo pada menit ke- menggantikan Gustavo Giron. Persegres yang tanpa diperkuat Patrick dan Inkyun, sebenarnya lebih mendominasi permainan. Hanya saja, kerap kali peluang matang yang hadir di depan gawang Persiba, gagal dimanfaatkan oleh barisan penyerangnya. Ini menjadi tugas saya sebagai pelatih, untuk memperbaiki kualitas mereka (para pemain cadangan), supaya visi bermain mereka bisa menjadi lebih baik, kata dia. Tanpa kehadiran Patrick, lini depan Persegres gagal memanfaatkan peluang dari bola-bola atas, lantaran postur para penyerang tim Laskar Joko Samudro kalah tinggi dengan deretan bek Persiba. Sementara pola permainan bola pendek dengan variasi umpan cepat yang dipelajari selama latihan jelang pertandingan, juga gagal dipraktikkan dengan baik.  Secarageneral, kekalahan ini juga dikarenakan para pemain kurang disiplin. Baik para bek maupun lini tengah begitu banyak memberikan ruang kepada para pemain Persiba. Alhasil, mereka leluasa melakukan penetrasi di pertahanan yang harusnya tidak boleh terjadi,  ujarnya. Kondisi itulah yang dijadikan pelajaran. Edu menegaskan bakal segera memperbaiki kinerja anak didiknya untuk persiapan menghadapi pertandingan selanjutnya. Dalam laga lanjutan TSC , Persegres sudah ditunggu tuan rumah Madura United. Saya kira pola permainan Madura tidak akan jauh berbeda dengan apa yang ditampilkan Persiba dalam pertandingan tadi. Jadi, mau tidak mau, saya juga harus segera melakukan evaluasi dan perbaikan, karena dalam laga nanti kami sepertinya juga masih belum bisa diperkuat Inkyun, tutur Edu.</isi>
	<link>http://bola.kompas.com/read/2016/10/30/17453598/eduard.tjong.ungkap.beberapa.faktor.kekalahan.persegres
</link>
</artikel>
