<artikel>
	<id>OLA_SB_10_720</id>
	<judul>Kemenangan Telak Jadi Modal Penting Arungi Piala Soeratin U-17</judul>
	<tanggal>22/11/16</tanggal>
	<kata_kunci>piala soeratin, isc, persab brebes</kata_kunci>
	<isi> BANTUL - Persab Brebes tampil gemilang di laga pertama putaran nasional Indonesia Soccer Championship (ISC) Piala Soeratin U-. Menghadapi PSN Nunukan, Minggu (//) lalu, Persab menang telak -.Tampil di Stadion Sultan Agung Bantul, DI Yogyakarta, armada Persab tampil agresif. Egi Maulana Fikri pantas disebut sebagai bintang lapangan. Meski memulai laga dari bangku cadangan, ia sukses mencetak empat gol.Riski Fajar juga menyita perhatian. Ia persembahkan tiga gol buat tim asuhan Bambang Warsito.  "Permainan berjalan sesuai skenario. Para pemain tampil penuh percaya diri," kata Bambang.Tiga poin berikutnya dibidik Persab pada laga kedua Grup H, Rabu (//). Egi Maulana Fikri dkk ditantang Persesba Sumba Barat, penakluk Bandar Sulteng FC dengan skor -. Nantinya pemenang laga ini hampir pasti lolos ke fase berikutnya.Kemenangan telak juga ditorehkan PS Kodam II/Sriwijaya yang berjuang di Grup A Indonesia Soccer Championship (ISC) Liga Nusantara . Pada laga pembukaan yang dihelat Sabtu (//), mereka benamkan PS Pop Asahan empat gol tanpa balas.Hasil tersebut jadi modal positif PS Kodam II/Sriwijaya jelang menghadapi Blitar United di laga kedua, Selasa (//). Mereka unggul secara mental karena Blitar United telah menelan pil pahit di laga perdana. Dalam duel kontra Perseden Denpasar, mereka menyerah -.        Liga Nusantara :GRUP ABlitar United - Perseden DenpasarPS Kodam II/Sriwijaya - PS Pop AsahanGRUP BUnhalu FC - Persikotas TasikmalayaPS Urakan - Persma GRUP CPersiter Ternate - PS Pidie JayaPSKT Sumbawa Barat - Riau FCGRUP DPeseban Banjarmasin - PS Gas SawahluntoPersikota Tangerang - Persikutim Kutai TimurGRUP EMamuju Utama FC vs Persiku KudusPS Benteng - PS Belitung TimurGRUP FPerseka Bosowa vs YSK  KarimunDelta Khatulistiwa - PS BoalemoGRUP GPS Putra Palangkaraya - Persilat Lampung TengahMerangin FC - Nisa Ina FCGRUP HPersipal Palu vs PS Pelangi UtaraGama FC - PSN NgadaPiala Soeratin U- :GRUP APersida Sidoarjo - Putra Tresna DenpasarPS Oku Timur - PSDS Deli SerdangGRUP BSultra Selection U- - Persib Bandung U-GRUP CPersihaltim Halmahera Timur vs PSAP JuniorPersisum Sumbawa - PS DuriGRUP DPerseban Banjarmasin - Persiu SijunjungCilegon United vs Askot BalikpapanGRUP EPS Polmas - PS Bangka Selatan PSIM Yogyakarta vs PS Bengkulu U-GRUP FAskab Gowa - Kreasindo FC U-dibaca .x </isi>
	<link>http://soccer.sindonews.com/read/1157234/58/kemenangan-telak-jadi-modal-penting-arungi-piala-soeratin-u-17-1479783339
</link>
</artikel>
