<artikel>
	<id>OLA_SB_10_107</id>
	<judul>Persib Hanya Menang Tipis Atas Semen Padang, Djadjang Tetap Senang</judul>
	<tanggal>19/11/16</tanggal>
	<kata_kunci>persib lawan semen padang, persib menang</kata_kunci>
	<isi> BANDUNG, KOMPAS.com- Pelatih Persib, Djadjang Nurdjaman tetap memberikan apresiasi atas perjuangan pasukannya, walaupun mereka hanya mampu meraih kemenanga tipis - atas Semen Padang, Sabtu (//). Pada laga kandang Persib di Stadion Si Jalak Harupat, Kabupaten Bandung ini, Sergio van Dijk mencetak gol tunggal kemenangan itu. Djadjang Nurdjaman mengatakan, kemenangan tersebut membuat Persib melanjutkan tren positif belum pernah terkalahkan di kandang selama bergulirnya TSC. Selamat kepada pemain, saya apresiasi setinggi mungkin. Saya ucapkan terima kasih, kami masih bisa bertahan sebagai tim yang tidak terkalahkan di kandang, kata Djadjang. Djadjang mengakui, skor yang diraih pasukannya berbeda jauh dengan yang diciptakan Semen Padang pada putaran pertama lalu. Saya puas dengan cara pemain kami bermain terutama di babak kedua." Pelatih Persib, Djadjang Nurdjaman Saat itu, tim kebanggaan bobotoh ini tumbang dengan skor -. Namun yang terpenting baginya, Persib bisa mengamankan poin penuh. Tidak apa-apa hanya dapat -, kami tidak harus menang -. Yang penting, kami dapat tiga poin pada pertandingan kandang, ucap Djanur, sapaan Djadjang. Saya puas dengan cara pemain kami bermain terutama di babak kedua. Mereka melakukan setelah diberi masukan dan bisa berubah, sehingga bola mengalir dengan baik dan banyak peluang tercipta, ujarnya. Persib dengan tambahan tiga poin dari pertandingan tersebut naik ke posisi enam dengan menorehkan  poin. Sedangkan Semen Padang harus turun ke peringkat sembilan dan mengumpulkan  poin dari  laga yang sudah dilakoninya. </isi>
	<link>http://bola.kompas.com/read/2016/11/19/11050532/Persib.Hanya.Menang.Tipis.Atas.Semen.Padang.Djadjang.Tetap.Senang
</link>
</artikel>
