<artikel>
	<id>OLA_SB_10_170</id>
	<judul>Pemusatan Latihan Timnas Lanjut di Karawaci, Riedl Panggil 27 Pemain</judul>
	<tanggal>27/10/16</tanggal>
	<kata_kunci>latihan timnas</kata_kunci>
	<isi>




 - Pelatih timnas Indonesia Alfred Riedl telah mengumumkan nama-nama pemain yang dipanggil dalam pemusatan latihan di Karawaci, Tangerang. Sebanyak  pemain dipanggil.Timnas Indonesia akan menjalani pemusatan latihan kembali pada  Oktober mendatang di Lapangan UPH, Karawaci, Tangerang. Dari  nama yang dipanggil, ada dua pemain yang kemungkinan telat bergabung seperti Andik Vermansah dan Stefano Lilipaly. Keduanya memang diharapkan bisa tampil menghadapi dua laga ujicoba.Pemusatan latihan timnas kali ini sekaligus menjadi persiapan menghadapi dua laga ujicoba, melawan Myanmar pada  November dan menjajal Vietnam pada  November. Laga tersebut merupakan pertandingan tandang skuat 'Merah-Putih' sebagai persiapan tampil di Piala AFF.Kiper . Andritany Ardhyasa, Persija Jakarta. Dian Agus Prasetyo, Pusamania Borneo FC. Kurnia Meiga Hermansyah, Arema Cronus. Jandi Eka Putra, Semen PadangBelakang. Beny Wahyudi, Arema Cronus. Manahati Lestusen, PS TNI. Fachruddin Wahyudi Aryanto, Sriwijaya FC. Rudolof Yanto Basna, Persib Bandung. Hansamu Yama Pranata, Barito Putera. Dominggus Fakdawer, Persipura Jayapura. Abdul Rachman, Persiba Balikpapan. Muhammad Abduh Lestaluhu, PS TNI. Gunawan Dwi Cahyo, Persija JakartaTengah. Bayu Gatra Sanggiawan, Madura United. Septian David Maulana, Mitra Kukar. Evan Dimas Darmono, Bhayangkara FC. Dedi Kusnandar, Sabah FA Malaysia. Rizky Ahmad Sanjaya Pellu, PSM Makassar. Bayu Pradana Andriatmoko, Mitra Kukar. Stefano Lilipaly, Telstar FC Belanda. Zulham Malik Zamrun, Persib Bandung. Rizky Rizaldi Pora, Barito Putera. Andik Vermansah, Selangor FA MalaysiaDepan. Irfan Haarys Bachdim, Hokkaido Consadole Sapporo. Boaz Theofillius Erwin Salossa, Persipura Jayapura. Lerby Eliandry Pong Babu, Pusamania Borneo FC. Ferdinand Alfred Sinaga, PSM Makassar
						







</isi>
	<link>http://sport.detik.com/sepakbola/liga-indonesia/3330916/pemusatan-latihan-timnas-lanjut-di-karawaci-riedl-panggil-27-pemain
</link>
</artikel>
