<artikel>
	<id>OLA_SB_10_700</id>
	<judul>Data dan Fakta Persija vs Persib</judul>
	<tanggal>05/11/16</tanggal>
	<kata_kunci>persija lawan persib</kata_kunci>
	<isi> SOLO - Djumadi Effendi dipilih untuk memimpin pertandingan pekan ke- yang mempertemukan Persija Jakarta versus Persib Bandung di Stadion Manahan, Solo, Sabtu (//) malam. Wasit asal Malang terhitung bukan orang baru untuk laga besar Maung Bandung. Djumadi pernah memimpin pertandingan Final Piala Presiden  yang dimenangkan Persib saat bersua Sriwijaya FC. Dalam pertandingan yang digelar pukul . WIB, Maung Bandung akan menggunakan jersey utama dengan warna kebesarannya, biru-biru. Sementara tuan rumah menggunakan orange-putih. Itu sebagaimana disampaikan asisten pelatih Persib Herrie Setyawan. "Kita biru-biru (Persib), mereka orange putih," katanya usai petemuan teknis di Balai Persis Solo, kemarin. Pertandingan bertajuk 'El Clasico' ini cukup mengundang perhatian penggemar sepak bola di tanah air dan ini tak lepas dari rivalitas kedua kesebelasan. Namun demikian, jika melihat rekor pertemuan di lima laga terakhir skor selalu berakhir dengan tanpa gol alias -. Berikut data dan fakta pertemuan Persija melawan Persib: . Kedua tim sama-sama tak bisa mencetak satu gol pun dari tiga pertemuan terakhirnya.. Dari lima pertemuan terakhir, PERSIB tak pernah kalah jika bertemu Persija. Empat imbang, sekali menang.. Persija selalu kebobolan dalam seluruh pertandingannya di putaran kedua TSC  Presented by Indosat Ooredoo.. Persib pernah menang atas Persija sebagai tim tamu dalam pertandingan di luar Jakarta. Kemenangan - itu terjadi di ISL  yang berlangsung di Malang.. Winger Persib, Febri Hariyadi, selalu mencetak gol jika dipasang sebagai starter. (sha) dibaca .x </isi>
	<link>http://soccer.sindonews.com/read/1152992/58/data-dan-fakta-persija-vs-persib-1478326898
</link>
</artikel>
