<artikel>
	<id>OLA_SB_10_072</id>
	<judul>Marcel Sacramento Siap Kembali ke Papan Pencetak Gol di Stadion Haji Agus Salim</judul>
	<tanggal>08/11/16</tanggal>
	<kata_kunci>Semen padang, Marcel Secramento, pusmania borneo FC, sang bomber, top scorer</kata_kunci>
	<isi> PADANG, KOMPAS.com- Striker asing Semen Padang, Marcel Secramento, siap untuk mencatatkan namanya di papan skor ketika menjamu Pusmania Borneo FC dalam laga pekan ke- Torabika Soccer Championship A  di Stadion Haji Agus Salim, Padang, Jumat (//). Marcel puasa gol dalam dua pertandingan terakhir. Akibatnya, posisi pemain asal Brasil di puncak klasemen pencetak gol terbanyak TSC  terancam oleh striker Bhayangkara SU, Thiago Furtuosi, Luis Carlos Junior (Barito Putra) dan Alberto Goncalves (Sriwijaya FC) yang mencatatkan  gol.   Sang bomber mengakui kalau perlombaan mencetak gol terbanyak bukanlah prioritasnya. "Gelar pencetak gol terbanyak bukan masalah. Yang penting saya siap mencetak gol lagi untuk Semen Padang saat melawan Pusmania Borneo FC, Jumat depan di Agus Salim dan membawa Semen Padang menang, ; kata striker bernomor punggung delapan ini. Marcel terlihat mulai kesulitan mencetak gol. Pemain-pemain lawan tampak lebih mewaspadai ketajamannya sejak awal laga. Dalam dua laga terakhir, pemain yang direkut satu paket dengancentre backCassio de Jesus itu, gagal membawa kemenangan tim asuhan Nilmaizar. Mereka kalah - saat menjamu Arema Cronus di Stadion Haji Agus Salim sebelum bermain imbang - saat melawan Sriwijaya FC di Palembang. Gol-gol tim berjuluk Kabau Sirah di laga itu dicetak Irsyad Maulana dan Rudi.  ;Ya, melawan Pusamania saya siap cetak gol lagi dan membawa Semen Padang menang. Apakah saya akan kembali memimpin daftar pencetak gol terbanyak atau tidak bukan masalah, ; ujar Marcel. "Hal terpenting adalah saya berusaha untuk menjalankan tugas sebagai striker dengan baik dan membawa tim saya menang," lanjutnya. Termasuk Marcel, ada  pemain di TSC yang sudah mencetak di atas  gol sepanjang musim. Artinya, ada sembilan pemain yang menjadi pesaing Marcel untuk bisa mengamankan mahkota top scorer sampai akhir TSC pada Desember mendatang. Dari  nama tersebut, peringkat pertama sampai delapan dikuasai pemain asing, termasuk Christian Gonzales, pemain naturalisasi Arema Cronus. Dua nama terakhir adalah Boaz Solossa (Persipura) dan Ferdinand Sinaga (PSM Makassar), yang masing-masing mengemas  dan  gol. </isi>
	<link>http://bola.kompas.com/read/2016/11/08/02473432/Marcel.Sacramento.Siap.Kembali.ke.Papan.Pencetak.Gol.di.Stadion.Haji.Agus.Salim
</link>
</artikel>
