<artikel>
	<id>OLA_SB_10_740</id>
	<judul>Bungkam Barito, Arema Pertahankan Takhta</judul>
	<tanggal>19/11/16</tanggal>
	<kata_kunci>arema lawan barito, klasemen isc</kata_kunci>
	<isi> BANJARMASIN - Arema Cronus mempertahankan puncak klasemen Indonesia Soccer Championship (ISC) A , seusai membungkam Barito Putera pada pekan ke-, Sabtu (//). Gol semata wayang Hamka Hamzah memastikan angka sempurna Singo Edan di Stadion  Mei, Banjarmasin.Tak mudah bagi Pasukan Milomir Seslija mengamankan tiga angka. Butuh hingga babak kedua, tepatnya menit ke- untuk memastikan kemenangan tipis -. Gol bermula dari tendangan bebas Raphael Maitimo yang menciptakan kemelut di muka gawang Barito. Bola menyentuh kaki Cristian Gonzales, lalu Hamka meneruskan dengan sontekan kaki kiri ke gawang Barito.Tambahan tiga angka membuat posisi Arema tetap bertahan di puncak klasemen dengan  poin dengan sisa lima laga. Arema dibayangi Persipura Jayapura yang juga memetik poin sempurna setelah menang - saat dijamu Persiba Balikpapan di Stadion Persiba pada hari yang sama.Persipura sempat tertinggal - melalui bek tengah asal Liberia Dirkir Kohn Glay saat laga baru berjalan empat menit. Namun, gol cepat Persiba tak menggoyahkan mental pasukan Angel Alfredo Vera, dan Mutiara Hitam sukses membalas lewat gol Ricardo Silva de Almeida pada menit ke-. Skor imbang - bertahan hingga jeda.Di babak kedua, Persipura menambah dua gol lewat aksi Ricardo Salampessy pada menit ke-, Osvaldo Ardiles Haay (), dan gol bunuh diri Hermawan (). Tambahan tiga angka membuat Persipura meraup  angka, melampaui Madura United ( angka), yang akan  menjalani pekan ke- melawan Persija Jakarta di Stadion Pamekasan, Minggu (//). (sha) dibaca .x </isi>
	<link>http://soccer.sindonews.com/read/1156680/58/bungkam-barito-arema-pertahankan-takhta-1479555973
</link>
</artikel>
