<artikel>
	<id>OLA_SB_10_032</id>
	<judul>Dipanggil Riedl, Gunawan Tidak Kaget</judul>
	<tanggal>30/10/16</tanggal>
	<kata_kunci>training camp, Gunawan Dwi Cahyo, timnas, piala AFF</kata_kunci>
	<isi> KARAWACI, KOMPAS.COM- Pemain belakang Persija Jakarta, Gunawan Dwi Cahyo, angkat bicara soal pemanggilan dirinya untuktraining camp(TC) tim nasional Indonesia menjelang Piala AFF . Gunawan menjadi pemain tambahan dalam  nama yang mengikuti TC di Lapangan Sekolah Pelita Harapan, Karawaci dari Sabtu (//) sampai Selasa (//). Sebelumnya, dia tidak pernah dipanggil oleh pelatih Alfred Riedl. Meski begitu, pemain berusia  tahun ini tidak merasa kaget dengan pemanggilan untuk TC. Sebab, Gunawan memang sempat berseragam tim nasional beberapa kali. Dia sempat mengangatkan tim nasional U- asuhan Rahmad Darmawan melenggang ke final SEA Games  dan membela tim senior pada Kualifikasi Piala Dunia . "Saya sebenarnya sudah sering kok dipanggil untuk ikut TC timnas. Namun, untuk TC yang ini tetap perlu disyukuri karena saya tidak masuk daftar seleksi dan latihan sebelumnya," kata Gunawan kepadaKompas.com, Sabtu. Oleh karena itu pula, Gunawan merasa tak ada masalah untuk mengikuti ritme para pemain kainnya pada TC. Diharapkan Gunawan juga, pemanggilan ini bisa melapangkan jalannya masuk skuad putaran final yang bakal berangkat ke Filipina. "Saya harus optimistis ya. Tinggal bagaimana saya bekerja keras untuk meyakinkan pelatih," ucap dia. Apabila harapannya tercapai, dia bakal tampil di Piala AFF untuk kali pertama. Dia absen pada edisi  dan . </isi>
	<link>http://bola.kompas.com/read/2016/10/30/06050088/dipanggil.riedl.gunawan.tidak.kaget
</link>
</artikel>
