<artikel>
	<id>OLA_SB_10_676</id>
	<judul>Ditekuk Vietnam, Alarm Bahaya untuk Indonesia</judul>
	<tanggal>08/11/16</tanggal>
	<kata_kunci>uji coba, vietnam lawan indonesia</kata_kunci>
	<isi> HANOI - Tim nasional Indonesia gagal memetik kemenangan saat dijamu Vietnam pada uji coba di Stadion Internasional My Dinh, Hanoi, Selasa (//). Sempat dua kali memimpin, namun Andik Vermansyah dkk tak mampu mempertahankan keunggulan dan menyerah -.Boaz Solossa membuka gol Indonesia pada menit ke-, memanfaatkan bola muntah. Namun, Vietnam membalas melalui sundulan kapten tim Le Chong Vinh di menit ke-. Kedudukan - bertahan hingga jeda.Indonesia menekan di awal babak kedua. Puncaknya, skuat Alfred Riedl mendapat hadiah penalti setelah pemain belakang Vietnam menyentuh bola di kotak terlarang. Penyerang klub Jepang Consadole Sapporo Irfan Bachdim yang menjadi algojo sukses mengonversi menjadi gol pada menit ke-.Indonesia tak mengurangi tekanan kendati unggul. Irfan kembali mendapat peluang pada menit ke-, namun sepakan kerasnya melambung di atas mistar gawang Vietnam yang dikawal Tran Nguyen Manh. Begitu pun Andik Vermansyah yang coba melepaskan tendangan spekulasi dari luar kotak penalti.Pada menit ke-, Pelatih Alfred Riedl menarik Irfan Bachdim dan memasukkan Lerby Eliandry. Situasi ini dimanfaatkan Vietnam untuk balik menekan Indonesia. Puncaknya, Nguyen Cong Phuong menyamakan kedudukan setelah mendapat assist Pham Thanh Luong di depan gawang Kurnia Meiga pada menit ke-.Setelah kebobolan Riedl coba memasukkan Zulham Zamrun dengan menarik Andik, dan memasukkan penyerang PSM Makassar Ferdinand Sinaga menggantikan Boaz Solossa, namun upaya itu tidak membuahkan gol. Alih-alih menambah gol, Indonesia justru kebobolan lewat sepakan Nguyen Van Toan pada menit ke-.Ini kekalahan pertama Indonesia dalam empat uji coba. Indonesia menang sekali, dua kali imbang, dan kalah sekali. Ini menjadi sinyal bahaya untuk Indonesia yang akan tampil di Piala AFF  yang digelar di Myanmar dan Filipina,  November- Desember. Hasil  Laga uji Coba timnas Indonesia untuk Piala AFF. -- Indonesia vs Malaysia -. -- Indonesia vs Vietnam  - . -- Myanmar vs Indonesia -. -- Vietenam vs Indonesia - Indonesia berada di Grup A bersama Thailand, Singapura, dan Filipina. Laga pembuka Indonesia melawan Thailand pada  November nanti.  Seluruh pertandingan Grup A digelar di Manila. Indonesia bertolak menuju Manila pada  November .Susunan pemain: Vietnam (--): Tran Nguyen Manh;  Dinh Tien Thanh, Troung Dinh Luat, Tran Dinh Dong, Vu Van Than; Nguyen Trong Hoang, Luong Xuan Truong, Dinh Thanh Trung; Nguyen Van Quyet, Nguyen Van Toan, Le chong VinhPelatih: Nguyen Huu ThangIndonesia (--): Kurnia Meiga (GK); Benny Wahyudi, M Abduh, Fachruddin, Yanto Basna; Rizki Pora, Stefano L, Andik Vermansyah (Zulham Zamrun ), Evan Dimas; Boaz Solossa (Ferdinand Sinaga ), Irfan Bachdim (Lerby Eliandry )Pelatih: Alfred Riedl (sha) dibaca .x </isi>
	<link>http://soccer.sindonews.com/read/1153799/58/ditekuk-vietnam-alarm-bahaya-untuk-indonesia-1478615686
</link>
</artikel>
