<artikel>
	<id>OLA_SB_10_712</id>
	<judul>Siapapun Lawannya, Perssu Siap Mati-matian</judul>
	<tanggal>23/11/16</tanggal>
	<kata_kunci>perssu , isc</kata_kunci>
	<isi> MADURA - Kejutan telah dibuat Perssu Super Madura pada babak  besar Indonesia Soccer Championship (ISC) B. Mereka yang awalnya tidak dinggulkan, justru berhasil lolos ke babak delapan besar.Perssu melaju dengan status runner up grup A. Artinya mereka bakal berhadapan dengan juara grup B, C atau D. Menanggapi itu, Salahuddin selaku pelatih Perssu menyatakan siap jika tim asuhannya harus bentrok dengan PSS Sleman, Martapura FC ataupun PSPS Pekanbaru. "Kami tahu Perssu bukan tim yang diunggulkan, seperti babak  besar lalu. Potensi bertemu dengan lawan berat juga sangat terbuka. Tapi kami sudah sampai pada tahap ini dan harus siap menghadapi situasi apa pun," tutur Salahuddin, Rabu (//)."Kami tidak bermaksud memandang ringan persaingan. Tapi saya rasa semua tim memiliki peluang lolos termasuk Perssu," tambahnya.Jelang babak delapan besar, ia terus memperbaiki sisi teknis dan mental para pemain. Untuk menguji kesiapan skuatnya, Salahuddin berencana menggelar laga persahabatan dalam waktu dekat."Para pemain sangat antusias dan memiliki motivasi tinggi karena bisa lolos ke babak delapan besar. Semoga semangat itu bisa menjadikan Perssu sebagai tim yang jauh lebih kuat di level berikutnya. Saya ingin tim ini membuat kejutan besar," ujarnya. (bep) dibaca .x </isi>
	<link>http://soccer.sindonews.com/read/1157647/58/siapapun-lawannya-perssu-siap-mati-matian-1479894661
</link>
</artikel>
