<artikel>
	<id>OLA_SB_10_631</id>
	<judul>Persib Menang Tipis atas Semen Padang</judul>
	<tanggal>19/11/16</tanggal>
	<kata_kunci>persib lawan semen padang</kata_kunci>
	<isi>




 - Persib Bandung sukses merengkuh angka penuh kala menjamu Semen Padang di lanjutan Torabika Soccer Championship. 'Maung Bandung' menang tipis -.Menjamu Semen Padang di Si Jalak Harupat, Sabtu (//) malam WIB, Persib memulai dengan lebih dulu terancam. sundulan Vendry Mofu di awal laga menghantam mistar gawang.Persib balas mengancam lewat tandukan Sergio van Dijk, tapi masih melambung. Namun Van Dijk pada akhirnya mampu membawa timnya unggul setelah sepakannya di menit ke- mengoyak gawang Semen Padang.Intensitas tinggi tak menurun di babak kedua. Kedua tim saling mengancam. Upaya Atep bisa dihalau Jandia Eka Putra, sementara Semen Padang membalas lewat percobaan Irsyad Maulana yang ditepis Natshir Fadhil.Persib terus menekan di sisa waktu. Sejumlah upaya dari Kim Jeffrey Kurniawan dan Van Dijk tak membuahkan gol tambahan. Skor - pun bertahan sampai akhir pertandingan.Hasil ini mengangkat Persib ke posisi enam klasemen sementara dengan nilai  dari  laga. Sementara Semen Padang tertahan di urutan sembilan dengan  poin dari  laga.Sebelumnya di laga lain, Persipura Jayapura menang telak - atas Persiba Balikpapan. Sementara Arema Cronus mengalahkan tuan rumah Barito Putera dengan skor tipis -.Persipura sementara ini ada di urutan dua dengan nilai  dari  laga. Sedang Arema memuncaki klasemen dengan dua poin lebih banyak.
						







</isi>
	<link>http://sport.detik.com/sepakbola/liga-indonesia/3349520/persib-menang-tipis-atas-semen-padang
</link>
</artikel>
