<artikel>
	<id>OLA_SB_10_062</id>
	<judul>Barito Putera Putus Tren Delapan Laga Tanpa Kemenangan</judul>
	<tanggal>24/10/16</tanggal>
	<kata_kunci>Barito putera, persela lamongan, TSC, susunan pemain, Luiz Junior</kata_kunci>
	<isi> BANJARMASIN, KOMPAS.com- Barito Putera meraih kemenangan tipis - atas Persela Lamongan di Stadion  Mei, Banjarmasin, Senin (//). Raihan tripoin pada laga pekan ke- Kejuaraan Sepak Bola Torabika (TSC)  tersebut sekaligus memutus tren nirkemenangan Barito Putera dalam delapan laga terkini. Bertajuk duel tim papan bawah, paruh pertama laga Barito Putera kontra Persela didominasi oleh tim tuan rumah. Kombinasi Luiz Junior dan Thiago Amaral di lini serang Barito kerap merepotkan barisan belakang Persela. MemanfaatkanassistAmirul Mukminin, Luiz Junior pun sukses mencetak satu-satunya gol dalam laga ini pada menit ke-. Memasuki babak kedua, Barito terus berhasrat mencetak gol tambahan. Namun, upaya yang dilancarkan Dedy Hartono dkk tidak juga membuahkan hasil hingga laga berakhir. Berkat kemenangan ini, Barito Putera beranjak dari dasar klasemen. Kini, tim berjulukan Laskar Antasari tersebut berada di posisi ke- dengan  poin. Sementara itu, Persela turun ke posisi buncit dengan poin yang sama namun kalah selisih gol dari Barito. HASIL PERTANDINGAN Barito Putera - Persela Lamongan (Luiz Junior ') SUSUNAN PEMAIN Barito Putera (--):-Aditya Harlan; -Fathlul Rahman, -Ambrizal, -M Roby; -Lim Jun Sik (-Lucky Wahyu '), -Amirul Mukminin, -Dedy Hartono, -M Aef Maulana (-Nazarul Fahmi '), -Thiago Amaral (-Adam Alis '); -Luis Junior, -Nazar Nurzaidin Pelatih: Yunan Helmi Persela (--):-Choirul Huda; -Taufiq Kasrun (-Edy Gunawan '), -Paulo Rodrigues, -Ahmad Bahtiar, -M Agung Pribadi, -Eky Taufik; -Choi Hyun Yeon (-Steven Imbiri '), -Tamsil Sijaya, -Zainal Arifin (-Dendi Sulistyawan '); -Ivan Carlos, -Saddil Ramdani Pelatih: Aji Santoso</isi>
	<link>http://bola.kompas.com/read/2016/10/24/06222632/Barito.Putera.Putus.Tren.Delapan.Laga.Tanpa.Kemenangan
</link>
</artikel>
