<artikel>
	<id>OLA_SB_10_086</id>
	<judul>Djanur Tak Puas dengan Performa Persib</judul>
	<tanggal>06/11/16</tanggal>
	<kata_kunci>persib, Djadjang Nurdjaman, hariono</kata_kunci>
	<isi>  BANDUNG, KOMPAS.com -Tak ada gol yang tercipta sepanjang  menit padalagael clasicoantara Persija Jakarta danPersib Bandungdalam pekan ke- TSC  di Stadion Manahan, Solo, Sabtu (//) malam. Skor kacamata itu memperpanjang catatan hasil imbang pertemuan kedua tim sejak . Bahkan, dalam tiga bentrokan terakhir, keduanya tak pernah menciptakan gol. Pelatih Persib, Djadjang Nurdjaman, mengaku tak puas dengan performa anak asuhnya. Kekecewaan itu tak berlebihan mengingat banyak peluang emas tercipta, namun gagal dikonversi menjadi gol. "(Saya) Kurang puas, tidak puas. Melihat jalannya pertandingan, kami banyak (ciptakan) peluang, tetapi anak-anak sudah bekerja maksimal, punya motivasi tinggi. Hanya, hasilnya kurang beruntung," tutur Djanur, sapaannya, di Bandung, Minggu (//). Djanur menjelaskan, tidak hadirnya sejumlah pilar penting di lini tengah Persib tak terlalu berpengaruh dalam skema permainan. Kendati begitu, ia menyebut beberapa pelapis bermain tak terlalu istimewa. "Pengaruh Hariono absen tidak terlalu kontras karena itu bisa diantisipasi oleh Taufiq, meski tidak tampil luar biasa juga. Namun, saya pikir (dia) bisa menutup kekurangan," ujarnya. Disinggung soal tingginya tekanan dari suporter tuan rumah diakui Djanur cukup berpengaruh terhadap mental para pemainnya. "Memang, ada sisi rivalitas yang tinggi. Faktor ketegangan di luar lapangan ikut terbawa juga," ucapnya.</isi>
	<link>http://bola.kompas.com/read/2016/11/06/16381348/djanur.tak.puas.dengan.performa.persib.
</link>
</artikel>
