<artikel>
	<id>OLA_SB_10_785</id>
	<judul>Jauh-jauh ke Karawang, Slemania Bentangkan Spanduk #SavePersebaya</judul>
	<tanggal>12/11/16</tanggal>
	<kata_kunci>slemania, persebaya</kata_kunci>
	<isi> KARAWANG - Dukungan terus mengalir untuk kesebelasan Persebaya  yang kembali gagal diakui kepengurusan PSSI periode -. Kali ini, pendukung PSS Sleman atau yang kerap dijuluki Slemania, menyuarakan dukungannya saat melawat ke Stadion Singaperbangsa, Karawang.Saat datang ke Karawang untuk menyaksikan laga Persita Tangerang vs PSS Sleman, ribuan Slemania yang gagal masuk ke Stadion Singaperbangsa malah menggelar aksi di luar stadion. Orasi yang dilakukan pendukung kesebelasan asal Jawa Tengah itu adalah mendukung kembalinya hak keanggotaan Persebaya .Dalam foto-foto yang diunggah di akun Facebook Arek Bonek  dan tagar #savepersebaya yang menggema di lini masa Twitter, aksi Slemania banyak mendapat dukungan netizen. Bahkan beberapa fanbase klub lain seperti Viking (pendukung Persib Bandung) dan The Macz Man (pendukung PSM Makassar) juga membentangkan spanduk #savepersebaya di pertandingan klub masing-masing.Sebagey saudara, kami VPC akan melakukan aksi di dalam stadion. #SavePersebaya @brigade_bonek @zlhmf @nadi_oyek pic.twitter.com/RoahJUz— VIKING UNDERGROUND (@officialVUG)  November #Respect dari Suporter Makassar @Maczman_Ori di Mattoangin untuk Tim @FCPERSEBAYA #BelaPersebaya CC. Pengurus @pssi__fai ! pic.twitter.com/wFaeQeyyP— IG : Daeng Info (@Daeng_Info)  November Seperti diketahui, hak keangotaan Persebaya  kembali gagal diakui PSSI dalam Kongres Ancol yang berlangsung di Hotel Mercure, Kamis (//). Meski sempat dijamin statusnya bakal diputihkan dalam kongres, tapi nyatanya Persebaya dan beberapa klub lainnya mesti menerima hak mereka kembali diabaikan.Dalam pembahasan agenda pengesahan status Persebaya, sebanyak  suara meminta penolakan mereka kembali aktif di kompetisi resmi. Sementara hanya  orang yang setuju, sisanya  suara menyatakan abstain.Hal itu membuat Bonek -pendukung Persebaya- kembali menggelorakan tuntutannya. Kali ini mereka tidak sendiri, sebab banyak klub lain yang mulai berdiri di belakangnya.Sementara itu, Edy Rahmayadi selaku Ketua Umum PSSI terpilih menyatakan siap menyelesaikan masalah Persebaya. Sesaat setelah terpilih, Panglima Kostrad TNI itu berjanji demikian. (Baca Juga: PSSI Ingkar Janji, Persebaya Surabaya Gagal Diakui dalam Kongres Ancol) (mir) dibaca .x </isi>
	<link>http://soccer.sindonews.com/read/1154862/58/jauh-jauh-ke-karawang-slemania-bentangkan-spanduk-savepersebaya-1478953816
</link>
</artikel>
