<artikel>
	<id>OLA_SB_10_623</id>
	<judul>Para Pelajar di Manila Ini Antusias Foto Bareng Timnas Indonesia</judul>
	<tanggal>20/11/16</tanggal>
	<kata_kunci>pelajar menunggu timnas indonesia</kata_kunci>
	<isi>




 - Sekumpulan pelajar di Manila, Filipina, rela menunggu tim nasional Indonesia selesai latihan agar bisa foto bareng. Tapi mereka juga tak mau 'Skuat Garuda' menang di laga berikutnya.Indonesia menjalani sesi latihan di Xavier School, Minggu (//) pagi waktu setempat. Mereka menjalani latihan sekitar satu setengah jam. Latihan itu dipimpin langsung oleh Alfred Riedl.Di sisi lapangan latihan Indonesia, beberapa sekolah di Filipina sedang melakukan pertandingan eksebisi. Beberapa dari mereka lalu bertanya mengenai timnas karena cukup banyak media yang datang meliput latihan.Salah satu dari tim yang berlatih itu adalah sekolah Don Bosco Makati. Mereka pun merelakan waktunya demi menunggu timnas menyelesaikan latihan, agar bisa diajak foto bersama."Saya tahu ini para pemain profesional dan timnas dari Indonesia. Saya tak tahu para pemainnya, tapi ingin foto bersama aja," kata Fernando kepada pewarta.Saat para pewarta Indonesia mengungkapkan harapan agar tim 'Merah Putih' memetik kemenangan di laga berikutnya, mereka kompak menyuarakan koor protes tanda tak setuju. Tak heran mengingat di laga kedua Indonesia akan menghadapi tuan rumah Filipina, Selasa (//). "Nooo," ucap para pelajar itu.








</isi>
	<link>http://sport.detik.com/sepakbola/liga-indonesia/3349706/para-pelajar-di-manila-ini-antusias-foto-bareng-timnas-indonesia
</link>
</artikel>
