<artikel>
	<id>OLA_SB_10_656</id>
	<judul>Andik Prihatin Irfan Cedera, Yakin Penggantinya Mampu Bayar Kepercayaan</judul>
	<tanggal>16/11/16</tanggal>
	<kata_kunci>piala aff, pemain indonesia cedera</kata_kunci>
	<isi>




 - Andik Vermansah prihatin dengan cederanya Irfan Bachdim sehingga gagal tampil di Piala AFF . Tapi Andik yakin penggantinya mampu membayar kepercayaan pelatih Alfred Riedl. Irfan tak dibawa-serta ke Filipina akibat cedera tulang fibula pada kaki kirinya. Namun, Irfan tetap memberikan dukungan kepada rekan-rekannya agar bisa menjuarai Piala AFF  dan bertekad bangkit memulihkan cederanya.[Baca juga: ]Kehilangan Irfan juga dirasakan oleh Andik. Menurutnya, pemain Consadole Sapporo tersebut sudah sangat berkontribusi untuk timnas, di antaranya dengan koleksi tiga gol di empat laga ujicoba."Yang jelas prihatin karena Irfan mengalami cedera. Kami sudah lama bermain dan sudah mengenal satu sama lain di lapangan. Tapi namanya sepakbola, cedera bisa saja terjadi," ujar Andik saat ditemui di Hotel Aryaduta, Karawaci, Tangerang, Rabu (//)."Tapi tentu pelatih sudah menentukan siapa pengganti dan strategi seperti apa. Siapa pun yang dipercaya harus bisa menunjukkan penampilan terbaiknya," tuturnya.Andik juga menilai sejauh ini timnya sudah cukup kompak. Dia berharap semoga timnas Indonesia bisa menunjukkan perjuangan maksimal di Piala AFF ."Sebagai pemain, kami ingin memberikan hasil yang terbaik untuk bangsa ini," katanya menegaskan.








</isi>
	<link>http://sport.detik.com/sepakbola/liga-indonesia/3347063/andik-prihatin-irfan-cedera-yakin-penggantinya-mampu-bayar-kepercayaan
</link>
</artikel>
