<artikel>
	<id>OLA_SB_10_758</id>
	<judul>Skuat Persela Compang-Camping di Markas Pesut Etam</judul>
	<tanggal>16/11/16</tanggal>
	<kata_kunci>persela lamongam</kata_kunci>
	<isi> SAMARINDA - Persela Lamongan tidak berada dalam kondisi full team saat melakoni laga tandang ke markas Pusamania Borneo FC (PBFC), Jumat (//). Sebanyak empat pemain terpaksa ditinggalkan dan ini jadi masalah serius untuk Laskar Joko Tingkir.Agung Pribadi dan Paulo Eduardo sedang terkena akumulasi kartu kuning. Sementara Eky Taufik dan Dendi Sulistyawan harus beristirahat karena cedera. Tanpa mereka, Persela tidak bisa berharap banyak dan ini disadari oleh Aji Santoso."Saya sudah melakukan evaluasi dan pembenahan sebisa mungkin. Mudah-mudahan Persela bisa bermain lebih disiplin lagi lawan Pusamania nanti," harap pelatih Persela tersebut.Aji mengaku pusing dengan sederet masalah yang ada di dalam skuat asuhannya. Namun dia tidak mau terlarut dalam keterpurukan dan karenanya, Aji meminta agar tim bermain disiplin dalam laga nanti."Kami paham dengan kondisi yang akan dihadapi Persela, terutama mengenai absennya beberapa pemain. Dalam persiapan sudah saya siapkan skenario untuk mengatasi hal itu. Saya ingin persiapan ini bisa optimal di pertandingan nanti," ujarnya."Pusamania sangat sulit dihadapi. Pastinya Persela membutuhkan performa yang sangat bagus untuk mendapatkan poin. Sejauh tim ini punya kepercayaan diri yang cukup, saya masih optimistis bisa membawa pulang angka," tegas pelatih asal Malang ini. (bep) dibaca .x </isi>
	<link>http://soccer.sindonews.com/read/1155848/58/skuat-persela-compang-camping-di-markas-pesut-etam-1479290092
</link>
</artikel>
