<artikel>
	<id>OLA_SB_10_762</id>
	<judul>Jadwal Siaran Langsung Piala AFF 2016 di RCTI dan iNews TV</judul>
	<tanggal>16/11/16</tanggal>
	<kata_kunci>piala aff</kata_kunci>
	<isi> JAKARTA - Kerinduan menyaksikan Timnas Indonesia di pentas internasional tak lama lagi akan terbayarkan. Perebutan Piala AFF  akan menjadi laga internasional usai PSSI terlepas dari sanksi FIFA dan tentunya publik pecinta bola di tanah air tak sabar menyaksikan aksi Boaz Solossa Cs di lapangan. Untuk menyegarkan dahaga akan penampilan Timnas Garuda, RCTI dan iNews TV akan memanjakan pecinta bola di nusantara dengan menayangkan sejumlah pertandingan secara langsung. Indonesia tergabung di Grup A akan bersaing dengan Thailand, Singapura dan Filipina. Adapun pertandingan akan dimainkan di Filipina. Sementara di Grup B yang akan dimainkan di Myanmar akan menyajikan persaingan tuan rumah bersama Vietnam, Malaysia, dan Kamboja. Sementara pertandingan akan mulai digelar pada  November mendatang. Indonesia yang diharapkan bisa memperbaiki prestasi di pentas ini sebelumnya akan menemui jalan terjal. Di laga pembuka pasukan Alfred Riedl akan bertemu Thailand pada  November. Berikut ini jadwal lengkap siaran langsung Piala AFF  di RCTI dan iNews TV: Grup A,  November Thailand vs Indonesia (Stadion Philippines Sports, Bocaue, Pukul : WIB)Filipina vs Singapura (Stadion Philippines Sports, Bocaue, Pukul : WIB)Grup B,  November Malaysia vs Kamboja (Stadion Youth Training Centre, Myanmar, Pukul : WIB)Myanmar vs Vietnam (Stadion Youth Training Centre, Myanmar, Pukul : WIB)Grup A,  November Thailand vs Singapura (Stadion Philippines Sports, Bocaue, Pukul : WIB)Indonesia vs Filipina (Stadion Philippines Sports, Bocaue, Pukul : WIB)Grup B,  November Malaysia vs Vietnam (Stadion Youth Training Centre, Myanmar.Pukul : WIB)Kamboja vs Myanmar (Stadion Youth Training Centre, Myanmar, Pukul : WIB)Grup A,  November Singapura vs Indonesia (Stadion Rizal Memorial, Pukul : WIB)Filipina vs Thailand (Stadion Philippines Sports, Bocaue, Pukul : WIB)Grup B,  November Vietnam vs Kamboja (Stadion Wunna Theikdi, Myanmar, Pukul : WIB)Myanmar vs Malaysia (Stadion Youth Training Centre, Myanmar, Pukul : WIB).SEMIFINAL (SF)Leg PertamaSabtu (//): Runner-up Grup A vs Juara Grup BMinggu (//): Runner-up Grup B vs Juara Grup ALeg KeduaRabu (//): Juara Grup B vs Runner-up Grup AKamis (//): Juara Grup A vs Runner-up Grup BJADWAL FINALLeg PertamaRabu (//): Pemenang SF  vs Pemenang SF Leg KeduaSabtu (//): Pemenang SF  vs Pemenang SF . (bbk) dibaca .x </isi>
	<link>http://soccer.sindonews.com/read/1155767/58/jadwal-siaran-langsung-piala-aff-2016-di-rcti-dan-inews-tv-1479276389
</link>
</artikel>
