<artikel>
	<id>OLA_SB_10_164</id>
	<judul>Persipura Kalahkan SFC, Papan Atas Makin Panas</judul>
	<tanggal>30/10/16</tanggal>
	<kata_kunci>persipura lawan SFC</kata_kunci>
	<isi>




 - Persipura Jayapura memanaskan persaingan di papan atas Torabika Soccer Champioship (TSC)  usai menang - atas Sriwijaya FC.Pada pekan ke- yang dihelat di Stadion Mandala Jayapura, Minggu (//) sore WIT, Persipura tampil dominan sedari menit awal dengan membuat  attempts, tujuh di antaranya mengarah ke gawang.Sementara SFC hanya bikin dua sepanjang  menit dan selalu berada di bawah tekanan tuan rumah.Meski punya banyak kans bikin gol, namun Persipura gagal memaksimalkan jadi gol. Berkali-kali peluang mereka terbuang sia-sia, kalau tidak diadang kiper SFC Teja Paku Alam atau melenceng dari sasaran.Hingga babak pertama berakhir skor imbang tanpa gol tetap bertahan.Masuk di babak kedua, tekanan Persipura makin menjadi-jadi. Sepakan Yustinus Pae di menit ke- masih bisa digagalkan Teja.Di menit ke- tandukan Ricardo Salampessy masih melayang di atas mistar. Demi menajamkan serangan, Edward Wilson Junior dimasukkan di menit ke- menggantikan Lukas Mandowen.Pergantian yang jitu karena Wilson-lah yang jadi penentu kemenangan Persipura lewat gol tunggalnya di menit ke-. Sepakan keras Wilson tak mampu diadang Teja dan skor - bertahan hingga akhir laga.Tambahan tiga poin ini membuat Persipura naik ke posisi kedua klasemen dengan  poin. Persaingan di papan atas pun semakin sengit karena baik Arema Cronus di puncak klasemen dan Madura United di posisi ketiga juga punya  poin! SFC sendiri ada di posisi kelima klasemen dengan  poin.Persipura: Yoo Jae Hoon, Yustinus Pae, Ruben Karel Sanadi, Ricardo Salampessy, Yohanis Tjoe, Ian Louis Kabes, Nelson Alom, Ricardo Silva de Almeida (Izaac Wanggai '), Yohanes Ferinando Pahabol, Osvaldo Ardiles Haay (Riky Kayame '), Lukas Mandowen (Edward Wilson Junior ')Sriwijaya FC: Teja Paku Alam, AA Ngurah Wahyu, Achmad Jufriyanto, Supardi Nasir, Wildansyah (Zalnando '), Yoo Hyun Koo, Hafit Ibrahim, Muhammad Ridwan, Yohanis Nabar, Hilton Moreira, Mariando Djonak Uropmabin (Firman Utina ')








</isi>
	<link>http://sport.detik.com/sepakbola/liga-indonesia/3332895/persipura-kalahkan-sfc-papan-atas-makin-panas
</link>
</artikel>
