<artikel>
	<id>OLA_SB_10_181</id>
	<judul>Madura United Berimbang 1-1 dengan Bhayangkara United</judul>
	<tanggal>23/10/16</tanggal>
	<kata_kunci>madura united lawan bhayangkara</kata_kunci>
	<isi>




 - Madura United gagal memaksimalkan partai kandang kontra Bhayangkara FC. Setelah  menit laga tuntas, Madura United cuma main imbang -.Pada duel pekan ke- yang dihelat di Gelora Delta Sidoarjo, Sabtu (//) malam WIB, Madura bermain agresif sejak menit awal dengan menciptakan  attempts, delapan di antaranya mengarah sasaran.Sementara Bhayangkara punya tujuhdengan empat mengarah ke sasaran.Sejak  Bhayangkara langsung menggedor pertahanan Madura United tapi tak satupun peluang berbahaya dibuat.Barulah di menit ke- kedua tim mulai berani menyerang dan saling bertukar serangan. Meski demikian, sampai wasti Faulur Rosy dari Banda Aceh meniup peluit babak pertama berakhir, skor tetap -.Bhayangkara memecah kebuntuan lebih dulu pada menit ke- ketika sepakan Tiago Fortuoso Dos Santos yang meneruskan umpan Khair Allah Adelkbir menjebol jala Madura United.Kemenangan Bhayangkara yang sudah di depan mata sirna ketika di masa injury time, Patrich Wanggai yang memanfaatkan rekan setimnya mampu menjebol jala mereka.Skor - jadi penutup laga tersebut. Meski gagal menang, Madura United tetap di puncak klasemen Torabika Soccer Championship dengan  poin, unggul tiga poin dari Arema Cronus di posisi kedua yang punya satu laga lebih sedikit.Sementara, Bhayangkara FC ada di posisi keempat dengan  poin.Persib Bandung - PersegresPerseru Serui - Bali UnitedPersiba Balikpapan - PSM Makassar








</isi>
	<link>http://sport.detik.com/sepakbola/liga-indonesia/3327136/madura-united-berimbang-1-1-dengan-bhayangkara-united
</link>
</artikel>
