<artikel>
	<id>OLA_SB_10_601</id>
	<judul>Optimisme Persib di Sisa Musim</judul>
	<tanggal>22/11/16</tanggal>
	<kata_kunci>persib, TSC</kata_kunci>
	<isi>




 - Persib Bandung optimistis menembus papan atas, secara khusus lima besar, klasemen akhir Torabika Soccer Championship (TSC) . Kuncinya adalah fokus dan konsentrasi di laga sisa.Persib saat ini menempati peringkat delapan klasemen dengan  poin dari  pertandingan, alias menyisakan enam pertandingan lagi di sisa musim ini.Dua tangga teratas klasemen ditempati Arema Cronus dan Madura United yang sama-sama punya  poin. Sementara itu tim terdekat di posisi lima, Mitra Kukar, mengoleksi  angka yang cuma berjarak dua poin saja dari Persib."Kalau melihat pertandingan kemarin saat melawan Persipura dan Semen Padang, maka Persib bisa di lima besar," ujar pelatih Djajang Nurdjaman saat dihubungi, Selasa (//).Persib sedang menjalani rentetan tak terkalahkan di lima pertandingan, di antaranya memenangi dua laga terakhir lawan Persipura (-) dan kemudian Semen Padang (-)."Kuncinya fokus dan konsentrasi. Kalau konsisten maka bukan tidak mungkin kami bisa mencapai papan atas," katanya.








</isi>
	<link>http://sport.detik.com/sepakbola/liga-indonesia/3351368/optimisme-persib-di-sisa-musim
</link>
</artikel>
