<artikel>
	<id>OLA_SB_10_633</id>
	<judul>Kenapa Riedl Mencadangkan Evan Dimas?</judul>
	<tanggal>19/11/16</tanggal>
	<kata_kunci>indonesia lawan thailand</kata_kunci>
	<isi>




 - Evan Dimas Darmono cuma menjadi pemain pengganti di laga Indonesia melawan Thailand. Pelatih skuat 'Garuda', Alfred Riedl, membeberkan alasannya.Indonesia takluk - saat menghadapi Thailand di laga pertama Grup A Piala AFF. Di Phillipines Sports Stadium, Sabtu (//) malam waktu Filipina, gawang Indonesia yang dikawal oleh Kurnia Meiga dibobol oleh Peerapat Notchaiya dan tiga lainnya oleh Teerasil Dangda.Indonesia bisa membalas di awal babak kedua lewat Boaz Salossa dan Lerby Eliandry.Dalam starting line up, Riedl tak bisa menurunkan komposisi pemain terbaiknya. Evan Dimas tak bisa bermain dari awal, dia digantikan Bayu Pradana.Soal kondisi Evan Dimas, Riedl mengungkapkan bahwa pemain Bhayangkara FC itu sedang dalam kondisi tidak fit. Evan akhirnya baru dimasukkan menggantikan Andik Vermansah di menit ."Dia memang sakit, dia tak bisa dimainkan. Sudah selama satu pekan sakit. Dia bahkan tak bisa bergerak, dia tak bisa berjalan. Fisiknya tidak fit. Itulah alasannya dia berada di bangku cadangan," kata Riedl dalam sesi jumpa pers seusai pertandingan.Kekalahan di laga pertama atas Thailand belum menutup peluang Indonesia lolos. Skuad Garuda akan menghadapi Filipina di pertandingan selanjutnya, Selasa (//), dan dilanjutkan duel menghadapi Singapura pada Jumat (//).
						







</isi>
	<link>http://sport.detik.com/sepakbola/liga-indonesia/3349508/kenapa-riedl-mencadangkan-evan-dimas
</link>
</artikel>
