<artikel>
	<id>OLA_SB_10_777</id>
	<judul>Gol Telat Kenmogne Tentukan Kemenangan Persija Jakarta</judul>
	<tanggal>13/11/16</tanggal>
	<kata_kunci>persija, isc</kata_kunci>
	<isi> SOLO - Persija Jakarta meraih poin sempurna saat menjamu Persiba Balikpapan dalam lanjutan Indonesia Soccer Championship (ISC) . Gol telat Emmanuel Kenmogne jadi pembeda dalam laga. Menjamu Persiba Balikpapan di Stadion Manahan, Solo, Minggu (//) Persija kesulitan membongkar lini bertahan tim tamu. Hingga paruh laga, kedua tim masih bermain imbang dengan skor kaca mata. Di babak kedua, pelatih M. Zein Alhadad memasukkan Abrizal Umanailo (') dan Bambang Pamungkas (') dengan harapan mampu menambah lini gedor timnya. Namun, hingga menit ke- kedua tim masih bermain tanpa gol. Gol yang ditunggu-tunggu baru tercipta di menit ke-, setelah Emmanuel Kenmogne merobek gawang Alfonsius Kevlan. Skor - bertahan hingga laga usai. Dengan hasil tersebut, Persija Jakarta berada di posisi ke- dengan koleksi  poin dari  penampilan, sementara Persiba Balikpapan berada di posisi ke- dengan jumlah poin sama. Susunan pemain kedua tim,Persija Jakarta: Daryono (kiper), Andik Rendika, Maman AbdulRahman, Vava Mario, Willian Silva Pachecho, Rizki Ramadhani, Soonhak, Kenmogne, Greg Nwokolo (C), Rahmat Affandi, Sutanto Tan.Pelatih: Muhammad Al HadadPersiba Balikpapan: Alfonsius Kelvan, Abduk aziz, Dirkir Kohn, Hermawan, Ledi Utomo, Antonio Andriano(c) , Rahel, Shohei Matsunaga, Siswanto, Heri Susanto, Maycon Rogerio.Pelatih: Jaino Matos. (sbn) dibaca .x </isi>
	<link>http://soccer.sindonews.com/read/1155047/58/gol-telat-kenmogne-tentukan-kemenangan-persija-jakarta-1479048492
</link>
</artikel>
