<artikel>
	<id>OLA_SB_10_188</id>
	<judul>Timnas Mulai Jalani Pemusatan Latihan di Yogyakarta</judul>
	<tanggal>20/10/16</tanggal>
	<kata_kunci>latihan timnas indonesia</kata_kunci>
	<isi>




 - Tim nasional senior Indonesia telah memulai pemusatan latihan di Yogyakarta. Sejumlah pemain masih absen di hari pertama ini.Sesuai jadwal, timnas memulai pemusatan latihan di Yogyakarta pada Kamis (//) ini. Dalam latihan yang dimulai pukul . ini, ada  pemain yang ikut serta.Dalam latihan hari ini, pelatih timnas Alfred Riedl terlihat masih memberikan sesi dengan intensitas ringan. Para pemain lebih banyak melakukan  kecil dan sedikit aktivitas fisik.Sesi hari ini juga baru diikuti  pemain dari total  pemain yang dipanggil. Lima pemain terlambat bergabung, karena pesawat yang membawa mereka dialihkan ke Solo menyusul cuaca buruk di Yogyakarta siang hari ini.Meski demikian, hal itu ditegaskan Riedl tak menganggu program latihan hari ini. Latihan ringan memang diberikan mempertimbangkan para pemain yang baru melakukan perjalanan."Bukan masalah lima pemain masih dalam perjalanan dari Solo ke sini, tapi para pemain baru melakukan perjalanan. Kita tidak mau ambil risiko cedera, jadi kita ringan saja hari ini," ujar Riedl, lewat Wolfgang Pikal yang menerjemahkan.Pemusatan latihan di Yogyakarta direncanakan berlangsung pada - Oktober. Di tahap ini, peningkatan aspek fisik akan jadi fokus utama Riedl meski juga tak melupakan aspek-aspek lainnya."Semua (aspek). Besok kita akan mulai latihan lebih serius, hari ini serius juga, tapi besok kita lakukan lebih banyak hal. Taktik, fisik, semua komponen," ujarnya.Pemusatan latihan di Yogyakarta digelar sebagai persiapan menatap laga ujicoba tandang melawan Myanmar dan Vietnam, sekaligus memantapkan diri menuju Piala AFF pada November mendatang yang jadi sasaran utamanya.








</isi>
	<link>http://sport.detik.com/sepakbola/liga-indonesia/3325742/timnas-mulai-jalani-pemusatan-latihan-di-yogyakarta
</link>
</artikel>
