<artikel>
	<id>OLA_SB_10_622</id>
	<judul>Riedl: Rizky Pora Alami Benturan di Lutut Kanan tapi Tak Ada Masalah Besar</judul>
	<tanggal>20/11/16</tanggal>
	<kata_kunci>indonesia lawan thailand</kata_kunci>
	<isi>




 - Penggawa tim nasional Indonesia, Rizky Pora, mengalami masalah pada kaki kanannya. Tapi pelatih Alfred Riedl mengungkapkan tak ada kerisauan besar dengan kondisi Rizky.Saat melakoni latihan di Xavier School, Xavier School, San Juan City, Minggu (//), Rizky bergabung dengan  pemain lain yang menjalani sesi recovery.Saat sedang jogging, Rizky tampak sedikit pincang. Pemain asal Barito Putra itu lantas menjalani latihan terpisah. Seusai latihan, kaki kanan Rizky dikompres dengan es.Seusai latihan Riedl menjelaskan kondisi kebugaran Rizky. Pemain  tahun itu disebut mengalami benturan saat Indonesia takluk - di laga melawan Thailand di Phillipines Sports Stadium, Sabtu (//) kemarin. Riedl yakin bahwa kondisi Rizky sudah akan lebih baik lagi saat Indonesia melakoni pertandingan melawan Filipina, Selasa (/) malam waktu Filipina."Rizky mengalami benturan di lutut kaki kanan. Tapi tak ada masalah besar. Dia akan lebih baik saat pertandingan besok lusa," kata Riedl kepada pewarta.Apa yang diungkapkan Riedl itu dibenarkan oeh Rizky. Dia juga akan memaksimalkan dua hari jeda pertandingan agar bisa siap bermain melawan The Azkals."Saya mengalami benturan di paha sebelah kanan," kata Rizky."Kita lihat saja. Kami masih memiliki dua hari sebelum pertandingan," tambahnya.








</isi>
	<link>http://sport.detik.com/sepakbola/liga-indonesia/3349811/riedl-rizky-pora-alami-benturan-di-lutut-kanan-tapi-tak-ada-masalah-besar
</link>
</artikel>
