<artikel>
	<id>OLA_SB_10_043</id>
	<judul>Tepikan Rasa Sakit, Esteban Vizcarra Siap Jalani Laga Nostalgia</judul>
	<tanggal>28/10/16</tanggal>
	<kata_kunci>Arema Cronus, Semen Padang, Esteban Vizcarra</kata_kunci>
	<isi> PADANG, KOMPAS.com - Kekhawatiran gelandang Arema Cronus, Esteban Vizcarra, jelang pertandingan melawan Semen Padang di Stadion H. Agus Salim Padang pada (//) berangsur menghilang.  Hal tersebut tidak lepas dari membaiknya kondisi pemain asalArgentinatersebut setelah selama dua hari mengalami demam yang mengharuskannya dirawat di rumah sakit. Esteban absen dari latihan tim Arema Cronus di Stadion H. Agus Salim, Padang pada Rabu (//). Namun, dia sudah bergabung saat Arema menjalani sesi latihan di Lapangan  PSTS, Tabing, Padang pada Kamis (//). Meski menjalani latihan terpisah, kondisi Esteban terlihat sudah membaik. Hanya saja, ia masih butuh adaptasi karena sempat absen latihan. Esteban mendapatkan menu latihan khusus dalam latihan tersebut, di antaranya adalah penguatan otot.  Kondisinya sudah membaik, hanya mungkin butuh adaptasi saja karena latihan sebelumnya dia absen,  ucapsport therapyArema, David Setiawan yang mendampingi Esteban latihan. Esteban sebelumnya mengeluhkan demam yang tinggi karena mengalami kelelahan. Sebelum menjalani tur ke Jayapura, dia lebih dulu berangkat ke Singapura untuk memperpanjang visa.  Mungkin kelelahan, perjalanan sangat jauh, apalagi sebelumnya saya juga ke Singapura,  ucapnya. Baca Juga: Sebenarnya kondisi Esteban tidak dalam kondisi  persen saat melawan Persipura.  Namun, dia memiliki semangat tinggi untuk tampil. Bahkan pelatih Milomir Seslija memasang Esteban selama  menit.  Selama masih bisa saya akan terus bermain,  ucap Esteban. Sementara itu Milo tampaknya tidak ingin memaksakan kondisi Esteban saat tampil melawan Semen Padang jika memang dia masih belum siap.  Soal peluang Esteban tampil atau tidak, masihfifty-fifty,  ucap pelatih asal Bosnia ini. Esteban cukup antusias menyambut laga melawan Semen Padang. Klub berjuluk Kabau Sirah tersebut bagian penting dari perjalanan karier sang pemain di Indonesia.  Tercatat dalam kurun waktu  tahun (-) dia menjadi bagian dari klub yang identik dengan warna merah tersebut. </isi>
	<link>http://bola.kompas.com/read/2016/10/28/05372832/Tepikan.Rasa.Sakit.Esteban.Vizcarra.Siap.Jalani.Laga.Nostalgia
</link>
</artikel>
