<artikel>
	<id>OLA_SB_10_672</id>
	<judul>Pulang Kandang, Persela Berharap Tekuk Sriwijaya FC</judul>
	<tanggal>09/11/16</tanggal>
	<kata_kunci>persela lawan sriwijaya fc</kata_kunci>
	<isi> LAMONGAN - Persela Lamongan masih dibayangi kekalahan telak - dari Arema Cronus, Minggu (//). Namun, Pelatih Persela Aji Santoso ingin timnya memanfaatkan momentum kembali ke Stadion Surajaya untuk bangun dari keterpurukan.Persela kembali bermain di Stadion Surajaya setelah mengungsi di tiga pertandingan. Aji berharap, menjamu Sriwijaya FC pada pekan ke- Indonesia Soccer Championship (ISC) A , Jumat (//), timnya meraih poin penuh.Sriwijaya FC memang bukan lawan sembarangan. Namun, meski kedua tim memiliki perbedaan mencolok di papan klasemen, Aji tidak mau peduli. Baginya Sriwijaya FC juga memiliki kelemahan yang bisa dimanfaatkan timnya. Selain itu laga kandang menjadi ladang paling potensial untuk meraih poin."Saya tidak meragukan tim Persela untuk bisa mendapat tiga poin saat menjamu Sriwijaya FC. Mumpung kami sudah kembali ke Surajaya, saya ingin pemain memanfaatkan dukungan suporter. Kami terus mempelajari kelemahan Sriwijaya FC," ujar Aji Santoso.Namun, ada situasi unik yang membayangi Laskar Joko Tingkir, julukan Persela Lamongan. Selama putaran dua ISC , justru mereka kesulitan mendapatkan kemenangan di Stadion Surajaya. Belum sekali pun stadion ini menyuguhkan tiga poin.Kemenangan justru datang ketika Persela melakoni laga kandang di Stadion Gelora Delta Sidoarjo, yakni saat menundukkan Bali United - dan PS TNI -. Sedangkan tiga laga home yang dilakoni di Surajaya semuanya berakhir imbang.Persela di awal putaran kedua ditahan PSM Makassar -, imbang lawan Persija Jakarta - dan kemudian kembali tertahan oleh Semen Padang -. Jadi, Persela sekarang juga mengusung misi 'memecah telor' berupa kemenangan pertama di Surajaya pada putaran kedua.Meski Surajaya diragukan bisa menjamin kemenangan, paling tidak ada kabar gembira yang masih bisa menghibur Laskar Joko Tingkir. Yakni rekor pertemuan di mana Persela mampu menahan imbang Sriwijaya FC - pada putaran pertama silam.Selain itu, Persela juga tak pantas rendah diri karena Laskar Wong Kito juga menjalani pekan-pekan kurang memuaskan. Dalam dua pertandingan terakhirnya, Sriwijaya tak bisa menang yakni saat dikalahkan Persipura Jayapura - dan ditahan Semen Padang -. (sha) dibaca .x </isi>
	<link>http://soccer.sindonews.com/read/1154033/58/pulang-kandang-persela-berharap-tekuk-sriwijaya-fc-1478685935
</link>
</artikel>
