<artikel>
	<id>OLA_SB_10_154</id>
	<judul>Persela Kembali Bermarkas di Stadion Surajaya</judul>
	<tanggal>01/11/16</tanggal>
	<kata_kunci>persela bermarkas di stadion surajaya</kata_kunci>
	<isi>




 - Setelah beberapa kali menjalani laga home di luar Lamongan, Persela Lamongan akhirnya akan kembali bisa berkandang di Stadion Surajaya Lamongan.Kepastian Persela Lamongan untuk bisa kembali berlaga di Stadion Surajaya ini disampaikan Kepala UPT stadion Surajaya Lamongan, Hadi Cahyo Utomo. Hadi menuturkan, perbaikan yang dilakukan terhadap stadion kebanggan warga Lamongan tersebut bisa selesai lebih cepat dan sudah bisa digunakan kembali oleh Persela Lamongan. "Ya perbaikan stadion memang selesai lebih cepat sehingga bisa digunakan oleh Persela," ucap Hadi.Jika sebelumnya Persela dijadwalkan baru bisa menggunakan Stadion Gelora Surajaya pada saat menjamu Persib Bandung  November , namun kini tim berjuluk Laskar Joko Tingkir dipastikan sudah bisa berlaga di markasnya sendiri ketika menjamu Sriwijaya FC Palembang, Jum'at malam (/).Pengerjaan perbaikan stadion, kata Hadi, saat ini tinggal pemasangan karet lintasan saja, yang akan dilakukan tahun depan. Material bekas bangunan juga sudah dibersihkan. "Stadion Gelora Surajaya Lamongan siap digunakan pertandingan lanjutan Torabika Soccer Championship. Proses pengecoran lintasan sudah selesai %," ujarnya.Kepastian kesiapan Stadion Gelora Surajaya Lamongan disambut positif panitia pelaksana pertandingan Persela. Wakil sekretaris Persela Lamongan, Muji Santoso, mengatakan, pihaknya langsung melakukan koordinasi dengan pihak pengelola Stadion Gelora Delta Sidoarjo yang tujuannya untuk melakukan pencabutan perizinan peminjaman stadion yang sudah diajukan jauh-jauh hari.  "Selanjutnya, kami akan memproses pengajuan izin pertandingan Persela menjamu Sriwijaya FC ke Polres Lamongan," ujarnya.
						







</isi>
	<link>http://sport.detik.com/sepakbola/liga-indonesia/3334864/persela-kembali-bermarkas-di-stadion-surajaya
</link>
</artikel>
