<artikel>
	<id>OLA_SB_10_641</id>
	<judul>Hadapi Thailand, Indonesia Akan Main Tanpa Beban</judul>
	<tanggal>18/11/16</tanggal>
	<kata_kunci>indonesia lawan thailand</kata_kunci>
	<isi>




 - Tim nasional Indonesia langsung berhadapan dengan lawan berat, Thailand, di ajang Piala AFF . Tim 'Garuda' akan bermain tanpa beban agar meraih hasil bagus.Indonesia akan meladeni tim 'Negeri Gajah Putih' di Philippine Sports Stadium, Bocaue, Sabtu (//) sore WIB. Pertandingan itu menjadi laga pertama di Grup A Piala AFF.Penggawa lini depan Indonesia, Andik Vermansah, menyadari bahwa Thailand merupakan tim yang kuat. Sebagai buktinya, tim besutan Kiatisuk Senamuang itu baru saja menahan imbang tim kuat, Australia, - di lanjutan kualifikasi Piala Dunia .Sadar dengan lawan yang berat, Andik meminta seluruh penggawa Indonesia bermain bebas dari tekanan. Dia juga meminta doa dari seluruh pendukung tim 'Merah Putih', agar bisa memetik hasil maksimal di laga perdana"Persiapan sudah oke semua, Insya Allah besok kami bisa meladeni permainan Thailand," kata Andik kepada pewarta seusai sesi ujicoba lapangan."Mohon doa dan dukungannya kepada seluruh warga Indonesia. Laga perdana nanti kita ingin bermain tanpa beban, dan lepas. Semoga bisa meraih kemenangan. Kondisi tim juga bagus semua," tambah pemain yang kini memperkuat Selangor FA itu.








</isi>
	<link>http://sport.detik.com/sepakbola/liga-indonesia/3349087/hadapi-thailand-indonesia-akan-main-tanpa-beban
</link>
</artikel>
