<artikel>
	<id>OLA_SB_10_606</id>
	<judul>Kecepatan dan Total Football Jadi Senjata Indonesia Taklukkan The Azkals</judul>
	<tanggal>22/11/16</tanggal>
	<kata_kunci>indonesia lawan filipina, piala aff</kata_kunci>
	<isi>




 - Tim nasional Indonesia akan melawan Filipina di lanjutan Piala AFF . Skuat 'Garuda' akan mengandalkan kecepatan dan total football untuk menaklukkan The Azkals.Pertandingan antara Indonesia melawan Filipina akan berlangsung di Phillipines Sports Stadium, Selasa (//) pukul . malam WIB.Pelatih Indonesia, Alfred Riedl, sadar bahwa laga ini akan menjadi penentu langkah tim besutannya di ajang Piala AFF . Tim 'Merah-Putih' saat ini ada di posisi paling bawah Grup A, usai kalah - dari Thailand. Sementara tim tuan rumah menguumpulkan satu angka usai imbang melawan Singapura.Menatap laga melawan Filipina, Riedl sadar dengan keunggulan postur tubuh tim besutan Thomas Doolay itu. Tapi, dia mempuncai cara untuk meredamnya agar bisa memetik hasil bagus.Kecepatan pemainsayap Indonesia akan dimaksimalkan, Riedl juga meminta seluruh penggawa timnas bisa menerapkan total football saat menyerang maupun bertahan."Mereka punya keunggulan postur tubuh lebih tinggi, tapi kami punya kecepatan," tegas Riedl saat ditemui oleh pewarta di Novotel Araneta Center, Quezon, Senin (//)."Kemungkinan akan tetap menggunakan formasi sama, --. Tapi, saya tegaskan formasi tidak lagi terlalu penting di lapangan. Yang terpenting adalah bagaiamana menerapkan serangan secara serentak melibatkan banyak pemain dan begitu juga sebaliknya ketika dalam situasi bertahan. Karena itulah filosofi total football," imbuhnya.








</isi>
	<link>http://sport.detik.com/sepakbola/liga-indonesia/3350946/kecepatan-dan-total-football-jadi-senjata-indonesia-taklukkan-the-azkals
</link>
</artikel>
