<artikel>
	<id>OLA_SB_10_039</id>
	<judul>Target Kemenpora untuk Timnas Indonesia di Piala AFF 2016</judul>
	<tanggal>28/10/16</tanggal>
	<kata_kunci>kemenpora, timnas, piala AFF, timnas, SEA Games</kata_kunci>
	<isi> JAKARTA, KOMPAS.com -Kementerian Pemuda dan Olahraga (Kemenpora) menargetkan tim nasional Indonesia untuk meraih setidaknya posisi runner-up pada Piala AFF  yang akan digelar di Filipina pada  November- Desember .Dengan begitu, timnas diharapkan bisa diikutkan dalam kompetisi di ajang Pesta Olahraga Asian Tenggara (SEA Games)  di Malaysia."Semestinya, sepak bola tidak ikut dalam SEA Games  di Singapura. Tapi, itu adalah olahraga populer sehingga harus ikut. Kami tidak menutup pintu bagi sepak bola jika dia mendapatkan posisi kedua dalam Piala AFF," kata Deputi IV Bidang Peningkatan Prestasi Olahraga Kemenpora Gatot S. Dewa Broto, seperti dikutip dariAntara, Jumat (//).Kemenpora, lanjut Gatot, tidak akan menyertakan cabang sepak bola jika kalah dalam penyisihan Piala AFF  yang akan berlangsung pada  November -  Desember.Gatot menjelaskan jumlah atlet dan cabang olahraga yang layak mengikuti SEA Games  masih mungkin untuk berubah hingga akhir ."Sebagaimana ketentuan yang ditetapkan Satlak Prima, cabang-cabang olahraga harus dipastikan meraih medali dan minimal perak. Pemastian itu diperoleh dari hitungan SEA Games  atau ketika evaluasi performa tinggi dari Satlak Prima," kata Gatot.Ketentuan lain adalah cabang-cabang olahraga yang akan turun dalam SEA Games  juga merupakan cabang potensial bagi Indonesia untuk meraih prestasi dalam Asian Games ."Kami tidak akan mengirim lagi cabang-cabang olahraga yang hanya mengikuti SEA Games sebagai penggembira," kata Gatot.Pembatasan pengiriman jumlah atlet dan cabang olahraga dalam SEA Games  itu, menurut Gatot, dilatarbelakangi pertanggung jawaban Kemenpora terhadap DPR RI terkait prestasi olahraga Indonesia yang menurun dalam kejuaraan-kejuaraan multicabang olahraga.Sebelumnya, dalam rapat kerja Kemenpora dengan Komisi X DPR RI pada Senin (//), Kemenpora menetapkan  atlet dari  cabang olahraga yang akan mewakili Indonesia dalam SEA Games  di Malaysia."Jumlah  atlet itu muncul dalam pertemuan Dewan SEA Games di Kuala Lumpur. Dalam pertemuan itu, panitia penyelenggara Malaysia menggugurkan cabang-cabang olahraga andalan Indonesia. Maka, kami dan Satlak Prima sepakat untuk memperkecil jumlah kontingen," kata Gatot.Pada pertemuan Dewan SEA Games, Indonesia mengusulkan  cabang olahraga. Namun, hanya tiga yang disetujui yaitu BMX, judo dan muaythai.Ke- cabang olahraga itu adalah sepeda (MTB dan BMX), judo, rowing, gulat, baseball (kategori II), bridge, muathay, kempo, perahu naga (kategori III), jetski, paragliding, sport climbing dan tarung derajat (non kategori). </isi>
	<link>http://bola.kompas.com/read/2016/10/28/21180078/target.kemenpora.untuk.timnas.indonesia.di.piala.aff.2016
</link>
</artikel>
