<artikel>
	<id>OLA_SB_10_710</id>
	<judul>Penyerang Brasil Pertajam Ujung Tombak PSM di Lima Laga Sisa ISC A</judul>
	<tanggal>24/11/16</tanggal>
	<kata_kunci>psm makassar, isc</kata_kunci>
	<isi> MAKASSAR - Penyerang impor PSM Makassar Luiz Ricardo dos Santos kembali bergabung, Rabu (//). Penyerang asal Brasil itu bisa mempertajam lini depan tim Juku Eja untuk mengarungi lima laga sisa Indonesia Soccer Championship (ISC) A .Hadirnya Luiz Ricardo menutup krisis pemain depan PSM. Bahkan dua laga terakhir Juku Eja hanya mengandalkan pemain muda sebagai pengganti seperti Andri Faisal Amru. Saat melawan Madura United, Muchlis Hadi juga dimasukkan sebagai pengganti Titus Bonai sebelum Muchlis dipanggil membela tim nasional Indonesia untuk Piala AFF .Dengan datangnya Luiz, mesin gol PSM di tiga laga awal putaran kedua ISC A, bisa sangat membantu tim asuhan Robert Alberts. Sebab, dua penyerang Juku Eja memperkuat timnas yakni Ferdinand Sinaga dan Muchlis Hadi. Saat ini, PSM hanya mengandalkan Titus Bonai.CEO PSM Munafri Arifuddin mengatakan, pemain tersebut sudah bisa bergabung dengan tim karena cederanya sudah pulih dan tiba di Makassar. "Rabu malam Luiz tiba. Ini bisa membantu lini depan tim," katanya.Pemain jangkung ini memang harus pulang kampung setelah di laga ketiga awal putaran kedua mendapat tekel keras dari bek Perseru Serui Boman Irie Aime, sehingga Luiz harus menepi hingga hampir tiga bulan. Padahal tenagannya di musim ini sangat dibutuhkan. Bahkan pemain bernomor punggung  ini sudah mencetak empat gol dari tiga pertandingan.Media Officer PSM Ramli Manong mengatakan, kondisi Luiz sudah membaik sehingga dia datang ke Makassar untuk kembali membela tim Juku Eja. "Ini sangat bagus, dan diharap bisa membantu tim di sisa laga ISC A ," jelasnya. (sha) dibaca .x </isi>
	<link>http://soccer.sindonews.com/read/1157767/58/penyerang-brasil-pertajam-ujung-tombak-psm-di-lima-laga-sisa-isc-a-1479921851
</link>
</artikel>
