<artikel>
	<id>OLA_SB_10_113</id>
	<judul>10 Pemain Top yang Absen di Piala AFF 2016</judul>
	<tanggal>18/11/16</tanggal>
	<kata_kunci>piala AFF, pemain top</kata_kunci>
	<isi> KOMPAS.com -Seperti yang terjadi dalam setiap turnamen besar, ada sejumlah nama besar yang bakal absen dari Piala AFF . Berikut sejumlah nama pemain top yang gagal tampil di Piala AFF : . Safiq Rahim Malaysia (Malaysia) #TBT- How Safiq Rahim made history in the @affsuzukicupfull article here:https://t.co/yxcKIedZC#AFFTBTpic.twitter.com/BlRdWEy Safiq yang pernah menjadi pencetak gol terbanyak Piala AFF  adalah pemain terbaik di Malaysia. Safiq juga tampil luar biasa bersama Johor Darul Tazim dengan membantu klub tersebut meraih  gelar terakhir Malaysia Super League dan Piala AFC .Safiq terkenal sebagai pemain yang cerdas, tajam di depan gawang lawan, dan pengumpan yang bagus. Namun, pemain berusia  tahun tersebut bersama  rekannya di JDT memutuskan pensiun pada Juli .Keputusan Safiq menjadi pukulan berat bagi Malaysia dan pelatih Ong Kim Swee. . Daisuke Sato (Filipina) Daisuke Sato, Welcome to Football for Humanity! Banzai!!! Mabuhay!!!https://t.co/ZWvJeAFOpic.twitter.com/UvaVTUH Bek kelahiran Jepang tersebut absen di Piala AFF  karena tidak dilepas oleh klubnya, CSM Polithenica Iasi.Keputusan klub asal Rumania tersebut membuat sang pelatih Filipina, Thomas Dooley, pusing.Hal itu lantaran Sato bisa bermain di posisi berbeda selain sebagai full back.Contohnya, bek berusia  tahun tersebut piawai sebagai bek tengah dalam laga persahabatan kontra Kyrgyzstan.Selain itu, dia juga mampu bermain di lini tengah sebagaimana yang pernah ditunjukannya dalam beberapa tahun terakhir.. Irfan Bahcdim (Indonesia) Tinggalkan Sesi Latihan, Irfan Bachdim Cedera Engkelhttps://t.co/VOnqEhUkSpic.twitter.com/FuucpJNj Irfan dipastikan absen memperkuat Indonesia pada Piala AFF . Penyerang keturunan Belanda tersebut gagal tampil karena mengalami patah tulang fibula saat berlatih.Absennya Irfan menjadi permasalahan berat bagi Indonesia. Penyerang berusia  tahun tersebut mencetak  gol dan  assist dari  laga uji coba yang dilakoni tim Merah Putih sebelum bertarung di Piala AFF.</isi>
	<link>http://bola.kompas.com/read/2016/11/18/17085348/10.pemain.top.yang.absen.di.piala.aff.2016
</link>
</artikel>
