<artikel>
	<id>OLA_SB_10_180</id>
	<judul>Ini 40 Nama Pemain Timnas yang Didaftarkan ke AFF</judul>
	<tanggal>23/10/16</tanggal>
	<kata_kunci>timnas indonesia, piala aff</kata_kunci>
	<isi>




 - PSSI resmi merilis daftar nama  pemain untuk ajang Piala AFF . Dari jumlah pemain itu, akan diciutkan menjadi  pemain. Pemilihan nama-nama pemain ini diberikan langsung oleh pelatih Timnas Indonesia, Alfred Riedl, setelah mengamati para pemain saat pemusatan latihan yang sudah beberapa kali berjalan dan pengamatan di kompetisi Torabika Soccer Championship . Timnas yang saat ini sedang pemusatan di Yogyakarta juga sudah mencoba dan adaptasi bola resmi Piala AFF , Mitre Delta Hyperseam yang berwarna kuning. Dalam waktu dekat, Timnas Indonesia dihadapkan pada dua agenda ujicoba. Pertama bertandang ke Yangon untuk melawan Myanmar pada  November  dan selanjutnya bertemu Vietnam di Hanoi empat hari berselang.Kiper. Andritany Andhiyasa, Persija Jakarta. Dian Agus Prasetyo, Pusamania Borneo FC. Kurnia Meiga Hermansyah, Arema Cronus. Jandia Eka Putra, Semen Padang. Teja Paku Alam, Sriwijaya FC. I Made Wirawan, Persib BandungBelakang. Beny Wahyudi, Arema Cronus. Manahati Lestusen, PS TNI. I Putu Gede Juni Antara, Bhayangkara FC. Fachruddin Wahyudi Aryanto, Sriwijaya FC. Rudolof Yanto Basna, Persib Bandung. Hansamu Yama Pranata, Barito Putera. Dominggus Fakdawer, Persipura Jayapura. Dedy Gusmawan, Mitra Kukar. Gunawan Dwi Cahyo, Persija Jakarta. Abdul Rachman, Persiba Balikpapan. Muhammad Abduh Lestaluhu, PS TNI. Ricky Fajrin Saputra, Bali United. Johan Ahmat Alfarizi, Arema CronusGelandang. Bayu Gatra Sanggiawan, Madura United. Andik Vermansah, Selangor FA Malaysia . Septian David Maulana, Mitra Kukar. Evan Dimas Darmono, Bhayangkara FC. Dedi Kusnandar, Sabah FA Malaysia. Rizky Ahmad Sanjaya Pellu, PSM Makassar. Adam Alis Setyano, Barito Putera. Stefano Lilipaly, Telstar FC Belanda. Bayu Pradana Andriatmoko, Mitra Kukar. Muhammad Hargianto, Bhayangkara FC. Syahroni, Persija Jakarta. Irsyad Maulana, Semen Padang. Yohanes Ferinando Pahabol, Persipura Jayapura. Zulham Malik Zamrun, Persib Bandung. Rizky Rizal Pora, Barito PuteraStriker . Irfan Haarys Bachdim, Hokkaido Consadole Sapporo . Boaz Theofillius Erwin Salossa, Persipura Jayapura. Lerby Eliandry Pong Babu, Pusamania Borneo FC. Ferdinand Alfred Sinaga, PSM Makassar. Muchlis Hadi Ning Syaifulloh, PSM Makassar. Samsul Arif Munip, Persib Bandung
						







</isi>
	<link>http://sport.detik.com/sepakbola/liga-indonesia/3327472/ini-40-nama-pemain-timnas-yang-didaftarkan-ke-aff
</link>
</artikel>
