<artikel>
	<id>OLA_SB_10_199</id>
	<judul>Kurnia Sandy Sebut Andritany Layak Diberi Kesempatan Tampil</judul>
	<tanggal>22/11/16</tanggal>
	<kata_kunci>indonesia lawan filipina, piala aff</kata_kunci>
	<isi>




 - Siapa penjaga gawang timnas Indonesia yang bakal diturunkan oleh Alfred Riedl untuk melawan Filipina menjadi perdebatan. Menurut mantan kiper Indonesia, Kurnia Sandy, Andritany Ardhiyasa layak dicoba mengawal gawang tim 'Merah-Putih'.Dalam dua laga terakhir pelatih Alfred Riedl memilih untuk menurunkan Kurnia Meiga sebagai penjaga gawang. Hasilnya, Indonesia kalah - dalam laga ujicoba terakhir melawan Vietnam dan kemudian tunduk - dari Thailand di partai pertama Piala AFF .Walhasil lewat media sosial banyak suporter timnas yang meminta agar Riedl memberi kesempatan buat Andritany saat melawan Filipina di pertandingan Selasa (//) malam nanti.[Baca juga: ]Kurnia Sandy sendiri menilai Kurnia Meiga memang tidak dalam penampilan yang maksimal. Hal itu disebabkan karena dia baru saja pulih dari cederanya yang dideritanya cukup lama. Untuk itu ia menyebut Andritany mesti diberi kepercayaam apalagi kiper  tahun itu memiliki penampilan yang bagus dilihat dari masa persiapan timnas sebelum Piala AFF ."Menurut saya Andritany layak diberikan kesempatan untuk menjadi penjaga gawang timnas. Selama persiapan juga Andritany mampu menunjukan kemampuan dia layak untuk jadi nomor satu," ungkap Kurnia Sandy kepada detikSport.Tak hanya dilihat dari kemampuan, Kurnia juga menilai komunikasi yang baik dengan para pemain belakang juga menjadi faktor penting bagi penjaga gawang. "Pelatih kiper juga harus memberikan masukan siapa yang fit diantara kiper-kiper yang ada".Namun demikian, kiper era PSSI Primavera itu menegaskan semua keputusan ada di tangan pelatih. Dia berharap siapapun yang diturunkan bisa mengawal pertahanan Indonesia dengan baik dalam usaha menjaga asa lolos ke semifinal. "Kalau peluang menurut saya :. Yang penting percaya diri, tidak perlu takut meski Filipina memiliki pemain naturalisasi hampir  persen," kata pria yang kini menjadi pelatih kiper di T-Team itu.








</isi>
	<link>http://sport.detik.com/sepakbola/liga-indonesia/3351543/kurnia-sandy-sebut-andritany-layak-diberi-kesempatan-tampil
</link>
</artikel>
