<artikel>
	<id>OLA_SB_10_735</id>
	<judul>Djadjang Puas Persib Geser Semen Padang</judul>
	<tanggal>20/11/16</tanggal>
	<kata_kunci>persib geser semen padang, isc</kata_kunci>
	<isi> BANDUNG - Pelatih Persib Bandung Djadjang 'Djanur' Nurdjaman mengaku puas bisa menuntaskan dendam kekalahan dri Semen Padang. Meski hanya menang -, Djadjang tak mempermasalahkan itu, karena yang penting meraup tiga angka.Persib kerja keras mengamankan tiga angka pada pekan ke- Indonesia soccer Championship (ISC) A . Menjamu Kabau Sirah di Stadion Si Jalak Harupat, Kabupaten Bandung, Sabtu (//), kemenangan Persib dipastikan lewat gol Sergio van Dijk pada menit ke-. (Baca juga: Gol Tunggal Sergio van Dijk Tentukan Kemenangan Persib Bandung).Dari segi hasil, Persib mampu membalas kekalahan, namun skor yang dihasilkan tidak seimbang lantaran Maung Bandung dilumat Semen Padang - pada pertemuan pertama. "Buat saya, tak masalah menang tipis -. Tidak harus membalas dengan skor -. Tiga poin sudah cukup membalas kekalahan di sana (Padang)," kata Djanur.Tambahan tiga poin, Persib naik ke peringkat  klasemen sementara ISC A . Sebaliknya, Semen Padang turun peringkat ke posisi sembilan yang sebelumnya ditempati Persib."Dendamnya, tuntas di tiga poinnya saja, tidak usah skor. Yang penting kami bisa salip mereka di klasemen dan mengalahkan mereka," imbuh Djanur.Dari segi permainan, Djanur pun puas dengan penampilan Tony Sucipto dkk, terutama di babak kedua. Hal itu lantaran Persib bermain sabar sehingga pertandingan menjadi menarik dan enak ditonton."Bola mengalir dengan lancar dan peluang banyak tercipta. Cuma sayang, peluang kami tidak menjadi gol. Sehingga skor masih harus - sampai akhir pertandingan," tutur Djanur. (sha) dibaca .x </isi>
	<link>http://soccer.sindonews.com/read/1156818/58/djadjang-puas-persib-geser-semen-padang-1479631500
</link>
</artikel>
