<artikel>
	<id>OLA_SB_10_019</id>
	<judul>Kapan Riedl Tetapkan Daftar 23 Pemain untuk Piala AFF?</judul>
	<tanggal>31/10/16</tanggal>
	<kata_kunci>timnas, piala aff, pemain, eliminasi</kata_kunci>
	<isi> KOMPAS.com- Pelatih tim nasional Indonesia, Alfred Riedl, bakal menunggu hingga detik-detik akhir untuk mengumumkan skuad putaran final Piala AFF . Timnas Indonesia bakal bersua tuan rumah Filipina, juara bertahan Thailand, dan Singapura di Grup A Piala AFF. Thailand menjadi lawan pertama dalam duel di Philippine Sports Stadium,  November . Untuk fase tersebut, setiap tim hanya boleh mendaftarkan  nama. Adapun skuad Indonesia masih berisikan  pemain. Lantas, kapan Riedl memangkas skuad untuk dibawa ke Filipina? "Terkait daftar  pemain, kami masih memiliki banyak waktu untuk mengeliminasi nama. Bisa saja  jam sebelum pertandingan pertama," tutur Riedl. Di sisi lain, asisten pelatih Wofgang Pikal menyatakan, "Kami sepertinya akan menentukan  pemain sebelum berangkat ke Manila,  November ." Dari  pemain,  di antaranya sudah mengikutitraining camp(TC) di Lapangan Sekolah Pelita Harapan, Karawaci, Sabtu (//) sampai Selasa (//). Tiga pemain yang absen yakni Stefano Lilipaly, Andik Vermansah, dan Irfan Bachdim. Mereka masih bersama klub masing-masing. Andik dan Irfan langsung bertolak ke Yangon untuk melakoni partai uji coba kontra Myanmar, Jumat (//). Sementara itu, Lilipaly cuma dijadwalkan melakoni satu partai uji coba, yaitu ketika Indonesia melawan ke Hanoi, Vietnam, Selasa (//). </isi>
	<link>http://bola.kompas.com/read/2016/10/31/11074878/kapan.riedl.tetapkan.daftar.23.pemain.untuk.piala.aff.
</link>
</artikel>
