<artikel>
	<id>OLA_SB_10_737</id>
	<judul>Jelang 8 Besar ISC B 2016: Persekap Genjot Fisik di Pantai, Perssu Asah Mental</judul>
	<tanggal>19/11/16</tanggal>
	<kata_kunci>isc, persekap dan perssu, isc</kata_kunci>
	<isi> MADURA - Dua wakil Jawa Timur di kompetisi Indonesia Soccer Championship (ISC) B , Persekap Kota Pasuruan dan Perssu Sumenep, terus menajamkan persiapan jelang babak delapan besar. Sejumlah agenda pun dijalankan dengan target agar tim bisa lebih kompetitif di fase berikutnya.Persekap dalam beberapa hari melakukan penataan fisik pemain. Pelatih Aris Budi Prasetyo menggembleng timnya di kawasan wisata pantai Pasir Putih, Situbondo, demi memperbaiki ketahanan pemain yang dirasa belum sempurna."Setelah pemain menyelesaikan babak  besar, saya melakukan evaluasi sekaligus menjalankan program untuk babak delapan besar. Salah satu yang harus ditingkatkan adalah fisik pemain, karena ini modal dasar sebelum aspek lainnya," jelas Aris.Eks stopper Petrokimia Putra dan Arema Malang ini melihat ada peningkatan fisik pemain setelah beberapa hari melahap latihan berat. Selain untuk melatih fisik, latihan di Pasir Putih juga sekaligus untuk penyegaran timnya agar tidak jenuh."Sejenak kami melakukan refreshing agar pemain tidak jenuh dan tekanan berkurang. Target saya pemain lebih bugar dan bergairah setelah menjalani latihan ini. Selanjutnya kami akan memberikan program persiapan lainnya," tukas Aris Budi.Sementara kontestan delapan besar ISC B lainnya, Perssu Super Madura, tengah mencari lawan tanding untuk melatih daya saing tim. Pelatih Perssu Salahuddin menginginkan program uji coba digelar di luar Madura agar timnya lebih kuat secara mental."Perssu membutuhkan tekanan untuk melatih mental pemain, sebab babak delapan besar nanti tidak akan digelar di kandang. Mungkin kami akan mencari lawan dari Surabaya atau Malang. Semoga mendapat lawan yang bagus," jelas Salahuddin.Rencananya Perssu menjadwalkan dua ujicoba sebelum babak delapan besar bergulir. Kebetulan jadwal delapan besar sendiri belum ditetapkan, namun diperkirakan bakal digeber akhir November atau awal Desember mendatang.Soal lawan yang bakal dihadapi, Salahuddin belum berpikir lebih jauh. Menurutnya, "Sementara kami akan konsentrasi dengan persiapan tim ini. Siapa pun lawannya, kalau tim mempersiapkan diri secara maksimal, maka tim akan siap segalanya," tandas Salahuddin. (sha) dibaca .x </isi>
	<link>http://soccer.sindonews.com/read/1156710/58/jelang-8-besar-isc-b-2016-persekap-genjot-fisik-di-pantai-perssu-asah-mental-1479566543
</link>
</artikel>
