<artikel>
	<id>OLA_SB_10_108</id>
	<judul>Sergio van Dijk Sukses Balaskan Dendam Persib atas Semen Padang</judul>
	<tanggal>19/11/16</tanggal>
	<kata_kunci>persib lawan semen padang</kata_kunci>
	<isi> BANDUNG, KOMPAS.com-Persib Bandung sukses menuntaskan dendam kepada Semen Padang pada ajang TSC  di Stadion si Jalak Harupat, Kabupaten Bandung, Sabtu (//). Maung Bandung menang tipis - lewat gol Sergio van Dijk. Kedua tim langsung memeragakan permainan agresif sejak menit awal. Semen Padang menggebrak saat laga baru berjalan tiga menit. Memanfaatkan sepak pojok, sundulan Vendri Mofu nyaris menggetarkan jala gawang M Natsir. Sayang, sambaran kepalanya masih mampu diselamatkan mistar gawang. Berselang dua menit, sundulan Sergio van Dijk memanfaatkan umpan lambung Tony Sucipto masih gagal berbuah gol. Tak ingin malu di kandang sendiri, Persib terus melancarkan serangan. Kapten Persib, Atep melakukan tendangan spekulasi dari luar kotak penalti pada menit ke-. Namun, upayanya masih bisa ditepis kiper Jandia Eka. Akhirnya gol bagi Persib tercipta lima menit sebelum turun minum. Proses gol bermula saat Febri Haryadi melakukan tusukan dari sisi kanan pertahanan Semen Padang yang kemudian mengirimkan umpan pendek kepada Kim Kurniawan. Meski mendapat kawalan, Kim mampu melepaskan umpan akurat ke tengah gawang dan disambut sepakan kaki kiri Sergio van Dijk. Selepas turun minum, Persib mengendurkan intensitas serangan. Hariono dkk lebih memilih untuk mengontrol permainan. Rapatnya lini tengah Persib membuat para pemain Semen Padang kesulitan menembus pertahanan Persib. Rentetan skema serangan pun hanya berakhir di lini kedua Persib. Sejumlah peluang yang didapat kedua tim tak mampu mengubah papan skor hingga peluit panjang dibunyikan. Meski menang, Persib belum beranjak dari posisi  klasemen sementara. Sementara bagi Semen Padang, kekalahan itu membuat posisinya tertahan di peringkat ke-.</isi>
	<link>http://bola.kompas.com/read/2016/11/19/21542708/sergio.van.dijk.sukses.balaskan.dendam.persib.atas.semen.padang.
</link>
</artikel>
