<artikel>
	<id>OLA_SB_10_002</id>
	<judul>Jumat, 27 Pemain Timnas Kembali Lakukan Pemusatan Latihan</judul>
	<tanggal>27/10/16</tanggal>
	<kata_kunci>PSSI, timnas, latihan, tangerang, pemain</kata_kunci>
	<isi> KOMPAS.com -PSSI melansir  nama pemain yang akan mengikuti pemusatan latihan tim nasional di Karawaci, Tangerang, yang akan dipimpin langsung oleh pelatih Alfred Riedl mulai Jumat (//).Dari  pemain tersebut, kiper Persija Jakarta, Andritany Ardhiyasa, dan penyerang Consadole Sapporo, Irfan Bachdim, masuk daftar. Kedua pemain tersebut absen dalam pemusatan latihan sebelumnya yang digelar di Yogyakarta karena mengalami cedera. Selama di Tangerang, pemusatan latihan akan digelar di lapangan Sekolah Pelita Harapan (SPH), Karawaci. Latihan perdana bakal dimulai pada Sabtu (//) hingga  November dan akan berlangsung dua kali dalam sehari yakni pagi-sore. Setelah pemusatan latihan di Tangerang, Boaz Solossa dan kawan-kawan dijadwalkan melakoni dua uji coba tandang melawan Myanmar (//) dan Vietnam (//). Pasukan Alfred Ried akan bertolak ke Myanmar pada  November  dan kembali ke Indonesia  November mendatang.Berikut  nama pemain yang akan mengikuti pemusatan latihan di Tangerang: Kiper:Andritany Ardhiyasa, Dian Agus Prasetyo, Kurnia Meiga Hermansyah, Jandi Eka PutraBek:Beny Wahyudi,Manahati Lestusen, Fachruddin Wahyudi Aryanto, Rudolof Yanto Basna, Hansamu Yama Pranata, Dominggus Fakdawer, Abdul Rachman Muhammad Abduh Lestaluhu, Gunawan Dwi CahyoGelandang:Bayu Gatra Sanggiawan, Septian David Maulana,Evan DimasDarmono, Dedi Kusnandar, Rizky Ahmad Sanjaya Pellu, Bayu Pradana Andriatmoko, Stefano Lilipaly, Zulham Malik Zamrun, Rizky Rizaldi Pora, Andik VermansahPenyerang:Irfan Haarys Bachdim, Boaz Theofillius Erwin Salossa,Lerby Eliandry Pong Babu, Ferdinand Alfred Sinaga</isi>
	<link>http://bola.kompas.com/read/2016/10/27/17030058/jumat.27.pemain.timnas.kembali.lakukan.pemusatan.latihan
</link>
</artikel>
