<artikel>
	<id>OLA_SB_10_167</id>
	<judul>PSM Lawan Persib Selesai Imbang 2-2</judul>
	<tanggal>29/10/16</tanggal>
	<kata_kunci>psm lawan persib</kata_kunci>
	<isi>




 - Persib Bandung berhasil membungkus satu poin dari lawatan ke markas PSM Makassar. 'Maung Bandung' seri - saat berduel melawan 'Juku Eja'.Saat melakoni pertandingan di Stadion Andi Mattalatta, Makassar, Sabtu (//), Persib sudah kebobolan di menit sembilan. Adalah Titus Bonai yang membobol gawang Persib.Berawal dari satu umpan jauh, Tibo mampu menyelesaikan dengan satu tendangan kaki kanan. Tim tuan rumah pun unggul -.Persib bisa menyamakan kedudukan di menit . Febri Haryadi yang membukukan namanya di papan skor. Dia meneruskan umpan dari Marcos Flores untuk menjebol gawang yang dikawal oleh Syaiful.Di babak kedua, PSM kembali unggul lebih dulu di menit . Gol tim tuan rumah dikemas oleh Ronald Hikspoors. Dia menyundul bola di muka gawang Persib.PSM harus bermain dengan  pemain di menit . Zulvin Zamrun mendapatkan kartu kuning kedua hingga diusir dari lapangan.Persib akhirnya bisa menyamakan kedudukan di masa injury time. Kim Jeffrey Kurniawan yang menjadi pencetak golnya, memanfaatkan kemelut di muka gawang PSM. Di sisa pertandingan tak ada gol tambahan. Skor seri -.Dengan hasil imbang ini, Persib ada di posisi delapan klasemen dengan raihan  poin. Sementara itu, PSM ada di peringkat  dengan koleksi  poin.
						







</isi>
	<link>http://sport.detik.com/sepakbola/liga-indonesia/3332569/psm-lawan-persib-selesai-imbang-2-2
</link>
</artikel>
