<artikel>
	<id>OLA_SB_10_707</id>
	<judul>Jadwal Lengkap dan Klasemen Pekan ke-30 ISC A 2016, 25-28 November</judul>
	<tanggal>24/11/16</tanggal>
	<kata_kunci>klasemen isc, persipura, madura united</kata_kunci>
	<isi> JAKARTA - Bigmatch Persipura Jayapura kontra Madura United (MU) mewarnai pekan ke- Indonesia Soccer Championship (ISC) A . Laga ini krusial bagi kedua tim yang kini menempati peringkat  dan  klasemen ISC A .Persipura yang menjadi tuan rumah, punya kesempatan menyalip MU jika menang. Tim Mutiara Hitam mengoleksi  poin, sedangkan MU  angka setara dengan pemuncak klasemen Arema Cronus.  (Baca juga: Menghadapi Persipura, MU Dihantui Rekor Buruk).Sementara Arema punya dua misi penting saat menjamu PS TNI di Stadion Kanjuruhan, Malang, Jumat (//). Membalas kekalahan dari PS TNI pada pertemuan pertama, juga merebut poin sempurna demi mengamankan takhta. (Baca juga: Jamu PS TNI, Dua Misi Penting Ingin Diwujudkan Arema Cronus)Berikut jadwal lengkap dan klasemen pekan ke- ISC A , - NovemberJumat,  November . WIB  Arema Cronus vs PS TNISabtu,  November . WIB Persipura Jayapura vs Madura United. WIB Semen Padang vs Persiba Balikpapan. WIB Persela Lamongan vs Persib BandungMinggu,  November . WIB PSM Makassar vs Mitra Kukar. WIB Pusamania Borneo FC vs Perseru Serui. WIB Persegres Gresik United vs Bali United. WIB Persija Jakarta vs Bhayangkara FCSenin,  November . WIB Sriwijaya FC vs Barito Putera Klasemen ISC A       Pos   Tim    M   Mn   S   K   Gm-Km   P        Arema Cronus                -           Madura United               -           Persipura Jayapura                -           Bhayangkara FC               -           Mitra Kukar                 -           Sriwijaya FC                -           PSM Makassar                -           Persib Bandung                -           Pusamania Borneo FC               -           Semen Padang               -           Perseru Serui                -           Bali United                   -           Persiba Balikpapan               -           Persija Jakarta                -           Persegres Gresik Utd                -           PS TNI               -           Persela Lamongan               -           Barito Putera               -                                               Ket:  * Jadwal dapat berubah sewaktu-waktu, sumber: indonesiansc.com *M=Main, Mn=-Menang, S=seri, K=Kalah, Gm=Gol memasukkan, GK=Gol kemasukan, P=Poin (sha) dibaca .x </isi>
	<link>http://soccer.sindonews.com/read/1157800/58/jadwal-lengkap-dan-klasemen-pekan-ke-30-isc-a-2016-25-28-november-1479946563
</link>
</artikel>
