<artikel>
	<id>OLA_SB_10_159</id>
	<judul>Putaran Nasional ISC Linus dan Soeratin U-17 Segera Diputar</judul>
	<tanggal>01/11/16</tanggal>
	<kata_kunci>ISC Linus dan Soeratin U-17</kata_kunci>
	<isi>




 - Rencana PT Gelora Trisula Semesta (GTS) memutar putaran nasional ISC Liga Nusantara dan ISC Soeratin U- bakal terlaksana. GTS akan mulai menggelar dua kejuaraan level amatir itu pada  November sampai  Desember.Total, ada  klub yang akan berlaga di putaran nasional ISC Liga Nusantara. Sementara di putaran nasional ISC Soeratin U- akan diikuti oleh  klub. Format kedua kejuaraan ini adalah setengah kompetisi dalam babak penyisihan."Babak penyisihan itu sendiri akan dimulai dari  November hingga  November . Kemudian dilanjutkan dengan babak  besar dan delapan besar dari tanggal  November hingga  Desember . Untuk babak semifinal dan final akan dimainkan pada tanggal  atau  Desember dan  Desember ," tulis GTS dalam laman resminya.Untuk memutar dua event tersebut, GTS akan menggunakan  stadion, yaitu delapan stadion di Jawa Tengah dan tiga di Yogyakarta."Penyelenggaraan putaran nasional ISC Liga Nusantara dan ISC Soeratin U- ini diharapkan menjadi momen kemeriahan sepakbola nasional yang datang dari masyarakat Indonesia serta kembali berkontribusi bagi sepakbola Indonesia." Sebelum dua kejuaraan itu diadakan, GTS dijadwalkan akan melakukan pelatihan kepada panpel. Hal ini dilakukan agar event bisa terlaksana secara profesional, meski dalam level amatir.Rencananya, untuk pertemuan manajer klub peserta sekaligus undian pembagian grup bakal dilaksanakan di Jakarta,  November nanti.








</isi>
	<link>http://sport.detik.com/sepakbola/liga-indonesia/3334191/putaran-nasional-isc-linus-dan-soeratin-u-17-segera-diputar
</link>
</artikel>
