<artikel>
	<id>OLA_SB_10_064</id>
	<judul>Hadapi Myanmar dan Vietnam, Riedl Bawa Semua Kiper</judul>
	<tanggal>24/10/16</tanggal>
	<kata_kunci>Alfred Riedl, latihan, Myanmar, uji coba, vietnam, kiper, Dedi Kusnandar</kata_kunci>
	<isi>  SLEMAN,KOMPAS.com -Pelatih tim nasional Indonesia, Alfred Riedl, akan membawa seluruh penjaga gawang yang saat ini bergabung di pemusatan latihan (TC) saat melakukan pertandingan laga uji coba melawan Myanmar dan Vietnam. Keputusan ini diambil untuk mengantisipasi kondisi Andritany yang belum fit. "Mudah-mudahan saat TC di Jakarta, Andritany sudah bisa bergabung," ujar Riedl seusai memimpin latihan di Stadion Maguwoharjo Sleman, Senin (//). Riedl menyampaikan bahwa saat ini belum akan melakukan pencoretan untuk posisi penjaga gawang. Pelatih asal Austria ini juga mengungkapkan akan membawa semua penjaga gawang yang ikut TC saat timnas beruji coba. "Kami akan mebawa empat kiper termasuk Andritany. Ini untuk mengantisipasi jika Andritany bergabung tetapi kondisinya belum fit," ucapnya lagi. Mantan pelatih tim nasional Vietnam itu masih akan memberikan kesempatan untuk semua penjaga gawang, termasuk Kurnia Meiga Hermansyah yang saat ini kondisi fisiknya dinilainya masih jauh dari performa terbaiknya karena lama tidak latihan akibat cedera. "Kondisi fisik Meiga sangatlow. Kami beri kesempatan ke semua kiper untuk menunjukan performa terbaik," ujar dia. Sementara itu, terkait kondisi Dedi Kusnandar, Riedl menilai kondisi pemain yang saat ini bermain di Liga Malaysia itu sangat baik. Dedi dapat dengan cepat mengikuti ritme para pemain lainya yang sudah bergabung di TC sejak hari pertama. "Dia memang baru bermain di Sabah FC pada pertandingan terahir, Jumat lalu. Performa dia kelihatan oke,fresh,sama seperti saat uji coba sebelumnya. Levelnya sama," ujar Riedl. </isi>
	<link>http://bola.kompas.com/read/2016/10/24/17082598/hadapi.myanmar.dan.vietnam.riedl.bawa.semua.kiper.
</link>
</artikel>
