<artikel>
	<id>OLA_SB_10_012</id>
	<judul>Di Indonesia, Opsi Gelandang Sabah FA Bukan Cuma Persib</judul>
	<tanggal>01/11/16</tanggal>
	<kata_kunci>Dedi Kusnandar, kontrak, malaysia, training camp</kata_kunci>
	<isi> KARAWACI, KOMPAS.com- Gelandang tim nasional Indonesia, Dedi Kusnandar, menyatakan bahwaPersib Bandungbukanlah satu-satunya opsi klub di dalam negeri. Pemain berusia  tahun itu bakal mengakhiri kontraknya dengan tim asal Malaysia, Sabah FA, pada akhir November . Menyikapi situasi tersebut, Persib melalui Manajer Umuh Muchtar, telah mengutarakan keinginan untuk memulangkan Dedi. Dua tahun sempat dihabiskan Dedi di tim berjulukan Maung Bandung itu. "Ada beberapa klub Indonesia yang sudah menawar, salah satunya Persib. Semua masihfifty-fifty," tutur Dedi di Hotel Yasmin, Senin (//). "Hanya, saya masih menghormati kontrak. Jadi, tidak etis berbicara banyak tentang hal ini," ucap pemain kelahiran Sumedang tersebut. 'Pemain yang Selalu Dipanggil, Jaminan Masuk Tim Utama Timnas'https://t.co/feqQmWnsTpic.twitter.com/uYrGhRBcSr Di Sabah FA pun, Dedi merasa tidak ada masalah. Sebab, dia mampu menjadi pilihan reguler di lini tengah kontestan Malaysia Premier League itu. "Saya juga mendapatkan kepercayaan sebagai kapten ketiga. Mungkin itu apresiasi mereka kepada saya," kata Dedi. Dedi masuk daftar  pemain Indonesia yang menjalani training camp (TC) tim nasional di Lapangan Sekolah Pelita Harapan, Sabtu (//) sampai Selasa (//). Cuplikan gol PSM vs PERSIB di Stadion Andi Mattalatta, Sabtu (//).#Persib#PERSIBSalawasnapic.twitter.com/xnlDEpvLe </isi>
	<link>http://bola.kompas.com/read/2016/11/01/09320068/di.indonesia.opsi.gelandang.sabah.fa.bukan.cuma.persib
</link>
</artikel>
