<artikel>
	<id>OLA_SB_10_782</id>
	<judul>Liga Futsal Perindo Siap Jaring Talenta Berkualitas Jawa Barat</judul>
	<tanggal>13/11/16</tanggal>
	<kata_kunci>liga futsal perindo</kata_kunci>
	<isi> BANDUNG - Kejuaran Liga Futsal Perindo terus diselenggarakan diberbagai provinsi. Kali ini, giliran Jawa Barat yang berkesempatan menjaring bibit-bibit berkualitas para pemain futsal dari tanah Pasundan.Mengambil tema “Dengan olahraga kita ciptakan pemuda berkualitas dan berjiwa sportif dalam semangat berkompetisi”, Liga Futsal Perindo chapter Jawa Barat langsung dibuka perwakilan DPP Pemuda Perindo Abdu Syakur.Turnamen ini berlangsung mulai - November , di Resko Futsal Dome, Jalan AH. Nasution, Nomor , Ujung Berung, Bandung. Diikuti puluhan tim futsal yang berasal dari sejumlah wilayah seperti Bandung, Tasikmalaya, Garut, Majalengka dan sebagainya.“Ada  tim futsal yang siap bertanding. Mereka berasal dari  kota dan kabupaten di Jawa Barat,” kata Ketua Pemuda Perindo Jawa Barat, Herman Suherman, saat dihubungi, Sabtu (//).Herman menambahkan tim yang jadi pemenang akan dikirim mewakili Jawa Barat untuk mengikuti Liga Futsal Perindo tingkat nasional. Turnamen yang digagas langsung Ketua Federasi Futsal Indonesia Hary Tanoesoedibjo menjadi wadah bagi generasi muda untuk mengembangkan karir futsal yang selama ini minim perhatian dari pemerintah.Lebih lanjut kata Herman, selain mengembangkan karir, kejuaran Liga Futsal Perindo juga untuk mempererat silaturahmi antar pemuda seluruh Indonesia. “Agar seluruh pemuda bersatu padu dan tidak terpecah belah menjaga NKRI,” pungkasnya. (mir) dibaca .x </isi>
	<link>http://soccer.sindonews.com/read/1154891/58/liga-futsal-perindo-siap-jaring-talenta-berkualitas-jawa-barat-1478969557
</link>
</artikel>
